Locality_ID,Expert_Class,Region,Latitude_WGS84,Longitude_WGS84,Dist_to_Highway_m,Slope_deg,Ruggedness,Elevation_m,LULC_Friction,Dist_to_Settlement_m,Expert_Merged,origin,proba,pred,correct,y,region_threshold,pred_regiontuned
loc_00304,Moderate,Béni Mellal-Khénifra,32.069947222222225,-6.424030555555556,4385.488123370983,24.541921139203296,28.37785049312371,871.8032836914062,0.1,30126.302598263537,Moderate,original_733,0.1191558236073097,0,True,0,0.14,0
loc_00307,Moderate,Béni Mellal-Khénifra,32.069947222222225,-6.424030555555556,4385.488123370983,24.541921139203296,28.37785049312371,871.8032836914062,0.1,30126.302598263537,Moderate,original_733,0.1191558236073097,0,True,0,0.14,0
loc_00306,Moderate,Béni Mellal-Khénifra,32.069947222222225,-6.424030555555556,4385.488123370983,24.541921139203296,28.37785049312371,871.8032836914062,0.1,30126.302598263537,Moderate,original_733,0.1191558236073097,0,True,0,0.14,0
loc_00244,Moderate,Béni Mellal-Khénifra,32.069947222222225,-6.424030555555556,4385.488123370983,24.541921139203296,28.37785049312371,871.8032836914062,0.1,30126.302598263537,Moderate,original_733,0.1191558236073097,0,True,0,0.14,0
loc_00305,Moderate,Béni Mellal-Khénifra,32.069947222222225,-6.424030555555556,4385.488123370983,24.541921139203296,28.37785049312371,871.8032836914062,0.1,30126.302598263537,Moderate,original_733,0.1191558236073097,0,True,0,0.14,0
loc_00313,Moderate,Béni Mellal-Khénifra,32.07277777777778,-6.445277777777778,3599.9893256255546,13.027255523468405,18.219178759362087,867.159423828125,0.15,30327.99202183607,Moderate,original_733,0.1008028621769149,0,True,0,0.14,0
loc_00312,Moderate,Béni Mellal-Khénifra,32.07277777777778,-6.445277777777778,3599.9893256255546,13.027255523468405,18.219178759362087,867.159423828125,0.15,30327.99202183607,Moderate,original_733,0.1008028621769149,0,True,0,0.14,0
loc_00311,Moderate,Béni Mellal-Khénifra,32.07277777777778,-6.445277777777778,3599.9893256255546,13.027255523468405,18.219178759362087,867.159423828125,0.15,30327.99202183607,Moderate,original_733,0.1008028621769149,0,True,0,0.14,0
loc_00310,Moderate,Béni Mellal-Khénifra,32.08027777777778,-6.46,2280.446184229308,15.015368344902354,10.037420603854596,824.09423828125,0.15,29964.574898004805,Moderate,original_733,0.6375076609662986,1,False,0,0.14,1
loc_00246,Easy,Béni Mellal-Khénifra,32.09181944444445,-6.331558333333333,18.81134508248273,12.949648808378516,16.983697055785125,1118.982666015625,0.2,27028.466804232576,Easy,original_733,0.062148544953484,0,True,0,0.14,0
loc_00303,Easy,Béni Mellal-Khénifra,32.09181944444445,-6.331558333333333,18.81134508248273,12.949648808378516,16.983697055785125,1118.982666015625,0.2,27028.466804232576,Easy,original_733,0.062148544953484,0,True,0,0.14,0
loc_00056,Difficult,Béni Mellal-Khénifra,32.0,-6.333333333333333,8903.047471595019,12.490324977480784,18.71419566761364,1310.7635498046875,0.15,37208.22697552317,Difficult,original_733,0.442749020785621,0,False,1,0.14,1
loc_00294,Easy,Béni Mellal-Khénifra,32.106902777777776,-6.447197222222222,8.545177396944375,11.014582947161886,15.697192483697057,815.8162841796875,0.05,26771.526183420014,Easy,original_733,0.020661036444878,0,True,0,0.14,0
loc_00293,Easy,Béni Mellal-Khénifra,32.106902777777776,-6.447197222222222,8.545177396944375,11.014582947161886,15.697192483697057,815.8162841796875,0.05,26771.526183420014,Easy,original_733,0.020661036444878,0,True,0,0.14,0
loc_00295,Easy,Béni Mellal-Khénifra,32.106902777777776,-6.447197222222222,8.545177396944375,11.014582947161886,15.697192483697057,815.8162841796875,0.05,26771.526183420014,Easy,original_733,0.020661036444878,0,True,0,0.14,0
loc_00292,Easy,Béni Mellal-Khénifra,32.10691388888889,-6.458327777777778,5.869110571220661,21.84667565397437,25.997191373966945,849.2076416015625,0.15,27133.72460939199,Easy,original_733,0.0062973916977135,0,True,0,0.14,0
loc_00241,Easy,Béni Mellal-Khénifra,32.10691388888889,-6.458327777777778,5.869110571220661,21.84667565397437,25.997191373966945,849.2076416015625,0.15,27133.72460939199,Easy,original_733,0.0062973916977135,0,True,0,0.14,0
loc_00290,Easy,Béni Mellal-Khénifra,32.10691388888889,-6.458327777777778,5.869110571220661,21.84667565397437,25.997191373966945,849.2076416015625,0.15,27133.72460939199,Easy,original_733,0.0062973916977135,0,True,0,0.14,0
loc_00289,Easy,Béni Mellal-Khénifra,32.10691388888889,-6.458327777777778,5.869110571220661,21.84667565397437,25.997191373966945,849.2076416015625,0.15,27133.72460939199,Easy,original_733,0.0062973916977135,0,True,0,0.14,0
loc_00288,Easy,Béni Mellal-Khénifra,32.10691388888889,-6.458327777777778,5.869110571220661,21.84667565397437,25.997191373966945,849.2076416015625,0.15,27133.72460939199,Easy,original_733,0.0062973916977135,0,True,0,0.14,0
loc_00243,Easy,Béni Mellal-Khénifra,32.10832777777778,-6.472758333333333,1.0246737191344992,24.449028068283017,33.0034850569796,856.4182739257812,0.05,27513.15066870841,Easy,original_733,0.0186647367265328,0,True,0,0.14,0
loc_00309,Easy,Béni Mellal-Khénifra,32.10832777777778,-6.472758333333333,1.0246737191344992,24.449028068283017,33.0034850569796,856.4182739257812,0.05,27513.15066870841,Easy,original_733,0.0186647367265328,0,True,0,0.14,0
loc_00308,Easy,Béni Mellal-Khénifra,32.10832777777778,-6.472758333333333,1.0246737191344992,24.449028068283017,33.0034850569796,856.4182739257812,0.05,27513.15066870841,Easy,original_733,0.0186647367265328,0,True,0,0.14,0
loc_00286,Easy,Béni Mellal-Khénifra,32.10894444444445,-6.4633416666666665,8.204180413967157,21.470050897276376,30.42618176168647,868.0701293945312,0.15,27100.08718926285,Easy,original_733,0.0155710788137736,0,True,0,0.14,0
loc_00287,Easy,Béni Mellal-Khénifra,32.10894444444445,-6.4633416666666665,8.204180413967157,21.470050897276376,30.42618176168647,868.0701293945312,0.15,27100.08718926285,Easy,original_733,0.0155710788137736,0,True,0,0.14,0
loc_00240,Easy,Béni Mellal-Khénifra,32.10894444444445,-6.4633416666666665,8.204180413967157,21.470050897276376,30.42618176168647,868.0701293945312,0.15,27100.08718926285,Easy,original_733,0.0155710788137736,0,True,0,0.14,0
loc_00242,Moderate,Béni Mellal-Khénifra,32.13167777777778,-6.397130555555556,11.14394853964539,4.019874997324269,5.623744996126033,885.3196411132812,0.15,22892.338804333696,Moderate,original_733,0.0825403159405183,0,True,0,0.14,0
loc_00297,Moderate,Béni Mellal-Khénifra,32.13167777777778,-6.397130555555556,11.14394853964539,4.019874997324269,5.623744996126033,885.3196411132812,0.15,22892.338804333696,Moderate,original_733,0.0825403159405183,0,True,0,0.14,0
loc_00299,Moderate,Béni Mellal-Khénifra,32.13381666666667,-6.311780555555555,2.422127992784546,31.979126557880168,31.86414936160253,842.4544067382812,0.15,22621.04680027556,Moderate,original_733,0.00775145318748,0,True,0,0.14,0
loc_00298,Moderate,Béni Mellal-Khénifra,32.13381666666667,-6.311780555555555,2.422127992784546,31.979126557880168,31.86414936160253,842.4544067382812,0.15,22621.04680027556,Moderate,original_733,0.00775145318748,0,True,0,0.14,0
loc_00245,Moderate,Béni Mellal-Khénifra,32.13381666666667,-6.311780555555555,2.422127992784546,31.979126557880168,31.86414936160253,842.4544067382812,0.15,22621.04680027556,Moderate,original_733,0.00775145318748,0,True,0,0.14,0
loc_00300,Moderate,Béni Mellal-Khénifra,32.13381666666667,-6.311780555555555,2.422127992784546,31.979126557880168,31.86414936160253,842.4544067382812,0.15,22621.04680027556,Moderate,original_733,0.00775145318748,0,True,0,0.14,0
loc_00301,Moderate,Béni Mellal-Khénifra,32.13302222222222,-6.300258333333333,0.6375606401540523,17.739396303853002,12.962135504099948,818.4636840820312,0.15,22919.47667532958,Moderate,original_733,0.0276645067223448,0,True,0,0.14,0
loc_00302,Moderate,Béni Mellal-Khénifra,32.13302222222222,-6.300258333333333,0.6375606401540523,17.739396303853002,12.962135504099948,818.4636840820312,0.15,22919.47667532958,Moderate,original_733,0.0276645067223448,0,True,0,0.14,0
loc_00237,Moderate,Béni Mellal-Khénifra,32.193888888888885,-6.101944444444444,4715.865171817877,23.84165692854812,20.224570030023244,1360.9290771484375,0.35,28321.62271612698,Moderate,original_733,0.6073251277344006,1,False,0,0.14,1
loc_00225,Easy,Béni Mellal-Khénifra,32.20277777777778,-6.119999999999999,3062.7267140449294,7.363446724399254,6.398190332838326,1237.0390625,0.2,26359.60065857226,Easy,original_733,0.3733872727293874,0,True,0,0.14,1
loc_00232,Moderate,Béni Mellal-Khénifra,32.22777777777778,-6.248611111111111,522.3890506705388,13.687307631224453,15.058435361247415,1294.999267578125,0.15,15392.813503453028,Moderate,original_733,0.1198758809060571,0,True,0,0.14,0
loc_00239,Moderate,Béni Mellal-Khénifra,32.236644444444444,-6.119233333333333,13.155253149036714,3.003968997155924,3.2211621497288223,1075.02783203125,0.05,24534.466881190485,Moderate,original_733,0.022875757965204,0,True,0,0.14,0
loc_00235,Moderate,Béni Mellal-Khénifra,32.236644444444444,-6.119233333333333,13.155253149036714,3.003968997155924,3.2211621497288223,1075.02783203125,0.05,24534.466881190485,Moderate,original_733,0.022875757965204,0,True,0,0.14,0
loc_00234,Moderate,Béni Mellal-Khénifra,32.236644444444444,-6.119233333333333,13.155253149036714,3.003968997155924,3.2211621497288223,1075.02783203125,0.05,24534.466881190485,Moderate,original_733,0.022875757965204,0,True,0,0.14,0
loc_00238,Moderate,Béni Mellal-Khénifra,32.236644444444444,-6.119233333333333,13.155253149036714,3.003968997155924,3.2211621497288223,1075.02783203125,0.05,24534.466881190485,Moderate,original_733,0.022875757965204,0,True,0,0.14,0
loc_00226,Easy,Béni Mellal-Khénifra,32.275,-6.2588888888888885,473.83700884125176,27.59415131870613,38.79839432141012,1885.474609375,0.15,11050.483527163511,Easy,original_733,0.2180974382221594,0,True,0,0.14,1
loc_00285,Moderate,Béni Mellal-Khénifra,32.280556,-6.2975,24.30783102618309,9.142088626846869,13.389631287125516,1252.2607421875,0.35,7943.981633918602,Moderate,original_733,0.0695102196239748,0,True,0,0.14,0
loc_00248,Moderate,Béni Mellal-Khénifra,32.280556,-6.2975,24.30783102618309,9.142088626846869,13.389631287125516,1252.2607421875,0.35,7943.981633918602,Moderate,original_733,0.0695102196239748,0,True,0,0.14,0
loc_00284,Difficult,Béni Mellal-Khénifra,32.29302956,-6.214958909,4835.728731322713,15.35528882750611,17.684162738894628,2010.3250732421875,0.15,13785.884025187575,Difficult,original_733,0.7133802740527121,1,True,1,0.14,1
loc_00280,Easy,Béni Mellal-Khénifra,32.3241,-6.3375,106.56288488691804,20.81745909909193,27.146415269079288,688.8087768554688,0.1,1863.6487117235988,Easy,original_733,0.1006867982877933,0,True,0,0.14,0
loc_00247,Easy,Béni Mellal-Khénifra,32.3241,-6.3375,106.56288488691804,20.81745909909193,27.146415269079288,688.8087768554688,0.1,1863.6487117235988,Easy,original_733,0.1006867982877933,0,True,0,0.14,0
loc_00314,Moderate,Béni Mellal-Khénifra,32.38333333333333,-5.916666666666667,5909.47877731894,5.4945534074939415,5.000073645725723,1619.8720703125,0.35,41377.65503238182,Moderate,original_733,0.8561349255718947,1,False,0,0.14,1
loc_00283,Moderate,Béni Mellal-Khénifra,32.42897599,-6.170837578,1505.7709615390525,39.38599018133336,54.79465604419551,683.3754272460938,0.55,20118.752196152327,Moderate,original_733,0.3559307827873282,0,True,0,0.14,1
loc_00249,Easy,Béni Mellal-Khénifra,32.55341501,-6.01361989,14.51471172500096,11.471146983523562,9.792559158703511,1142.0794677734375,0.55,40130.45273341728,Easy,original_733,0.4341425051931815,0,True,0,0.14,1
loc_00281,Easy,Béni Mellal-Khénifra,32.55341501,-6.01361989,14.51471172500096,11.471146983523562,9.792559158703511,1142.0794677734375,0.55,40130.45273341728,Easy,original_733,0.4341425051931815,0,True,0,0.14,1
loc_00282,Easy,Béni Mellal-Khénifra,32.64057778,-5.91269444,287.0921314530633,8.987341324156423,9.904223733697057,714.1781616210938,0.55,53560.8943995618,Easy,original_733,0.0609105621301889,0,True,0,0.14,0
loc_00076,Moderate,Béni Mellal-Khénifra,33.0425,-5.738666666666667,12.65150567422099,10.078278478595164,10.629656326672263,972.6912231445312,0.15,64537.17168454924,Moderate,original_733,0.0391203669006085,0,True,0,0.14,0
loc_00075,Moderate,Béni Mellal-Khénifra,33.14266666666666,-5.5175,3120.583216673034,11.578979110115249,12.415116743607957,1241.7813720703125,0.15,42213.42557830622,Moderate,original_733,0.3832432945699082,0,True,0,0.14,1
loc_00074,Moderate,Béni Mellal-Khénifra,33.142833333333336,-5.518,3170.325347220719,12.18283338857304,12.823192754067666,1240.796142578125,0.15,42228.97269953822,Moderate,original_733,0.4781452372934855,0,True,0,0.14,1
loc_00233,Moderate,Béni Mellal-Khénifra,32.20722222222223,-6.256666666666667,1852.2030170997248,22.95727674905869,25.701849819214875,1413.5147705078125,0.55,16790.956491572022,Moderate,original_733,0.2773592015825526,0,True,0,0.14,1
loc_00229,Moderate,Béni Mellal-Khénifra,32.26972222222222,-6.258611111111111,20.077646712541554,24.09392174962056,25.01479875548812,1734.606201171875,0.15,11430.300234535138,Moderate,original_733,0.1627834192135862,0,True,0,0.14,1
loc_00231,Moderate,Béni Mellal-Khénifra,32.23861111111111,-6.2283333333333335,766.3445718847545,21.74044795843676,18.4665335663094,1249.037353515625,0.15,15844.04545557374,Moderate,original_733,0.8108951360927916,1,False,0,0.14,1
loc_00236,Moderate,Béni Mellal-Khénifra,32.20916666666667,-6.118888888888889,2456.633121609544,22.45232594156723,29.364462608148244,1265.3377685546875,0.55,26060.15435460887,Moderate,original_733,0.536066499343276,1,False,0,0.14,1
loc_00227,Moderate,Béni Mellal-Khénifra,32.26083333333333,-6.262777777777778,54.08943693397568,23.352479479078053,19.34767844460228,1687.9600830078125,0.15,11789.30036119778,Moderate,original_733,0.4795021133148847,0,True,0,0.14,1
loc_00228,Moderate,Béni Mellal-Khénifra,32.27,-6.263888888888889,18.144170917398903,19.75033106115509,26.026701115379648,1758.47216796875,0.1,11028.299827833536,Moderate,original_733,0.1087017956445994,0,True,0,0.14,0
loc_00291,Easy,Béni Mellal-Khénifra,32.106411111111115,-6.451858333333334,17.510741575467353,28.43409243481384,35.1070006819796,820.96923828125,0.15,26970.66922073131,Easy,original_733,0.0201254767245266,0,True,0,0.14,0
loc_00230,Moderate,Béni Mellal-Khénifra,32.21472222222223,-6.222777777777778,491.6107736342864,23.86492167756713,28.889130899728823,1393.31494140625,0.15,18086.993043647504,Moderate,original_733,0.132740769491891,0,True,0,0.14,0
loc_00296,Moderate,Béni Mellal-Khénifra,32.11295555555556,-6.4165833333333335,12.980954113032578,8.04056303770829,10.092931826252585,821.9075317382812,0.15,25309.718566341508,Moderate,original_733,0.036162295248537,0,True,0,0.14,0
loc_00726,Easy,Béni Mellal-Khénifra,31.73014444444444,-6.969363888888889,612.5446733102569,10.814198933637302,5.540400390625,1062.60693359375,0.15,88789.11406785413,Easy,original_733,0.1444376846217969,0,True,0,0.14,1
loc_00727,Easy,Béni Mellal-Khénifra,31.726241666666667,-6.867927777777778,190.7933740708241,3.505300613048995,2.203623046875,973.1372680664062,0.35,83204.68167496259,Easy,original_733,0.0337395867744345,0,True,0,0.14,0
loc_00728,Difficult,Béni Mellal-Khénifra,31.572263888888887,-6.635019444444444,4332.905883529068,24.234426246400307,15.988427734375,2380.565185546875,0.15,77105.1450515275,Difficult,original_733,0.7956702088029273,1,True,1,0.14,1
loc_00729,Very Difficult,Béni Mellal-Khénifra,31.63596111111111,-6.529952777777778,46.781952900313634,30.482024558489226,19.80177734375,1684.9814453125,0.55,79406.6182770257,Difficult,original_733,0.0899729067593653,0,False,1,0.14,0
loc_00730,Moderate,Béni Mellal-Khénifra,31.65081111111111,-6.461511111111111,79.82012244937184,9.500734641853803,5.526689453125,1826.3768310546875,0.15,76670.32717938808,Moderate,original_733,0.1801004915203134,0,True,0,0.14,1
loc_00731,Easy,Béni Mellal-Khénifra,31.6842,-6.371152777777778,494.7922263065107,27.861503508470594,17.78671875,2070.109619140625,0.15,72295.4465896704,Easy,original_733,0.1976740998261038,0,True,0,0.14,1
loc_00732,Moderate,Béni Mellal-Khénifra,31.736925,-6.314761111111111,949.567858403306,27.25192188864972,18.340546875,2717.210693359375,0.15,66512.63016120752,Moderate,original_733,0.6810467422489284,1,False,0,0.14,1
loc_00733,Difficult,Béni Mellal-Khénifra,31.79435833333333,-6.1931,1102.8685665506812,22.9118566255286,13.223310546875,2618.9697265625,0.15,61896.78730052869,Difficult,original_733,0.7079038884447545,1,True,1,0.14,1
loc_00734,Very Difficult,Béni Mellal-Khénifra,31.821613888888887,-6.089266666666666,2621.388748572476,32.3031021969964,22.1813232421875,1782.3016357421875,0.55,62189.845140477744,Difficult,original_733,0.6487443628695263,1,True,1,0.14,1
loc_00735,Moderate,Béni Mellal-Khénifra,31.94306388888889,-6.076766666666667,545.3300166901108,29.330225448027143,19.2705126953125,1716.66845703125,0.55,50691.41051547455,Moderate,original_733,0.6044140605196415,1,False,0,0.14,1
loc_00736,Moderate,Béni Mellal-Khénifra,31.98318055555556,-6.121394444444444,369.37472326988745,26.401522873410343,19.155244140625,1206.1207275390625,0.55,44722.61771320368,Moderate,original_733,0.8431276052265846,1,False,0,0.14,1
loc_00737,Easy,Béni Mellal-Khénifra,32.102986111111115,-6.296983333333333,1694.6721849549774,11.039334498959423,5.431171875,1857.2574462890625,0.15,26249.89137450551,Easy,original_733,0.2498103820137438,0,True,0,0.14,1
loc_00738,Easy,Béni Mellal-Khénifra,32.18390833333333,-6.5110166666666665,277.4583641052375,32.58054335564649,23.65052734375,1120.0401611328125,0.55,22340.40632716525,Easy,original_733,0.5404151804021464,1,False,0,0.14,1
loc_00484,Moderate,Béni Mellal-Khénifra,32.13644722222222,-6.303011111111111,8.35600400941656,32.177028792158616,20.13718505859375,850.2476806640625,0.15,22492.00294300651,Moderate,original_733,0.0373387496310988,0,True,0,0.14,0
loc_00485,Moderate,Béni Mellal-Khénifra,32.13279722222222,-6.330252777777778,103.17073987406172,21.22049974138497,15.96179443359375,862.0513916015625,0.15,22499.18190465281,Moderate,original_733,0.1425477181148114,0,True,0,0.14,1
loc_00486,Moderate,Béni Mellal-Khénifra,32.112341666666666,-6.340222222222222,223.11088967538555,10.51522420557978,6.54845703125,945.20751953125,0.15,24699.562318020937,Moderate,original_733,0.4361174061805935,0,True,0,0.14,1
loc_00487,Moderate,Béni Mellal-Khénifra,32.083733333333335,-6.307263888888889,483.3796481034621,17.477139515595805,9.7099658203125,1719.621337890625,0.15,28185.133825472887,Moderate,original_733,0.4188913314549712,0,True,0,0.14,1
loc_00488,Difficult,Béni Mellal-Khénifra,32.08524444444445,-6.443269444444445,2293.8544240586875,14.021335198013428,8.41017822265625,823.2761840820312,0.15,28946.07627793934,Difficult,original_733,0.1006487510766536,0,False,1,0.14,0
loc_00408,Difficult,Béni Mellal-Khénifra,31.681522222222224,-6.668716666666667,923.191366983062,27.7195152444188,17.0012060546875,1456.268798828125,0.15,78429.82426828088,Difficult,original_733,0.263623257603122,0,False,1,0.14,1
loc_01194,Difficult,Béni Mellal-Khénifra,32.76277777777778,-6.816944444444444,1938.7146976688543,4.713591139622341,1.44544189453125,664.6143798828125,0.15,16134.809933608149,Difficult,original_733,0.2408999249020526,0,False,1,0.14,1
loc_00489,Easy,Béni Mellal-Khénifra,32.32443055555556,-6.316886111111111,839.1015291470054,25.97354632219152,15.29802978515625,751.2222900390625,0.15,3592.605911962817,Easy,original_733,0.3532550720609344,0,True,0,0.14,1
loc_00490,Difficult,Béni Mellal-Khénifra,32.37435833333333,-6.143083333333334,7635.558792740881,15.491238027761511,9.2711181640625,1086.6060791015625,0.55,20248.15967674701,Difficult,original_733,0.4639836069215409,0,False,1,0.14,1
loc_00493,Moderate,Béni Mellal-Khénifra,32.30911666666666,-6.353455555555556,1947.2285246532488,31.206835277079623,18.93763427734375,732.9319458007812,0.55,2788.384056674154,Moderate,original_733,0.0897884932660738,0,True,0,0.14,0
loc_00495,Moderate,Béni Mellal-Khénifra,32.33271388888889,-6.310772222222222,1528.026809112309,39.03382585438229,27.46980712890625,829.86279296875,0.55,4002.329022144623,Moderate,original_733,0.0456953785576071,0,True,0,0.14,0
loc_00497,Moderate,Béni Mellal-Khénifra,32.29003055555555,-6.271786111111111,1828.2215271437703,23.23645084245696,14.879150390625,1770.8856201171875,0.55,9101.981018357154,Moderate,original_733,0.2643636707670924,0,True,0,0.14,1
loc_00500,Moderate,Béni Mellal-Khénifra,32.49888055555556,-6.146663888888889,596.4245091943045,22.92925618258556,15.325078125,620.6895751953125,0.55,26677.606668947992,Moderate,original_733,0.1355657895625395,0,True,0,0.14,0
loc_00501,Moderate,Béni Mellal-Khénifra,32.429205555555555,-6.170663888888889,1514.2368081001782,26.49803026675014,14.72223876953125,667.44970703125,0.55,20146.00328194392,Moderate,original_733,0.1306294576785908,0,True,0,0.14,0
loc_00502,Easy,Béni Mellal-Khénifra,32.32462777777778,-6.337727777777777,62.24263006766589,24.49445771205992,18.89115478515625,676.8629760742188,0.55,1811.5368736766384,Easy,original_733,0.0791074464560354,0,True,0,0.14,0
loc_00503,Difficult,Béni Mellal-Khénifra,32.20083611111112,-6.4307138888888895,697.7691464886241,5.866705243056005,2.62854248046875,821.6721801757812,0.1,16517.21582020234,Difficult,original_733,0.1699265894462593,0,False,1,0.14,1
loc_00504,Moderate,Béni Mellal-Khénifra,32.49078888888889,-6.135119444444445,1656.2757074460137,7.05834699313499,3.15437744140625,832.3748168945312,0.1,26885.08902862309,Moderate,original_733,0.4959000227305573,0,True,0,0.14,1
loc_00505,Moderate,Béni Mellal-Khénifra,32.370697222222226,-6.248286111111111,1378.0541449885343,45.91788004616852,37.51030029296875,812.760498046875,0.55,10669.945732484011,Moderate,original_733,0.2358811979726352,0,True,0,0.14,1
loc_00378,Easy,Béni Mellal-Khénifra,31.724191666666663,-6.971397222222223,1.523268545573127,9.75954508040926,4.558583984375,1063.5201416015625,0.05,89416.88760154587,Easy,original_733,0.0189529705974981,0,True,0,0.14,0
loc_00379,Easy,Béni Mellal-Khénifra,31.72577777777777,-6.906922222222223,17.72025246125147,5.390925889877793,2.8933203125,1043.226318359375,0.1,85440.88715545885,Easy,original_733,0.1063542038376324,0,True,0,0.14,0
loc_00382,Moderate,Béni Mellal-Khénifra,31.730963888888887,-6.307902777777778,965.4550980873169,8.813864868227872,5.69634765625,2247.33056640625,0.1,67212.59520113272,Moderate,original_733,0.2359252197848873,0,True,0,0.14,1
loc_00385,Difficult,Béni Mellal-Khénifra,31.78695833333333,-6.072663888888889,6590.146167077294,11.314623734016523,5.4159375,1868.5748291015625,0.15,59155.74437624233,Difficult,original_733,0.8208684855885017,1,True,1,0.14,1
loc_00387,Easy,Béni Mellal-Khénifra,32.015011111111114,-6.7196694444444445,319.9347066994651,17.716576840577027,8.83042236328125,771.2587890625,0.55,49481.5792772321,Easy,original_733,0.1216704492330415,0,True,0,0.14,0
loc_00388,Moderate,Béni Mellal-Khénifra,31.980719444444443,-6.137377777777778,1242.7945122649712,26.3234120917062,14.7501025390625,1787.1624755859375,0.35,44250.69072429665,Moderate,original_733,0.8511113645768218,1,False,0,0.14,1
loc_00389,Difficult,Béni Mellal-Khénifra,31.906683333333334,-6.154858333333333,5037.273473681996,27.397979312936908,14.170556640625,2302.75048828125,0.15,51079.5881353159,Difficult,original_733,0.895411446079031,1,True,1,0.14,1
loc_00392,Moderate,Béni Mellal-Khénifra,32.19611111111111,-6.5825,1639.9147460188274,30.23563713007345,20.4951513671875,869.3565063476562,0.55,26458.038848996035,Moderate,original_733,0.4494376070886509,0,True,0,0.14,1
loc_00704,Difficult,Béni Mellal-Khénifra,31.70484722222222,-6.260811111111111,5106.453935323282,0.9043178497220332,0.27556640625,2533.4287109375,0.9,70521.61273721118,Difficult,original_733,0.6243008222462951,1,True,1,0.14,1
loc_00705,Moderate,Béni Mellal-Khénifra,31.663308333333333,-6.36565,818.794871059076,43.14706044980777,34.079111328125,2025.3370361328125,0.15,74608.00969912866,Moderate,original_733,0.0983574515484137,0,True,0,0.14,0
loc_00706,Moderate,Béni Mellal-Khénifra,31.659866666666662,-6.387611111111111,45.45935859831165,4.238634658481701,2.6632373046875,1903.049072265625,0.55,75051.30168204913,Moderate,original_733,0.1056596396147434,0,True,0,0.14,0
loc_00707,Moderate,Béni Mellal-Khénifra,31.65869722222222,-6.409952777777778,207.6724372186545,0.975092458270985,0.4741259765625,1859.8812255859373,0.55,75301.22305880518,Moderate,original_733,0.0135643751258973,0,True,0,0.14,0
loc_00708,Easy,Béni Mellal-Khénifra,31.65948611111111,-6.425027777777778,81.21590444777652,30.185948811286384,20.0981201171875,1896.2392578125,0.55,75327.98165940848,Easy,original_733,0.3982779670008872,0,True,0,0.14,1
loc_00709,Easy,Béni Mellal-Khénifra,31.65757777777777,-6.432652777777778,191.29812881675903,27.42386777108992,17.2624072265625,1946.95166015625,0.15,75607.07765257906,Easy,original_733,0.2043674367259096,0,True,0,0.14,1
loc_00710,Easy,Béni Mellal-Khénifra,31.65786111111111,-6.436194444444444,22.39101199944271,18.93896139587476,11.519208984375,1854.02783203125,0.15,75609.51104285796,Easy,original_733,0.3174833778439243,0,True,0,0.14,1
loc_00711,Moderate,Béni Mellal-Khénifra,31.653125,-6.438833333333333,492.6936811396738,3.598036173464096,2.15205078125,1845.783203125,0.15,76159.30673587287,Moderate,original_733,0.0343243584856056,0,True,0,0.14,0
loc_00712,Easy,Béni Mellal-Khénifra,31.647419444444445,-6.451566666666666,609.6193723796487,13.84980396947579,8.530205078125,1833.1148681640625,0.15,76925.5857090517,Easy,original_733,0.1241362109663844,0,True,0,0.14,0
loc_00443,Easy,Béni Mellal-Khénifra,32.03553888888889,-6.705880555555556,1074.5623304617843,38.72423265450473,26.4269775390625,745.7640991210938,0.15,46942.06279555676,Easy,original_733,0.0530319673714516,0,True,0,0.14,0
loc_00444,Moderate,Béni Mellal-Khénifra,32.01728611111111,-6.722075,659.438595211254,29.111398340891885,20.25622802734375,711.20751953125,0.55,49458.75039518599,Moderate,original_733,0.0904405951878283,0,True,0,0.14,0
loc_00445,Moderate,Béni Mellal-Khénifra,31.98703888888889,-6.702097222222222,2588.982116380019,25.187475118929424,11.9757275390625,849.3216552734375,0.15,50674.47348005278,Moderate,original_733,0.1998807221372725,0,True,0,0.14,1
loc_00446,Moderate,Béni Mellal-Khénifra,32.16708611111111,-6.259005555555556,4810.149957753914,16.97496427158525,8.5710888671875,841.6160278320312,0.55,20590.282488556502,Moderate,original_733,0.3275490204306648,0,True,0,0.14,1
loc_00447,Moderate,Béni Mellal-Khénifra,32.01875277777778,-6.744566666666667,2201.3779619735706,17.301221191660627,9.75216064453125,903.2830200195312,0.35,50853.60953924793,Moderate,original_733,0.3263222143499938,0,True,0,0.14,1
loc_00449,Moderate,Béni Mellal-Khénifra,32.00188611111111,-6.746133333333334,972.3530336266026,9.61903961477389,4.85190673828125,776.8106689453125,0.15,52271.468240365575,Moderate,original_733,0.0948458832424938,0,True,0,0.14,0
loc_00450,Moderate,Béni Mellal-Khénifra,31.9898,-6.71375,1841.1123439281585,25.988617392564777,16.15991943359375,805.941650390625,0.55,51161.358459979965,Moderate,original_733,0.0507629205521308,0,True,0,0.14,0
loc_00451,Moderate,Béni Mellal-Khénifra,32.20174444444445,-6.117430555555555,3261.6485102626307,16.75132387858506,10.52630859375,1239.09033203125,0.15,26624.49378243108,Moderate,original_733,0.2510901137785023,0,True,0,0.14,1
loc_00453,Moderate,Béni Mellal-Khénifra,32.18385277777777,-6.095055555555556,6002.977899964528,15.457194876008316,7.7826416015625,1418.819580078125,0.55,29483.660974184342,Moderate,original_733,0.6150987107254415,1,False,0,0.14,1
loc_00491,Moderate,Béni Mellal-Khénifra,32.28123611111111,-6.265222222222223,1199.2845037676946,11.093283337835418,5.744248046875,1479.3341064453125,0.35,10161.119823448322,Moderate,original_733,0.6750915439004833,1,False,0,0.14,1
loc_00494,Moderate,Béni Mellal-Khénifra,32.306713888888886,-6.336480555555555,966.646819408078,40.35676743406771,32.1939697265625,856.3054809570312,0.55,3441.604879853175,Moderate,original_733,0.0222153142607002,0,True,0,0.14,0
loc_00498,Easy,Béni Mellal-Khénifra,32.56476388888888,-6.017641666666667,128.93540537664427,13.298394322903192,7.8219921875,1104.4002685546875,0.35,40614.33084439416,Easy,original_733,0.1772284273629016,0,True,0,0.14,1
loc_00785,Moderate,Béni Mellal-Khénifra,32.90421944444444,-5.373591666666666,1802.8492986739552,0.6864969504035057,0.284765625,1472.3189697265625,0.15,60498.43368608615,Moderate,original_733,0.0908035637466858,0,True,0,0.14,0
loc_00786,Moderate,Béni Mellal-Khénifra,33.13122222222222,-5.351230555555556,174.00692865936054,0.6922217647772733,0.2334765625,1613.2445068359375,0.15,35625.884072116365,Moderate,original_733,0.0344542942002021,0,True,0,0.14,0
loc_00787,Moderate,Béni Mellal-Khénifra,33.129616666666664,-5.359891666666666,213.7882602615589,1.0238293583344504,0.24791015625,1629.0,0.9,36063.416659736926,Moderate,original_733,0.0285438395549698,0,True,0,0.14,0
loc_00790,Easy,Béni Mellal-Khénifra,33.05158888888889,-5.412147222222223,387.4956515179565,28.11133065518405,14.9716064453125,1253.29541015625,0.35,45910.56243221404,Easy,original_733,0.7080604586759245,1,False,0,0.14,1
loc_00792,Moderate,Béni Mellal-Khénifra,32.90577222222222,-5.343172222222222,818.123929530251,0.0,0.0,1621.5,0.9,59751.8343891213,Moderate,original_733,0.0193720072359238,0,True,0,0.14,0
loc_00799,Moderate,Béni Mellal-Khénifra,32.99203333333333,-5.471388888888889,972.2593802785484,0.9662631234071676,0.1932568359375,1513.5,0.1,54184.4413799508,Moderate,original_733,0.0107559688742171,0,True,0,0.14,0
loc_00803,Difficult,Béni Mellal-Khénifra,32.952450000000006,-5.291522222222223,4426.679742190143,1.396191283301942,0.8699169921875,1927.308837890625,0.15,53907.71267570962,Difficult,original_733,0.4552472440461445,0,False,1,0.14,1
loc_00806,Easy,Béni Mellal-Khénifra,33.12708333333333,-5.345638888888889,254.2779637592052,5.566267387469336,2.7933642578125,1604.4031982421875,0.15,35897.87589812893,Easy,original_733,0.3112610628685093,0,True,0,0.14,1
loc_00781,Easy,Béni Mellal-Khénifra,32.91218611111111,-5.335925,506.37012822904165,0.3037313202756146,0.1243115234375,1644.242919921875,0.2,58930.36807611303,Easy,original_733,0.0577446429852098,0,True,0,0.14,0
loc_00782,Easy,Béni Mellal-Khénifra,33.10306388888889,-5.394455555555556,1042.935270023055,0.0,0.0,1547.5,0.9,39991.20691626973,Easy,original_733,0.0074058094216629,0,True,0,0.14,0
loc_00783,Easy,Béni Mellal-Khénifra,32.97318333333334,-5.443508333333334,2818.741149249631,0.0,0.0,1491.0,0.9,55092.10285334846,Easy,original_733,0.0595920757620112,0,True,0,0.14,0
loc_00784,Easy,Béni Mellal-Khénifra,33.145561111111114,-5.386361111111111,3181.7702664366984,1.5200936115104724,0.4724365234375,1588.6456298828125,0.9,35363.93523819622,Easy,original_733,0.0949822490889382,0,True,0,0.14,0
loc_00788,Moderate,Béni Mellal-Khénifra,33.085411111111114,-5.400916666666667,652.3334499599998,0.9610851170204696,0.407080078125,1537.404541015625,0.2,42034.06040428054,Moderate,original_733,0.0170377541376049,0,True,0,0.14,0
loc_00789,Moderate,Béni Mellal-Khénifra,32.96297222222223,-5.434805555555556,2155.482213661136,3.3143623707813616,1.72482421875,1614.3389892578125,0.15,55864.62888383918,Moderate,original_733,0.1242211262134682,0,True,0,0.14,0
loc_00791,Easy,Béni Mellal-Khénifra,32.97243888888889,-5.569052777777777,3576.5100594990254,5.238348024402762,2.9110595703125,1288.5782470703125,0.2,60427.89113431661,Easy,original_733,0.3162436841345591,0,True,0,0.14,1
loc_00795,Moderate,Béni Mellal-Khénifra,33.026,-5.460927777777778,243.7178642252088,0.5226177890969289,0.307080078125,1462.8255615234375,0.15,50351.37235431508,Moderate,original_733,0.0231912835967605,0,True,0,0.14,0
loc_00796,Moderate,Béni Mellal-Khénifra,32.964169444444444,-5.316977777777778,4695.988437505262,9.698149276429357,3.73173828125,1896.369140625,0.15,52937.18026511598,Moderate,original_733,0.3469430550798384,0,True,0,0.14,1
loc_00797,Moderate,Béni Mellal-Khénifra,32.96297222222223,-5.434805555555556,2155.482213661136,3.3143623707813616,1.72482421875,1614.3389892578125,0.15,55864.62888383918,Moderate,original_733,0.1242211262134682,0,True,0,0.14,0
loc_00798,Moderate,Béni Mellal-Khénifra,33.005766666666666,-5.501008333333333,823.9870390418736,4.368247468670526,2.6121923828125,1536.5673828125,0.55,54047.3180135951,Moderate,original_733,0.3131315939758978,0,True,0,0.14,1
loc_00800,Moderate,Béni Mellal-Khénifra,33.14539444444444,-5.383291666666667,2957.828961060005,2.5794256120241603,1.2956396484375,1590.1275634765625,0.15,35261.97071587067,Moderate,original_733,0.0573234090052358,0,True,0,0.14,0
loc_00801,Moderate,Béni Mellal-Khénifra,33.15681111111111,-5.365311111111111,2217.764582176804,1.281156362506869,0.6450048828125,1654.8311767578125,0.9,33430.12564005627,Moderate,original_733,0.1972281692463156,0,True,0,0.14,1
loc_00802,Moderate,Béni Mellal-Khénifra,33.12797777777778,-5.385097222222223,1817.7550306816588,2.236278931061284,1.4755029296875,1592.8729248046875,0.15,37101.2487897675,Moderate,original_733,0.089916716998504,0,True,0,0.14,0
loc_00804,Moderate,Béni Mellal-Khénifra,32.99635555555555,-5.447777777777778,2858.511326914456,1.6066481654976872,0.9056689453125,1554.19482421875,0.2,52855.34465998984,Moderate,original_733,0.1183386477410662,0,True,0,0.14,0
loc_00805,Moderate,Béni Mellal-Khénifra,33.156302777777775,-5.4298777777777785,4233.129954607365,2.264037527043421,1.3074072265625,1573.3250732421875,0.15,36218.8762825563,Moderate,original_733,0.090681787610735,0,True,0,0.14,0
loc_00807,Moderate,Béni Mellal-Khénifra,33.15134444444444,-5.408222222222222,5098.622367039528,2.952504714138422,1.7802001953125,1566.2850341796875,0.15,35695.92210464348,Moderate,original_733,0.6153095774741195,1,False,0,0.14,1
loc_00808,Moderate,Béni Mellal-Khénifra,32.944266666666664,-5.483897222222223,175.16953091705935,1.769026887009956,1.008427734375,1498.572509765625,0.2,59507.28800052863,Moderate,original_733,0.0503696018114813,0,True,0,0.14,0
loc_00809,Moderate,Béni Mellal-Khénifra,32.95751388888889,-5.494613888888889,1090.0220191369697,8.516794134055417,3.6124951171875,1536.287353515625,0.15,58578.54535028317,Moderate,original_733,0.4394827785124859,0,True,0,0.14,1
loc_00810,Moderate,Béni Mellal-Khénifra,32.969319444444444,-5.374294444444444,2586.834357009768,8.65829700753978,4.440439453125,1624.6263427734375,0.1,53487.70527234621,Moderate,original_733,0.1676373135444945,0,True,0,0.14,1
loc_00811,Moderate,Béni Mellal-Khénifra,32.961666666666666,-5.471636111111112,92.52467382516168,1.963838631182024,0.9017822265625,1574.4461669921875,0.15,57276.67159039501,Moderate,original_733,0.0156627662098957,0,True,0,0.14,0
loc_00812,Moderate,Béni Mellal-Khénifra,32.95620277777778,-5.456361111111112,1537.6719068664152,0.9651289149888148,0.5538427734375,1602.75048828125,0.15,57289.37241416824,Moderate,original_733,0.1271791222755583,0,True,0,0.14,0
loc_00813,Moderate,Béni Mellal-Khénifra,32.96671944444444,-5.397927777777778,2252.0575332368307,2.930711977721137,1.21873046875,1628.8848876953125,0.2,54370.78951254686,Moderate,original_733,0.0394282472010493,0,True,0,0.14,0
loc_00793,Moderate,Béni Mellal-Khénifra,33.044958333333334,-5.480861111111111,1594.709676517359,19.41941592788213,9.510908203125,1240.904052734375,0.35,49320.07069810012,Moderate,original_733,0.6243124225091939,1,False,0,0.14,1
loc_00794,Difficult,Béni Mellal-Khénifra,33.05758333333333,-5.379052777777777,324.4396370358244,20.69685643017963,15.6194970703125,1328.5634765625,0.55,44212.57142192824,Difficult,original_733,0.7301969196696323,1,True,1,0.14,1
loc_00004,Difficult,Drâa-Tafilalet,30.368905368656545,-6.46223994636819,267.24669668577354,4.772303965515728,4.57489467652376,1316.26953125,0.1,60169.93140346243,Difficult,original_733,0.1285874382675647,0,False,1,0.41,0
loc_00003,Moderate,Drâa-Tafilalet,30.490992892858085,-6.612429949729095,904.6898608432144,15.382932231441956,15.675953762590392,1304.738037109375,0.1,55606.218231521576,Moderate,original_733,0.3332546441486633,0,True,0,0.41,0
loc_00002,Moderate,Drâa-Tafilalet,30.54671313620237,-6.971048117972587,663.7423620215451,6.045073740244921,5.857542936466942,1344.0048828125,0.1,41924.77756008448,Moderate,original_733,0.2765506097106309,0,True,0,0.41,0
loc_00001,Easy,Drâa-Tafilalet,30.54701809792364,-7.122467385495109,8.887857148129743,15.05994905081238,22.08196567503873,1432.3692626953125,0.1,46158.98076680939,Easy,original_733,0.1024826555553728,0,True,0,0.41,0
loc_00033,Easy,Drâa-Tafilalet,31.33944444444444,-5.838611111111111,688.1125572833673,13.183673837953906,17.97025217103564,1535.18701171875,0.1,35495.87828382546,Easy,original_733,0.0954536353715881,0,True,0,0.41,0
loc_00032,Moderate,Drâa-Tafilalet,31.375,-5.7908333333333335,506.9672857358953,20.42420071062835,24.62287335356405,1502.0279541015625,0.1,29521.50359316073,Moderate,original_733,0.154189211854883,0,True,0,0.41,0
loc_00025,Moderate,Drâa-Tafilalet,31.39527777777778,-5.5975,3865.438956392837,1.4026424827471615,1.6220461002066116,1360.6551513671875,0.1,15363.875579519465,Moderate,original_733,0.0922823964777194,0,True,0,0.41,0
loc_00031,Easy,Drâa-Tafilalet,31.411666666666665,-5.722222222222222,841.0268064802611,12.061740296562244,15.8536185272469,1401.4979248046875,0.1,21841.446278007326,Easy,original_733,0.1048787294072048,0,True,0,0.41,0
loc_00034,Moderate,Drâa-Tafilalet,31.425,-6.011388888888889,124.99957409199352,6.061686706962852,10.783147638494318,1571.80419921875,0.15,46785.459117512,Moderate,original_733,0.3085452650171461,0,True,0,0.41,0
loc_00030,Moderate,Drâa-Tafilalet,31.435277777777777,-5.655,39.66980818478497,2.9008153060247,4.072700437435434,1366.206298828125,0.1,15148.194911232264,Moderate,original_733,0.0424745587454706,0,True,0,0.41,0
loc_00035,Easy,Drâa-Tafilalet,31.441944444444445,-6.010833333333333,52.93258657610263,21.27934631138978,26.20928501097624,1684.2000732421875,0.15,46334.59934573949,Easy,original_733,0.3578061763461022,0,True,0,0.41,0
loc_00021,Easy,Drâa-Tafilalet,31.44333333333333,-5.978055555555556,449.7356687852738,26.218801568870084,30.98998216361053,1635.86279296875,0.15,43255.8007033128,Easy,original_733,0.2654150979054773,0,True,0,0.41,0
loc_00036,Moderate,Drâa-Tafilalet,31.454722222222223,-5.959722222222222,930.6821215419542,33.211957618402494,37.67519107534866,1763.1846923828125,0.15,41305.89956503022,Moderate,original_733,0.1280791055959774,0,True,0,0.41,0
loc_00029,Moderate,Drâa-Tafilalet,31.48305555555556,-5.539444444444444,43.0788885718326,8.489027910253434,5.819573016206095,1276.69384765625,0.1,4327.722740525457,Moderate,original_733,0.0367001454919552,0,True,0,0.41,0
loc_00022,Moderate,Drâa-Tafilalet,31.529444444444444,-5.925833333333333,58.04454110337361,24.38729956571733,25.53653332418647,1773.1461181640625,0.15,37419.00362305881,Moderate,original_733,0.2492166264259793,0,True,0,0.41,0
loc_00037,Easy,Drâa-Tafilalet,31.53666666666667,-5.919444444444445,25.37224345421478,49.67938960083032,78.03858228951447,1871.8389892578125,0.15,36840.63211021445,Easy,original_733,0.1169412415755908,0,True,0,0.41,0
loc_00024,Easy,Drâa-Tafilalet,31.542222222222225,-5.566944444444444,43.50122063595659,23.42981133832883,37.44224359181302,1449.9647216796875,0.1,4110.575290906196,Easy,original_733,0.0455643698502288,0,True,0,0.41,0
loc_00020,Easy,Drâa-Tafilalet,31.584444444444443,-5.590833333333333,46.44935349832321,36.74385944178508,64.64197382651085,1482.126953125,0.15,9012.222275363476,Easy,original_733,0.0461712364066124,0,True,0,0.41,0
loc_00026,Moderate,Drâa-Tafilalet,31.71722222222222,-5.507777777777778,95.52813981227838,4.315124525708093,4.49892961486312,1824.85009765625,0.15,21894.4903617053,Moderate,original_733,0.2567996028990575,0,True,0,0.41,0
loc_00023,Moderate,Drâa-Tafilalet,31.72,-5.826666666666666,2019.861529661073,8.194471849094496,7.6302490234375,2049.147705078125,0.15,35649.74484622669,Moderate,original_733,0.3921269841008872,0,True,0,0.41,0
loc_00038,Difficult,Drâa-Tafilalet,31.80138888888889,-5.926111111111111,13179.46841238071,21.22899931563965,25.019224560950413,3235.072509765625,0.15,48652.00160978642,Difficult,original_733,0.6976699411877914,1,True,1,0.41,1
loc_00039,Moderate,Drâa-Tafilalet,31.861666666666668,-5.708055555555556,997.1815296619682,33.16465038142086,61.97328980501033,2308.11962890625,0.1,41379.40949722718,Moderate,original_733,0.2932248215779731,0,True,0,0.41,0
loc_00027,Difficult,Drâa-Tafilalet,31.86416666666667,-5.470555555555555,10.862053103229709,23.419379524837392,29.10595904894112,2562.140869140625,0.1,38550.571591238,Difficult,original_733,0.0752428611652088,0,False,1,0.41,0
loc_00055,Moderate,Drâa-Tafilalet,31.958,-5.696,5561.056129475519,15.273143359347486,13.318962664643594,2743.482177734375,0.15,50996.19486176353,Moderate,original_733,0.9617968640561704,1,False,0,0.41,1
loc_00028,Easy,Drâa-Tafilalet,32.009166666666665,-5.490833333333334,73.18836291655838,4.974522714638319,5.927389349819215,2342.634765625,0.05,54378.7958818117,Easy,original_733,0.4206266991567389,0,True,0,0.41,1
loc_00050,Moderate,Drâa-Tafilalet,32.142,-5.57,56.17002560940601,19.43486581913366,18.16287609762397,2215.2734375,0.1,69112.8042395822,Moderate,original_733,0.7699662946986596,1,False,0,0.41,1
loc_00019,Difficult,Drâa-Tafilalet,32.14472222222222,-5.557777777777778,991.082751251457,17.020516787957284,15.63974730436467,2311.35546875,0.15,69363.63219956422,Difficult,original_733,0.4288923643131892,0,False,1,0.41,1
loc_00048,Difficult,Drâa-Tafilalet,32.153,-5.593,95.46988390156714,26.173386549165667,29.111279700413224,2193.627197265625,0.1,70480.97468226097,Difficult,original_733,0.0969165751232028,0,False,1,0.41,0
loc_00049,Difficult,Drâa-Tafilalet,32.153,-5.593,95.46988390156714,26.173386549165667,29.111279700413224,2193.627197265625,0.1,70480.97468226097,Difficult,original_733,0.0969165751232028,0,False,1,0.41,0
loc_00044,Difficult,Drâa-Tafilalet,32.153,-5.64,884.6377507604178,17.843734852498383,14.163580271823347,2174.27734375,0.1,70047.13256157683,Difficult,original_733,0.5173681467106814,1,True,1,0.41,1
loc_00018,Easy,Drâa-Tafilalet,32.155833333333334,-5.598333333333333,6.006884745218144,20.867695102836485,17.622465779958677,2178.271240234375,0.1,70838.28824902223,Easy,original_733,0.1537325071177415,0,True,0,0.41,0
loc_00051,Moderate,Drâa-Tafilalet,32.157,-5.562,15.473437282230837,5.691909149240258,7.189384523502066,2215.26708984375,0.15,70743.27266345658,Moderate,original_733,0.0779146667986315,0,True,0,0.41,0
loc_00046,Moderate,Drâa-Tafilalet,32.159,-5.603,27.430577390179785,4.722552562612837,15.578986554106406,2166.27392578125,0.1,71229.63004702001,Moderate,original_733,0.1731027177570905,0,True,0,0.41,0
loc_00054,Difficult,Drâa-Tafilalet,32.15,-5.55,1107.4964033923966,12.508787999380983,14.55172956482438,2314.31201171875,0.15,69927.55694125856,Difficult,original_733,0.7798925071077847,1,True,1,0.41,1
loc_00040,Easy,Drâa-Tafilalet,32.166,-5.523,146.6382129584374,12.045384344476895,9.531647485149794,2291.8017578125,0.1,71688.18116632386,Easy,original_733,0.1427726096743496,0,True,0,0.41,0
loc_00053,Moderate,Drâa-Tafilalet,32.183,-5.458,886.8240830009009,14.632680179065732,15.959504939307852,2407.218017578125,0.1,73898.15001110364,Moderate,original_733,0.3187375072726393,0,True,0,0.41,0
loc_00017,Moderate,Drâa-Tafilalet,32.19583333333333,-5.636666666666666,410.8516861860282,0.0,0.0,2250.5,0.9,69118.63223171416,Moderate,original_733,0.0686796797044419,0,True,0,0.41,0
loc_00043,Moderate,Drâa-Tafilalet,32.199,-5.629,1046.29874251327,6.21348457153992,7.550444295583677,2257.7021484375,0.1,69743.68649475397,Moderate,original_733,0.4579640711146386,0,True,0,0.41,1
loc_00042,Difficult,Drâa-Tafilalet,32.222,-5.55,6712.828730694332,5.047793928497748,5.039518498192149,2283.41796875,0.15,76545.99295406092,Difficult,original_733,0.7040356728239755,1,True,1,0.41,1
loc_00016,Difficult,Drâa-Tafilalet,32.58935,-4.504527777777778,360.06834481843345,11.908621582411673,13.092888445893594,1809.46533203125,0.15,24251.637207187672,Difficult,original_733,0.1408802299125919,0,False,1,0.41,0
loc_00015,Difficult,Drâa-Tafilalet,32.58986388888889,-4.504866666666667,340.3871382996423,10.07140583678105,10.721105654377585,1816.0859375,0.1,24198.930151986187,Difficult,original_733,0.0404807666214017,0,False,1,0.41,0
loc_00013,Difficult,Drâa-Tafilalet,32.590050000000005,-4.504761111111111,318.5728683944972,9.488703333880071,11.80099714294938,1812.68408203125,0.1,24199.305289688506,Difficult,original_733,0.0609618776850751,0,False,1,0.41,0
loc_00012,Difficult,Drâa-Tafilalet,32.59028055555556,-4.504902777777778,307.627900024507,9.62970707284274,10.830442318246384,1815.4425048828125,0.1,24176.57929179973,Difficult,original_733,0.0556196757472826,0,False,1,0.41,0
loc_00011,Difficult,Drâa-Tafilalet,32.590297222222226,-4.5050638888888885,313.7393695038764,9.629708343916157,10.830442318246384,1815.4425048828125,0.1,24162.07906776508,Difficult,original_733,0.0556196757472826,0,False,1,0.41,0
loc_00010,Difficult,Drâa-Tafilalet,32.59060277777778,-4.505005555555556,281.66655170596204,9.798683615690704,10.357080885201446,1816.2840576171875,0.1,24152.958681780576,Difficult,original_733,0.0401263405180998,0,False,1,0.41,0
loc_00009,Difficult,Drâa-Tafilalet,32.590869444444444,-4.504938888888889,252.9361112438129,9.487167551309083,9.60714948669938,1818.43994140625,0.1,24146.38074465029,Difficult,original_733,0.0610592217341896,0,False,1,0.41,0
loc_00008,Difficult,Drâa-Tafilalet,32.59108611111111,-4.504991666666666,233.689766992073,9.556786017890891,10.361137453189563,1818.8858642578125,0.1,24131.93454485021,Difficult,original_733,0.0415594735899048,0,False,1,0.41,0
loc_00007,Difficult,Drâa-Tafilalet,32.59246944444445,-4.504686111111111,79.76708146434034,6.555289278319837,5.549568617639463,1837.501220703125,0.15,24095.07279419748,Difficult,original_733,0.1252355222269126,0,False,1,0.41,0
loc_00006,Difficult,Drâa-Tafilalet,32.59281111111111,-4.504277777777777,31.41678223591156,5.132140907205022,7.20684360472624,1842.2276611328125,0.15,24114.62975707097,Difficult,original_733,0.0398933308392964,0,False,1,0.41,0
loc_00014,Difficult,Drâa-Tafilalet,32.590025000000004,-4.504727777777778,318.4465343323972,9.488701857189737,11.80099714294938,1812.68408203125,0.1,24203.301486776007,Difficult,original_733,0.0609618776850751,0,False,1,0.41,0
loc_00073,Moderate,Drâa-Tafilalet,33.07611111111112,-5.003611111111111,1394.5608482328523,1.8879821345795669,3.161181237086777,2083.602783203125,0.15,40903.77395647355,Moderate,original_733,0.1903116940397025,0,True,0,0.41,0
loc_00756,Moderate,Drâa-Tafilalet,31.352991666666668,-5.718,4845.724816331103,7.319314570764393,4.1070361328125,1528.5802001953125,0.1,25779.37964697696,Moderate,original_733,0.2258232619045068,0,True,0,0.41,0
loc_00757,Moderate,Drâa-Tafilalet,31.355447222222224,-5.719055555555555,4562.417504753855,10.605084684927215,6.3538671875,1550.660888671875,0.1,25651.13996167852,Moderate,original_733,0.1222353323548258,0,True,0,0.41,0
loc_00758,Moderate,Drâa-Tafilalet,31.355397222222223,-5.7198166666666665,4527.842516729936,10.120651205523885,4.5212548828125,1550.5753173828125,0.1,25705.365015017567,Moderate,original_733,0.115475403879657,0,True,0,0.41,0
loc_00759,Moderate,Drâa-Tafilalet,31.355894444444445,-5.718358333333334,4557.999518826895,10.856510133663985,6.54265625,1558.9259033203125,0.1,25569.3878900334,Moderate,original_733,0.1336023898242016,0,True,0,0.41,0
loc_00760,Moderate,Drâa-Tafilalet,31.36165555555556,-5.734269444444444,3289.757158461714,13.93144416936415,8.1667431640625,1455.087890625,0.1,26201.278925994506,Moderate,original_733,0.0952442855703828,0,True,0,0.41,0
loc_00761,Moderate,Drâa-Tafilalet,31.36876388888889,-5.735255555555556,2522.7737423376875,3.7451689025752617,2.47064453125,1426.4842529296875,0.1,25741.98506289473,Moderate,original_733,0.3074129807716351,0,True,0,0.41,0
loc_00762,Moderate,Drâa-Tafilalet,31.37255,-5.7333694444444445,2231.815537592573,7.087918643430478,6.1203955078125,1432.091552734375,0.1,25330.45105616865,Moderate,original_733,0.1118119090797959,0,True,0,0.41,0
loc_00763,Moderate,Drâa-Tafilalet,31.38072777777778,-5.732627777777778,1564.489539010067,1.358055039016007,0.5103759765625,1399.0615234375,0.1,24691.001260060257,Moderate,original_733,0.0527501877218822,0,True,0,0.41,0
loc_00764,Moderate,Drâa-Tafilalet,31.37605,-5.735016666666667,1819.044334441564,7.803430684383193,4.253837890625,1420.672119140625,0.1,25197.44938974496,Moderate,original_733,0.1597325537487827,0,True,0,0.41,0
loc_00765,Easy,Drâa-Tafilalet,31.434166666666663,-5.645,551.1427744978039,7.348141956268375,3.846708984375,1349.5887451171875,0.1,14507.759894766526,Easy,original_733,0.1594729045163295,0,True,0,0.41,0
loc_00766,Easy,Drâa-Tafilalet,31.43638888888889,-5.645555555555555,311.1745866003151,3.94041227560719,1.5067822265625,1342.25146484375,0.1,14383.45506179909,Easy,original_733,0.0856087496666096,0,True,0,0.41,0
loc_00767,Easy,Drâa-Tafilalet,31.44083333333333,-5.647777777777777,160.97797629022324,4.9579735272592185,2.441259765625,1356.89697265625,0.1,14226.847708493431,Easy,original_733,0.0656971221859761,0,True,0,0.41,0
loc_00747,Easy,Drâa-Tafilalet,30.42605555555556,-5.644177777777777,1323.3867855926555,1.762278623930808,0.90785888671875,814.4889526367188,0.1,21476.709363227503,Easy,original_733,0.0873198536462353,0,True,0,0.41,0
loc_00748,Moderate,Drâa-Tafilalet,30.44685277777777,-5.616483333333333,2771.152624700629,11.089133622735494,6.3847509765625,1015.1376342773438,0.1,24946.33460987189,Moderate,original_733,0.2169923300990576,0,True,0,0.41,0
loc_00749,Easy,Drâa-Tafilalet,30.426875000000003,-5.626283333333334,577.2753276120852,2.587995992573852,1.65242431640625,846.08544921875,0.1,23015.074400104524,Easy,original_733,0.0391340284960643,0,True,0,0.41,0
loc_00750,Moderate,Drâa-Tafilalet,30.46266111111111,-5.639013888888888,4721.159073946342,1.893358145047759,1.0767431640625,871.1193237304688,0.1,24188.81423129525,Moderate,original_733,0.2210522628927393,0,True,0,0.41,0
loc_00751,Moderate,Drâa-Tafilalet,30.434141666666665,-5.606144444444444,1363.0971738828805,43.95132562955378,35.8341943359375,1266.179443359375,0.1,25098.364238872204,Moderate,original_733,0.3026301656801193,0,True,0,0.41,0
loc_00752,Moderate,Drâa-Tafilalet,30.31458888888889,-5.568783333333333,10070.2597001146,7.297421545727592,3.78796630859375,726.7024536132812,0.1,25786.74317263547,Moderate,original_733,0.4056278674568471,0,True,0,0.41,0
loc_00753,Moderate,Drâa-Tafilalet,30.22558888888889,-5.555236111111111,1800.6479069903671,0.7712848778985548,0.49417724609375,661.8984985351562,0.1,29351.44427810735,Moderate,original_733,0.3744570863714584,0,True,0,0.41,0
loc_00754,Easy,Drâa-Tafilalet,29.9411,-5.5833916666666665,539.9326581208217,1.5106468459510831,0.65526611328125,598.0836181640625,0.1,49444.03136040957,Easy,original_733,0.0138917432610124,0,True,0,0.41,0
loc_00755,Easy,Drâa-Tafilalet,30.39215,-5.767797222222222,2527.5192523217943,1.2841686489059716,0.61544677734375,740.5068969726562,0.1,9752.594449303788,Easy,original_733,0.0455194792499378,0,True,0,0.41,0
loc_00454,Easy,Drâa-Tafilalet,32.15258333333333,-4.374058333333333,97.11297865410454,10.32851583687214,5.655322265625,1221.9346923828125,0.1,25487.274334807007,Easy,original_733,0.1178149702470767,0,True,0,0.41,0
loc_00455,Easy,Drâa-Tafilalet,32.18263333333333,-4.367130555555555,227.37662271747865,5.2558036953288125,3.15484375,1214.7119140625,0.05,28890.23285137546,Easy,original_733,0.2238654701906119,0,True,0,0.41,0
loc_00456,Easy,Drâa-Tafilalet,32.02576111111111,-4.463383333333334,102.17846669305496,9.804620584593842,5.9761865234375,1165.4847412109375,0.1,11099.083769459385,Easy,original_733,0.0822463667052333,0,True,0,0.41,0
loc_00457,Easy,Drâa-Tafilalet,32.171902777777774,-4.367847222222222,1.553369348705513,36.21056713421989,27.3458837890625,1283.3701171875,0.1,27711.86836846297,Easy,original_733,0.0412923134092492,0,True,0,0.41,0
loc_00458,Easy,Drâa-Tafilalet,32.08546944444445,-4.383705555555556,284.01403851616925,2.849634781400028,0.864609375,1146.6533203125,0.1,18025.790358061506,Easy,original_733,0.0170569253285839,0,True,0,0.41,0
loc_00775,Moderate,Drâa-Tafilalet,30.854141666666667,-6.802416666666667,324.299035575826,13.354969917230692,8.0634375,1231.7174072265625,0.1,12694.60883687529,Moderate,original_733,0.1278882297841484,0,True,0,0.41,0
loc_00776,Easy,Drâa-Tafilalet,30.758930555555555,-6.642613888888889,2259.4042924192468,24.57603898521563,15.2842578125,1515.8836669921875,0.1,31268.6513475538,Easy,original_733,0.307391415820044,0,True,0,0.41,0
loc_00739,Easy,Drâa-Tafilalet,31.95245555555556,-4.472580555555556,42.32809598707493,1.887345655644861,1.1114501953125,1060.02978515625,0.1,4466.351748104332,Easy,original_733,0.0057148920396055,0,True,0,0.41,0
loc_00740,Easy,Drâa-Tafilalet,31.977077777777776,-4.483280555555556,40.39420829872261,4.761856265813312,2.307236328125,1079.700439453125,0.1,7072.541485716908,Easy,original_733,0.0412840371135067,0,True,0,0.41,0
loc_00741,Easy,Drâa-Tafilalet,31.98295,-4.500036111111111,204.49515659325965,4.742758485767381,2.025986328125,1133.753173828125,0.1,8636.451812065772,Easy,original_733,0.0765483218768177,0,True,0,0.41,0
loc_00742,Easy,Drâa-Tafilalet,31.999597222222224,-4.4928638888888885,144.12575309265085,5.0669789588571845,2.3549072265625,1166.3497314453125,0.1,9603.05821690875,Easy,original_733,0.0828729773932589,0,True,0,0.41,0
loc_00743,Easy,Drâa-Tafilalet,32.02611111111111,-4.467666666666667,52.73378528490871,1.8808566722616853,1.1707568359375,1140.615234375,0.1,11243.857885951216,Easy,original_733,0.0070856914925425,0,True,0,0.41,0
loc_00744,Easy,Drâa-Tafilalet,32.02828888888889,-4.441061111111111,29.44252814577457,6.47626409872616,4.166591796875,1158.43603515625,0.1,11050.15625381149,Easy,original_733,0.0751832315587749,0,True,0,0.41,0
loc_00745,Easy,Drâa-Tafilalet,32.04982777777778,-4.404466666666667,16.069040906681,20.78077582070827,13.8347412109375,1362.9739990234375,0.1,13712.961313791322,Easy,original_733,0.1130387260565114,0,True,0,0.41,0
loc_00746,Moderate,Drâa-Tafilalet,32.05456944444444,-4.483105555555556,3295.2174275436323,36.458560705353406,22.750673828125,1465.2216796875,0.1,14698.844388960888,Moderate,original_733,0.7867417530608726,1,False,0,0.41,1
loc_00041,Easy,Drâa-Tafilalet,32.193,-5.639,35.1275096449228,9.687231265319118,8.755005891658058,2250.5,0.9,68976.81010235767,Easy,el_ouali_2026,0.3752676368376745,0,True,0,0.41,0
loc_00045,Easy,Drâa-Tafilalet,32.176,-5.599,973.7113341093008,18.043591056444985,17.447846720041323,2237.878662109375,0.1,73077.41524595869,Easy,el_ouali_2026,0.347392838688688,0,True,0,0.41,0
loc_00047,Easy,Drâa-Tafilalet,32.167,-5.545,623.8889377419606,11.337032178578443,15.26180349302686,2318.35498046875,0.15,71807.12240601449,Easy,el_ouali_2026,0.1905328503409998,0,True,0,0.41,0
loc_00052,Moderate,Drâa-Tafilalet,32.163,-5.546,170.60857115817515,22.402476337962888,30.89987409607438,2301.502685546875,0.15,71364.20979430796,Moderate,el_ouali_2026,0.275783298870552,0,True,0,0.41,0
loc_00057,Easy,Marrakech-Safi,31.875,-8.866666666666667,1150.4476749231942,14.001315887573078,19.82941380020016,347.2945556640625,0.15,51884.75957533312,Easy,el_ouali_2026,0.142969187490171,0,True,0,0.11,1
loc_00070,Moderate,Fés-Meknés,33.61666666666667,-4.883333333333333,1355.469264824249,4.549120902683868,7.977585469395661,1437.128173828125,0.2,23000.8681415211,Moderate,el_ouali_2026,0.1555695348392135,0,True,0,0.34,0
loc_00080,Difficult,Fés-Meknés,34.04361111111111,-4.095,1755.6161662861232,12.490324977480784,9.67986606566374,1423.4893798828125,0.55,22165.545960322444,Difficult,el_ouali_2026,0.4311651566582146,0,False,1,0.34,1
loc_00084,Difficult,Fés-Meknés,33.81777777777778,-4.081666666666666,1490.091992798936,1.63319636452748,3.5823934255552685,1457.727294921875,0.9,46326.10433989286,Difficult,el_ouali_2026,0.100672546202181,0,False,1,0.34,0
loc_00085,Moderate,Fés-Meknés,33.72138888888889,-4.2275,2057.5612425203226,40.12698614723842,46.226998321281,1181.843017578125,0.15,57168.08112486565,Moderate,el_ouali_2026,0.9140415677309472,1,False,0,0.34,1
loc_00087,Moderate,Souss-Massa,29.213335,-8.203033,12192.442045267428,2.019416004034639,2.239810912077092,450.4251403808594,0.1,63433.92516224948,Moderate,el_ouali_2026,0.773778967596984,1,False,0,0.26,1
loc_00094,Moderate,Souss-Massa,29.213335,-8.203033,12192.442045267428,2.019416004034639,2.239810912077092,450.4251403808594,0.1,63433.92516224948,Moderate,el_ouali_2026,0.773778967596984,1,False,0,0.26,1
loc_00098,Easy,Souss-Massa,29.339495,-8.52788,3458.1158246885184,29.39721078804148,46.131295196281,736.9594116210938,0.1,70453.99154376212,Easy,el_ouali_2026,0.0671366635056118,0,True,0,0.26,0
loc_00101,Easy,Souss-Massa,29.748743,-7.659674,1023.7575193572536,1.0049701208304378,1.2619422092910642,615.0166015625,0.1,29922.391513143244,Easy,el_ouali_2026,0.0410569692082494,0,True,0,0.26,0
loc_00104,Easy,Souss-Massa,29.240173,-8.53858,719.3575449097655,2.0490575161352287,1.511522529538998,476.769775390625,0.1,78746.1145228218,Easy,el_ouali_2026,0.0070931240360404,0,True,0,0.26,0
loc_00107,Easy,Souss-Massa,29.741683,-8.50205,387.2213644877399,20.66498786999203,26.947661596881456,1009.016357421875,0.1,51407.5379938694,Easy,el_ouali_2026,0.1637349724302799,0,True,0,0.26,0
loc_00108,Moderate,Souss-Massa,30.068945,-7.954123,3736.072563585371,10.22826042315406,5.937042992962294,1457.3282470703125,0.1,35897.287861758625,Moderate,el_ouali_2026,0.1118096297288422,0,True,0,0.26,0
loc_00109,Moderate,Souss-Massa,29.983764,-7.95061,273.5138029291434,24.2924005838608,24.288947491606404,1320.9622802734375,0.1,26458.040306200764,Moderate,el_ouali_2026,0.1419850827495948,0,True,0,0.26,0
loc_00110,Easy,Souss-Massa,29.912618,-7.684191,5808.366321724568,7.306577507384361,17.51383026375258,1336.66943359375,0.1,33160.78786844063,Easy,el_ouali_2026,0.2571055723172034,0,True,0,0.26,0
loc_00112,Difficult,Souss-Massa,29.646508,-7.756531,11575.304811367509,6.755124416802448,5.011232990863895,485.0333862304688,0.1,23386.616677978767,Difficult,el_ouali_2026,0.0702576661558907,0,False,1,0.26,0
loc_00113,Difficult,Souss-Massa,29.646508,-7.756531,11575.304811367509,6.755124416802448,5.011232990863895,485.0333862304688,0.1,23386.616677978767,Difficult,el_ouali_2026,0.0702576661558907,0,False,1,0.26,0
loc_00114,Moderate,Souss-Massa,29.646508,-7.756531,11575.304811367509,6.755124416802448,5.011232990863895,485.0333862304688,0.1,23386.616677978767,Moderate,el_ouali_2026,0.0702576661558907,0,True,0,0.26,0
loc_00115,Easy,Souss-Massa,29.028776,-8.591492,11284.951948348566,11.66284548644682,14.350940546713584,785.2830200195312,0.1,99987.6512601737,Easy,el_ouali_2026,0.1904921609923378,0,True,0,0.26,0
loc_00116,Moderate,Souss-Massa,29.899215,-7.94165,6438.743154086969,5.140937341587993,6.51601945861312,1219.5758056640625,0.1,17205.80210899244,Moderate,el_ouali_2026,0.6074098691685803,1,False,0,0.26,1
loc_00118,Moderate,Souss-Massa,29.737174,-8.320678,9311.679360308292,22.401974603676507,23.13275196926653,1343.1099853515625,0.1,33910.592333065455,Moderate,el_ouali_2026,0.7348584283398865,1,False,0,0.26,1
loc_00119,Moderate,Souss-Massa,29.737174,-8.320678,9311.679360308292,22.401974603676507,23.13275196926653,1343.1099853515625,0.1,33910.592333065455,Moderate,el_ouali_2026,0.7348584283398865,1,False,0,0.26,1
loc_00120,Moderate,Souss-Massa,29.460147,-8.677734,4372.676618892961,12.92026861407457,13.366692156831094,1078.49755859375,0.1,75499.08064105027,Moderate,el_ouali_2026,0.0733350759111201,0,True,0,0.26,0
loc_00122,Easy,Souss-Massa,30.278531,-7.062836,6832.443578684352,7.783566986596692,11.000997748256715,935.4249267578124,0.55,72815.92006920444,Easy,el_ouali_2026,0.1554072490056911,0,True,0,0.26,0
loc_00124,Easy,Souss-Massa,29.971009,-8.257101,406.30929259089567,1.7734912974092971,1.546819513494318,1064.39208984375,0.55,37315.682202885095,Easy,el_ouali_2026,0.0462237820738433,0,True,0,0.26,0
loc_00127,Easy,Souss-Massa,29.481527,-8.375144,10479.61000605736,7.812741976097995,12.165392662868026,799.5192260742188,0.1,49033.70079930046,Easy,el_ouali_2026,0.0822153328323127,0,True,0,0.26,0
loc_00128,Easy,Souss-Massa,29.361629,-8.518739,5223.26419041525,35.772209616724425,34.93805385621126,629.822509765625,0.15,68203.83941946916,Easy,el_ouali_2026,0.7105278025638798,1,False,0,0.26,1
loc_00130,Moderate,Souss-Massa,29.227937,-8.924098,4425.478352482554,14.37797890595748,24.70836897920971,812.1715698242188,0.1,94053.7220109565,Moderate,el_ouali_2026,0.070600996946853,0,True,0,0.26,0
loc_00136,Moderate,Souss-Massa,29.36722222222222,-8.321944444444444,4251.912622252175,8.575128724654618,8.476624039579029,564.2230224609375,0.1,54212.984076102686,Moderate,el_ouali_2026,0.1146662212364626,0,True,0,0.26,0
loc_00140,Moderate,Tanger-Tétouan-Al Hoceima,35.896051,-5.390169,20.929546785928977,14.933764621665375,14.211950507045778,206.20050048828125,0.15,6830.681559188672,Moderate,el_ouali_2026,0.0126420288641827,0,True,0,0.21,0
loc_00141,Moderate,Tanger-Tétouan-Al Hoceima,35.896051,-5.390169,20.929546785928977,14.933764621665375,14.211950507045778,206.20050048828125,0.15,6830.681559188672,Moderate,el_ouali_2026,0.0126420288641827,0,True,0,0.21,0
loc_00142,Easy,Tanger-Tétouan-Al Hoceima,35.908787,-5.389026,17.68555913895352,22.03316693570002,23.888560830068982,30.487207412719727,0.15,8126.617190687022,Easy,el_ouali_2026,0.0894804527834032,0,True,0,0.21,0
loc_00145,Easy,Tanger-Tétouan-Al Hoceima,35.906329,-5.38799,32.12952198046715,25.78052069182892,31.0722046528966,106.45947265625,0.55,7837.859822241699,Easy,el_ouali_2026,0.0176219351562814,0,True,0,0.21,0
loc_00146,Easy,Tanger-Tétouan-Al Hoceima,35.90611111111111,-5.388055555555556,36.069180953112365,30.961155908301706,33.15992711595268,115.6205596923828,0.1,7816.604915821727,Easy,el_ouali_2026,0.0384641980826895,0,True,0,0.21,0
loc_00147,Easy,Tanger-Tétouan-Al Hoceima,35.907023,-5.393334,10.058941131258765,16.472502902503024,20.73753495649858,50.56587219238281,0.15,8070.118317057664,Easy,el_ouali_2026,0.0227630651099856,0,True,0,0.21,0
loc_00148,Moderate,Tanger-Tétouan-Al Hoceima,35.909169,-5.393398,196.6698298964402,8.03363599162461,12.629766766690024,1.998429656028748,0.1,8295.507958595912,Moderate,el_ouali_2026,0.0318306367823822,0,True,0,0.21,0
loc_00156,Easy,Laayoune-Sakia El Hamra,27.98,-12.266666666666667,167.64835025919274,1.2970566489740476,1.1822540346255972,26.766834259033203,0.1,129636.55039753916,Easy,el_ouali_2026,0.0543439058358941,0,True,0,0.5,0
loc_00162,Moderate,Guelmim-Oued Noun,29.116666666666667,-10.416666666666666,413.4312437679286,6.123384184109721,6.86956547508555,103.29280853271484,0.15,37645.490981479015,Moderate,el_ouali_2026,0.1269858149881726,0,True,0,0.5,0
loc_00274,Moderate,Marrakech-Safi,32.080000000000005,-8.66,1072.2922339606637,0.4748735202811199,0.1884556289546745,356.6802673339844,0.9,22001.64198370697,Moderate,el_ouali_2026,0.0493330429707124,0,True,0,0.11,0
loc_00276,Difficult,Tanger-Tétouan-Al Hoceima,35.9,-5.416666666666667,1819.00442981291,35.82407049432999,45.86792748821669,627.4409790039062,0.15,8394.673467891742,Difficult,el_ouali_2026,0.0473300325571074,0,False,1,0.21,0
loc_00277,Easy,Tanger-Tétouan-Al Hoceima,35.848888888888894,-5.566388888888889,402.5036454645392,0.0,0.0,0.0,0.9,18506.01715039013,Easy,el_ouali_2026,0.0162045385910012,0,True,0,0.21,0
loc_00278,Easy,Tanger-Tétouan-Al Hoceima,35.848888888888894,-5.566388888888889,402.5036454645392,0.0,0.0,0.0,0.9,18506.01715039013,Easy,el_ouali_2026,0.0162045385910012,0,True,0,0.21,0
loc_00279,Moderate,Tanger-Tétouan-Al Hoceima,35.78333333333333,-5.7133,778.9589857939515,17.228482554493652,16.80338999850691,254.0174865722656,0.15,8265.527208321657,Moderate,el_ouali_2026,0.0338813355530404,0,True,0,0.21,0
loc_00318,Easy,Tanger-Tétouan-Al Hoceima,35.27997830780459,-5.233760827936141,0.792039905498196,29.57195376082138,28.530474828294487,167.2307586669922,0.55,12758.08641714449,Easy,el_ouali_2026,0.0061821904765744,0,True,0,0.21,0
loc_00356,Easy,Fés-Meknés,33.373,-4.017944444444445,421.5195907792026,29.58828685380614,27.71064695247934,1657.87451171875,0.15,66093.07877326541,Easy,el_ouali_2026,0.3296654706744057,0,True,0,0.34,0
loc_00358,Moderate,Fés-Meknés,33.378861111111114,-4.010527777777778,893.8599778337536,43.70732714881464,57.55572963746126,1980.199462890625,0.15,66792.65654869158,Moderate,el_ouali_2026,0.2277034044170975,0,True,0,0.34,0
loc_00359,Moderate,Fés-Meknés,33.32016666666667,-3.916833333333333,1780.804810178083,6.789441465315639,4.350602079028926,1049.57275390625,0.35,75653.34777563534,Moderate,el_ouali_2026,0.2282030089136615,0,True,0,0.34,0
loc_00360,Easy,Fés-Meknés,33.47083333333334,-3.963638888888889,709.031986219741,26.33389167528007,34.57670858083678,1747.4276123046875,0.1,72077.6130346225,Easy,el_ouali_2026,0.1551426123514979,0,True,0,0.34,0
loc_00363,Moderate,Fés-Meknés,33.48630555555555,-3.8171388888888886,1202.0803580124375,16.494917667164916,21.42161370900052,1332.41015625,0.15,84609.66460929684,Moderate,el_ouali_2026,0.7150966730470895,1,False,0,0.34,1
loc_00373,Difficult,Fés-Meknés,33.51916666666666,-4.055555555555555,4972.425723306876,11.851720645022391,15.002092345686984,2433.591796875,0.15,64882.1770623046,Difficult,el_ouali_2026,0.8501943545807227,1,True,1,0.34,1
loc_00375,Moderate,Tanger-Tétouan-Al Hoceima,35.725,-5.6685,1886.2105461126207,9.311161231054548,9.016625396476304,230.19204711914065,0.15,13142.811497111526,Moderate,el_ouali_2026,0.0457062961227463,0,True,0,0.21,0
loc_00376,Easy,Béni Mellal-Khénifra,31.83156111111111,-6.100886111111111,1074.9605815044415,16.675317736234952,9.308125,1644.8607177734375,0.1,60740.248402719415,Easy,el_ouali_2026,0.8105947159419082,1,False,0,0.14,1
loc_00377,Moderate,Béni Mellal-Khénifra,31.82883888888889,-6.098708333333333,1421.5860690910772,24.86213216435352,15.318134765625,1649.6824951171875,0.1,61099.29455615761,Moderate,el_ouali_2026,0.893045395246594,1,False,0,0.14,1
loc_00380,Moderate,Béni Mellal-Khénifra,31.750616666666662,-6.32005,311.4858728285409,19.41236568228167,11.541923828125,2519.892333984375,0.15,64966.521020550645,Moderate,el_ouali_2026,0.9214650374678433,1,False,0,0.14,1
loc_00381,Moderate,Béni Mellal-Khénifra,31.749802777777777,-6.320194444444444,255.81120492742988,22.13966820625592,12.54888671875,2519.295166015625,0.15,65056.26145103146,Moderate,el_ouali_2026,0.9464001215884889,1,False,0,0.14,1
loc_00383,Easy,Béni Mellal-Khénifra,31.733088888888886,-6.324652777777778,20.634646311325707,26.61230408078944,18.18201171875,2569.735107421875,0.15,66894.3871785143,Easy,el_ouali_2026,0.2534087222767213,0,True,0,0.14,1
loc_00384,Difficult,Béni Mellal-Khénifra,31.757188888888887,-6.248361111111112,2012.212577440792,39.19832167395856,25.47123046875,3499.822509765625,0.1,64918.29653310061,Difficult,el_ouali_2026,0.6352755268736151,1,True,1,0.14,1
loc_00386,Easy,Béni Mellal-Khénifra,32.108783333333335,-6.436002777777778,46.26254744587702,19.69877081820752,11.38975341796875,857.890869140625,0.15,26243.086667300475,Easy,el_ouali_2026,0.6101411159589117,1,False,0,0.14,1
loc_00390,Difficult,Béni Mellal-Khénifra,32.39897222222222,-6.027358333333333,1075.715475689257,19.108075015872103,10.6025390625,1374.671630859375,0.15,31451.56868823583,Difficult,el_ouali_2026,0.2688390689347639,0,False,1,0.14,1
loc_00391,Moderate,Béni Mellal-Khénifra,32.20402222222223,-6.603461111111111,1543.664953470363,23.75340609105405,16.27612060546875,727.4781494140625,0.55,27614.4531252584,Moderate,el_ouali_2026,0.1390300647597043,0,True,0,0.14,0
loc_00393,Difficult,Béni Mellal-Khénifra,32.10611111111111,-6.510025,565.8091345831052,26.3262578901656,18.489912109375,885.2869873046875,0.55,29333.89082151585,Difficult,el_ouali_2026,0.1472350643291036,0,False,1,0.14,1
loc_00394,Easy,Béni Mellal-Khénifra,31.952005555555555,-6.55725,79.8865437749029,12.954370393371631,8.4384228515625,1420.4300537109375,0.55,46632.74858026863,Easy,el_ouali_2026,0.547894715833479,1,False,0,0.14,1
loc_00395,Easy,Béni Mellal-Khénifra,32.009969444444444,-6.719222222222222,174.80107928386653,8.602718413784581,4.8126611328125,832.2334594726562,0.05,49856.786341551735,Easy,el_ouali_2026,0.0468444866516765,0,True,0,0.14,0
loc_00396,Easy,Marrakech-Safi,31.89700833333333,-8.860261111111111,307.3110719871933,2.410897005828105,1.4284423828125,328.1667175292969,0.15,49581.49918537336,Easy,el_ouali_2026,0.0203861785334319,0,True,0,0.11,0
loc_00397,Easy,Marrakech-Safi,31.89871388888889,-8.863727777777777,50.25985818213582,8.223339209273426,4.68259765625,335.5243530273437,0.2,49637.87279148787,Easy,el_ouali_2026,0.1128384671108893,0,True,0,0.11,1
loc_00398,Easy,Marrakech-Safi,31.907641666666667,-8.850891666666666,24.228934619903416,7.228864914567178,4.060523681640625,351.10430908203125,0.15,48105.55344241848,Easy,el_ouali_2026,0.0411156967813221,0,True,0,0.11,0
loc_00399,Easy,Marrakech-Safi,31.91326388888889,-8.84191388888889,17.195013913392756,1.6621177237577756,0.733424072265625,375.6792297363281,0.2,47089.532358763536,Easy,el_ouali_2026,0.0230627744859443,0,True,0,0.11,0
loc_00400,Easy,Marrakech-Safi,31.917627777777778,-8.835375,7.774381189879271,3.846160216345754,2.38003662109375,368.6682739257813,0.15,46326.97848136808,Easy,el_ouali_2026,0.0148859594976553,0,True,0,0.11,0
loc_00401,Easy,Marrakech-Safi,31.930247222222224,-8.828119444444445,33.7765718877266,5.4616528870483245,2.9679541015625,369.3472290039063,0.2,44800.541275025134,Easy,el_ouali_2026,0.2013040978259653,0,True,0,0.11,1
loc_00406,Easy,Fés-Meknés,33.41329722222222,-5.079908333333333,356.0091935957427,8.953750368578861,4.959384765625,1869.6600341796875,0.15,12963.86167751399,Easy,el_ouali_2026,0.5276435997739085,1,False,0,0.34,1
loc_00407,Difficult,Fés-Meknés,33.287997222222224,-4.847411111111111,2752.0707309270247,5.724306711658693,2.5529296875,1893.1063232421875,0.15,13816.658646623193,Difficult,el_ouali_2026,0.3824045797335302,0,False,1,0.34,1
loc_00409,Easy,Marrakech-Safi,31.14655277777777,-9.743005555555555,549.9989161879427,1.1775891658201618,0.6113818359375,375.937744140625,0.1,40657.19242441712,Easy,el_ouali_2026,0.0358259091525404,0,True,0,0.11,0
loc_00410,Easy,Marrakech-Safi,31.143002777777777,-9.739027777777777,313.83061761655296,15.477826394253578,9.873702392578124,414.0773315429688,0.35,41069.96544294405,Easy,el_ouali_2026,0.1378152022760373,0,True,0,0.11,1
loc_00411,Moderate,Marrakech-Safi,31.162775,-9.700344444444443,806.7228167784211,24.002581102265346,15.340660400390624,452.1583251953125,0.35,39253.444995105776,Moderate,el_ouali_2026,0.0372731262651335,0,True,0,0.11,0
loc_00412,Easy,Marrakech-Safi,31.141513888888888,-9.751880555555555,1450.3225048475335,9.839578191728972,6.45735107421875,414.0569458007813,0.15,41188.47946695576,Easy,el_ouali_2026,0.1037167494893478,0,True,0,0.11,0
loc_00415,Difficult,Marrakech-Safi,31.09916944444444,-9.828880555555555,607.1560437513259,10.47195667808737,8.064375381469727,0.0,0.1,46322.22184831283,Difficult,el_ouali_2026,0.137190218737327,0,False,1,0.11,1
loc_00416,Difficult,Marrakech-Safi,31.10043888888889,-9.833491666666667,1068.0457741518862,15.382724481432335,12.93364637374878,7.111008644104004,0.15,46244.62209584528,Difficult,el_ouali_2026,0.3317066961443645,0,False,1,0.11,1
loc_00417,Difficult,Marrakech-Safi,31.10076111111111,-9.839516666666666,1627.213945669533,9.257102355142989,5.795493022203446,6.363839149475098,0.15,46296.669506308375,Difficult,el_ouali_2026,0.438740743588311,0,False,1,0.11,1
loc_00419,Easy,Marrakech-Safi,31.160627777777776,-9.705713888888887,302.1257071389781,7.186310205388199,3.90877685546875,383.3132934570313,0.1,39417.0476328105,Easy,el_ouali_2026,0.0983626850816267,0,True,0,0.11,0
loc_00421,Moderate,Marrakech-Safi,31.15841111111111,-9.686902777777778,1919.642807937989,26.85311900748578,15.9529931640625,661.5985107421875,0.35,39941.71247623969,Moderate,el_ouali_2026,0.2234684360299477,0,True,0,0.11,1
loc_00422,Easy,Marrakech-Safi,31.15719722222222,-9.697530555555556,943.0102406844044,18.26311688268961,9.698056640625,492.7695617675781,0.35,39907.02680024555,Easy,el_ouali_2026,0.0850968612219729,0,True,0,0.11,0
loc_00425,Easy,Souss-Massa,29.250291666666666,-8.691086111111112,290.1326810609437,1.2458466373793442,0.56278076171875,563.6367797851562,0.1,88986.33535439178,Easy,el_ouali_2026,0.0212974365435185,0,True,0,0.26,0
loc_00426,Difficult,Souss-Massa,29.22623611111111,-7.874097222222223,28225.740034313567,0.886455611088185,0.242518310546875,333.1604309082031,0.1,58572.79975690824,Difficult,el_ouali_2026,0.7293247620934349,1,True,1,0.26,1
loc_00427,Easy,Souss-Massa,29.31243055555556,-8.493838888888888,647.6535382131163,27.939648352680308,18.05424072265625,579.0457153320312,0.1,70007.02768807815,Easy,el_ouali_2026,0.2006602438264892,0,True,0,0.26,0
loc_00428,Moderate,Souss-Massa,29.264425,-8.709041666666666,1782.4403053976175,36.53620952664103,25.80380126953125,604.427001953125,0.1,89401.53339158285,Moderate,el_ouali_2026,0.1740524396837727,0,True,0,0.26,0
loc_00429,Easy,Tanger-Tétouan-Al Hoceima,35.916551,-5.406037,1129.8182261070572,22.77733457100382,11.78494644165039,74.5575180053711,0.15,9492.997944012208,Easy,el_ouali_2026,0.0779776738582805,0,True,0,0.21,0
loc_00430,Easy,Laayoune-Dakhla,28.15,-12.066666666666666,5728.080603499461,0.0,0.0,0.0,0.9,156881.41879184853,Easy,el_ouali_2026,0.1150750120792814,0,True,0,0.5,0
loc_00431,Easy,Laayoune-Dakhla,28.15,-12.1,7233.550265190323,0.0,0.0,0.0,0.9,154572.33630207283,Easy,el_ouali_2026,0.0783609795758306,0,True,0,0.5,0
loc_00432,Easy,Laayoune-Dakhla,28.166666666666668,-12.05,6591.580221496209,0.0,0.0,0.0,0.9,159346.1897945999,Easy,el_ouali_2026,0.0874881200619468,0,True,0,0.5,0
loc_00433,Moderate,Tanger-Tétouan-Al Hoceima,34.889091666666666,-4.948152777777778,4823.910444196412,21.573050230658804,12.452291259765625,516.2889404296875,0.15,42628.1057746618,Moderate,el_ouali_2026,0.1620071800744809,0,True,0,0.21,0
loc_00434,Difficult,Tanger-Tétouan-Al Hoceima,34.92726111111111,-4.86625,6639.343318466891,13.451138417363143,7.735771484375,698.6382446289062,0.15,45398.36203133429,Difficult,el_ouali_2026,0.2189579015631658,0,False,1,0.21,1
loc_00435,Easy,Tanger-Tétouan-Al Hoceima,34.88933611111111,-4.895605555555555,8150.119612599887,32.63461603844383,21.8155859375,883.7911987304688,0.35,46014.54791226941,Easy,el_ouali_2026,0.8194553932171178,1,False,0,0.21,1
loc_00436,Moderate,Tanger-Tétouan-Al Hoceima,34.93650555555556,-4.911755555555556,3360.5489124690444,20.0930618545274,12.09234619140625,584.5072631835938,0.15,41480.622611913845,Moderate,el_ouali_2026,0.3605604707181229,0,True,0,0.21,1
loc_00437,Easy,Tanger-Tétouan-Al Hoceima,34.91381388888889,-4.8143666666666665,4251.404558790859,16.64060665506177,9.4480908203125,1153.15283203125,0.15,50118.89774341145,Easy,el_ouali_2026,0.3250342826437202,0,True,0,0.21,1
loc_00438,Easy,Tanger-Tétouan-Al Hoceima,34.90966111111111,-4.75915,3503.196900898298,18.73129094790725,9.1878271484375,1306.4986572265625,0.15,54582.03694796248,Easy,el_ouali_2026,0.5453322308441334,1,False,0,0.21,1
loc_00439,Easy,Tanger-Tétouan-Al Hoceima,34.959294444444446,-4.832261111111111,3276.9190194069265,7.463772028311458,3.93003173828125,822.80224609375,0.15,46020.102227411495,Easy,el_ouali_2026,0.4957834494156847,0,True,0,0.21,1
loc_00448,Moderate,Béni Mellal-Khénifra,32.01884722222222,-6.736566666666667,1810.9976873981925,18.36487853087429,10.27474365234375,734.1459350585938,0.35,50303.78508825421,Moderate,el_ouali_2026,0.0461286597050884,0,True,0,0.14,0
loc_00452,Moderate,Béni Mellal-Khénifra,32.24314444444445,-6.2370833333333335,1569.1220449224,13.7411714333889,9.1489892578125,1301.8951416015625,0.15,14896.75257803648,Moderate,el_ouali_2026,0.2584101307447246,0,True,0,0.14,1
loc_00459,Easy,Drâa-Tafilalet,32.079752777777784,-4.375116666666666,708.4225725987916,28.915539532259587,16.788046875,1300.927734375,0.35,17651.56446355436,Easy,el_ouali_2026,0.7647790561640765,1,False,0,0.41,1
loc_00460,Moderate,Marrakech-Safi,31.873697222222223,-8.168141666666665,1461.4422554021037,6.839629425829573,3.472020263671875,473.4563293457031,0.1,32343.044758800745,Moderate,el_ouali_2026,0.1226306407578857,0,True,0,0.11,1
loc_00461,Easy,Marrakech-Safi,31.86613611111112,-8.177069444444443,537.333037699702,13.335787052414611,8.903316650390625,478.0519104003906,0.1,32089.630395323114,Easy,el_ouali_2026,0.0932673499627788,0,True,0,0.11,0
loc_00462,Difficult,Marrakech-Safi,31.876741666666668,-8.143633333333334,1681.112840757413,20.68578417980128,12.5391748046875,632.4528198242188,0.1,31492.456037195887,Difficult,el_ouali_2026,0.1108484064801627,0,False,1,0.11,1
loc_00463,Easy,Marrakech-Safi,31.877572222222224,-8.187175,142.85346003320672,2.096561513122872,1.21927490234375,456.2500305175781,0.2,33677.12354315281,Easy,el_ouali_2026,0.06228585353734,0,True,0,0.11,0
loc_00464,Moderate,Marrakech-Safi,31.85823888888889,-8.164880555555555,1152.5026262947915,15.116534167966044,9.1141259765625,528.315185546875,0.1,30724.24680277663,Moderate,el_ouali_2026,0.2118251866540016,0,True,0,0.11,1
loc_00465,Easy,Marrakech-Safi,31.343988888888887,-7.951219444444445,51.68382664758417,9.69385354537848,5.1170361328125,942.3464965820312,0.1,31544.66312052868,Easy,el_ouali_2026,0.0879045546087285,0,True,0,0.11,0
loc_00466,Easy,Marrakech-Safi,31.330672222222223,-7.954158333333334,409.75301791308345,16.30850207486318,9.91682373046875,955.7674560546876,0.15,32986.99786127176,Easy,el_ouali_2026,0.5699620928861574,1,False,0,0.11,1
loc_00467,Easy,Marrakech-Safi,31.32345277777777,-7.955347222222223,215.48693294867388,8.820794550208149,4.620283203125,965.7528076171876,0.55,33774.90695616549,Easy,el_ouali_2026,0.67683979129621,1,False,0,0.11,1
loc_00468,Moderate,Marrakech-Safi,31.306475,-7.971997222222222,646.5366720785889,19.35972497875366,12.995771484375,1142.2244873046875,0.15,35547.46987722346,Moderate,el_ouali_2026,0.8696153788644756,1,False,0,0.11,1
loc_00469,Easy,Marrakech-Safi,31.29238611111112,-7.965736111111111,71.95267081417268,16.795974846622688,8.150341796875,1037.993896484375,0.15,37143.30334189791,Easy,el_ouali_2026,0.3348216670911978,0,True,0,0.11,1
loc_00470,Moderate,Marrakech-Safi,31.25712777777778,-7.980569444444445,554.5978932527762,3.087784861914048,1.9186376953125,1160.47412109375,0.55,41005.43937037223,Moderate,el_ouali_2026,0.0521521827040851,0,True,0,0.11,0
loc_00471,Easy,Marrakech-Safi,31.13441111111111,-7.9208944444444445,187.72533348562737,36.52933388152695,25.129677734375,1827.5001220703125,0.15,55025.7557672822,Easy,el_ouali_2026,0.3018641318599484,0,True,0,0.11,1
loc_00472,Easy,Marrakech-Safi,31.345327777777776,-7.9461,491.0603966907699,17.044108991005718,9.24732421875,979.222900390625,0.55,31456.08227997766,Easy,el_ouali_2026,0.6710047047986282,1,False,0,0.11,1
loc_00473,Easy,Marrakech-Safi,31.913833333333333,-8.838466666666667,119.30670178849095,4.474073710655336,2.62452880859375,374.3307189941406,0.2,46839.14857053644,Easy,el_ouali_2026,0.0390392721381363,0,True,0,0.11,0
loc_00474,Easy,Marrakech-Safi,32.718491666666665,-9.061522222222225,853.5354354452744,3.697508559014112,1.3356567668914794,4.166420936584473,0.1,49497.71169278928,Easy,el_ouali_2026,0.0719232143094179,0,True,0,0.11,0
loc_00475,Easy,Grand Casablanca-Settat,32.75201388888889,-9.012411111111112,281.1486788834131,13.762278670660498,9.190298919677735,29.04695510864257,0.55,54645.10613760196,Easy,el_ouali_2026,0.0563547508339136,0,True,0,0.5,0
loc_00476,Easy,Grand Casablanca-Settat,32.73180555555555,-8.961111111111112,2460.9609056847257,1.6601379545308477,0.922457275390625,90.94950103759766,0.15,54709.01606994804,Easy,el_ouali_2026,0.037021032576141,0,True,0,0.5,0
loc_00477,Moderate,Tanger-Tétouan-Al Hoceima,35.82940000000001,-5.715833333333333,779.4490721291859,10.640839556681094,5.332305254936219,0.0,0.9,10318.463885553549,Moderate,el_ouali_2026,0.1011088477252093,0,True,0,0.21,0
loc_00478,Easy,Tanger-Tétouan-Al Hoceima,35.83153055555556,-5.704813888888889,297.18297464577114,7.053674256323544,3.960387125015259,0.0,0.1,11240.53792305805,Easy,el_ouali_2026,0.0549875149322878,0,True,0,0.21,0
loc_00479,Easy,Tanger-Tétouan-Al Hoceima,35.79333055555556,-5.8261416666666666,138.6651638255833,13.10430531425896,6.413778076171875,54.13597106933594,0.15,3342.3532463543834,Easy,el_ouali_2026,0.0273434241812224,0,True,0,0.21,0
loc_00480,Easy,Tanger-Tétouan-Al Hoceima,35.78498611111111,-5.929822222222223,1043.8710807785312,9.944360484833814,4.582916126251221,14.302915573120115,0.15,11536.170160185507,Easy,el_ouali_2026,0.0683894690100764,0,True,0,0.21,0
loc_00481,Easy,Tanger-Tétouan-Al Hoceima,35.79096111111111,-5.923911111111112,1747.687265899172,19.79142376526275,9.939582214355468,68.91852569580078,0.05,11131.088106186286,Easy,el_ouali_2026,0.0655130214370953,0,True,0,0.21,0
loc_00482,Easy,Tanger-Tétouan-Al Hoceima,35.77959722222222,-5.930925,493.0865536642685,5.343891684088795,2.382618103027344,0.0,0.9,11562.217440899332,Easy,el_ouali_2026,0.0690819020345211,0,True,0,0.21,0
loc_00483,Easy,Tanger-Tétouan-Al Hoceima,35.75993611111111,-5.939444444444445,142.07291475634256,10.969361265893404,8.133115923404693,11.444379806518556,0.1,12326.30049815506,Easy,el_ouali_2026,0.0246861303958661,0,True,0,0.21,0
loc_00492,Moderate,Béni Mellal-Khénifra,32.190777777777775,-6.517761111111111,268.0313810088025,30.30690900616295,18.16795166015625,875.7890625,0.55,22211.22273736,Moderate,el_ouali_2026,0.6282451777684186,1,False,0,0.14,1
loc_00496,Easy,Béni Mellal-Khénifra,32.30702222222222,-6.350052777777777,2039.2651571168176,23.575141591875884,11.6428662109375,666.8530883789062,0.55,3036.9543437884927,Easy,el_ouali_2026,0.0662514103222821,0,True,0,0.14,0
loc_00499,Easy,Béni Mellal-Khénifra,32.18103055555555,-6.519197222222222,15.374456968640088,29.04621910056353,17.407265625,1150.20703125,0.55,23093.31078714143,Easy,el_ouali_2026,0.1248376465252361,0,True,0,0.14,0
loc_00506,Difficult,Eddakhla-Oued Eddahab,21.578180555555555,-15.657905555555557,15781.662422952868,2.174491651736198,1.315350341796875,136.07162475585938,0.1,237089.4183255694,Difficult,el_ouali_2026,0.8177672321378372,1,True,1,0.13,1
loc_00507,Moderate,Eddakhla-Oued Eddahab,21.753644444444443,-16.876597222222223,2918.361332407932,0.5136570154268537,0.2923024749755859,9.481627464294434,0.1,236049.4928136344,Moderate,el_ouali_2026,0.0630950596291663,0,True,0,0.13,0
loc_00508,Difficult,Eddakhla-Oued Eddahab,22.41135833333333,-16.41094722222222,4395.241372308168,1.138937190322789,0.7349296188354493,17.501392364501953,0.1,150447.40207758325,Difficult,el_ouali_2026,0.2326818909137008,0,False,1,0.13,1
loc_00509,Moderate,Eddakhla-Oued Eddahab,23.11620555555556,-16.093491666666665,2152.9340121327937,0.2587418213916629,0.1172624588012695,6.609831809997559,0.1,66061.82386159916,Moderate,el_ouali_2026,0.092668938616439,0,True,0,0.13,0
loc_00510,Easy,Eddakhla-Oued Eddahab,23.863325,-15.676680555555556,796.7629237385497,0.5724181580865383,0.1831109619140625,46.7088737487793,0.1,33004.58627158309,Easy,el_ouali_2026,0.0208206809333232,0,True,0,0.13,0
loc_00511,Difficult,Eddakhla-Oued Eddahab,24.54140555555556,-14.960672222222222,3781.437176682262,5.3050583788702745,2.927693176269531,71.84088134765625,0.1,137181.284023209,Difficult,el_ouali_2026,0.1439349591288283,0,False,1,0.13,1
loc_00512,Moderate,Laayoune-Sakia El Hamra,26.268966666666667,-14.195486111111112,2285.8349696744062,7.839725532663769,4.506864929199219,81.0850830078125,0.1,139869.62479006368,Moderate,el_ouali_2026,0.3926068447074421,0,True,0,0.5,0
loc_00513,Moderate,Laayoune-Sakia El Hamra,27.8315,-12.93711388888889,3106.389682875165,1.0220334455493876,0.4105572128295898,15.729220390319824,0.1,79471.55758111448,Moderate,el_ouali_2026,0.0308624877815019,0,True,0,0.5,0
loc_00514,Moderate,Laayoune-Sakia El Hamra,27.87375277777777,-12.786202777777778,9067.590256437134,1.4039282236869826,0.6326457977294921,18.59610366821289,0.1,89579.69833993228,Moderate,el_ouali_2026,0.8471711378152792,1,False,0,0.5,1
loc_00515,Moderate,Laayoune-Sakia El Hamra,27.7551,-12.71916388888889,20059.152328825243,0.2510477742756943,0.0744766235351562,-58.47246170043945,0.1,81657.32736548621,Moderate,el_ouali_2026,0.5832903652266412,1,False,0,0.5,1
loc_00516,Easy,Laayoune-Sakia El Hamra,27.994019444444444,-12.268030555555557,825.5984604144835,7.3589410882800275,4.006783509254456,0.0,0.9,130646.75566720033,Easy,el_ouali_2026,0.1770187432145371,0,True,0,0.5,0
loc_00517,Difficult,Guelmim-Oued Noun,28.138022222222222,-11.808975,6272.583268310361,19.828787451303835,12.748785095214844,112.10525512695312,0.1,174951.32590325928,Difficult,el_ouali_2026,0.4692868879018174,0,False,1,0.5,0
loc_00518,Moderate,Marrakech-Safi,31.91809444444445,-9.11181388888889,3288.451967706744,15.64320065860265,8.785460205078126,393.59857177734375,0.2,44075.2560038712,Moderate,el_ouali_2026,0.0921321550488322,0,True,0,0.11,0
loc_00519,Difficult,Laayoune-Sakia El Hamra,27.85493055555556,-12.649913888888888,13879.291266464015,0.7759972993967685,0.3910136413574219,33.27138900756836,0.1,94657.28761976578,Difficult,el_ouali_2026,0.5159254880698549,1,True,1,0.5,1
loc_00520,Easy,Tanger-Tétouan-Al Hoceima,35.23816699846036,-5.176274938018656,1313.143484388028,27.257830677050183,16.655718994140624,417.1019287109375,0.55,11380.561849732709,Easy,el_ouali_2026,0.0241861948781377,0,True,0,0.21,0
loc_00521,Moderate,Tanger-Tétouan-Al Hoceima,35.17232940013272,-5.268751286983315,207.234967759942,11.691743430731949,5.2930859375,618.5391845703125,0.05,396.9715854063339,Moderate,el_ouali_2026,0.0539856260839519,0,True,0,0.21,0
loc_00522,Moderate,Tanger-Tétouan-Al Hoceima,35.17314093736768,-5.269189069131,283.01912692519056,20.825246753516165,12.09524658203125,628.2081298828125,0.15,491.5113558779632,Moderate,el_ouali_2026,0.5657918362512983,1,False,0,0.21,1
loc_00523,Easy,Tanger-Tétouan-Al Hoceima,35.064510140672404,-5.181156471058046,52.12916928276498,17.47834049547339,12.24082763671875,891.7669067382812,0.35,14046.485264010807,Easy,el_ouali_2026,0.1731429131187426,0,True,0,0.21,0
loc_00524,Moderate,Tanger-Tétouan-Al Hoceima,35.07907970516082,-5.08136111904997,16.417841904572068,37.43140722081393,22.99759765625,862.85546875,0.55,19714.66910578958,Moderate,el_ouali_2026,0.0332654903271477,0,True,0,0.21,0
loc_00525,Easy,Tanger-Tétouan-Al Hoceima,35.0790706925359,-5.081361152532858,16.669558061627903,37.43140465248407,22.99759765625,862.85546875,0.55,19715.17430008565,Easy,el_ouali_2026,0.0322278988236298,0,True,0,0.21,0
loc_00526,Easy,Tanger-Tétouan-Al Hoceima,35.06633352933115,-5.040103522290227,34.971524121457335,11.22407671869156,6.03478759765625,1003.3384399414062,0.05,23679.4291911108,Easy,el_ouali_2026,0.0412109247749291,0,True,0,0.21,0
loc_00527,Easy,Tanger-Tétouan-Al Hoceima,35.09006160553466,-5.156661160915913,2306.546020123774,7.891984267220902,4.367470703125,1284.2694091796875,0.15,13407.64715634922,Easy,el_ouali_2026,0.5465210765051441,1,False,0,0.21,1
loc_00528,Moderate,Tanger-Tétouan-Al Hoceima,35.12139744629058,-5.133855304695491,5912.766144270691,23.190559946457224,12.1303173828125,1650.9124755859375,0.55,13314.859146252573,Moderate,el_ouali_2026,0.4024277444087924,0,True,0,0.21,1
loc_00529,Easy,Tanger-Tétouan-Al Hoceima,35.0841271788377,-5.0815068304971005,88.02402933504617,13.282938488283518,8.69836181640625,858.8257446289062,0.35,19424.70797815105,Easy,el_ouali_2026,0.066757376402843,0,True,0,0.21,0
loc_00530,Difficult,Tanger-Tétouan-Al Hoceima,35.20843181074154,-5.131553454074437,6469.182781242665,41.24634544544919,30.516142578125,1034.336181640625,0.55,13189.935740854313,Difficult,el_ouali_2026,0.8657848413654461,1,True,1,0.21,1
loc_00531,Difficult,Tanger-Tétouan-Al Hoceima,35.160710459075226,-5.216027758962821,4112.254984344272,31.30065090749748,20.90724609375,2113.244140625,0.15,4839.567939612952,Difficult,el_ouali_2026,0.6170879343626131,1,True,1,0.21,1
loc_00532,Moderate,Souss-Massa,30.510416666666668,-9.590416666666668,10.418822179349156,4.7752861275507295,2.5367431640625,272.5751037597656,0.05,10016.249091401258,Moderate,el_ouali_2026,0.0157781433797409,0,True,0,0.26,0
loc_00533,Moderate,Souss-Massa,30.587777777777777,-9.528083333333337,322.1362510236774,7.862271236175717,3.83789794921875,301.77838134765625,0.55,19350.89513791531,Moderate,el_ouali_2026,0.065654183870311,0,True,0,0.26,0
loc_00534,Moderate,Souss-Massa,30.58908333333333,-9.524611111111112,537.6771595968311,19.126018835799872,10.3134130859375,324.5436096191406,0.35,19584.258324811148,Moderate,el_ouali_2026,0.0938173782032647,0,True,0,0.26,0
loc_00535,Moderate,Souss-Massa,30.691222222222223,-9.6215,3211.880267818786,16.155852842614483,9.3727880859375,543.841552734375,0.15,30316.218269582823,Moderate,el_ouali_2026,0.0780605672628365,0,True,0,0.26,0
loc_00536,Easy,Souss-Massa,30.67741666666667,-9.48011111111111,259.7515541951467,41.977487343100194,32.86793212890625,1075.0301513671875,0.15,30244.171063953163,Easy,el_ouali_2026,0.1175240599916583,0,True,0,0.26,0
loc_00537,Easy,Souss-Massa,30.77252777777778,-9.675916666666666,1420.8869515435017,0.0,0.0,204.0,0.9,40121.495946466326,Easy,el_ouali_2026,0.0462095579954491,0,True,0,0.26,0
loc_00538,Difficult,Souss-Massa,30.614722222222223,-9.468666666666667,2401.5277954858752,28.97239022085008,17.15700927734375,875.4675903320312,0.35,24250.328794884044,Difficult,el_ouali_2026,0.301075757579564,0,False,1,0.26,1
loc_00539,Easy,Souss-Massa,30.746972222222222,-9.476666666666668,2105.315626117911,20.00503679026248,10.12248046875,716.9615478515625,0.15,37722.49852288021,Easy,el_ouali_2026,0.6045815597838926,1,False,0,0.26,1
loc_00540,Moderate,Souss-Massa,30.694777777777777,-9.402555555555557,7.318353782246795,5.520912720819997,3.0109375,1476.78125,0.15,35091.17999866718,Moderate,el_ouali_2026,0.1110415479792713,0,True,0,0.26,0
loc_00541,Difficult,Souss-Massa,30.680444444444447,-9.344833333333334,2733.059979601652,44.04137057423583,36.5008642578125,1364.9366455078125,0.1,36867.857706412986,Difficult,el_ouali_2026,0.1481680960344547,0,False,1,0.26,0
loc_00542,Easy,Tanger-Tétouan-Al Hoceima,35.318922,-5.342704,1211.7347145320666,7.882309384223509,4.11908203125,678.052978515625,0.2,18009.520819335245,Easy,el_ouali_2026,0.3962570387147038,0,True,0,0.21,1
loc_00547,Moderate,Tanger-Tétouan-Al Hoceima,35.648108,-5.431448,5871.884987637251,24.37980344822569,15.205101318359375,325.44677734375,0.15,10107.128427234731,Moderate,el_ouali_2026,0.2476618452903671,0,True,0,0.21,1
loc_00548,Easy,Tanger-Tétouan-Al Hoceima,35.611045,-5.389665,2264.662297144462,16.490627480337935,9.941636962890623,370.5670776367188,0.15,4782.358944615192,Easy,el_ouali_2026,0.0204269388952826,0,True,0,0.21,0
loc_00549,Difficult,Tanger-Tétouan-Al Hoceima,35.664627,-5.426957,6495.823730049495,29.78242188882859,18.167568359375,687.5676879882812,0.15,9599.53026829607,Difficult,el_ouali_2026,0.8531895299661508,1,True,1,0.21,1
loc_00550,Moderate,Tanger-Tétouan-Al Hoceima,35.641148,-5.443133,4862.292580422786,11.013134726049689,5.678800048828125,385.4710998535156,0.15,10061.50590016901,Moderate,el_ouali_2026,0.0586889624479457,0,True,0,0.21,0
loc_00551,Moderate,Tanger-Tétouan-Al Hoceima,35.654769,-5.456236,3682.09374174579,8.03913500043062,3.891748046875,388.5570373535156,0.15,11983.938536414986,Moderate,el_ouali_2026,0.0900469155528497,0,True,0,0.21,0
loc_00554,Moderate,Tanger-Tétouan-Al Hoceima,35.548847,-5.355334,511.17780545377246,20.134140960295102,11.29190170288086,66.76341247558594,0.15,2914.1698305299296,Moderate,el_ouali_2026,0.0798725765978267,0,True,0,0.21,0
loc_00557,Difficult,Tanger-Tétouan-Al Hoceima,35.501247,-5.34851,5522.608304072174,42.720225301068766,33.60533203125,672.4542236328125,0.15,7981.956909410731,Difficult,el_ouali_2026,0.8448502418871567,1,True,1,0.21,1
loc_00558,Moderate,Tanger-Tétouan-Al Hoceima,35.27706,-5.18095,2940.1498388671903,18.498298467179303,9.2079052734375,681.8136596679688,0.15,14422.3129508717,Moderate,el_ouali_2026,0.3337046530935182,0,True,0,0.21,1
loc_00559,Moderate,Tanger-Tétouan-Al Hoceima,35.536092,-5.334538,2716.6200306158426,12.94014381996004,8.365141143798828,47.90444946289063,0.15,5219.251065186095,Moderate,el_ouali_2026,0.0303944052486266,0,True,0,0.21,0
loc_00560,Moderate,Tanger-Tétouan-Al Hoceima,35.373907,-5.265274,1790.459545309702,17.652952479574434,11.1231103515625,872.388427734375,0.15,22811.364092872496,Moderate,el_ouali_2026,0.6321534674267374,1,False,0,0.21,1
loc_00563,Moderate,Tanger-Tétouan-Al Hoceima,35.373904,-5.265272,1790.70999344901,17.65295231638723,11.1231103515625,872.388427734375,0.15,22811.032753143063,Moderate,el_ouali_2026,0.6321534674267374,1,False,0,0.21,1
loc_00564,Moderate,Tanger-Tétouan-Al Hoceima,35.305593,-5.334694,1346.1033236456335,2.256957555117418,1.0553564453125,739.2481079101562,0.2,16363.399639896004,Moderate,el_ouali_2026,0.1441975671255515,0,True,0,0.21,0
loc_00565,Moderate,Tanger-Tétouan-Al Hoceima,35.348393,-5.269338,3972.560743206135,20.2042545108336,13.1445751953125,1232.9619140625,0.35,19972.83591219882,Moderate,el_ouali_2026,0.661434990267779,1,False,0,0.21,1
loc_00566,Moderate,Tanger-Tétouan-Al Hoceima,35.3471335,-5.325466,672.8825590976671,36.45230536024079,28.5492919921875,1117.9951171875,0.15,20499.51446743385,Moderate,el_ouali_2026,0.1593461983234835,0,True,0,0.21,0
loc_00567,Moderate,Tanger-Tétouan-Al Hoceima,35.286726,-5.229632,210.8527046040936,20.923506817361226,12.495745849609374,312.0285339355469,0.55,13578.7808144467,Moderate,el_ouali_2026,0.0625690015802928,0,True,0,0.21,0
loc_00569,Moderate,Tanger-Tétouan-Al Hoceima,35.299242,-5.239654,1093.3572059685766,34.78437045089727,24.6919189453125,437.1004943847656,0.55,14739.473171216636,Moderate,el_ouali_2026,0.0441575277117716,0,True,0,0.21,0
loc_00572,Difficult,Tanger-Tétouan-Al Hoceima,35.21421,-5.035252,3755.956452081682,56.97380244065415,54.66337768554688,599.979248046875,0.55,21775.807890743457,Difficult,el_ouali_2026,0.7919142876655487,1,True,1,0.21,1
loc_00573,Difficult,Tanger-Tétouan-Al Hoceima,35.219337,-5.138959,5162.56906272392,27.17471143194189,16.68539306640625,692.6703491210938,0.55,13032.33933487815,Difficult,el_ouali_2026,0.2439807871303633,0,False,1,0.21,1
loc_00574,Moderate,Tanger-Tétouan-Al Hoceima,35.332065,-5.558865,1625.16391109538,12.073696432465074,7.3251953125,605.9994506835938,0.55,31258.39230519809,Moderate,el_ouali_2026,0.059589978536196,0,True,0,0.21,0
loc_00575,Moderate,Tanger-Tétouan-Al Hoceima,35.260086,-5.260401,85.22978044685284,18.30093635626337,8.664998168945312,216.9290771484375,0.1,10178.960417200307,Moderate,el_ouali_2026,0.0381316312734278,0,True,0,0.21,0
loc_00576,Moderate,Tanger-Tétouan-Al Hoceima,35.318987,-5.498023,957.0265175868252,22.001254145950124,12.46739990234375,1019.5840454101562,0.35,26721.3476003284,Moderate,el_ouali_2026,0.5132687303000726,1,False,0,0.21,1
loc_00577,Difficult,Tanger-Tétouan-Al Hoceima,35.271547,-5.505652,932.9169474051104,18.44495450057236,10.80810791015625,1031.830322265625,0.55,24398.61069520776,Difficult,el_ouali_2026,0.6392044265750229,1,True,1,0.21,1
loc_00578,Difficult,Tanger-Tétouan-Al Hoceima,35.207925,-5.045195,4683.7363797908265,61.71590021804024,58.4457080078125,556.2886962890625,0.55,20740.87923733789,Difficult,el_ouali_2026,0.8783395702406425,1,True,1,0.21,1
loc_00579,Difficult,Tanger-Tétouan-Al Hoceima,35.127342,-5.069507,4815.1082663652405,7.240067024653596,3.533076171875,1347.7347412109375,0.2,18656.275347605348,Difficult,el_ouali_2026,0.7241372342012673,1,True,1,0.21,1
loc_00580,Moderate,Tanger-Tétouan-Al Hoceima,35.184135,-5.213966,4840.239168361445,31.37635265193984,22.8293994140625,1770.4932861328125,0.55,5229.265789910125,Moderate,el_ouali_2026,0.3662032347065279,0,True,0,0.21,1
loc_00581,Moderate,Tanger-Tétouan-Al Hoceima,35.188157,-5.178,6725.114817677813,27.332467377214503,14.74072509765625,922.6757202148438,0.55,8489.302001846296,Moderate,el_ouali_2026,0.8768552741044318,1,False,0,0.21,1
loc_00582,Moderate,Tanger-Tétouan-Al Hoceima,35.183612,-5.196393,6299.773284582223,20.455775567783103,13.382763671875,1222.095458984375,0.55,6744.57830777569,Moderate,el_ouali_2026,0.1750163558527429,0,True,0,0.21,0
loc_00583,Difficult,Tanger-Tétouan-Al Hoceima,35.185283,-5.194535,6522.140627838849,22.09372652287776,15.1343701171875,1255.8482666015625,0.55,6955.090467829858,Difficult,el_ouali_2026,0.1492021506242002,0,False,1,0.21,0
loc_00584,Difficult,Tanger-Tétouan-Al Hoceima,35.179224,-5.246292,2069.51125058846,25.604420265065578,15.5043212890625,1048.0145263671875,0.15,2316.870396989959,Difficult,el_ouali_2026,0.4857572156446886,0,False,1,0.21,1
loc_00585,Moderate,Tanger-Tétouan-Al Hoceima,35.112876,-4.967752,173.75889180653485,27.303711468104567,17.50154052734375,672.646484375,0.15,28030.340050013725,Moderate,el_ouali_2026,0.2620811334800071,0,True,0,0.21,1
loc_00586,Moderate,Tanger-Tétouan-Al Hoceima,35.09254,-5.149741,2593.7928006913407,14.843393503956625,7.7682421875,1343.3555908203125,0.55,13718.350483122464,Moderate,el_ouali_2026,0.5854658508687686,1,False,0,0.21,1
loc_00587,Moderate,Tanger-Tétouan-Al Hoceima,35.601983,-5.388492,1603.5072558856089,2.635770379260838,1.30732421875,429.5802917480469,0.15,3790.377228244214,Moderate,el_ouali_2026,0.0535149492100776,0,True,0,0.21,0
loc_00588,Easy,Tanger-Tétouan-Al Hoceima,35.178221,-5.246293,1992.2760516242204,27.85506736997567,17.874462890625,1078.2724609375,0.55,2262.927910952595,Easy,el_ouali_2026,0.3047752614052919,0,True,0,0.21,1
loc_00589,Easy,Tanger-Tétouan-Al Hoceima,35.132726,-5.136942,7105.2239138778,15.28037069015295,8.500634765625,1705.0224609375,0.55,12601.390156244126,Easy,el_ouali_2026,0.6238149472534692,1,False,0,0.21,1
loc_00590,Difficult,Tanger-Tétouan-Al Hoceima,35.186232,-5.138926,8003.8839315803325,24.5415846971126,13.8305224609375,1402.0194091796875,0.35,11921.703906550089,Difficult,el_ouali_2026,0.2109697186890354,0,False,1,0.21,1
loc_00911,Moderate,Fés-Meknés,33.45396388888889,-4.312311111111111,1489.6763251444747,15.500974637403814,8.852060546875,1521.54736328125,0.35,40007.66311909586,Moderate,el_ouali_2026,0.6296978088257942,1,False,0,0.34,1
loc_00986,Moderate,Fés-Meknés,33.46691111111112,-4.2956,72.95036874317303,31.0019577902336,21.873671875,1584.6051025390625,0.35,41879.26904864752,Moderate,el_ouali_2026,0.3014777991775564,0,True,0,0.34,0
loc_01078,Easy,Fés-Meknés,33.84540833333334,-4.400225000000001,2056.417594993078,9.383185228831438,4.9802392578125,1156.668212890625,0.15,40068.48425960973,Easy,el_ouali_2026,0.3931599623008072,0,True,0,0.34,1
loc_01190,Easy,Eddakhla-Oued Eddahab,22.505591666666668,-14.30453888888889,2318.6016336673565,0.669316074170591,0.273504638671875,284.2257080078125,0.1,213424.9472385202,Easy,el_ouali_2026,0.125951816549382,0,True,0,0.13,0
loc_01191,Easy,Eddakhla-Oued Eddahab,22.59975,-14.357177777777778,1442.8388702267505,0.591004300032917,0.20949951171875,295.6584777832031,0.1,202728.49531355288,Easy,el_ouali_2026,0.1134780172652345,0,True,0,0.13,0
loc_00353,Difficult,Fés-Meknés,33.357055555555554,-4.04425,18.217900830609185,20.61440209844582,27.9546281798812,1835.379638671875,0.1,63652.557126844826,Difficult,original_733,0.4064421220172928,0,False,1,0.34,1
loc_00354,Difficult,Fés-Meknés,33.35788888888889,-4.029638888888889,500.8172298546645,20.06493513729521,30.490632868995352,1645.4337158203125,0.1,65008.123288137154,Difficult,original_733,0.1966731665114532,0,False,1,0.34,0
loc_00366,Easy,Fés-Meknés,33.364444444444445,-4.7225,33.175470683419825,4.718664568941955,6.463859116735537,1747.554931640625,0.15,660.9961792943134,Easy,original_733,0.1827075212607668,0,True,0,0.34,0
loc_00355,Difficult,Fés-Meknés,33.36786111111111,-4.016694444444444,749.0728678054992,23.52083298624,22.171088100464875,1623.848876953125,0.15,66204.73273162587,Difficult,original_733,0.8007805191420471,1,True,1,0.34,1
loc_00357,Difficult,Fés-Meknés,33.374611111111115,-4.021222222222222,74.5624134986534,12.572093380750353,17.059338278021695,1658.7064208984375,0.1,65791.14943748302,Difficult,original_733,0.1991993965952909,0,False,1,0.34,0
loc_00367,Moderate,Fés-Meknés,33.40472222222222,-4.721111111111111,153.53741919571158,7.754783770727434,11.201537077091942,1533.9971923828125,0.15,4618.164148346277,Moderate,original_733,0.1324663236440849,0,True,0,0.34,0
loc_00374,Moderate,Fés-Meknés,33.44444444444444,-4.45,71.05724334474209,12.697051634207044,11.324646500516527,1475.0999755859375,0.1,27457.66243269533,Moderate,original_733,0.1083431908824515,0,True,0,0.34,0
loc_00369,Moderate,Fés-Meknés,33.47361111111111,-4.654444444444445,105.33599495754748,19.99698516601553,14.861116267432852,1254.5496826171875,0.55,14061.577070413823,Moderate,original_733,0.2484595292502601,0,True,0,0.34,0
loc_00361,Difficult,Fés-Meknés,33.480222222222224,-4.02375,697.4180616092718,20.628383182282704,23.938014511234503,1595.97314453125,0.15,66772.60403534674,Difficult,original_733,0.6277592798342144,1,True,1,0.34,1
loc_00371,Moderate,Fés-Meknés,33.48222222222223,-4.61888888888889,984.2027302900686,14.779994107816991,13.978211962487087,1124.27783203125,0.35,16701.154952538538,Moderate,original_733,0.3764975935472556,0,True,0,0.34,1
loc_00370,Moderate,Fés-Meknés,33.48305555555556,-4.6075,133.9045169760647,19.33486096379772,15.432729169356922,1100.0439453125,0.15,17441.572888698367,Moderate,original_733,0.3306671689268678,0,True,0,0.34,0
loc_00372,Moderate,Fés-Meknés,33.51611111111111,-4.539722222222222,146.17717235410427,32.51566518474704,38.765615920389976,1212.8226318359375,0.55,24437.214481999847,Moderate,original_733,0.1136490527725906,0,True,0,0.34,0
loc_00072,Easy,Fés-Meknés,33.5625,-4.916666666666667,1570.2237955479195,5.260107957112422,6.175748966942149,1685.5123291015625,0.15,18097.90184884755,Easy,original_733,0.325158988807989,0,True,0,0.34,0
loc_00362,Very Difficult,Fés-Meknés,33.570750000000004,-3.888,8141.699970747491,34.52200249618144,42.22900188855888,3302.495361328125,0.1,74183.43155029704,Difficult,original_733,0.4757723902077729,0,False,1,0.34,1
loc_00071,Easy,Fés-Meknés,33.65555555555555,-5.333333333333333,1448.3479103041025,1.7954283082448508,2.151592160059401,1164.968017578125,0.15,25304.890576559184,Easy,original_733,0.2409653692557437,0,True,0,0.34,0
loc_00086,Moderate,Fés-Meknés,33.73694444444445,-4.532777777777778,109.00262732580342,24.27007134084491,17.372701849819215,673.1033935546875,0.15,29449.49451759153,Moderate,original_733,0.2712375436843663,0,True,0,0.34,0
loc_00083,Difficult,Fés-Meknés,33.95583333333334,-4.246111111111111,4621.038856262834,33.201915690930825,40.8575943875904,1265.4425048828125,0.55,37453.16220160987,Difficult,original_733,0.5813917173795453,1,True,1,0.34,1
loc_00081,Moderate,Fés-Meknés,33.95916666666667,-4.0,1559.671428840799,26.63726363993884,39.11704508463541,888.1976318359375,0.55,30146.88817653147,Moderate,original_733,0.2304542064439994,0,True,0,0.34,0
loc_00082,Difficult,Fés-Meknés,33.97361111111111,-4.224722222222223,3577.991195857184,6.538174542175571,4.547774890237603,1218.2015380859375,0.55,34702.17093221022,Difficult,original_733,0.7277526313810919,1,True,1,0.34,1
loc_00078,Moderate,Fés-Meknés,34.118611111111115,-4.040555555555556,122.3666033255707,0.558368552798187,2.8388379309788223,1344.6116943359375,0.2,12715.54371420903,Moderate,original_733,0.1232275769068824,0,True,0,0.34,0
loc_00079,Moderate,Fés-Meknés,34.12166666666667,-4.038333333333333,10.913006500753085,7.865995902008005,13.296947636880166,1346.4769287109375,0.15,12339.70914187479,Moderate,original_733,0.0260004921446386,0,True,0,0.34,0
loc_01047,Very Difficult,Fés-Meknés,34.08209444444445,-4.117308333333333,45.39651317361267,22.235070407456657,13.218212890625,1459.40380859375,0.15,19192.60092937609,Difficult,original_733,0.1372246268435186,0,False,1,0.34,0
loc_01051,Moderate,Fés-Meknés,34.07950277777778,-4.118461111111111,113.47081520406049,14.59902819348385,8.7816943359375,1432.633056640625,0.15,19494.484364030228,Moderate,original_733,0.172201627203844,0,True,0,0.34,0
loc_01055,Moderate,Fés-Meknés,34.09011944444445,-4.113386111111111,574.6900335583188,28.063779622516908,18.2376708984375,1575.9739990234375,0.35,18242.025514378063,Moderate,original_733,0.281477724198038,0,True,0,0.34,0
loc_01065,Difficult,Fés-Meknés,34.104708333333335,-4.072527777777777,370.7187051508353,15.202367222427112,10.418388671875,1468.5908203125,0.35,15085.069144559431,Difficult,original_733,0.4383363345569043,0,False,1,0.34,1
loc_01066,Moderate,Fés-Meknés,33.95571666666667,-4.246575,4655.353241899401,32.13046432603063,25.3578662109375,1237.3763427734375,0.55,37488.5326970484,Moderate,original_733,0.7707892051994545,1,False,0,0.34,1
loc_00917,Easy,Fés-Meknés,33.16810555555556,-5.141450000000001,1538.9444502178128,0.6190867634514986,0.3740625,1882.772705078125,0.15,30628.32401937124,Easy,original_733,0.3152418533746127,0,True,0,0.34,0
loc_00918,Easy,Fés-Meknés,33.13965,-5.056938888888888,535.614574765787,4.646462484058714,2.7148193359375,1926.009765625,0.15,36351.388624404,Easy,original_733,0.2134341529064809,0,True,0,0.34,0
loc_00919,Easy,Fés-Meknés,33.1894,-5.085630555555555,2145.419178145531,7.088114233265802,4.0783642578125,1877.029052734375,0.15,30208.525046142386,Easy,original_733,0.2339918570192794,0,True,0,0.34,0
loc_00920,Easy,Fés-Meknés,33.14028611111111,-5.051758333333333,146.8044326325964,2.979264580812238,1.9443212890625,1922.9063720703125,0.15,36499.49366076975,Easy,original_733,0.0657208325476059,0,True,0,0.34,0
loc_00921,Easy,Fés-Meknés,33.22733055555556,-5.093702777777778,1115.801702261425,0.4813839555824861,0.2562744140625,1831.989013671875,0.2,26106.95211192711,Easy,original_733,0.1229242137840968,0,True,0,0.34,0
loc_00922,Easy,Fés-Meknés,33.26463888888889,-5.365325,190.71061388054417,8.434493247982173,3.3877490234375,1423.07470703125,0.05,22836.823118314933,Easy,original_733,0.101966924814706,0,True,0,0.34,0
loc_00923,Easy,Fés-Meknés,33.23162777777778,-4.971713888888889,4587.817796751212,5.229612871259418,2.917138671875,2128.01318359375,0.15,26878.077754901333,Easy,original_733,0.7303931813719168,1,False,0,0.34,1
loc_00924,Easy,Fés-Meknés,33.189636111111106,-5.141980555555556,922.6265782154788,0.7379935309664135,0.216455078125,1873.897216796875,0.9,28308.27493169315,Easy,original_733,0.0191908212114478,0,True,0,0.34,0
loc_00925,Easy,Fés-Meknés,33.22733055555556,-5.093702777777778,1115.801702261425,0.4813839555824861,0.2562744140625,1831.989013671875,0.2,26106.95211192711,Easy,original_733,0.1229242137840968,0,True,0,0.34,0
loc_00926,Easy,Fés-Meknés,33.243291666666664,-4.651375000000001,1788.3931774840655,0.0,0.0,1747.0,0.9,15243.377681324177,Easy,original_733,0.0564573027243144,0,True,0,0.34,0
loc_00927,Easy,Fés-Meknés,33.372619444444446,-4.847152777777778,155.18975175109404,1.20664897843766,0.4823095703125,1486.612548828125,0.2,10962.82909841058,Easy,original_733,0.0141664636228095,0,True,0,0.34,0
loc_00928,Easy,Fés-Meknés,33.02415833333333,-5.091247222222222,914.9643947105602,0.9331782805120196,0.490009765625,2054.622314453125,0.15,47300.72587682637,Easy,original_733,0.1000858824394834,0,True,0,0.34,0
loc_00929,Easy,Fés-Meknés,33.761294444444445,-5.296888888888889,1372.6024023941552,3.0832008911017548,1.895732421875,842.3836669921875,0.35,26546.73954778206,Easy,original_733,0.097408527831728,0,True,0,0.34,0
loc_00930,Easy,Fés-Meknés,33.26079444444444,-5.156238888888889,3227.667130271875,0.7088119903403326,0.21138671875,1894.09326171875,0.9,20359.342542679173,Easy,original_733,0.3958164401372636,0,True,0,0.34,1
loc_00931,Easy,Fés-Meknés,33.49388611111111,-5.120933333333333,223.12533326022805,0.2285574787073886,0.1417724609375,1661.58251953125,0.15,3953.504813237839,Easy,original_733,0.0251837469510657,0,True,0,0.34,0
loc_00932,Moderate,Fés-Meknés,33.28836111111111,-5.179252777777778,381.07706299057554,1.1670360608093906,0.4033984375,1876.0633544921875,0.9,16802.14315829399,Moderate,original_733,0.0180366876785284,0,True,0,0.34,0
loc_00933,Moderate,Fés-Meknés,33.178802777777776,-5.080147222222222,1186.53820246364,0.2720646578569345,0.224296875,1879.9952392578125,0.15,31491.681762338416,Moderate,original_733,0.0582382292562305,0,True,0,0.34,0
loc_00934,Easy,Fés-Meknés,33.38611944444445,-5.095947222222222,2981.098825902195,0.0,0.0,1856.5,0.9,13253.367996610292,Easy,original_733,0.0486218030576867,0,True,0,0.34,0
loc_00935,Moderate,Fés-Meknés,33.154177777777775,-5.093830555555555,1719.5074202722308,0.0,0.0,1914.0,0.9,33493.17767436981,Moderate,original_733,0.0653519926928161,0,True,0,0.34,0
loc_00936,Easy,Fés-Meknés,33.003816666666665,-5.131633333333333,1998.2858193664404,0.4941372262074618,0.4513671875,2064.686279296875,0.9,48664.98328668119,Easy,original_733,0.270742552826018,0,True,0,0.34,0
loc_00937,Easy,Fés-Meknés,33.24382777777778,-5.096116666666666,2244.3207387260168,7.952378113128968,4.38919921875,1830.828125,0.15,24393.2281517252,Easy,original_733,0.6811429214150254,1,False,0,0.34,1
loc_00938,Easy,Fés-Meknés,33.89761111111111,-4.014505555555556,1328.3240288705815,27.15573529017764,15.137333984375,1350.6253662109375,0.15,36979.41611298929,Easy,original_733,0.8847628135545769,1,False,0,0.34,1
loc_00939,Easy,Fés-Meknés,33.66658611111111,-5.006430555555555,39.543172680148615,2.0545860628381147,1.0283642578125,1448.265380859375,0.15,18063.642286276343,Easy,original_733,0.0143679879026975,0,True,0,0.34,0
loc_00940,Easy,Fés-Meknés,33.272283333333334,-5.341147222222222,29.19486127197293,25.812728696418045,17.281806640625,1611.195068359375,0.55,20912.875551894707,Easy,original_733,0.6290035316517117,1,False,0,0.34,1
loc_00941,Easy,Fés-Meknés,33.308566666666664,-5.312166666666666,819.2811505066599,17.38182342139821,10.631708984375,1447.85986328125,0.15,16071.444907950476,Easy,original_733,0.7570035143789384,1,False,0,0.34,1
loc_00942,Difficult,Fés-Meknés,33.68457222222222,-4.644205555555555,1150.2223585355257,15.26696985190958,9.3277099609375,1022.8644409179688,0.15,23434.993517609128,Difficult,original_733,0.654761018537959,1,True,1,0.34,1
loc_00943,Difficult,Fés-Meknés,33.860025,-4.071272222222222,2561.543478235742,29.2137289302076,16.704677734375,1034.69970703125,0.55,41540.65146899959,Difficult,original_733,0.8743777016273382,1,True,1,0.34,1
loc_00944,Easy,Fés-Meknés,33.490525,-5.158630555555556,338.7357503381205,24.22523436789848,17.235498046875,1566.011474609375,0.55,6289.161471046104,Easy,original_733,0.4699997061236996,0,True,0,0.34,1
loc_00945,Difficult,Fés-Meknés,33.65043333333333,-4.67608888888889,433.840354817081,5.273915079761199,2.698837890625,1263.00390625,0.15,24243.90370033663,Difficult,original_733,0.465291059344137,0,False,1,0.34,1
loc_00947,Easy,Fés-Meknés,34.004419444444444,-4.204813888888889,3578.141243936353,14.016230817949358,8.7133154296875,1038.2938232421875,0.55,30843.60452780693,Easy,original_733,0.7529663363664607,1,False,0,0.34,1
loc_00948,Difficult,Fés-Meknés,33.823994444444445,-4.127375,5684.793941946279,22.83270370535205,14.5191796875,1953.8212890625,0.15,46438.01620233111,Difficult,original_733,0.9310310398904624,1,True,1,0.34,1
loc_00949,Difficult,Fés-Meknés,33.86443333333334,-4.025452777777778,453.94352820110817,17.88847074538774,11.612548828125,1383.08154296875,0.15,40690.9738789425,Difficult,original_733,0.2600977606308458,0,False,1,0.34,0
loc_00950,Difficult,Fés-Meknés,33.676491666666664,-4.528038888888889,569.1316533152005,15.194014906209244,9.94575439453125,816.5462646484375,0.15,32695.976312321,Difficult,original_733,0.1115935146864299,0,False,1,0.34,0
loc_00951,Difficult,Fés-Meknés,33.91289722222222,-4.002994444444444,2463.867875811617,22.67450651398993,13.1242626953125,1303.5699462890625,0.35,35283.53252876637,Difficult,original_733,0.5968675422189991,1,True,1,0.34,1
loc_00952,Difficult,Fés-Meknés,34.03028333333333,-4.109444444444444,2419.2507337904344,6.447630459430928,3.547978515625,1321.5152587890625,0.2,24032.133458842807,Difficult,original_733,0.8518565180644652,1,True,1,0.34,1
loc_00953,Easy,Fés-Meknés,33.743072222222224,-5.032669444444444,375.16240563675206,2.4372472354428827,1.1702001953125,1168.1060791015625,0.55,20546.496015828565,Easy,original_733,0.0544663516445834,0,True,0,0.34,0
loc_00954,Easy,Fés-Meknés,33.61043333333333,-4.880102777777778,1261.3972876298728,13.40430282479186,6.677275390625,1436.52001953125,0.15,22985.660897089896,Easy,original_733,0.2436705632599981,0,True,0,0.34,0
loc_00956,Easy,Fés-Meknés,33.24341666666667,-4.96685,3204.6883983916737,23.145961656951428,13.8668701171875,2000.4632568359373,0.15,25795.58024128595,Easy,original_733,0.9217822780978744,1,False,0,0.34,1
loc_00957,Easy,Fés-Meknés,33.68907222222222,-5.3714,91.80277646390992,9.061781156911495,3.93219482421875,995.159912109375,0.05,27613.93424242944,Easy,original_733,0.0848003624386654,0,True,0,0.34,0
loc_00958,Difficult,Fés-Meknés,33.67733055555556,-5.492633333333333,1800.3318426298715,4.303027077028835,2.698330078125,766.250732421875,0.15,24853.13785711562,Difficult,original_733,0.519851349367494,1,True,1,0.34,1
loc_00959,Difficult,Fés-Meknés,33.81008611111111,-4.070302777777777,203.6446357438821,22.02449986871763,11.1713037109375,1831.10302734375,0.55,47037.869485905125,Difficult,original_733,0.7860406035398199,1,True,1,0.34,1
loc_00960,Difficult,Fés-Meknés,33.761786111111114,-4.820505555555555,721.6685722227885,7.58503691949322,3.898359375,1226.644287109375,0.2,7117.173966208995,Difficult,original_733,0.307998732907133,0,False,1,0.34,0
loc_00961,Difficult,Fés-Meknés,33.68124722222222,-4.529213888888889,459.5699604654967,31.565671378413093,20.118291015625,867.7547607421875,0.1,32337.123630282906,Difficult,original_733,0.1617135907981856,0,False,1,0.34,0
loc_00962,Difficult,Fés-Meknés,33.94585555555555,-4.224586111111111,2367.159717268817,21.31443963456659,12.0595703125,1328.6185302734375,0.35,37275.713313396285,Difficult,original_733,0.643433555238325,1,True,1,0.34,1
loc_00963,Difficult,Fés-Meknés,33.746858333333336,-4.543055555555555,296.56979540367666,5.818170574465262,3.0809521484375,691.259521484375,0.1,28195.252247985976,Difficult,original_733,0.2556292223354631,0,False,1,0.34,0
loc_00964,Difficult,Fés-Meknés,33.77913611111111,-4.732255555555556,1116.06990264843,10.356291617889394,6.157744140625,1033.8487548828125,0.15,10635.95105627352,Difficult,original_733,0.1755939238643075,0,False,1,0.34,0
loc_00965,Easy,Fés-Meknés,33.458308333333335,-5.150641666666667,844.7729979780167,2.0059952187774663,1.2268798828125,1537.9097900390625,0.15,7540.147657757486,Easy,original_733,0.0236057503009143,0,True,0,0.34,0
loc_00966,Difficult,Fés-Meknés,33.44908333333333,-4.339016666666667,379.8108989101814,26.8921171549894,16.5333349609375,1332.6370849609375,0.1,37473.03103802686,Difficult,original_733,0.3161107520343696,0,False,1,0.34,0
loc_00967,Moderate,Fés-Meknés,33.717844444444445,-5.003052777777778,757.5201325008755,11.786602910380294,6.942041015625,1368.613525390625,0.55,19692.42252110334,Moderate,original_733,0.704670087964508,1,False,0,0.34,1
loc_00968,Easy,Fés-Meknés,33.61148055555556,-4.884241666666666,1649.7321652250762,9.30649247771128,5.1697998046875,1430.610107421875,0.15,22682.360899625484,Easy,original_733,0.4492775881094771,0,True,0,0.34,1
loc_00969,Difficult,Fés-Meknés,33.69269166666666,-4.5870138888888885,2196.167951124637,3.7291951665779433,1.8865966796875,1036.2188720703125,0.15,27104.36859265241,Difficult,original_733,0.0586681110005174,0,False,1,0.34,0
loc_00970,Moderate,Fés-Meknés,33.37153888888889,-5.101211111111111,3272.759961074933,17.97501577409354,11.2983154296875,1849.7340087890625,0.55,13565.655684151734,Moderate,original_733,0.3159377281486064,0,True,0,0.34,0
loc_00971,Difficult,Fés-Meknés,33.4929,-4.296519444444444,2164.861783026299,20.132683810290903,12.041044921875,1435.435791015625,0.15,42674.83945742002,Difficult,original_733,0.8870072489875522,1,True,1,0.34,1
loc_00972,Difficult,Fés-Meknés,33.815866666666665,-4.068025,409.00498821265535,23.993475648157844,15.8675830078125,1782.909423828125,0.55,46374.99615079678,Difficult,original_733,0.6140826685073799,1,True,1,0.34,1
loc_00973,Difficult,Fés-Meknés,33.46128055555556,-4.295644444444444,16.50131767623095,15.89363537888404,8.354658203125,1612.33154296875,0.35,41709.48087064494,Difficult,original_733,0.0550390362381334,0,False,1,0.34,0
loc_00974,Difficult,Fés-Meknés,33.23746388888889,-5.097741666666666,2021.1926075820368,1.8862297227560767,1.2808740234375,1810.0716552734373,0.15,24937.179060860235,Difficult,original_733,0.0738586035466891,0,False,1,0.34,0
loc_00975,Difficult,Fés-Meknés,33.198430555555554,-5.196027777777778,23.42365243766889,5.493951957575043,3.276484375,1951.2884521484373,0.2,26369.828016783405,Difficult,original_733,0.2098230625279232,0,False,1,0.34,0
loc_00976,Difficult,Fés-Meknés,33.74890277777778,-4.550766666666666,430.893408425591,22.426917565699075,15.020029296875,698.1841430664062,0.15,27446.94769180185,Difficult,original_733,0.1872454946453298,0,False,1,0.34,0
loc_00977,Easy,Fés-Meknés,33.546438888888886,-5.112022222222222,184.39995089792245,10.565970667451747,6.0971533203125,1577.88818359375,0.55,2137.4538996536457,Easy,original_733,0.3714745191850957,0,True,0,0.34,1
loc_00978,Easy,Fés-Meknés,33.543908333333334,-5.094422222222222,32.6504117241335,2.6712713542060453,1.4123388671875,1604.913818359375,0.15,2176.0184306999445,Easy,original_733,0.0084071848807438,0,True,0,0.34,0
loc_00979,Easy,Fés-Meknés,33.4994,-5.078819444444444,316.3226655183783,1.9299642178229344,1.2053662109375,1681.4608154296875,0.15,4106.196618654291,Easy,original_733,0.0116198927659797,0,True,0,0.34,0
loc_00980,Easy,Fés-Meknés,33.46529166666667,-5.148561111111111,196.3653015933989,12.980513854850424,8.7850244140625,1579.0784912109375,0.15,7910.2542673828975,Easy,original_733,0.1061489521657656,0,True,0,0.34,0
loc_00981,Moderate,Fés-Meknés,33.376755555555555,-4.430833333333334,877.8389306939829,6.024399955819084,4.2253857421875,1515.168701171875,0.35,27779.318014991662,Moderate,original_733,0.2259096965666681,0,True,0,0.34,0
loc_00982,Difficult,Fés-Meknés,33.65430277777778,-4.143988888888889,131.5964458493664,25.16125234552079,15.169580078125,2103.905029296875,0.15,63175.08203071922,Difficult,original_733,0.7896762816113029,1,True,1,0.34,1
loc_00983,Difficult,Fés-Meknés,33.16446944444444,-5.14523888888889,1689.7673787963552,0.7006032716837377,0.5419287109375,1884.2353515625,0.15,30931.167842683484,Difficult,original_733,0.0196098810734747,0,False,1,0.34,0
loc_00984,Difficult,Fés-Meknés,33.882127777777775,-4.049886111111111,740.7179538183751,18.428530698713367,11.91900634765625,915.655517578125,0.15,38872.00945847476,Difficult,original_733,0.700617610524913,1,True,1,0.34,1
loc_00985,Difficult,Fés-Meknés,33.531444444444446,-5.109008333333333,69.42840797821995,6.9322807255617445,5.565673828125,1633.7755126953125,0.55,451.9632140564705,Difficult,original_733,0.1071973553808401,0,False,1,0.34,0
loc_00987,Moderate,Fés-Meknés,33.71819444444445,-5.014344444444444,286.0908054057132,13.648736859901298,11.28337890625,1341.223876953125,0.15,20510.98919246449,Moderate,original_733,0.2794183497961944,0,True,0,0.34,0
loc_00988,Difficult,Fés-Meknés,33.20070833333334,-5.389233333333333,3064.5275710861483,33.64137276715848,25.062265625,1449.083740234375,0.55,30040.7253120135,Difficult,original_733,0.4838876098578498,0,False,1,0.34,1
loc_00989,Easy,Fés-Meknés,34.144869444444446,-4.010294444444445,43.43631577125084,11.346523631629506,6.87031982421875,1016.1276245117188,0.55,9483.3372723992,Easy,original_733,0.1107983386957603,0,True,0,0.34,0
loc_00990,Easy,Fés-Meknés,33.82824444444445,-4.849566666666666,694.2984449689188,20.77578159197107,13.58868408203125,863.8521728515625,0.55,1544.7554324999348,Easy,original_733,0.043901717245833,0,True,0,0.34,0
loc_00991,Difficult,Fés-Meknés,33.050308333333334,-5.271638888888889,1537.2711096948126,24.33737149921805,16.773720703125,1632.188720703125,0.15,42891.81007024685,Difficult,original_733,0.8725583953702504,1,True,1,0.34,1
loc_00992,Easy,Fés-Meknés,33.516016666666665,-4.537730555555555,239.64661128500663,26.341063171038986,20.7317138671875,1285.1295166015625,0.15,24563.53660040772,Easy,original_733,0.7356413652403668,1,False,0,0.34,1
loc_00993,Difficult,Fés-Meknés,33.48372222222223,-4.610399999999999,400.3821109034024,27.89063599505686,17.0666357421875,1095.013427734375,0.15,17324.9328702465,Difficult,original_733,0.6189272835006567,1,True,1,0.34,1
loc_00995,Easy,Fés-Meknés,33.56388055555555,-4.997213888888889,2065.1036622738875,0.3794773115222453,0.15552734375,1689.8575439453125,0.2,10979.975412974049,Easy,original_733,0.1937359514745859,0,True,0,0.34,0
loc_00996,Easy,Fés-Meknés,33.55094722222222,-4.999636111111111,1007.3443325907796,0.3598545793873954,0.3335205078125,1665.53173828125,0.15,10320.21034211201,Easy,original_733,0.018462951196292,0,True,0,0.34,0
loc_00997,Easy,Fés-Meknés,33.60673611111111,-4.907886111111112,1084.1141168482409,0.4025503187738859,0.0793310546875,1511.0,0.9,20473.31711213632,Easy,original_733,0.1055051767206097,0,True,0,0.34,0
loc_01071,Easy,Fés-Meknés,33.55974444444444,-4.930127777777778,1019.2377790607844,0.0,0.0,1619.0,0.9,16813.98906996608,Easy,original_733,0.0249151517483221,0,True,0,0.34,0
loc_00998,Easy,Fés-Meknés,33.458850000000005,-4.864397222222222,328.1830640594523,0.3116995149197807,0.0883154296875,1551.2822265625,0.2,16380.357684044551,Easy,original_733,0.0553454209726929,0,True,0,0.34,0
loc_00999,Easy,Fés-Meknés,33.64201388888889,-5.098416666666666,2392.3096416669828,0.2034893135635428,0.0665673828125,1369.0,0.15,12748.923752671082,Easy,original_733,0.047167087328492,0,True,0,0.34,0
loc_01000,Easy,Fés-Meknés,33.50289166666666,-5.106875,418.5921829734036,0.5684519072354234,0.15271484375,1669.6796875,0.2,2748.4415122342125,Easy,original_733,0.0195368292581847,0,True,0,0.34,0
loc_01001,Easy,Fés-Meknés,33.50989444444444,-5.137066666666667,791.374183435475,0.9145407718663656,1.0942578125,1632.60009765625,0.1,3381.9854039651336,Easy,original_733,0.0525672617539959,0,True,0,0.34,0
loc_01002,Moderate,Fés-Meknés,33.252988888888886,-5.258861111111111,1518.9631021552018,5.216490846243389,3.199951171875,1855.7113037109373,0.15,20371.383888027634,Moderate,original_733,0.4741282772591897,0,True,0,0.34,1
loc_01003,Easy,Fés-Meknés,33.280388888888886,-5.253027777777778,1907.9356424219245,0.0,0.0,1802.5,0.9,17278.24585921126,Easy,original_733,0.1052647298425034,0,True,0,0.34,0
loc_01004,Easy,Fés-Meknés,33.61366388888889,-4.878188888888889,1100.718414530156,0.0,0.0,1406.5,0.9,23293.128317129107,Easy,original_733,0.0477983505027655,0,True,0,0.34,0
loc_01005,Easy,Fés-Meknés,33.66503888888889,-4.85215,364.7110197217106,9.11689611668388,4.502451171875,1385.0181884765625,0.2,17860.43760590846,Easy,original_733,0.6927382414324825,1,False,0,0.34,1
loc_01006,Easy,Fés-Meknés,33.17588333333333,-5.098941666666667,306.5782639011256,2.392205311397404,0.8840185546875,1900.52294921875,0.35,31077.05315885651,Easy,original_733,0.0696371573219638,0,True,0,0.34,0
loc_01007,Difficult,Fés-Meknés,33.40856111111111,-4.911777777777778,3496.412580140214,0.4866168457335291,0.143330078125,1653.5032958984375,0.9,17633.854808805754,Difficult,original_733,0.0265868315395589,0,False,1,0.34,0
loc_01008,Easy,Fés-Meknés,33.55803611111111,-5.2322500000000005,1561.0319550073518,11.945044210112256,9.5617919921875,1458.716552734375,0.55,12054.762235696247,Easy,original_733,0.8460103394252693,1,False,0,0.34,1
loc_01009,Moderate,Fés-Meknés,33.19446666666666,-5.161566666666667,841.8457386454497,0.9253004027176236,0.370498046875,1865.7132568359373,0.9,27333.51176565851,Moderate,original_733,0.0234643001943948,0,True,0,0.34,0
loc_01010,Difficult,Fés-Meknés,33.47276666666667,-4.278886111111111,585.7818652264184,14.4442862846477,9.8847412109375,1642.75341796875,0.15,43548.65576904665,Difficult,original_733,0.3477984762930315,0,False,1,0.34,1
loc_01011,Easy,Fés-Meknés,34.144869444444446,-4.010294444444445,43.43631577125084,11.346523631629506,6.87031982421875,1016.1276245117188,0.55,9483.3372723992,Easy,original_733,0.1107983386957603,0,True,0,0.34,0
loc_01012,Easy,Fés-Meknés,34.031533333333336,-4.154888888888889,146.41469508728142,9.809742766863122,4.8117626953125,1260.0552978515625,0.2,25794.781217579744,Easy,original_733,0.4594771822842469,0,True,0,0.34,1
loc_01013,Difficult,Fés-Meknés,33.89850555555555,-4.045475,20.375713825096696,11.29961653620858,6.1668701171875,1164.0975341796875,0.55,37021.38784739104,Difficult,original_733,0.0678385272508059,0,False,1,0.34,0
loc_01014,Difficult,Fés-Meknés,33.740775,-4.192327777777778,5662.054002783906,15.107215200815704,7.4221435546875,1854.047119140625,0.55,56951.18366060366,Difficult,original_733,0.800351631990421,1,True,1,0.34,1
loc_01015,Easy,Fés-Meknés,33.96127222222223,-4.247208333333333,4979.751078635928,22.29749007223521,12.2278466796875,1174.149658203125,0.35,37021.35934827184,Easy,original_733,0.8314665273089384,1,False,0,0.34,1
loc_01016,Moderate,Fés-Meknés,34.102355555555555,-4.004022222222222,2922.137164222336,28.36402256387685,16.617001953125,1514.3917236328125,0.55,14221.661731455371,Moderate,original_733,0.8849662949509851,1,False,0,0.34,1
loc_01017,Easy,Fés-Meknés,33.74834166666667,-5.234116666666667,1404.382234842958,3.3201235955490485,1.73209228515625,961.3593139648438,0.15,27203.736377343987,Easy,original_733,0.1438231558408594,0,True,0,0.34,0
loc_01036,Difficult,Fés-Meknés,33.771563888888885,-5.196016666666667,1370.1809196254435,0.2913912234971635,0.091396484375,884.7761840820312,0.2,28339.808859089324,Difficult,original_733,0.0297164524497411,0,False,1,0.34,0
loc_01018,Easy,Fés-Meknés,33.33423333333334,-4.885155555555556,1073.6771317753876,4.0772640994598754,2.528955078125,1518.2701416015625,0.2,14820.295357369332,Easy,original_733,0.2612848674536698,0,True,0,0.34,0
loc_01019,Easy,Fés-Meknés,33.193913888888886,-5.419166666666667,408.8777707954455,39.11700309865727,36.209912109375,1314.4158935546875,0.15,32156.956499613625,Easy,original_733,0.0942640134364046,0,True,0,0.34,0
loc_00946,Easy,Fés-Meknés,34.09748888888889,-4.037113888888888,9.376101949575483,12.212783019505098,6.363828125,1479.3004150390625,0.15,14959.652940985436,Easy,original_733,0.124792525630904,0,True,0,0.34,0
loc_01041,Easy,Fés-Meknés,34.09768888888889,-4.029902777777778,604.7621041415312,21.38788783099159,12.415576171875,1610.9056396484375,0.55,14841.772320041617,Easy,original_733,0.909672016956802,1,False,0,0.34,1
loc_00955,Easy,Fés-Meknés,33.237175,-5.216227777777778,101.2444084762555,2.9203892050072304,1.4253125,2003.6456298828125,0.15,21929.36028620509,Easy,original_733,0.057738579001814,0,True,0,0.34,0
loc_01042,Easy,Fés-Meknés,33.23573611111111,-5.228925,573.9566005156105,15.570014901606305,6.6051904296875,2028.8079833984373,0.55,22069.234559160777,Easy,original_733,0.8511422248367726,1,False,0,0.34,1
loc_00994,Easy,Fés-Meknés,33.654777777777774,-5.041138888888889,215.88109522735343,0.0,0.0,1463.0,0.15,15415.73919014913,Easy,original_733,0.0280657559304266,0,True,0,0.34,0
loc_01039,Moderate,Fés-Meknés,33.43886388888888,-4.905830555555556,898.2371130761987,2.209971356692955,1.1411279296875,1675.3389892578125,0.2,18367.92678480277,Moderate,original_733,0.0380434359227601,0,True,0,0.34,0
loc_01040,Moderate,Fés-Meknés,34.01224722222222,-4.145655555555556,729.5267480539356,1.8922593704836628,0.8519970703125,1180.4215087890625,0.2,27254.409130178017,Moderate,original_733,0.0485107607672685,0,True,0,0.34,0
loc_01119,Difficult,Fés-Meknés,34.10286666666667,-4.032969444444444,293.0975577848772,9.57487737766614,5.0928564453125,1457.398193359375,0.2,14309.301274472587,Difficult,original_733,0.6508502023281115,1,True,1,0.34,1
loc_01043,Difficult,Fés-Meknés,33.865744444444445,-4.208452777777778,357.461359322429,9.166950355398692,5.7295947265625,1053.0133056640625,0.15,44450.76695106355,Difficult,original_733,0.1596014657529574,0,False,1,0.34,0
loc_01044,Difficult,Fés-Meknés,34.03093055555556,-4.130636111111111,1597.8680471674,7.3790410406205,2.7749462890625,1381.3533935546875,0.15,24775.46012316852,Difficult,original_733,0.2839381424940441,0,False,1,0.34,0
loc_01045,Difficult,Fés-Meknés,34.025397222222225,-4.120247222222222,2517.198857595766,32.232887529024325,19.745771484375,1514.320068359375,0.55,24923.21078483537,Difficult,original_733,0.8807906544432963,1,True,1,0.34,1
loc_01046,Moderate,Fés-Meknés,33.79396666666666,-4.4853,1530.7606049471096,3.9284898729580537,2.1542041015625,1003.7688598632812,0.15,32338.822990483703,Moderate,original_733,0.2209876685000916,0,True,0,0.34,0
loc_01048,Moderate,Fés-Meknés,34.11956111111111,-4.018397222222222,1560.1247888539233,2.22118805679584,1.00060546875,1402.07861328125,0.2,12321.122623926292,Moderate,original_733,0.0730522847173075,0,True,0,0.34,0
loc_01049,Difficult,Fés-Meknés,33.74919444444445,-4.14486388888889,6307.602076356907,16.11503442207176,8.4938427734375,1984.73974609375,0.15,54904.57102897528,Difficult,original_733,0.9018454821838576,1,True,1,0.34,1
loc_01050,Moderate,Fés-Meknés,33.28416111111111,-5.319883333333333,1629.8400879797966,8.838774876128596,5.651513671875,1788.978271484375,0.55,18798.93022938209,Moderate,original_733,0.8240224575792773,1,False,0,0.34,1
loc_01052,Moderate,Fés-Meknés,33.73885555555556,-4.822591666666667,847.8290312555272,9.383497064511044,5.5423486328125,1422.3673095703125,0.15,9618.8765139255,Moderate,original_733,0.6686866943865976,1,False,0,0.34,1
loc_01053,Difficult,Fés-Meknés,33.693686111111106,-5.193330555555556,2132.103859787564,4.411505932897169,2.381279296875,1271.0350341796875,0.2,20108.59883082052,Difficult,original_733,0.3027286237447009,0,False,1,0.34,0
loc_01054,Moderate,Fés-Meknés,33.72825555555556,-5.148302777777778,2336.200385608937,4.088601954130535,1.550087890625,1144.179931640625,0.35,22630.31749597113,Moderate,original_733,0.808890661837699,1,False,0,0.34,1
loc_00842,Difficult,Fés-Meknés,33.92851388888889,-4.261708333333333,5762.430153832189,1.5308429398388417,0.6628125,1281.1561279296875,0.2,40767.05968665827,Difficult,original_733,0.4904571777924031,0,False,1,0.34,1
loc_01056,Difficult,Fés-Meknés,33.97953055555556,-4.226177777777778,4020.330414690216,13.901647375606872,8.9362353515625,1237.1920166015625,0.55,34240.44455122417,Difficult,original_733,0.3840405970861419,0,False,1,0.34,1
loc_01057,Difficult,Fés-Meknés,34.05381388888889,-4.128841666666666,1093.7648087051523,6.902799171907204,3.4308349609375,1621.896484375,0.2,22447.54848274212,Difficult,original_733,0.4864722346534431,0,False,1,0.34,1
loc_01058,Difficult,Fés-Meknés,33.741255555555554,-4.140458333333334,5382.707414022185,19.040927531278744,12.12380859375,2180.199462890625,0.15,55675.82930927799,Difficult,original_733,0.952369069504566,1,True,1,0.34,1
loc_01059,Difficult,Fés-Meknés,34.035275,-4.197847222222222,961.3760041737992,17.28157269118545,9.652548828125,1140.9078369140625,0.55,27715.90533890186,Difficult,original_733,0.72115930339067,1,True,1,0.34,1
loc_01060,Difficult,Fés-Meknés,33.93088611111111,-3.9908833333333336,4369.351595958757,25.607962984535284,15.047177734375,1458.0013427734375,0.15,33324.23054924128,Difficult,original_733,0.6477267961536644,1,True,1,0.34,1
loc_01061,Difficult,Fés-Meknés,33.75816944444444,-4.120233333333333,4555.24162675195,26.61449734206033,17.628916015625,2177.83837890625,0.15,53455.43130208592,Difficult,original_733,0.8673924379854226,1,True,1,0.34,1
loc_01062,Difficult,Fés-Meknés,33.18620277777777,-4.955027777777778,4934.746563885342,1.3411872235829665,0.645478515625,2132.702880859375,0.2,28796.552960552377,Difficult,original_733,0.8069534478977758,1,True,1,0.34,1
loc_01063,Difficult,Fés-Meknés,34.096113888888894,-4.0228166666666665,1212.3733615937776,28.50748700218785,19.828232421875,1660.0491943359375,0.55,14950.51603321552,Difficult,original_733,0.2798882726125911,0,False,1,0.34,0
loc_01064,Moderate,Fés-Meknés,33.73023611111111,-4.999361111111111,432.6347267425035,17.381708593751323,10.4063134765625,1505.0062255859375,0.35,18608.124708787665,Moderate,original_733,0.6354501205227232,1,False,0,0.34,1
loc_01067,Difficult,Fés-Meknés,33.93854722222222,-4.005055555555556,3265.5592394347373,37.259780315393314,22.86554443359375,1034.7230224609375,0.15,32428.638426082875,Difficult,original_733,0.8969584450083937,1,True,1,0.34,1
loc_01068,Difficult,Fés-Meknés,34.00116111111111,-4.064649999999999,1018.3197510476814,12.11721980237512,6.83029296875,1502.10009765625,0.55,25953.36555774308,Difficult,original_733,0.2691154957798558,0,False,1,0.34,0
loc_01069,Difficult,Fés-Meknés,34.00245833333334,-4.065419444444444,1116.2331208954652,12.363311347598977,5.78541015625,1510.0625,0.55,25825.72760597949,Difficult,original_733,0.6777691338443472,1,True,1,0.34,1
loc_01070,Difficult,Fés-Meknés,34.00396111111111,-4.072811111111111,816.6938161534465,23.56791924932291,13.27841796875,1391.8067626953125,0.55,25805.56453119204,Difficult,original_733,0.7649994264737017,1,True,1,0.34,1
loc_01072,Difficult,Fés-Meknés,34.016525,-4.155694444444444,243.1227454087801,20.07867847126944,10.90671875,1269.5458984375,0.55,27274.2519866671,Difficult,original_733,0.9377594359906544,1,True,1,0.34,1
loc_01073,Difficult,Fés-Meknés,33.84382777777778,-4.382872222222222,2646.352996470855,4.908332258129427,3.9486962890625,1148.239501953125,0.15,41659.87627054882,Difficult,original_733,0.2647188714015258,0,False,1,0.34,0
loc_01074,Difficult,Fés-Meknés,33.69503611111111,-4.211777777777778,2884.5914110974986,33.96581103930653,21.6023876953125,1381.2628173828125,0.35,59246.15336850397,Difficult,original_733,0.9092114702235136,1,True,1,0.34,1
loc_01075,Difficult,Fés-Meknés,33.43965277777777,-4.333786111111111,1289.8371257024069,23.12097283876031,14.6445654296875,1801.2130126953125,0.15,37696.46994756504,Difficult,original_733,0.8081239221000625,1,True,1,0.34,1
loc_01076,Difficult,Fés-Meknés,33.701680555555555,-4.101058333333333,247.44868896248497,3.978068359026814,2.4894482421875,2024.326904296875,0.1,59359.30049141866,Difficult,original_733,0.0884334329293278,0,False,1,0.34,0
loc_01077,Difficult,Fés-Meknés,33.62057222222222,-4.2511,3102.492993645127,17.07574620569819,7.0233837890625,1768.36474609375,0.35,52762.87813027457,Difficult,original_733,0.1588924991340948,0,False,1,0.34,0
loc_01079,Difficult,Fés-Meknés,33.470038888888894,-4.218186111111112,3448.9754491073163,18.822950688395785,11.276494140625,1940.0447998046875,0.15,48911.4859732694,Difficult,original_733,0.7599334138002395,1,True,1,0.34,1
loc_01080,Easy,Fés-Meknés,33.301741666666665,-5.18895,1063.0092294104666,6.137253475592374,2.87515625,1858.9970703125,0.15,15137.999564167692,Easy,original_733,0.7923606624099133,1,False,0,0.34,1
loc_01081,Difficult,Fés-Meknés,33.19639166666666,-4.934025,6828.644887727975,0.3495603359479943,0.1350390625,2106.593017578125,0.15,26602.713075820564,Difficult,original_733,0.5902833777175953,1,True,1,0.34,1
loc_01082,Difficult,Fés-Meknés,33.64745,-5.048152777777777,744.93932635634,8.688808932887767,4.49521484375,1708.89013671875,0.55,14412.26775155883,Difficult,original_733,0.3589547109191732,0,False,1,0.34,1
loc_01083,Difficult,Fés-Meknés,34.02674444444445,-4.152305555555556,239.5981115898456,20.081573945858693,11.2571826171875,1345.3214111328125,0.55,26132.440360304263,Difficult,original_733,0.9000405612901543,1,True,1,0.34,1
loc_01084,Difficult,Fés-Meknés,34.014247222222224,-4.164633333333334,897.7836991515328,12.014136338497783,5.1418115234375,1485.3197021484375,0.55,27905.538045726305,Difficult,original_733,0.7523717954036601,1,True,1,0.34,1
loc_01085,Difficult,Fés-Meknés,33.67386666666666,-4.1968250000000005,3043.594053241282,37.97045917534344,24.5128125,1542.77685546875,0.15,60232.03996428049,Difficult,original_733,0.8893106243838202,1,True,1,0.34,1
loc_01086,Difficult,Fés-Meknés,34.095263888888894,-4.111138888888888,748.4672220091036,20.78658382650234,13.230380859375,1547.265380859375,0.55,17646.29516324048,Difficult,original_733,0.8629680594836391,1,True,1,0.34,1
loc_01087,Difficult,Fés-Meknés,34.094011111111115,-4.098588888888888,60.61259998822535,5.342724905676456,2.3879248046875,1382.8065185546875,0.55,17188.83881094489,Difficult,original_733,0.6316020524026611,1,True,1,0.34,1
loc_01088,Difficult,Fés-Meknés,34.09700277777778,-4.109327777777778,734.7845178281192,17.283510212362803,8.65451171875,1573.4288330078125,0.55,17394.157374411912,Difficult,original_733,0.6463035522588855,1,True,1,0.34,1
loc_01089,Difficult,Fés-Meknés,34.100544444444445,-4.1037027777777775,877.0482818059364,9.832136900676424,6.22078125,1521.6556396484375,0.55,16788.850699255858,Difficult,original_733,0.7142572921297113,1,True,1,0.34,1
loc_01090,Difficult,Fés-Meknés,33.69868888888889,-4.108174999999999,414.9190187307126,6.322118708379944,3.3423583984375,2047.4666748046875,0.1,59784.42355075994,Difficult,original_733,0.4584722113720262,0,False,1,0.34,1
loc_01091,Difficult,Fés-Meknés,33.95576666666667,-4.229058333333334,3228.8258595042016,29.34554134635232,18.2639501953125,1316.11767578125,0.35,36570.56213372928,Difficult,original_733,0.4887358026339538,0,False,1,0.34,1
loc_01092,Difficult,Fés-Meknés,34.05961388888888,-4.130733333333333,435.2560879242902,21.27352914592652,11.8851318359375,1619.93896484375,0.55,21973.69031990808,Difficult,original_733,0.8570779848127063,1,True,1,0.34,1
loc_01093,Difficult,Fés-Meknés,34.06856666666667,-3.999666666666666,1386.436975468324,26.98373264830778,12.199298095703124,1233.8062744140625,0.55,17993.45540997131,Difficult,original_733,0.544382327380686,1,True,1,0.34,1
loc_01094,Difficult,Fés-Meknés,33.797325,-4.4108027777777785,1862.9725635630352,13.904872595290977,8.56669189453125,924.3414306640624,0.15,39157.717889685984,Difficult,original_733,0.3009426777762941,0,False,1,0.34,0
loc_01095,Difficult,Fés-Meknés,34.02441666666667,-4.149761111111111,127.36837143654849,29.38781972298294,18.3776953125,1255.43701171875,0.15,26241.355638802448,Difficult,original_733,0.1274710217219771,0,False,1,0.34,0
loc_01096,Difficult,Fés-Meknés,34.08997777777778,-4.1087694444444445,225.3935145290324,11.732858783344016,5.44666015625,1406.5604248046875,0.55,18038.00015089389,Difficult,original_733,0.6802858250503734,1,True,1,0.34,1
loc_01097,Difficult,Fés-Meknés,33.957425,-4.230377777777778,3423.822376416992,26.08676564685681,15.9498974609375,1314.507568359375,0.55,36484.159477658126,Difficult,original_733,0.8211266735367307,1,True,1,0.34,1
loc_01098,Difficult,Fés-Meknés,34.13053611111111,-4.044863888888889,775.224336264136,6.716723384551515,3.0173974609375,1510.1199951171875,0.55,11529.378289055374,Difficult,original_733,0.5166530821452053,1,True,1,0.34,1
loc_01099,Difficult,Fés-Meknés,33.98164722222222,-4.218966666666667,3635.766389219537,8.858610597621748,5.4254833984375,1221.849853515625,0.55,33665.41540254009,Difficult,original_733,0.7648979690945545,1,True,1,0.34,1
loc_01100,Difficult,Fés-Meknés,34.09831944444445,-4.045938888888889,756.2620363196532,9.56184930866386,5.1896923828125,1439.6541748046875,0.15,15025.635552728514,Difficult,original_733,0.1943011097983019,0,False,1,0.34,0
loc_01101,Difficult,Fés-Meknés,33.990991666666666,-4.143722222222222,626.2492165642425,20.475091604763392,13.8961328125,1199.435791015625,0.15,29301.09332056228,Difficult,original_733,0.6317970613393332,1,True,1,0.34,1
loc_01102,Difficult,Fés-Meknés,34.094011111111115,-4.098588888888888,60.61259998822535,5.342724905676456,2.3879248046875,1382.8065185546875,0.55,17188.83881094489,Difficult,original_733,0.6316020524026611,1,True,1,0.34,1
loc_01103,Difficult,Fés-Meknés,33.96104722222223,-4.247527777777778,4993.429485188908,28.03963451792719,15.2881298828125,1187.3582763671875,0.15,37058.92948252533,Difficult,original_733,0.8826751621613459,1,True,1,0.34,1
loc_01104,Difficult,Fés-Meknés,34.143230555555554,-4.008675,249.9216572624576,24.481659285316685,17.18673828125,1082.2313232421875,0.55,9666.450919878647,Difficult,original_733,0.2034029631256881,0,False,1,0.34,0
loc_01105,Difficult,Fés-Meknés,34.008225,-4.074116666666667,945.7714477335091,20.53863837208897,14.007578125,1227.5205078125,0.15,25371.28946403256,Difficult,original_733,0.8057409027571565,1,True,1,0.34,1
loc_01106,Difficult,Fés-Meknés,33.966855555555554,-4.1729416666666665,528.0790406008733,21.164317149909152,13.816845703125,1247.3056640625,0.55,32893.5619204142,Difficult,original_733,0.6652474115138665,1,True,1,0.34,1
loc_01107,Moderate,Fés-Meknés,34.02358611111111,-4.139525000000001,770.371669361277,21.985540333484515,14.85541015625,1504.4486083984375,0.55,25874.857554695187,Moderate,original_733,0.8918555009540795,1,False,0,0.34,1
loc_01108,Difficult,Fés-Meknés,33.84683611111112,-4.393052777777778,2397.010935622341,6.884273256386149,4.001103515625,1116.3583984375,0.2,40738.735318308856,Difficult,original_733,0.6501540601557059,1,True,1,0.34,1
loc_01109,Moderate,Fés-Meknés,33.845888888888894,-4.3907694444444445,2395.544915923066,6.333243145757508,3.41,1109.3389892578125,0.2,40943.339504798,Moderate,original_733,0.7171868550723611,1,False,0,0.34,1
loc_01110,Difficult,Fés-Meknés,34.082727777777784,-4.04535,262.90744370189384,21.36712710121543,11.8339306640625,1570.7408447265625,0.55,16710.884633830396,Difficult,original_733,0.9209627858889556,1,True,1,0.34,1
loc_01111,Difficult,Fés-Meknés,34.004672222222226,-4.047447222222222,2371.8991720740714,34.26003056378034,21.8206005859375,1128.93359375,0.55,25307.116165387342,Difficult,original_733,0.8874476900752724,1,True,1,0.34,1
loc_01112,Moderate,Fés-Meknés,33.21616111111111,-5.353725,980.2984890646128,8.99549567553857,5.8923974609375,1713.135498046875,0.55,26968.81477219644,Moderate,original_733,0.5880795308995995,1,False,0,0.34,1
loc_01113,Moderate,Fés-Meknés,34.02670277777778,-4.110097222222222,2226.5811251807727,1.596906174739236,0.74447265625,1300.5938720703125,0.2,24423.45156309518,Moderate,original_733,0.3885162107100902,0,True,0,0.34,1
loc_01114,Difficult,Fés-Meknés,34.05495,-4.098080555555555,2631.1901304206103,15.37342120751488,8.24591796875,1565.3624267578125,0.55,21097.329191473786,Difficult,original_733,0.8689537136104373,1,True,1,0.34,1
loc_01115,Difficult,Fés-Meknés,34.0603,-4.10743611111111,1583.8030072092242,4.29881719692066,2.2453271484375,1560.8753662109375,0.55,20903.350165734417,Difficult,original_733,0.585437226242863,1,True,1,0.34,1
loc_01116,Moderate,Fés-Meknés,32.987833333333334,-5.266194444444444,4274.758641868082,2.751774144065136,1.2411474609375,2039.6395263671875,0.15,49770.20695624287,Moderate,original_733,0.3782067327537182,0,True,0,0.34,1
loc_01117,Moderate,Fés-Meknés,33.64672222222222,-4.8097916666666665,1106.093354602257,0.3822953254004779,0.1825244140625,1370.84375,0.2,19931.5065884204,Moderate,original_733,0.0410038358951992,0,True,0,0.34,0
loc_01118,Difficult,Fés-Meknés,34.04631111111111,-4.0373833333333335,290.10928034199475,11.899925914504344,5.609140625,1284.1717529296875,0.35,20596.102068247703,Difficult,original_733,0.2645092639912253,0,False,1,0.34,0
loc_01120,Difficult,Fés-Meknés,33.88270277777778,-4.301880555555555,4771.656253196766,1.386930546918563,0.6963720703125,1341.3077392578125,0.2,47065.46267238002,Difficult,original_733,0.6463610059354779,1,True,1,0.34,1
loc_01121,Difficult,Fés-Meknés,33.97953055555556,-4.226177777777778,4020.330414690216,13.901647375606872,8.9362353515625,1237.1920166015625,0.55,34240.44455122417,Difficult,original_733,0.3840405970861419,0,False,1,0.34,1
loc_01122,Difficult,Fés-Meknés,33.902611111111106,-4.279113888888888,5914.446451671254,6.333598256918371,3.2505419921875,1269.36865234375,0.1,44051.22629358574,Difficult,original_733,0.1105051909245374,0,False,1,0.34,0
loc_01123,Difficult,Fés-Meknés,33.951372222222226,-4.268180555555555,5296.356287300266,2.515846579629784,1.438935546875,1283.5596923828125,0.2,39060.69367751644,Difficult,original_733,0.268971690453725,0,False,1,0.34,0
loc_01124,Moderate,Fés-Meknés,33.93301944444444,-4.264333333333333,5940.045965548491,1.10846422295897,0.5605908203125,1279.0775146484375,0.2,40494.81461758789,Moderate,original_733,0.8944896978292787,1,False,0,0.34,1
loc_01125,Moderate,Fés-Meknés,33.94747777777778,-4.231369444444445,3019.069700415758,6.506329407447351,3.996630859375,1305.1099853515625,0.2,37458.84522080829,Moderate,original_733,0.6393256923960899,1,False,0,0.34,1
loc_01126,Difficult,Fés-Meknés,33.85398888888889,-4.002897222222222,2827.191499183696,28.08226037934515,19.44630615234375,921.2977905273438,0.55,41833.03354114751,Difficult,original_733,0.7549229336948446,1,True,1,0.34,1
loc_01127,Difficult,Fés-Meknés,33.72283888888889,-4.261372222222223,171.3980371729951,19.00269100525489,13.048203125,1497.4814453125,0.55,54070.55121159284,Difficult,original_733,0.3819187564538252,0,False,1,0.34,1
loc_01128,Moderate,Fés-Meknés,33.73171666666667,-5.023344444444445,953.270560378666,6.916451621494987,3.7296240234375,1238.198486328125,0.15,20390.224788930183,Moderate,original_733,0.7717644632021077,1,False,0,0.34,1
loc_01129,Difficult,Fés-Meknés,34.144730555555554,-4.023936111111111,217.26164093366828,23.038075030812227,14.090146484375,1263.9869384765625,0.15,9583.592914034803,Difficult,original_733,0.6842668112263589,1,True,1,0.34,1
loc_01130,Difficult,Fés-Meknés,33.672197222222216,-4.150244444444445,177.73450047766624,22.492118599898063,14.5893408203125,1927.534423828125,0.15,63374.31177589762,Difficult,original_733,0.92177424342315,1,True,1,0.34,1
loc_01131,Difficult,Fés-Meknés,33.67719722222222,-4.157125000000001,965.7988971307932,26.500946929590736,15.814453125,1935.8450927734373,0.1,62963.67018731442,Difficult,original_733,0.7586647103516377,1,True,1,0.34,1
loc_01132,Easy,Fés-Meknés,33.675463888888885,-4.138188888888889,244.23743414733,30.605431686961776,24.427451171875,2032.4024658203125,0.1,62800.06164488253,Easy,original_733,0.8909454395356114,1,False,0,0.34,1
loc_01133,Difficult,Fés-Meknés,33.67615277777777,-4.165661111111112,1672.074408098273,25.62757731614323,15.78537109375,1933.450927734375,0.15,62762.46648241586,Difficult,original_733,0.9608955992905424,1,True,1,0.34,1
loc_01134,Difficult,Fés-Meknés,33.71246388888889,-4.173466666666667,4943.356028506938,38.36946279256126,26.8573193359375,1853.4898681640625,0.35,59503.15614800586,Difficult,original_733,0.9126025811630992,1,True,1,0.34,1
loc_01135,Moderate,Fés-Meknés,32.96511111111111,-5.264477777777778,4687.08042012715,9.779850866334868,5.2232373046875,1988.7958984375,0.15,52279.23096088131,Moderate,original_733,0.3375994782376528,0,True,0,0.34,0
loc_01136,Difficult,Fés-Meknés,33.73841111111111,-4.239441666666667,1817.502725630914,35.95456229444362,23.96037109375,1260.207275390625,0.35,55724.369240170345,Difficult,original_733,0.7867627311956206,1,True,1,0.34,1
loc_01137,Easy,Fés-Meknés,33.495075,-5.065358333333333,606.3864187835433,5.220010888146554,2.5847607421875,1720.96826171875,0.35,5318.10156242748,Easy,original_733,0.1871035253690321,0,True,0,0.34,0
loc_01138,Difficult,Fés-Meknés,33.69466111111111,-5.380022222222221,97.44841179496537,7.857311263315421,4.105419921875,923.7615966796876,0.15,26663.32998891657,Difficult,original_733,0.073733195533014,0,False,1,0.34,0
loc_01139,Difficult,Fés-Meknés,34.04939722222222,-4.101877777777777,2611.690073638183,20.619523927282703,10.457548828125,1531.4503173828125,0.35,21801.878507734,Difficult,original_733,0.8091157090653803,1,True,1,0.34,1
loc_01140,Difficult,Fés-Meknés,34.043175,-4.109075,2967.394784402233,8.457890393856692,5.33845703125,1521.586669921875,0.55,22699.05891512669,Difficult,original_733,0.7562255927589587,1,True,1,0.34,1
loc_00916,Difficult,Fés-Meknés,33.43595277777777,-4.359125,1007.726429458036,31.98113392539149,20.5323974609375,1454.6881103515625,0.15,35312.80789781569,Difficult,original_733,0.7404942218528905,1,True,1,0.34,1
loc_01141,Difficult,Fés-Meknés,33.44990555555555,-4.364108333333333,1511.4985953274556,19.1465246856803,11.783466796875,1460.5584716796875,0.35,35249.25065357686,Difficult,original_733,0.6714029897543732,1,True,1,0.34,1
loc_01142,Easy,Fés-Meknés,33.244683333333334,-5.347758333333333,58.2636099489559,2.5775462855735314,1.5442822265625,1699.108642578125,0.15,23890.579528205228,Easy,original_733,0.0483509379096672,0,True,0,0.34,0
loc_01143,Moderate,Fés-Meknés,34.10053611111111,-4.020405555555556,1419.4046983086444,7.330746277541059,4.009990234375,1434.376708984375,0.2,14444.09258553686,Moderate,original_733,0.4896948080070051,0,True,0,0.34,1
loc_01144,Difficult,Fés-Meknés,34.03856111111111,-4.091291666666667,1279.707639421868,22.55259628577884,16.09642578125,1552.7135009765625,0.55,22576.727120338728,Difficult,original_733,0.7520994976377336,1,True,1,0.34,1
loc_01145,Difficult,Fés-Meknés,34.129802777777776,-4.046383333333333,829.7120059078658,8.881960673997442,4.5783154296875,1516.702880859375,0.55,11647.025771568406,Difficult,original_733,0.2538580500053093,0,False,1,0.34,0
loc_01146,Moderate,Fés-Meknés,33.67271944444444,-4.193761111111112,3123.277460491635,31.10536619552759,20.065546875,1656.6259765625,0.55,60392.775418495774,Moderate,original_733,0.9395170250095676,1,False,0,0.34,1
loc_01147,Moderate,Fés-Meknés,33.28542222222222,-5.223811111111111,203.98989730311663,1.1596330348019266,0.6688671875,1821.703125,0.15,16545.36162088012,Moderate,original_733,0.0779098942857255,0,True,0,0.34,0
loc_00820,Difficult,Fés-Meknés,33.630408333333335,-4.1826083333333335,1433.0744300904687,33.03440531642411,20.52685546875,2515.531494140625,0.15,58747.248417098206,Difficult,original_733,0.8309313573276368,1,True,1,0.34,1
loc_00821,Moderate,Fés-Meknés,33.81390833333333,-4.675672222222223,930.757160966308,22.750403161048208,12.71334716796875,791.6115112304688,0.35,14616.198591928744,Moderate,original_733,0.161280250851339,0,True,0,0.34,0
loc_00822,Difficult,Fés-Meknés,34.06423888888889,-4.2653944444444445,35.93873510828753,17.648778349950227,9.47622314453125,830.8389282226562,0.55,29871.191608973088,Difficult,original_733,0.0340515986345324,0,False,1,0.34,0
loc_00823,Moderate,Fés-Meknés,33.49503888888889,-5.189722222222223,638.2832547240677,19.842176872803943,13.661953125,1368.9915771484375,0.55,7580.705185975984,Moderate,original_733,0.6256666946635807,1,False,0,0.34,1
loc_00824,Difficult,Fés-Meknés,33.89700833333333,-4.344252777777777,6156.733410715641,16.29630078254005,8.86552734375,1216.7462158203125,0.15,45865.96466442952,Difficult,original_733,0.5264728476496932,1,True,1,0.34,1
loc_00825,Difficult,Fés-Meknés,33.86452777777778,-4.890405555555555,845.5108221038391,18.20874254733352,9.57384033203125,960.5989990234376,0.15,6870.007387705602,Difficult,original_733,0.7192573532978118,1,True,1,0.34,1
loc_00826,Moderate,Fés-Meknés,33.970197222222225,-4.049877777777778,595.9717110275798,12.298602115239984,6.694482421875,1378.96484375,0.55,29137.050880605657,Moderate,original_733,0.7586242998470633,1,False,0,0.34,1
loc_00827,Difficult,Fés-Meknés,34.10189444444445,-4.083633333333333,796.138957481859,22.316470405170087,13.842666015625,1537.2919921875,0.55,15785.047916157751,Difficult,original_733,0.7989841306284972,1,True,1,0.34,1
loc_00828,Difficult,Fés-Meknés,33.430074999999995,-4.946205555555556,1243.8591713622925,5.579465782613645,2.825478515625,1745.6129150390625,0.15,18470.02560185323,Difficult,original_733,0.2923900054993172,0,False,1,0.34,0
loc_00829,Difficult,Fés-Meknés,33.69928611111111,-4.693583333333334,1586.1381911250169,20.28549792374963,10.6707421875,1563.8626708984375,0.15,19026.02892067189,Difficult,original_733,0.8352675610785176,1,True,1,0.34,1
loc_00830,Easy,Fés-Meknés,34.192763888888884,-4.166980555555556,75.58829463019612,7.204688144634332,3.2969873046875,554.9652709960938,0.05,15012.739853112813,Easy,original_733,0.2537006126400765,0,True,0,0.34,0
loc_00831,Difficult,Fés-Meknés,33.77836666666666,-4.5620416666666666,2814.7867021486986,6.739768807988068,3.5442919921875,875.7269897460938,0.15,25595.85607067748,Difficult,original_733,0.5336210866807097,1,True,1,0.34,1
loc_00832,Moderate,Fés-Meknés,33.88885555555556,-4.262888888888889,3971.96927893833,35.34147320187256,21.1603076171875,1429.318603515625,0.55,44525.51462795213,Moderate,original_733,0.9607894669925436,1,False,0,0.34,1
loc_00833,Moderate,Fés-Meknés,33.920541666666665,-4.363547222222222,3983.701720825118,14.324479442505147,7.53783935546875,989.4691772460938,0.15,44656.96762963243,Moderate,original_733,0.6682721825387744,1,False,0,0.34,1
loc_00834,Difficult,Fés-Meknés,33.5172,-4.913855555555556,5064.817417252092,9.489326361698764,5.9723486328125,1896.22802734375,0.15,17979.548154318298,Difficult,original_733,0.7554420737861429,1,True,1,0.34,1
loc_00835,Difficult,Fés-Meknés,33.66533333333333,-4.196561111111111,2338.7970566218905,12.460819091941634,6.035771484375,1810.0357666015625,0.55,59716.22181800625,Difficult,original_733,0.7957861344986253,1,True,1,0.34,1
loc_00836,Difficult,Fés-Meknés,33.704905555555555,-4.166080555555556,3882.959322988835,25.505806542428896,15.3954248046875,2048.541748046875,0.1,60150.25451228988,Difficult,original_733,0.8914351329222514,1,True,1,0.34,1
loc_00837,Difficult,Fés-Meknés,33.59842777777778,-4.2674,1351.6602587388045,19.137131712613208,10.668505859375,2353.26513671875,0.15,50179.63762319871,Difficult,original_733,0.7609433068445011,1,True,1,0.34,1
loc_00838,Difficult,Fés-Meknés,33.49328611111111,-4.916116666666667,4720.833213630307,15.094981129431554,8.221640625,1938.0911865234373,0.15,18141.040050443626,Difficult,original_733,0.7163663542809686,1,True,1,0.34,1
loc_00839,Moderate,Fés-Meknés,33.44167777777778,-4.334855555555556,1063.5111358449235,21.122236507202143,12.5253466796875,1809.70849609375,0.35,37650.45529444796,Moderate,original_733,0.8739451677700769,1,False,0,0.34,1
loc_00840,Difficult,Fés-Meknés,33.410669444444444,-4.8735388888888895,3977.379577793232,8.525556974958121,4.364140625,1549.7137451171875,0.15,14346.524821588102,Difficult,original_733,0.138948087568501,0,False,1,0.34,0
loc_00841,Easy,Fés-Meknés,33.59500555555556,-5.3587444444444445,687.1067141528611,4.91313285367261,2.61736328125,1290.5048828125,0.15,21674.99466708493,Easy,original_733,0.4593176872100767,0,True,0,0.34,1
loc_00867,Easy,Fés-Meknés,33.62390555555556,-4.447261111111112,333.4715801356775,13.8799808149924,7.6282421875,1062.3541259765625,0.15,39011.21938326559,Easy,original_733,0.2517953042697038,0,True,0,0.34,0
loc_00868,Easy,Fés-Meknés,33.68239166666667,-4.457058333333333,88.87410359467344,9.578802374839409,5.79780029296875,861.42529296875,0.15,38226.32570719471,Easy,original_733,0.2612163319522936,0,True,0,0.34,0
loc_00869,Easy,Fés-Meknés,33.645875,-4.472341666666667,2628.0212668617824,10.089483647086322,5.6655224609375,908.860595703125,0.15,38866.27607180163,Easy,original_733,0.7366016009136334,1,False,0,0.34,1
loc_00870,Difficult,Fés-Meknés,33.82606944444445,-4.846188888888888,463.5970861352086,18.114088623343665,10.7425439453125,935.1889038085938,0.15,1194.3935067181644,Difficult,original_733,0.3925482820313025,0,False,1,0.34,1
loc_00871,Moderate,Fés-Meknés,33.69641111111111,-4.353727777777777,982.0094636879002,12.955719180054915,7.18845703125,1222.3917236328125,0.35,46581.80113264966,Moderate,original_733,0.1871658010002203,0,True,0,0.34,0
loc_00872,Easy,Fés-Meknés,33.77083888888889,-4.319133333333333,139.86372948882286,4.269587041508975,2.202607421875,839.8147583007812,0.55,47892.83095632446,Easy,original_733,0.0628226374619493,0,True,0,0.34,0
loc_00873,Easy,Fés-Meknés,33.15085,-5.053672222222222,265.50558578073947,3.3495228602506546,1.848623046875,1920.428466796875,0.15,35369.92760905332,Easy,original_733,0.0475415301116427,0,True,0,0.34,0
loc_00874,Moderate,Fés-Meknés,33.64585833333333,-4.650772222222223,1178.3651783223045,35.688581740422656,25.444453125,1378.5233154296875,0.35,26102.42729754614,Moderate,original_733,0.3225059189424596,0,True,0,0.34,0
loc_00875,Difficult,Fés-Meknés,33.648944444444446,-4.417163888888889,1896.8861951222505,7.710686636877195,4.7305859375,1118.2537841796875,0.15,42945.94409993247,Difficult,original_733,0.4651607367289926,0,False,1,0.34,1
loc_00876,Moderate,Fés-Meknés,33.73292222222222,-4.382358333333333,1454.2929420688984,4.689745373695243,2.4216015625,1066.5474853515625,0.2,42917.509468361146,Moderate,original_733,0.6012724084176236,1,False,0,0.34,1
loc_00877,Difficult,Fés-Meknés,33.82904444444445,-4.649525,247.04307783992573,19.73664850768964,12.181865234375,553.9539794921875,0.15,16985.26994444983,Difficult,original_733,0.0489391979911638,0,False,1,0.34,0
loc_00878,Difficult,Fés-Meknés,33.932319444444445,-3.987136111111111,4742.980879720557,8.992015672188709,6.0221826171875,1491.491943359375,0.35,33185.28545947679,Difficult,original_733,0.1207657691416738,0,False,1,0.34,0
loc_00879,Easy,Fés-Meknés,33.65264722222222,-4.565633333333333,259.74890142612566,2.1507767611145314,1.137197265625,917.2529296875,0.15,31298.55676312453,Easy,original_733,0.0505960692232796,0,True,0,0.34,0
loc_00880,Easy,Fés-Meknés,33.70815555555556,-4.641630555555556,2901.732053212392,22.127880327937486,12.8252197265625,1046.878173828125,0.35,21966.68632205318,Easy,original_733,0.5896182323305881,1,False,0,0.34,1
loc_00881,Easy,Fés-Meknés,33.81769444444445,-4.421363888888889,461.463769727716,3.2380506734553944,1.916669921875,1099.8790283203125,0.2,38065.66940697924,Easy,original_733,0.0316839775811494,0,True,0,0.34,0
loc_00882,Moderate,Fés-Meknés,33.74138888888889,-4.326219444444444,2.869901584621676,8.1235464620095,4.5328173828125,1077.5333251953125,0.2,47778.41469223637,Moderate,original_733,0.0392385795236727,0,True,0,0.34,0
loc_00883,Easy,Fés-Meknés,33.85794722222222,-4.850958333333333,23.041523725546924,6.337987112025647,3.861259765625,803.017822265625,0.15,4019.180296988746,Easy,original_733,0.076942608878896,0,True,0,0.34,0
loc_00884,Easy,Fés-Meknés,33.58542222222223,-4.531686111111111,1084.375678142718,4.945672344433525,2.14041748046875,875.5919799804688,0.1,30727.78391732533,Easy,original_733,0.1921904140790053,0,True,0,0.34,0
loc_00885,Easy,Fés-Meknés,33.6672,-4.486122222222222,2790.430953301923,7.827983738430436,4.99843505859375,837.5370483398438,0.15,36580.0048952536,Easy,original_733,0.3024063575564495,0,True,0,0.34,0
loc_00886,Moderate,Fés-Meknés,33.23932777777778,-5.05505,116.02251259676812,9.282231396037051,4.3026123046875,1839.586181640625,0.1,26898.23697524369,Moderate,original_733,0.3005084380875147,0,True,0,0.34,0
loc_00887,Moderate,Fés-Meknés,33.47506666666667,-4.453991666666667,237.99177342279515,9.013015724814272,4.1921240234375,1438.8193359375,0.35,28412.36799983124,Moderate,original_733,0.2328925800253303,0,True,0,0.34,0
loc_00888,Moderate,Fés-Meknés,33.41758333333333,-4.443222222222222,25.890339000737328,10.645495644690884,6.689306640625,1617.5784912109375,0.1,27249.669100712163,Moderate,original_733,0.1017651086994679,0,True,0,0.34,0
loc_00889,Moderate,Fés-Meknés,33.409930555555555,-4.309961111111111,35.63268892431195,8.820654740311236,4.7220849609375,1444.7086181640625,0.1,39295.265455284905,Moderate,original_733,0.0518044319044005,0,True,0,0.34,0
loc_00890,Moderate,Fés-Meknés,33.48017222222222,-4.465558333333333,299.641595271615,12.636834720979127,6.166708984375,1592.0947265625,0.15,27709.86534444193,Moderate,original_733,0.2014297742694127,0,True,0,0.34,0
loc_00891,Moderate,Fés-Meknés,33.47431666666667,-4.462652777777778,282.96710285479145,19.21374198803211,10.417197265625,1578.26513671875,0.35,27653.89768602613,Moderate,original_733,0.5270316350363927,1,False,0,0.34,1
loc_00892,Moderate,Fés-Meknés,33.41518611111111,-4.376255555555555,2928.1195716381567,11.51574721556727,6.5224462890625,1450.66259765625,0.15,33296.89735274885,Moderate,original_733,0.2134330060585087,0,True,0,0.34,0
loc_00893,Moderate,Fés-Meknés,33.415524999999995,-4.3809,3331.5527079878207,5.49259235496644,2.9363720703125,1420.2939453125,0.15,32878.68825752474,Moderate,original_733,0.20263594033214,0,True,0,0.34,0
loc_00894,Difficult,Fés-Meknés,33.29682222222222,-4.703822222222223,1332.2499921152105,25.45577731977279,16.3686865234375,1948.89111328125,0.15,7822.020589436082,Difficult,original_733,0.6262032001193709,1,True,1,0.34,1
loc_00895,Moderate,Fés-Meknés,33.423427777777775,-4.452688888888889,734.2009344845422,6.63328598727975,2.944931640625,1704.907958984375,0.1,26546.89040193417,Moderate,original_733,0.2512950310582609,0,True,0,0.34,0
loc_00896,Moderate,Fés-Meknés,33.51165833333334,-4.435205555555556,1941.3338591712327,15.978103614405448,8.5904443359375,1353.6209716796875,0.15,31881.28114419837,Moderate,original_733,0.4278664850563013,0,True,0,0.34,1
loc_00897,Easy,Fés-Meknés,33.249405555555555,-4.829572222222222,91.99447791511678,4.490926002698108,2.56935546875,2106.531005859375,0.2,15752.60354179868,Easy,original_733,0.2670466213707731,0,True,0,0.34,0
loc_00898,Moderate,Fés-Meknés,33.44374444444444,-4.391513888888889,3954.8718095718086,8.313119114607954,5.2873583984375,1263.5926513671875,0.1,32616.01741913262,Moderate,original_733,0.1847736354462691,0,True,0,0.34,0
loc_00899,Moderate,Fés-Meknés,33.446866666666665,-4.422569444444445,2340.3851230753858,10.76189316527296,6.554970703125,1397.8507080078125,0.35,29957.454123005533,Moderate,original_733,0.1272584511045089,0,True,0,0.34,0
loc_00900,Moderate,Fés-Meknés,33.445027777777774,-4.315963888888889,1291.4423413102238,7.941758038100051,4.5085400390625,1402.7025146484375,0.15,39442.0862464168,Moderate,original_733,0.1609449203134433,0,True,0,0.34,0
loc_00901,Moderate,Fés-Meknés,33.42992777777778,-4.3973,4430.562997263129,2.8331724469516524,1.4449951171875,1433.694091796875,0.15,31710.86653549713,Moderate,original_733,0.3060253365439018,0,True,0,0.34,0
loc_00902,Moderate,Fés-Meknés,33.44323055555555,-4.317419444444444,1229.5862584314975,5.969293713648748,3.3247509765625,1393.6973876953125,0.15,39265.524765162765,Moderate,original_733,0.2432611973385047,0,True,0,0.34,0
loc_00903,Moderate,Fés-Meknés,33.46462777777778,-3.971455555555556,112.78200557019234,19.987077767442912,12.2302587890625,1450.4691162109375,0.15,71252.8436394736,Moderate,original_733,0.4091783238027533,0,True,0,0.34,1
loc_00904,Easy,Fés-Meknés,33.147,-4.980333333333333,11.465825537176714,2.38816776273968,1.37921875,1988.9359130859373,0.15,33538.00741607864,Easy,original_733,0.0592457932672875,0,True,0,0.34,0
loc_00905,Moderate,Fés-Meknés,33.45751944444445,-4.459761111111112,242.4533152955196,11.54586577627835,6.15259765625,1525.3016357421875,0.15,27125.81507179261,Moderate,original_733,0.2290265910637818,0,True,0,0.34,0
loc_00906,Moderate,Fés-Meknés,33.456136111111114,-4.453475,314.37591553376217,18.08514379698684,10.4404150390625,1556.216796875,0.15,27608.02903451425,Moderate,original_733,0.4606466580772403,0,True,0,0.34,1
loc_00907,Moderate,Fés-Meknés,33.45088333333334,-4.423069444444445,2378.7408538917134,18.765491744204017,13.5944482421875,1532.8671875,0.35,30053.603317265584,Moderate,original_733,0.5165611269075256,1,False,0,0.34,1
loc_00908,Moderate,Fés-Meknés,33.467105555555555,-4.449630555555556,14.72297929033144,17.864086186600172,10.2842041015625,1532.3729248046875,0.1,28408.998839061765,Moderate,original_733,0.0549933676463474,0,True,0,0.34,0
loc_00909,Moderate,Fés-Meknés,33.46763888888889,-4.434291666666667,1398.1728939537322,18.109143058325905,11.1097998046875,1446.863037109375,0.35,29739.55753911342,Moderate,original_733,0.6390700084587586,1,False,0,0.34,1
loc_00910,Moderate,Fés-Meknés,33.467083333333335,-4.4334444444444445,1473.741973617329,22.73002696321956,13.5766796875,1493.877197265625,0.35,29788.24710436704,Moderate,original_733,0.7740896338814185,1,False,0,0.34,1
loc_00912,Moderate,Fés-Meknés,33.45984166666667,-4.393072222222223,4222.481311304972,12.906288917612551,7.454921875,1237.307373046875,0.15,33008.999919759575,Moderate,original_733,0.1256241773847441,0,True,0,0.34,0
loc_00913,Moderate,Fés-Meknés,33.459563888888894,-4.386308333333334,3595.793747661069,8.101880182648932,4.4171923828125,1271.4453125,0.15,33593.90184723155,Moderate,original_733,0.3286165654968769,0,True,0,0.34,0
loc_00914,Moderate,Fés-Meknés,33.42688888888889,-4.419608333333334,2329.9679566739483,8.261688254904916,4.879580078125,1443.678955078125,0.15,29618.86318972793,Moderate,original_733,0.105210340598478,0,True,0,0.34,0
loc_00915,Moderate,Fés-Meknés,33.44114166666667,-4.395372222222223,4309.261984877849,21.181365092113108,13.3184716796875,1300.6700439453125,0.15,32193.49394729596,Moderate,original_733,0.4737684865945961,0,True,0,0.34,1
loc_01020,Difficult,Fés-Meknés,33.47374722222222,-4.638691666666666,259.13843592005327,22.53863510092343,14.6402294921875,1216.483154296875,0.15,14853.432339276533,Difficult,original_733,0.7558596987052473,1,True,1,0.34,1
loc_01021,Difficult,Fés-Meknés,33.96036666666667,-3.96215,3677.027163888008,33.41302392640976,22.4455712890625,1228.287353515625,0.55,30322.32919657913,Difficult,original_733,0.8034183749395115,1,True,1,0.34,1
loc_01022,Difficult,Fés-Meknés,33.598683333333334,-4.774555555555556,2310.19525554112,14.217622137475733,9.4738232421875,1474.72607421875,0.15,25734.811018677305,Difficult,original_733,0.4337748786964249,0,False,1,0.34,1
loc_01023,Easy,Fés-Meknés,33.64166111111111,-4.991175,632.6047403584067,9.366993086709902,5.9157763671875,1495.085205078125,0.15,16636.51231576561,Easy,original_733,0.5629888690748659,1,False,0,0.34,1
loc_01024,Difficult,Fés-Meknés,33.05074722222222,-5.280627777777778,1553.0013653473109,30.750561221683967,23.8043701171875,1587.829833984375,0.15,42933.028128818674,Difficult,original_733,0.3413219623354877,0,False,1,0.34,1
loc_01025,Moderate,Fés-Meknés,33.44948333333333,-4.338158333333333,465.35646190835286,25.958094305194656,15.8967333984375,1342.886962890625,0.15,37561.29341413098,Moderate,original_733,0.7488682615571485,1,False,0,0.34,1
loc_01026,Difficult,Fés-Meknés,33.54183055555556,-4.4101944444444445,2755.204266892191,26.84630619930157,12.50006103515625,1002.31298828125,0.15,35635.07080784893,Difficult,original_733,0.6989458081992637,1,True,1,0.34,1
loc_01027,Difficult,Fés-Meknés,33.72211388888889,-4.227055555555555,2103.686548442693,23.45633355670181,9.426806640625,1238.8206787109375,0.15,57191.92377216231,Difficult,original_733,0.7474999012058348,1,True,1,0.34,1
loc_01028,Difficult,Fés-Meknés,33.463369444444446,-4.682261111111111,789.1081885549904,14.911833106884378,9.1682080078125,1339.7427978515625,0.15,11911.184731594927,Difficult,original_733,0.3935786672811585,0,False,1,0.34,1
loc_01029,Difficult,Fés-Meknés,33.48104444444444,-4.7156,402.9691486939232,15.924892766489243,9.3374462890625,1419.6044921875,0.35,13101.80765236788,Difficult,original_733,0.3182612858570046,0,False,1,0.34,0
loc_01030,Difficult,Fés-Meknés,33.72848611111111,-4.238280555555556,1208.9592736273974,35.094060239075134,18.7445947265625,1140.9842529296875,0.35,56033.8447084437,Difficult,original_733,0.6437619059123413,1,True,1,0.34,1
loc_01031,Difficult,Fés-Meknés,33.25000555555555,-4.836361111111111,683.595515160411,21.10834476711648,12.827529296875,2237.478271484375,0.15,16080.2559631505,Difficult,original_733,0.3835192196956902,0,False,1,0.34,1
loc_01032,Difficult,Fés-Meknés,33.94078888888889,-3.992705555555556,3705.204106072569,38.715369208152346,25.85675537109375,902.8536987304688,0.55,32215.912009581672,Difficult,original_733,0.8225191609810653,1,True,1,0.34,1
loc_01033,Difficult,Fés-Meknés,33.73351666666667,-4.2394388888888885,1415.5717477477376,43.565830595777086,38.39783203125,1157.4622802734375,0.15,55822.66091847706,Difficult,original_733,0.1012676644899682,0,False,1,0.34,0
loc_01034,Difficult,Fés-Meknés,33.16766944444444,-5.177058333333334,2808.125642506752,22.746770514157586,10.9420947265625,1728.0906982421875,0.15,29992.35689915712,Difficult,original_733,0.6349882984853898,1,True,1,0.34,1
loc_01035,Moderate,Fés-Meknés,33.762230555555554,-5.143988888888889,2960.7068656097067,14.866713935151324,8.524951171875,1070.7708740234375,0.15,26308.010167082884,Moderate,original_733,0.6225920162813573,1,False,0,0.34,1
loc_01037,Moderate,Fés-Meknés,33.48793888888889,-4.806505555555556,4062.074867846755,10.415086626039322,6.095283203125,1568.5889892578125,0.15,15541.032212991084,Moderate,original_733,0.5001700746143926,1,False,0,0.34,1
loc_01038,Difficult,Fés-Meknés,33.90555277777778,-4.027030555555555,200.83932164968368,7.736933598318186,3.75603759765625,876.13525390625,0.35,36127.7783562956,Difficult,original_733,0.2738219393151049,0,False,1,0.34,0
loc_00212,Easy,Rabat-Salé-Kénitra,33.39418611111111,-6.580788888888889,72.95205593115334,4.49880831711727,6.043435341070507,663.9046020507812,0.15,60715.526333693015,Easy,original_733,0.0847730158311134,0,True,0,0.09,0
loc_00215,Difficult,Rabat-Salé-Kénitra,33.418055555555554,-6.1025,2934.7080112215344,9.260121288228264,12.3679390899406,1094.5390625,0.15,45921.543124997785,Difficult,original_733,0.0903146413355096,0,False,1,0.09,1
loc_00216,Difficult,Rabat-Salé-Kénitra,33.4225,-6.101944444444444,3314.9803800653053,14.85193425768101,15.642600319602272,1090.9998779296875,0.15,45425.142427931845,Difficult,original_733,0.1234272651825472,0,False,1,0.09,1
loc_00213,Moderate,Rabat-Salé-Kénitra,33.441111111111105,-6.0525,383.703742020012,9.770978255625971,10.299477821539256,1057.6158447265625,0.15,43314.39369054656,Moderate,original_733,0.8182761864982373,1,False,0,0.09,1
loc_00214,Moderate,Rabat-Salé-Kénitra,33.441111111111105,-6.0525,383.703742020012,9.770978255625971,10.299477821539256,1057.6158447265625,0.15,43314.39369054656,Moderate,original_733,0.8182761864982373,1,False,0,0.09,1
loc_00224,Moderate,Rabat-Salé-Kénitra,33.48583333333333,-6.158333333333334,25.06700932051426,8.407937950893986,11.69063599641658,966.596923828125,0.15,39114.71660600604,Moderate,original_733,0.0719770441003695,0,True,0,0.09,0
loc_00211,Moderate,Rabat-Salé-Kénitra,33.52388888888889,-6.256388888888889,0.5709634743400596,20.046784764531846,21.15651179542226,660.7017211914062,0.15,38078.45411526079,Moderate,original_733,0.0815748532540071,0,True,0,0.09,0
loc_00210,Easy,Rabat-Salé-Kénitra,33.52833333333333,-6.251666666666667,2.190064083243175,21.21919430792612,15.589568839585484,635.47900390625,0.15,37441.325634026405,Easy,original_733,0.0434174102433856,0,True,0,0.09,0
loc_00205,Moderate,Rabat-Salé-Kénitra,33.54575277777778,-6.007341666666667,5.661709784780889,5.556494651297465,6.160515399018595,1070.009521484375,0.2,32209.813095178008,Moderate,original_733,0.0893740674893781,0,True,0,0.09,0
loc_00208,Moderate,Rabat-Salé-Kénitra,33.545833333333334,-6.0075,5.581808355508264,5.24675434150337,6.475165248902376,1067.983642578125,0.2,32198.270257948785,Moderate,original_733,0.0415973230075213,0,True,0,0.09,0
loc_00207,Moderate,Rabat-Salé-Kénitra,33.54856111111111,-6.030172222222222,258.6879037775353,11.490284717562034,12.061248527085484,1011.2996215820312,0.35,31571.53097189196,Moderate,original_733,0.1361901657286418,0,True,0,0.09,1
loc_00209,Moderate,Rabat-Salé-Kénitra,33.55333333333333,-6.070277777777777,245.71801974237928,16.379841052853482,12.895450308303202,827.38720703125,0.15,30796.59530720215,Moderate,original_733,0.1739696320604546,0,True,0,0.09,1
loc_00206,Moderate,Rabat-Salé-Kénitra,33.556780555555555,-6.039383333333333,297.6730525734667,20.928065071545408,16.832032763268337,902.5297241210938,0.15,30567.4419893282,Moderate,original_733,0.7343775139753382,1,False,0,0.09,1
loc_00222,Easy,Rabat-Salé-Kénitra,33.565216666666664,-6.749641666666666,1.6949319878538958,28.495191909957573,33.90506183214424,370.12109375,0.15,51470.22509740384,Easy,original_733,0.0193015301432231,0,True,0,0.09,0
loc_00218,Moderate,Rabat-Salé-Kénitra,33.57888888888889,-6.270833333333333,72.85062324192181,6.196516039786277,7.525026179542226,459.6910705566406,0.2,33431.706962358294,Moderate,original_733,0.1357870143205177,0,True,0,0.09,1
loc_00204,Easy,Rabat-Salé-Kénitra,33.599044444444445,-6.110261111111111,2.391769284105284,16.860323383144852,15.28032488862345,766.760986328125,0.55,25947.81554378532,Easy,original_733,0.0245225425846036,0,True,0,0.09,0
loc_00223,Easy,Rabat-Salé-Kénitra,33.61027777777778,-6.405,1452.1428009939073,6.376587451304848,12.05689409744641,305.7875366210937,0.2,32587.847713081694,Easy,original_733,0.0953458624838708,0,True,0,0.09,1
loc_00221,Easy,Rabat-Salé-Kénitra,33.621944444444445,-6.416666666666667,95.01997152646516,5.605332461834372,4.567215722454481,236.5865631103516,0.2,31631.48179600992,Easy,original_733,0.1971863888777782,0,True,0,0.09,1
loc_00219,Easy,Rabat-Salé-Kénitra,33.64218611111111,-6.135827777777778,4.703701814417141,10.633240768210394,10.385490480533315,506.6870727539063,0.15,21717.539465801623,Easy,original_733,0.0113566953929569,0,True,0,0.09,0
loc_00217,Easy,Rabat-Salé-Kénitra,33.644644444444445,-6.143858333333334,0.5971327671255368,18.999313546700787,19.11281566777505,456.5656433105469,0.55,21668.50630404574,Easy,original_733,0.0236229635481104,0,True,0,0.09,0
loc_00220,Moderate,Rabat-Salé-Kénitra,33.686030555555554,-6.443472222222223,1.2892714245305898,10.551808625190333,13.20045307254003,429.4542541503906,0.2,25922.984866413182,Moderate,original_733,0.0137429016374402,0,True,0,0.09,0
loc_00106,Moderate,Souss-Massa,29.06027,-8.925848,4139.968955424041,0.8771481501016923,0.7460352369576446,543.4288940429688,0.1,105493.02169167464,Moderate,original_733,0.7314175880857869,1,False,0,0.26,1
loc_00105,Moderate,Souss-Massa,29.086675,-8.85169,2772.605326220272,0.752924066313655,0.3279065849367252,532.5695190429688,0.1,109049.70301424002,Moderate,original_733,0.0604299333147794,0,True,0,0.26,0
loc_00131,Difficult,Souss-Massa,29.167098,-8.958087,55.25841346497987,17.673320572633347,20.60880197572314,684.3395385742188,0.1,95393.27965284909,Difficult,original_733,0.0569985225586746,0,False,1,0.26,0
loc_00133,Moderate,Souss-Massa,29.21444444444444,-8.233055555555556,9500.309283786615,10.60281612870176,12.926857435998835,496.9561767578125,0.1,64412.89380571784,Moderate,original_733,0.1861573448322308,0,True,0,0.26,0
loc_00129,Moderate,Souss-Massa,29.254602,-8.694864,63.11248821405194,25.56594265965004,26.830497300329288,589.399169921875,0.1,88976.98098486787,Moderate,original_733,0.1009766423723082,0,True,0,0.26,0
loc_00092,Moderate,Souss-Massa,29.270107,-8.678496,2227.558329098932,32.48429056559153,35.3710579359827,731.8260498046875,0.1,86664.52585776061,Moderate,original_733,0.0388683138745591,0,True,0,0.26,0
loc_00095,Moderate,Souss-Massa,29.270107,-8.678496,2227.558329098932,32.48429056559153,35.3710579359827,731.8260498046875,0.1,86664.52585776061,Moderate,original_733,0.0388683138745591,0,True,0,0.26,0
loc_00139,Moderate,Souss-Massa,29.32638888888889,-8.531111111111112,2857.5015722555013,22.16652854937555,25.21187824848269,851.4248657226562,0.1,71637.99555993568,Moderate,original_733,0.0318173743146783,0,True,0,0.26,0
loc_00096,Easy,Souss-Massa,29.442398,-8.264208,594.1015242518711,23.01795212932434,30.47660487151343,614.5865478515625,0.1,44204.01319685871,Easy,original_733,0.1244608341389721,0,True,0,0.26,0
loc_00097,Easy,Souss-Massa,29.442398,-8.264208,594.1015242518711,23.01795212932434,30.47660487151343,614.5865478515625,0.1,44204.01319685871,Easy,original_733,0.1244608341389721,0,True,0,0.26,0
loc_00135,Moderate,Souss-Massa,29.47055555555556,-8.293055555555556,2440.609655592564,2.2216868585441016,1.9429623942729848,574.3182983398438,0.1,43801.09328790528,Moderate,original_733,0.0341674544753019,0,True,0,0.26,0
loc_00103,Easy,Souss-Massa,29.475754,-8.277655,1018.9133494132022,2.306984839941124,1.8974569021177683,579.6940307617188,0.1,42337.579747520926,Easy,original_733,0.0169808183939193,0,True,0,0.26,0
loc_00088,Moderate,Souss-Massa,29.483864,-8.295043,2734.4029633338378,3.486324251041411,2.383620585291838,579.846923828125,0.1,42917.02094782206,Moderate,original_733,0.0498957329469205,0,True,0,0.26,0
loc_00089,Moderate,Souss-Massa,29.483864,-8.295043,2734.4029633338378,3.486324251041411,2.383620585291838,579.846923828125,0.1,42917.02094782206,Moderate,original_733,0.0498957329469205,0,True,0,0.26,0
loc_00090,Moderate,Souss-Massa,29.603338,-8.251098,413.9818941990295,18.33481131104658,17.14321268885589,770.0392456054688,0.1,31505.89505847208,Moderate,original_733,0.4811022207243792,0,True,0,0.26,1
loc_00137,Moderate,Souss-Massa,29.61583333333333,-8.261111111111111,725.9648893951098,6.327861822444092,10.140965485375776,776.7150268554688,0.1,31682.85720386229,Moderate,original_733,0.1431042400328476,0,True,0,0.26,0
loc_00102,Easy,Souss-Massa,29.705037,-7.986517,578.940300659856,0.9649669112691428,0.9674218548230888,631.6235961914062,0.2,4879.833080778235,Easy,original_733,0.0554959340438499,0,True,0,0.26,0
loc_00125,Moderate,Souss-Massa,29.732906,-8.189294,4887.783750300063,9.629127835856108,13.825940344944474,948.2532958984376,0.1,21263.74252699825,Moderate,original_733,0.1187898238180141,0,True,0,0.26,0
loc_00126,Moderate,Souss-Massa,29.734488,-8.261025,6602.731461462558,10.491992966549876,14.140487797004132,975.6331176757812,0.55,28167.267822138285,Moderate,original_733,0.225982316272867,0,True,0,0.26,0
loc_00117,Moderate,Souss-Massa,29.751482,-8.161377,5799.9395459677735,30.71713166770392,43.678281169292354,1531.5142822265625,0.1,18522.369114854995,Moderate,original_733,0.2240146331302779,0,True,0,0.26,0
loc_00138,Moderate,Souss-Massa,29.84722222222222,-8.516944444444444,779.4634670165038,13.185011390292324,14.69758542904184,1238.672119140625,0.1,53991.93989689765,Moderate,original_733,0.0970083759043063,0,True,0,0.26,0
loc_00093,Moderate,Souss-Massa,29.850649,-8.512572,1323.552277545519,21.895878364173857,35.38970896823347,1341.591796875,0.1,53659.44616492296,Moderate,original_733,0.0907051388834563,0,True,0,0.26,0
loc_00091,Moderate,Souss-Massa,29.854611,-8.533996,462.8707566984186,3.1260740200288675,3.16756521177686,1131.458251953125,0.1,55772.00239851437,Moderate,original_733,0.103351688610454,0,True,0,0.26,0
loc_00132,Easy,Souss-Massa,29.888118,-6.827353,16007.485861134071,29.37609952730305,36.243154982889976,694.3156127929688,0.1,107082.71865803836,Easy,original_733,0.4925922707251349,0,True,0,0.26,1
loc_00100,Easy,Souss-Massa,29.91642,-7.374716,2909.414155702192,5.20687268704095,8.004744600658574,621.0863037109375,0.1,60417.7006086088,Easy,original_733,0.080791921482186,0,True,0,0.26,0
loc_00111,Moderate,Souss-Massa,30.089514,-6.910584,3161.294997623536,13.260041691885515,21.62759727288869,818.7493896484375,0.1,92367.2961797405,Moderate,original_733,0.0558678383110142,0,True,0,0.26,0
loc_00134,Easy,Souss-Massa,30.09611111111111,-6.887499999999999,1046.684086463323,17.853081606431704,26.24224349092846,938.107421875,0.1,91661.19509400873,Easy,original_733,0.1132442167842632,0,True,0,0.26,0
loc_00099,Easy,Souss-Massa,30.140782,-6.877585,16.553922878181726,1.65072685623932,1.3149232470299588,677.3510131835938,0.1,86725.34864337214,Easy,original_733,0.0149561915354415,0,True,0,0.26,0
loc_00123,Difficult,Souss-Massa,30.195719,-7.540216,223.7292736883057,7.72601520562961,9.68513829254907,1114.17529296875,0.55,64861.542316545136,Difficult,original_733,0.3737963986629429,0,False,1,0.26,1
loc_00121,Moderate,Souss-Massa,30.308991,-6.837444,717.2975858751397,1.1312669676933715,1.177775233245093,809.2957153320312,0.1,68325.34361178312,Moderate,original_733,0.023752682845518,0,True,0,0.26,0
loc_00263,Moderate,Eddakhla-Oued Eddahab,22.55027777777778,-14.317222222222222,197.2961000529725,0.7922918861089138,0.8448534248288998,309.59716796875,0.1,209330.8512233057,Moderate,original_733,0.3871227391416554,0,True,0,0.13,1
loc_00264,Moderate,Eddakhla-Oued Eddahab,22.55027777777778,-14.317222222222222,197.2961000529725,0.7922918861089138,0.8448534248288998,309.59716796875,0.1,209330.8512233057,Moderate,original_733,0.3871227391416554,0,True,0,0.13,1
loc_00265,Moderate,Eddakhla-Oued Eddahab,22.59777777777777,-14.4025,211.4617554889434,5.346308889928751,7.196027014866348,298.3929138183594,0.1,199176.76486551567,Moderate,original_733,0.2840444941564739,0,True,0,0.13,1
loc_00267,Moderate,Eddakhla-Oued Eddahab,22.612222222222226,-14.4825,5142.072689349501,23.40587610820144,28.309610414110924,343.8375244140625,0.1,191755.49901570767,Moderate,original_733,0.4290817768377332,0,True,0,0.13,1
loc_00266,Very Difficult,Eddakhla-Oued Eddahab,22.627222222222223,-14.408055555555556,1992.6529320346424,0.9240577017454727,1.0599143288352273,312.7580261230469,0.1,196722.91204771047,Difficult,original_733,0.0778144834203351,0,False,1,0.13,0
loc_00261,Moderate,Eddakhla-Oued Eddahab,23.2075,-15.088333333333331,785.0323550682352,0.516905594132378,0.3731265737990702,165.50787353515625,0.1,102618.70945102922,Moderate,original_733,0.0552745703271172,0,True,0,0.13,0
loc_00262,Moderate,Eddakhla-Oued Eddahab,23.2075,-15.088333333333331,785.0323550682352,0.516905594132378,0.3731265737990702,165.50787353515625,0.1,102618.70945102922,Moderate,original_733,0.0552745703271172,0,True,0,0.13,0
loc_00260,Moderate,Eddakhla-Oued Eddahab,23.326666666666668,-15.23277777777778,495.97656295104014,3.979556238821704,2.145162282896436,179.62554931640625,0.1,83156.9963596243,Moderate,original_733,0.0766839616685483,0,True,0,0.13,0
loc_00256,Moderate,Eddakhla-Oued Eddahab,23.59083333333333,-15.698055555555555,2.195355310905034,2.2174620736693926,1.484307911770403,74.04351806640625,0.1,27476.20506766814,Moderate,original_733,0.0114585633915792,0,True,0,0.13,0
loc_00257,Moderate,Eddakhla-Oued Eddahab,23.59083333333333,-15.698055555555555,2.195355310905034,2.2174620736693926,1.484307911770403,74.04351806640625,0.1,27476.20506766814,Moderate,original_733,0.0114585633915792,0,True,0,0.13,0
loc_00258,Moderate,Eddakhla-Oued Eddahab,23.59083333333333,-15.698055555555555,2.195355310905034,2.2174620736693926,1.484307911770403,74.04351806640625,0.1,27476.20506766814,Moderate,original_733,0.0114585633915792,0,True,0,0.13,0
loc_00259,Moderate,Eddakhla-Oued Eddahab,23.59083333333333,-15.698055555555555,2.195355310905034,2.2174620736693926,1.484307911770403,74.04351806640625,0.1,27476.20506766814,Moderate,original_733,0.0114585633915792,0,True,0,0.13,0
loc_00251,Moderate,Eddakhla-Oued Eddahab,23.75555555555556,-15.925,31.31178826164368,3.1794252686017423,2.5911170278698945,5.2284321784973145,0.1,7081.935521931108,Moderate,original_733,0.0114302185001861,0,True,0,0.13,0
loc_00252,Moderate,Eddakhla-Oued Eddahab,23.91027777777778,-15.71861111111111,1118.3502386886637,0.9614659874186248,0.4684742472388528,3.2029595375061035,0.1,33162.319799433135,Moderate,original_733,0.0445497064141926,0,True,0,0.13,0
loc_00253,Moderate,Eddakhla-Oued Eddahab,23.91027777777778,-15.71861111111111,1118.3502386886637,0.9614659874186248,0.4684742472388528,3.2029595375061035,0.1,33162.319799433135,Moderate,original_733,0.0445497064141926,0,True,0,0.13,0
loc_00254,Moderate,Eddakhla-Oued Eddahab,23.91027777777778,-15.71861111111111,1118.3502386886637,0.9614659874186248,0.4684742472388528,3.2029595375061035,0.1,33162.319799433135,Moderate,original_733,0.0445497064141926,0,True,0,0.13,0
loc_00255,Moderate,Eddakhla-Oued Eddahab,23.91027777777778,-15.71861111111111,1118.3502386886637,0.9614659874186248,0.4684742472388528,3.2029595375061035,0.1,33162.319799433135,Moderate,original_733,0.0445497064141926,0,True,0,0.13,0
loc_00155,Difficult,Laayoune-Sakia El Hamra,27.666666666666668,-12.216666666666669,23001.253588876403,0.4917044309782763,0.2866407662383781,203.6791229248047,0.1,112146.00924541747,Difficult,original_733,0.914915647480084,1,True,1,0.5,1
loc_00154,Easy,Laayoune-Sakia El Hamra,27.9,-12.333333333333334,25.571905498765243,0.4450265989444568,0.5715048923965328,29.947938919067383,0.1,118731.1569133048,Easy,original_733,0.2297711749939061,0,True,0,0.5,0
loc_00150,Moderate,Laayoune-Sakia El Hamra,28.05,-12.1,3262.678058779013,0.9895367152054474,1.3829726227058852,26.58604621887207,0.1,146851.23808423846,Moderate,original_733,0.2411270930147482,0,True,0,0.5,0
loc_00153,Moderate,Laayoune-Sakia El Hamra,28.05,-12.116666666666667,2771.6125256438872,0.9112629551274584,0.95876608604242,18.98323631286621,0.1,145648.40933354862,Moderate,original_733,0.417948791638922,0,True,0,0.5,0
loc_00152,Difficult,Laayoune-Sakia El Hamra,28.05,-12.266666666666667,5605.625441331597,1.6176626985874936,1.6105622279742533,0.0,0.1,135239.5973191155,Difficult,original_733,0.5368213987441746,1,True,1,0.5,1
loc_00163,Easy,Guelmim-Oued Noun,29.074,-9.432,199.2320151595684,1.2141127236937257,1.7644759249096074,599.0620727539062,0.1,61583.24184739601,Easy,original_733,0.0177077182187867,0,True,0,0.5,0
loc_00160,Easy,Guelmim-Oued Noun,29.093,-10.019,181.5404095124613,3.0628580545428448,2.293175815550749,410.3265380859375,0.35,12429.926047728462,Easy,original_733,0.0241097566934901,0,True,0,0.5,0
loc_00159,Moderate,Guelmim-Oued Noun,29.23933333333333,-9.168466666666667,2441.466970221474,41.460871048506846,58.14011048876549,1004.4431762695312,0.1,74678.3030231196,Moderate,original_733,0.1617701039079969,0,True,0,0.5,0
loc_00158,Moderate,Guelmim-Oued Noun,29.23935,-9.168466666666667,2441.2644799413706,41.460871627163165,58.14011048876549,1004.4431762695312,0.1,74677.03238866819,Moderate,original_733,0.1617701039079969,0,True,0,0.5,0
loc_00161,Easy,Guelmim-Oued Noun,29.3,-9.695,3277.7288000692483,14.736049673434932,13.97467999418905,1149.3814697265625,0.15,44463.82679497507,Easy,original_733,0.5372867376841303,1,False,0,0.5,1
loc_00005,Moderate,Marrakech-Safi,31.1145,-8.982833333333334,6.790714537726675,11.24240767449567,12.079244818569215,1100.656982421875,0.1,72290.66520219891,Moderate,original_733,0.022676614578301,0,True,0,0.11,0
loc_00077,Difficult,Marrakech-Safi,31.142222222222223,-9.707777777777777,52.06645733258384,7.210997754611064,9.64733911939889,430.5691528320313,0.35,41420.80998277794,Difficult,original_733,0.048174590073196,0,False,1,0.11,0
loc_00065,Moderate,Marrakech-Safi,32.03777777777778,-9.340555555555556,640.9512162024633,2.291736652263597,2.425270387949037,11.194884300231934,0.05,30608.183720969308,Moderate,original_733,0.0234128093915627,0,True,0,0.11,0
loc_00275,Difficult,Marrakech-Safi,32.13,-8.5,1124.075472779325,0.943489630906766,1.144283326204158,510.0801086425781,0.2,13233.390047459305,Difficult,original_733,0.0151722713556781,0,False,1,0.11,0
loc_00066,Difficult,Marrakech-Safi,32.157777777777774,-8.865277777777777,1082.830115001884,20.08525852384037,20.674009717200413,335.76287841796875,0.1,32810.84803642279,Difficult,original_733,0.2764081373605516,0,False,1,0.11,1
loc_00067,Moderate,Marrakech-Safi,32.18,-9.26,43.376201603436975,33.85200349910861,31.703385225012283,46.47063446044922,0.15,13418.135851445651,Moderate,original_733,0.0842280036441135,0,True,0,0.11,0
loc_00058,Easy,Marrakech-Safi,32.30027777777777,-9.251111111111111,718.711401326425,0.0,0.0,0.0,0.9,1092.3481218454056,Easy,original_733,0.0048291179465446,0,True,0,0.11,0
loc_00069,Easy,Marrakech-Safi,32.30027777777777,-9.251111111111111,718.711401326425,0.0,0.0,0.0,0.9,1092.3481218454056,Easy,original_733,0.0048291179465446,0,True,0,0.11,0
loc_00059,Moderate,Marrakech-Safi,32.30277777777778,-9.230833333333331,351.83993746845465,12.903740604452636,14.99053740698444,24.019086837768555,0.55,898.6890501224395,Moderate,original_733,0.0176436234789438,0,True,0,0.11,0
loc_00061,Easy,Marrakech-Safi,32.323888888888895,-9.180277777777777,369.9045200371728,0.0,0.120706857728564,73.5,0.9,6197.569218559435,Easy,original_733,0.0085766831793243,0,True,0,0.11,0
loc_00060,Moderate,Marrakech-Safi,32.3325,-9.176666666666666,480.1483759964575,5.691311732770572,7.723564652371998,84.00806427001953,0.1,6958.997709863657,Moderate,original_733,0.0505594477830075,0,True,0,0.11,0
loc_00062,Moderate,Marrakech-Safi,32.3875,-9.265,338.3994223278452,1.7349064671771348,3.009353007166838,103.58576202392578,0.2,10081.595725987292,Moderate,original_733,0.0250107010925438,0,True,0,0.11,0
loc_00270,Moderate,Marrakech-Safi,32.398375,-9.262372222222222,319.1953696417934,7.548429215801579,12.139175215043313,0.0,0.1,11210.073194867233,Moderate,original_733,0.0651350860088119,0,True,0,0.11,0
loc_00064,Difficult,Marrakech-Safi,32.5575,-9.254166666666666,138.50511842562184,5.463482067130809,6.387559685825316,48.8121452331543,0.15,28729.590112721675,Difficult,original_733,0.0581225550646675,0,False,1,0.11,0
loc_00273,Moderate,Grand Casablanca-Settat,32.86666666666667,-8.851388888888888,22.38291991150042,1.4771076492978632,1.804351806640625,70.09602355957031,0.2,53233.02668784939,Moderate,original_733,0.0209092427534835,0,True,0,0.5,0
loc_00269,Difficult,Grand Casablanca-Settat,33.009166666666665,-8.002222222222223,175.72560582061425,0.4881636700737152,0.603247524293001,208.83653259277344,0.2,35662.473821049214,Difficult,original_733,0.0195951398106062,0,False,1,0.5,0
loc_00272,Moderate,Grand Casablanca-Settat,33.156844444444445,-8.623055555555556,20.848288950448893,8.809599062765475,15.656714857117205,40.64453125,0.15,15035.274985774606,Moderate,original_733,0.0207060396210874,0,True,0,0.5,0
loc_00271,Difficult,Grand Casablanca-Settat,33.15685,-8.62353888888889,65.28819657522371,21.291259972644152,22.66835550040253,41.14682769775391,0.15,15069.476914728177,Difficult,original_733,0.039431952367886,0,False,1,0.5,0
loc_00268,Moderate,Grand Casablanca-Settat,33.233333333333334,-8.5,82.56784536021244,2.506683007265805,1.3795942196176072,41.22566986083984,0.05,1116.901252403013,Moderate,original_733,0.0067997796225537,0,True,0,0.5,0
loc_01184,Moderate,Eddakhla-Oued Eddahab,23.812833333333334,-15.892722222222222,690.9467215141011,0.661347243407683,0.2352635192871093,10.376712799072266,0.1,14167.67592195321,Moderate,original_733,0.0302665731379777,0,True,0,0.13,0
loc_01185,Moderate,Eddakhla-Oued Eddahab,23.92295,-15.719727777777775,2321.669061124604,1.604533605013722,1.0702632862329482,1.771447777748108,0.1,34121.121291937605,Moderate,original_733,0.0725649019726371,0,True,0,0.13,0
loc_01186,Moderate,Eddakhla-Oued Eddahab,23.47686111111111,-15.94618611111111,141.8767568833711,0.5197956634622148,0.3268031311035156,47.96494674682617,0.1,24154.126331541363,Moderate,original_733,0.0887696605069253,0,True,0,0.13,0
loc_01187,Moderate,Eddakhla-Oued Eddahab,23.791772222222225,-15.67058611111111,4042.901739146404,0.6766162865229253,0.3815193176269531,52.80573272705078,0.1,29791.84726407764,Moderate,original_733,0.2896195262900171,0,True,0,0.13,1
loc_01188,Difficult,Eddakhla-Oued Eddahab,23.504219444444445,-15.081366666666666,23950.265300178657,0.6484001952164542,0.3433160400390625,241.6957244873047,0.1,90311.2473919484,Difficult,original_733,0.8335536168288706,1,True,1,0.13,1
loc_01189,Difficult,Eddakhla-Oued Eddahab,23.12788611111111,-14.65530277777778,22429.79571121443,0.7070891094198374,0.3719207763671875,236.2509002685547,0.1,145712.26398431195,Difficult,original_733,0.9595754094504816,1,True,1,0.13,1
loc_01192,Difficult,Eddakhla-Oued Eddahab,22.712541666666667,-14.368130555555556,6828.2761517413865,0.906884172931036,0.396246337890625,325.9266052246094,0.1,194474.6455843028,Difficult,original_733,0.9145375737084956,1,True,1,0.13,1
loc_01193,Difficult,Eddakhla-Oued Eddahab,22.590333333333334,-14.535102777777778,10457.8377695777,0.9066243614259352,0.476510009765625,263.4624328613281,0.1,189176.6465880055,Difficult,original_733,0.9355119026281709,1,True,1,0.13,1
loc_00402,Easy,Marrakech-Safi,32.55083333333333,-9.272777777777778,306.2546866780887,6.631785225860408,2.806850471496582,11.86017608642578,0.1,28129.043672929147,Easy,original_733,0.5774374024123817,1,False,0,0.11,1
loc_00403,Easy,Marrakech-Safi,33.22591944444444,-8.555186111111112,210.32595282187933,3.00676456072625,0.7773285102844238,0.0,0.9,5586.782223275792,Easy,original_733,0.0167673752602361,0,True,0,0.11,0
loc_00404,Easy,Marrakech-Safi,32.31843333333334,-9.25405,346.6768487242137,0.0,0.0,0.0,0.9,2515.794311624218,Easy,original_733,0.002068018280147,0,True,0,0.11,0
loc_00405,Easy,Marrakech-Safi,32.32473055555556,-9.28336388888889,1227.9583053189583,0.0,0.0,0.0,0.9,4988.493583657566,Easy,original_733,0.0148071933094829,0,True,0,0.11,0
loc_00413,Easy,Marrakech-Safi,31.098191666666665,-9.822580555555556,71.39399882608672,14.204003470871106,7.679365005493164,44.27710723876953,0.15,46351.919300204056,Easy,original_733,0.3169678684329943,0,True,0,0.11,1
loc_00414,Easy,Marrakech-Safi,31.09722777777778,-9.824833333333332,173.16817718265557,10.564291111957164,9.994418334960937,10.163599014282228,0.15,46485.23825201117,Easy,original_733,0.1787217622938241,0,True,0,0.11,1
loc_00418,Easy,Marrakech-Safi,31.15208055555556,-9.705341666666666,32.192483380297155,6.171238214821642,3.408128662109375,441.0716552734375,0.15,40363.59042232605,Easy,original_733,0.0339584314777433,0,True,0,0.11,0
loc_00420,Easy,Marrakech-Safi,31.192766666666667,-9.65986111111111,10.828921353417195,17.781481300059614,10.64741455078125,365.2033996582031,0.35,36782.134844993205,Easy,original_733,0.0465237133856632,0,True,0,0.11,0
loc_00423,Easy,Marrakech-Safi,31.20817222222222,-9.703027777777775,34.7200619781668,9.64938439951962,5.026954345703125,274.30841064453125,0.05,34227.54351253357,Easy,original_733,0.0479036953044433,0,True,0,0.11,0
loc_00424,Easy,Marrakech-Safi,31.09843333333333,-9.813108333333334,27.51019962353808,13.410289336252122,6.585305786132812,89.40814971923828,0.15,46222.23996803106,Easy,original_733,0.0754395798851683,0,True,0,0.11,0
loc_00179,Easy,Tanger-Tétouan-Al Hoceima,35.24979614976434,-5.183912408238101,71.55553178626235,9.21536701007198,14.42386570449703,460.27142333984375,0.15,11832.487650789515,Easy,original_733,0.0251054622635297,0,True,0,0.21,0
loc_00173,Easy,Tanger-Tétouan-Al Hoceima,35.45561402078408,-5.096308659865039,105.24776219071666,4.675145506422752,4.235805186358365,6.734507083892822,0.05,24140.3224906506,Easy,original_733,0.1536178040057897,0,True,0,0.21,0
loc_00176,Easy,Tanger-Tétouan-Al Hoceima,35.52732169189336,-5.194990926733846,140.82363285227868,26.896264014242817,24.542275137152554,83.80628967285156,0.15,12315.825108475325,Easy,original_733,0.031814243239296,0,True,0,0.21,0
loc_00166,Easy,Tanger-Tétouan-Al Hoceima,35.24709269284413,-5.183919234627224,184.97380156614744,21.02755319906341,28.85275646871772,422.3938598632813,0.15,11604.91599891473,Easy,original_733,0.031440676278641,0,True,0,0.21,0
loc_00193,Moderate,Tanger-Tétouan-Al Hoceima,35.31806624622103,-5.372840869212867,209.1697513027761,16.482144436310897,14.459128639914772,687.8427124023438,0.15,19121.39835989796,Moderate,original_733,0.3954243374832229,0,True,0,0.21,1
loc_00340,Easy,Tanger-Tétouan-Al Hoceima,35.10315343199355,-4.987769151671308,10.038067163366277,19.430249551139504,28.189938379713325,800.1776123046875,0.15,26536.795685066507,Easy,original_733,0.0156867843035527,0,True,0,0.21,0
loc_00180,Moderate,Tanger-Tétouan-Al Hoceima,35.282857705057545,-5.230557221259563,275.0337694770054,11.256918099934008,8.67860223439114,313.0013122558594,0.55,13141.612227593683,Moderate,original_733,0.0199077366825571,0,True,0,0.21,0
loc_00182,Easy,Tanger-Tétouan-Al Hoceima,35.21833195677501,-5.318756095870113,284.6485410197762,7.30668623892886,7.293627021726498,287.26763916015625,0.15,7165.847587408349,Easy,original_733,0.0215517389812207,0,True,0,0.21,0
loc_00202,Moderate,Tanger-Tétouan-Al Hoceima,35.23326080094855,-5.301047739972288,463.1234138131641,0.4459035357179375,0.4811310571087293,264.75506591796875,0.15,7761.788935358738,Moderate,original_733,0.0431099717565931,0,True,0,0.21,0
loc_00181,Moderate,Tanger-Tétouan-Al Hoceima,35.206791028756705,-5.310092889130856,543.3438216709716,4.668733111095802,5.356681634571927,285.540771484375,0.15,5680.016418494818,Moderate,original_733,0.032531724482522,0,True,0,0.21,0
loc_00203,Moderate,Tanger-Tétouan-Al Hoceima,35.25047137989931,-5.325119157861406,703.9176731679961,7.051470649769116,11.884030176588327,461.96234130859375,0.15,10446.450427522648,Moderate,original_733,0.0232794915216807,0,True,0,0.21,0
loc_00183,Easy,Tanger-Tétouan-Al Hoceima,35.2793230292996,-5.442327293994906,802.4207440095581,8.722146051993192,12.464724706224173,876.2575073242188,0.15,20021.503634025004,Easy,original_733,0.2124726628341036,0,True,0,0.21,1
loc_00178,Moderate,Tanger-Tétouan-Al Hoceima,35.27923536008803,-5.217673993338394,1354.4118016626344,7.457651250337794,10.697714056850463,882.8930053710938,0.55,13116.74482506506,Moderate,original_733,0.3245073011559787,0,True,0,0.21,1
loc_00328,Moderate,Tanger-Tétouan-Al Hoceima,35.25514905973631,-5.194830135719653,660.8828611840682,16.799601930772464,22.869668503438145,507.9841918945313,0.15,11698.3023575052,Moderate,original_733,0.1163997563171262,0,True,0,0.21,0
loc_00192,Moderate,Tanger-Tétouan-Al Hoceima,35.299406646993035,-5.411120390022425,1728.4856267147773,7.587224814526551,11.199743854112862,550.3638305664062,0.2,19471.696082244816,Moderate,original_733,0.1383302261192069,0,True,0,0.21,0
loc_00171,Easy,Tanger-Tétouan-Al Hoceima,35.3746530740449,-5.024382099022211,1815.3255213234545,4.384727262016444,7.857941840305801,52.41385269165039,0.15,31852.5027527608,Easy,original_733,0.3468902628367476,0,True,0,0.21,1
loc_00198,Moderate,Tanger-Tétouan-Al Hoceima,35.23181859593759,-5.279753047641164,1867.5405629093048,17.127058831983526,19.280079486941503,470.8674011230469,0.15,7086.366098738293,Moderate,original_733,0.0712807270606547,0,True,0,0.21,0
loc_00200,Moderate,Tanger-Tétouan-Al Hoceima,35.28091801260875,-5.266496643168397,2110.23503645083,20.172995585176487,30.5786180732664,588.593505859375,0.55,12470.887016524795,Moderate,original_733,0.1518794754959663,0,True,0,0.21,0
loc_00168,Moderate,Tanger-Tétouan-Al Hoceima,35.24543329036464,-5.15818572568217,2253.3086349465843,31.78709800081213,40.48563454367898,1031.305419921875,0.35,13146.446868584377,Moderate,original_733,0.3795528532568184,0,True,0,0.21,1
loc_00191,Moderate,Tanger-Tétouan-Al Hoceima,35.3952673598756,-5.43976561160645,2550.9957239238965,22.09568716172704,29.867470228967587,397.982666015625,0.35,20281.423481146405,Moderate,original_733,0.0547046463269945,0,True,0,0.21,0
loc_00164,Moderate,Tanger-Tétouan-Al Hoceima,35.181758358106,-5.239428901052023,2721.3257837215856,26.62379869575148,42.6433488830062,1169.5313720703125,0.35,2998.6386842025463,Moderate,original_733,0.2414721942407289,0,True,0,0.21,1
loc_00165,Moderate,Tanger-Tétouan-Al Hoceima,35.17831677014425,-5.226483300457814,3535.1765563325603,36.48261900049809,48.31392751646436,1488.55712890625,0.55,3950.093264468839,Moderate,original_733,0.4386160453286191,0,True,0,0.21,1
loc_00196,Difficult,Tanger-Tétouan-Al Hoceima,35.36118505312328,-5.418168222746441,4068.347176254003,20.42786817401771,21.725206107147468,688.643798828125,0.15,23528.255405547054,Difficult,original_733,0.2931091506429251,0,False,1,0.21,1
loc_00185,Difficult,Tanger-Tétouan-Al Hoceima,35.36118505312328,-5.418168222746441,4068.347176254003,20.42786817401771,21.725206107147468,688.643798828125,0.15,23528.255405547054,Difficult,original_733,0.2931091506429251,0,False,1,0.21,1
loc_00184,Moderate,Tanger-Tétouan-Al Hoceima,35.313233448135364,-5.438441306152264,4197.509039466295,14.910861604891616,14.062167080965908,492.4430541992188,0.15,22285.58675304184,Moderate,original_733,0.1623330793685966,0,True,0,0.21,0
loc_00201,Difficult,Tanger-Tétouan-Al Hoceima,35.3196662940637,-5.266656014410412,4406.046898855246,27.589606526359347,32.53058617962294,1465.2049560546875,0.55,16779.070009158753,Difficult,original_733,0.4068373601691571,0,False,1,0.21,1
loc_00194,Difficult,Tanger-Tétouan-Al Hoceima,35.21666666666667,-5.25,4450.001231683393,18.72286272371955,23.397899280894887,778.6937866210938,0.15,5580.165059603281,Difficult,original_733,0.0970163767530917,0,False,1,0.21,0
loc_00189,Moderate,Tanger-Tétouan-Al Hoceima,35.36131919122874,-5.424328138081956,4609.436478666806,22.36104209911967,22.54141008361312,743.1312866210938,0.15,23613.37221867005,Moderate,original_733,0.589249437742322,1,False,0,0.21,1
loc_00188,Moderate,Tanger-Tétouan-Al Hoceima,35.361319189135315,-5.424339137879596,4610.412496947271,22.361042098609325,22.54141008361312,743.1312866210938,0.15,23613.56211158121,Moderate,original_733,0.589249437742322,1,False,0,0.21,1
loc_00197,Difficult,Tanger-Tétouan-Al Hoceima,35.21636688344947,-5.05173898180192,5233.476765535206,34.13303820389416,42.851700711841424,933.5994262695312,0.35,20382.156236964867,Difficult,original_733,0.8909563067135704,1,True,1,0.21,1
loc_00195,Difficult,Tanger-Tétouan-Al Hoceima,35.25584836067911,-5.048941605258649,5326.048218197195,26.68768006922461,34.04293848463326,891.3261108398438,0.15,22159.626224163683,Difficult,original_733,0.408704517728125,0,False,1,0.21,1
loc_00187,Moderate,Tanger-Tétouan-Al Hoceima,35.3618211825068,-5.435482141506588,5569.909229666247,20.478567525949604,20.833189404700413,794.2662353515625,0.2,23772.01255775299,Moderate,original_733,0.4863589012230078,0,True,0,0.21,1
loc_00169,Moderate,Tanger-Tétouan-Al Hoceima,35.28305489894164,-5.130659902793731,5909.976284085333,28.700618767838936,39.75584726885331,1589.019775390625,0.55,17829.413928821614,Moderate,original_733,0.5246915212422248,1,False,0,0.21,1
loc_00170,Moderate,Tanger-Tétouan-Al Hoceima,35.2710502173657,-5.12157746130065,5960.987270640443,13.137888816472827,15.818619657153926,1685.966064453125,0.55,17523.897687032488,Moderate,original_733,0.455618354832007,0,True,0,0.21,1
loc_00186,Moderate,Tanger-Tétouan-Al Hoceima,35.340635355491365,-5.440158153083255,6360.242097355588,25.94698968777752,30.696421473479468,496.0736999511719,0.35,24669.35589409388,Moderate,original_733,0.2013722669777585,0,True,0,0.21,0
loc_00199,Difficult,Tanger-Tétouan-Al Hoceima,35.16939288330852,-5.084877527601663,8747.813527846985,37.05495566514106,48.84736267594266,1231.6953125,0.35,16676.80734725978,Difficult,original_733,0.8061837376771848,1,True,1,0.21,1
loc_00543,Moderate,Tanger-Tétouan-Al Hoceima,35.761002,-5.441038,3246.7443121020574,29.63421271404326,19.99313720703125,264.9482421875,0.55,11277.265949338984,Moderate,original_733,0.0440942722250801,0,True,0,0.21,0
loc_00544,Moderate,Tanger-Tétouan-Al Hoceima,35.745521,-5.432185,5128.95859666348,23.17127078499721,15.506571044921875,227.16407775878903,0.55,12023.448689186607,Moderate,original_733,0.1301355874917809,0,True,0,0.21,0
loc_00545,Moderate,Tanger-Tétouan-Al Hoceima,35.714694,-5.430446,6773.259169217353,11.92287944106273,5.155154418945313,168.85401916503906,0.15,10290.715800607382,Moderate,original_733,0.2573354333797564,0,True,0,0.21,1
loc_00546,Moderate,Tanger-Tétouan-Al Hoceima,35.664804,-5.441151,5257.537207137896,1.6486549590332844,0.73788330078125,587.7177734375,0.15,10850.906685611177,Moderate,original_733,0.6231599509993593,1,False,0,0.21,1
loc_00552,Moderate,Tanger-Tétouan-Al Hoceima,35.60087,-5.390362,1720.1699553931105,2.7529439577744608,1.686810302734375,432.1781921386719,0.15,3734.577224817384,Moderate,original_733,0.0627127116719852,0,True,0,0.21,0
loc_00553,Moderate,Tanger-Tétouan-Al Hoceima,35.594108,-5.379917,677.6603356896011,8.235753667031695,4.39281494140625,463.4529113769531,0.15,2744.379839836787,Moderate,original_733,0.0205737456822467,0,True,0,0.21,0
loc_00555,Easy,Tanger-Tétouan-Al Hoceima,35.312201,-5.203304,898.8923043881842,27.272809246162627,16.21881866455078,92.85731506347656,0.15,17007.005203924255,Easy,original_733,0.2166762648710752,0,True,0,0.21,1
loc_00556,Moderate,Tanger-Tétouan-Al Hoceima,35.304508,-5.195604,71.44397757855512,6.191226510145497,3.442685546875,359.1605224609375,0.15,16475.416395412198,Moderate,original_733,0.4527119273791417,0,True,0,0.21,1
loc_00561,Moderate,Tanger-Tétouan-Al Hoceima,35.543071,-5.24645,757.9250301402747,7.976093037969202,4.061575546264648,36.37749862670898,0.2,8640.764647456059,Moderate,original_733,0.0486983983031449,0,True,0,0.21,0
loc_00562,Moderate,Tanger-Tétouan-Al Hoceima,35.2448045,-5.314465,963.1667595227432,13.563341381182344,7.398623046875,377.389892578125,0.15,9435.557332749246,Moderate,original_733,0.0192182857483636,0,True,0,0.21,0
loc_00568,Moderate,Tanger-Tétouan-Al Hoceima,35.300705,-5.238901,1121.6696213801322,38.845043876390285,27.552301025390623,488.6954956054688,0.55,14911.725452783992,Moderate,original_733,0.0665387204818397,0,True,0,0.21,0
loc_00570,Moderate,Tanger-Tétouan-Al Hoceima,35.299126,-5.21998,143.54180360623874,12.953512622027434,8.916936950683594,116.1525650024414,0.55,15145.418323388283,Moderate,original_733,0.0544616818770312,0,True,0,0.21,0
loc_00571,Moderate,Tanger-Tétouan-Al Hoceima,35.297071,-5.233062,455.3555390297559,30.256984538977925,19.61426025390625,242.26809692382807,0.55,14621.394671476148,Moderate,original_733,0.0557141344171762,0,True,0,0.21,0
loc_00440,Moderate,Tanger-Tétouan-Al Hoceima,35.40295890834344,-5.016487943783649,1036.5838571111135,4.819587773176032,2.467520930469036,-0.9190643429756165,0.9,33357.48878318234,Moderate,original_733,0.0685743700902909,0,True,0,0.21,0
loc_00441,Easy,Tanger-Tétouan-Al Hoceima,35.318247912237204,-4.932783085516994,233.22822977115163,24.016769270763128,15.32809814453125,182.9826812744141,0.55,34711.479665877625,Easy,original_733,0.1148776780443516,0,True,0,0.21,0
loc_00442,Moderate,Tanger-Tétouan-Al Hoceima,35.333329499968634,-4.941882588174127,800.5743515326036,0.7238797026836816,0.2915492665767669,1.032764911651611,0.15,34836.756565029886,Moderate,original_733,0.057821764544529,0,True,0,0.21,0
