Locality_ID,Expert_Class,Region,Latitude_WGS84,Longitude_WGS84,Dist_to_Highway_m,Slope_deg,Ruggedness,Elevation_m,LULC_Friction,Dist_to_Settlement_m,Expert_Merged,origin,proba,pred,correct,y
loc_00591,Moderate,Tanger-Tétouan-Al Hoceima,35.092642,-5.149841,2605.865611373905,16.15061946819755,8.6735986328125,1340.5592041015625,0.55,13704.187113049047,Moderate,batch3_2026,0.19448501418891306,0,True,0
loc_00592,Moderate,Tanger-Tétouan-Al Hoceima,34.875649,-4.626438,71.40684434839311,14.77854673267532,7.7059130859375,1291.8304443359375,0.55,66925.73002111171,Moderate,batch3_2026,0.5152715059804268,1,False,0
loc_00593,Difficult,Tanger-Tétouan-Al Hoceima,35.086438,-5.142154,1961.8561966105767,26.105984661686808,14.962822265625,1622.664306640625,0.55,14680.819022585929,Difficult,batch3_2026,0.2626151435487838,0,True,0
loc_00594,Moderate,Tanger-Tétouan-Al Hoceima,35.213251,-4.65117,1454.8206481868615,27.11298190946894,17.381028671264648,22.372915267944336,0.9,56301.75579675217,Moderate,batch3_2026,0.5337321276871853,1,False,0
loc_00595,Difficult,Tanger-Tétouan-Al Hoceima,35.015721,-4.908043,1958.7787562977765,15.57866677927739,8.93546875,1825.241943359375,0.55,36935.76571184454,Difficult,batch3_2026,0.3038176037986386,0,True,0
loc_00596,Moderate,Tanger-Tétouan-Al Hoceima,34.988318,-4.820548,331.6150109756682,20.600092173662294,11.10734375,1447.8492431640625,0.55,45421.23365221053,Moderate,batch3_2026,0.20726218261193205,0,True,0
loc_00597,Moderate,Tanger-Tétouan-Al Hoceima,34.957309,-4.678067,389.22981783187294,31.42101360661508,18.9551953125,1738.32177734375,0.35,58644.6664132947,Moderate,batch3_2026,0.19588777116331899,0,True,0
loc_00598,Easy,Tanger-Tétouan-Al Hoceima,35.154371,-4.225422,4485.428839525424,23.53176998934769,13.72552490234375,394.0517272949219,0.15,28660.78855001602,Easy,batch3_2026,0.24611685676510187,0,False,1
loc_00599,Easy,Tanger-Tétouan-Al Hoceima,35.844381,-5.553495,143.27890324771474,4.964306462551895,4.052738037109375,0.0,0.15,17322.524955255456,Easy,batch3_2026,0.7994734227465261,1,True,1
loc_00600,Easy,Tanger-Tétouan-Al Hoceima,35.905462,-5.473829,742.5426358186497,5.574435807365259,2.720141191482544,0.0,0.05,12524.012301521248,Easy,batch3_2026,0.7469966680787961,1,True,1
loc_00601,Easy,Tanger-Tétouan-Al Hoceima,35.904153,-5.446488,130.65823353322773,1.8016786662559767,1.185533435344696,0.7845090627670288,0.1,10530.703251649862,Easy,batch3_2026,0.9306276719848565,1,True,1
loc_00602,Moderate,Tanger-Tétouan-Al Hoceima,35.511708,-5.466257,2353.292508367131,16.914487546542134,10.726588134765626,289.905029296875,0.15,10505.099724564896,Moderate,batch3_2026,0.4503949672910855,0,True,0
loc_00603,Easy,Tanger-Tétouan-Al Hoceima,35.898229,-5.326348,600.4798125851685,2.72474701523104,0.8938181161880493,2.428896188735962,0.05,7284.190620785632,Easy,batch3_2026,0.8521614425794863,1,True,1
loc_00604,Easy,Tanger-Tétouan-Al Hoceima,35.837834,-5.35421,123.03197248839622,9.157587134463885,4.649205207824707,19.180435180664062,0.2,668.0696414234682,Easy,batch3_2026,0.6248643602214158,1,True,1
loc_00605,Easy,Tanger-Tétouan-Al Hoceima,35.772728,-5.345322,299.27455403226224,0.0,0.0,0.0,0.9,7533.613556542409,Easy,batch3_2026,0.9745271864066316,1,True,1
loc_00606,Moderate,Tanger-Tétouan-Al Hoceima,35.32247,-5.447082,4895.364720962456,9.469069857976098,5.43886962890625,419.5976257324219,0.15,23569.6236604535,Moderate,batch3_2026,0.24003866036476587,0,True,0
loc_00607,Easy,Tanger-Tétouan-Al Hoceima,35.695322,-5.327791,155.1040616403104,2.6635612914986315,1.4495710015296936,2.3937857151031494,0.1,1392.827476812774,Easy,batch3_2026,0.7152307274401537,1,True,1
loc_00608,Easy,Tanger-Tétouan-Al Hoceima,35.663249,-5.283808,340.15091751332614,0.6350425224516381,0.1748455572128296,0.0,0.1,4203.845828751484,Easy,batch3_2026,0.9253391573930861,1,True,1
loc_00609,Easy,Tanger-Tétouan-Al Hoceima,35.591054,-5.260202,1987.3710810987948,0.1196928420658713,0.0291316711902618,0.0,0.9,3193.744199895745,Easy,batch3_2026,0.9667248757271715,1,True,1
loc_00610,Easy,Tanger-Tétouan-Al Hoceima,35.624365,-5.271424,90.56290633805068,0.0,0.0,0.0,0.9,808.4915652285586,Easy,batch3_2026,0.9565921104102977,1,True,1
loc_00611,Easy,Tanger-Tétouan-Al Hoceima,35.571666,-5.253896,455.30317700582265,2.0375895100053465,0.6763460922241211,13.901686668395996,0.2,5409.501818481594,Easy,batch3_2026,0.9159682695305917,1,True,1
loc_00612,Easy,Tanger-Tétouan-Al Hoceima,35.550158,-5.2403,161.77917889896756,3.1606992744614457,1.3922475957870484,0.0,0.9,8083.671212652341,Easy,batch3_2026,0.878871340463185,1,True,1
loc_00613,Easy,Tanger-Tétouan-Al Hoceima,35.540827,-5.217951,490.2380458782269,1.2155843523900274,0.6496040749549866,1.7890864610671997,0.1,9920.160751325966,Easy,batch3_2026,0.9223880389681223,1,True,1
loc_00614,Easy,Tanger-Tétouan-Al Hoceima,35.533503,-5.193817,251.57335151300293,15.391515584524962,8.820155181884765,15.807310104370115,0.15,11828.116651031462,Easy,batch3_2026,0.7691607342831944,1,True,1
loc_00615,Easy,Tanger-Tétouan-Al Hoceima,35.524625,-5.169756,380.3057030803228,1.8937286581818813,0.7058859395980835,0.0,0.9,13988.334727518271,Easy,batch3_2026,0.7617674018863455,1,True,1
loc_00616,Easy,Tanger-Tétouan-Al Hoceima,35.505256,-5.154237,37.18239356430906,18.732235205578764,12.29179451942444,12.583038330078123,0.15,16530.98524959051,Easy,batch3_2026,0.8145246824963472,1,True,1
loc_00617,Easy,Tanger-Tétouan-Al Hoceima,35.475134,-5.108713,48.50765512931152,26.690776704760736,16.362431030273438,102.78482818603516,0.55,21781.500081982147,Easy,batch3_2026,0.8294437494921711,1,True,1
loc_00618,Easy,Tanger-Tétouan-Al Hoceima,35.311751,-5.411482,2481.252336467421,21.43224666397328,10.915576171875,571.2356567382812,0.15,20536.17994202857,Easy,batch3_2026,0.2863176446315169,0,False,1
loc_00619,Easy,Tanger-Tétouan-Al Hoceima,35.394421,-5.020287,241.97280143851165,19.942248133828016,12.352669982910156,80.30411529541016,0.15,33712.535457660866,Easy,batch3_2026,0.6467163331230659,1,True,1
loc_00620,Easy,Tanger-Tétouan-Al Hoceima,35.337057,-4.944453,1149.6860317177195,1.1234438488457672,0.5475441932678222,1.1066066026687622,0.15,34858.50831814047,Easy,batch3_2026,0.5159503924797768,1,True,1
loc_00621,Easy,Tanger-Tétouan-Al Hoceima,35.299876,-4.878001,216.93594851915464,11.77602915087934,6.075729293823242,0.0,0.9,38332.7176324964,Easy,batch3_2026,0.8167314149195444,1,True,1
loc_00622,Easy,Tanger-Tétouan-Al Hoceima,35.304252,-4.895643,434.6763022725036,21.92978707852128,20.10143560886383,14.999631881713867,0.9,37050.15643613244,Easy,batch3_2026,0.6822741685516737,1,True,1
loc_00623,Easy,Tanger-Tétouan-Al Hoceima,35.245279,-4.795919,310.2200908356,1.0998812662968802,0.6929011344909668,3.5081636905670166,0.2,43756.904196413336,Easy,batch3_2026,0.7548204591101068,1,True,1
loc_00624,Easy,Tanger-Tétouan-Al Hoceima,35.212507,-4.653219,1250.9557439455982,9.815205429102049,3.848826041221619,0.0,0.1,56109.30590720177,Easy,batch3_2026,0.4149458074670492,0,False,1
loc_00625,Easy,Tanger-Tétouan-Al Hoceima,35.211957,-4.64893,1440.6274793118112,16.09313948541283,8.992662115097046,0.0,0.9,56492.560119150665,Easy,batch3_2026,0.5091839144602022,1,True,1
loc_00626,Easy,Tanger-Tétouan-Al Hoceima,35.117838,-5.145054,5395.038817621059,19.247171894304447,12.769658203125,1894.7452392578125,0.35,12559.940601584029,Easy,batch3_2026,0.2205135876361464,0,False,1
loc_00627,Moderate,Tanger-Tétouan-Al Hoceima,35.170472,-4.296347,3426.390879096914,6.787123850459575,3.2569746923446656,1.4582343101501465,0.1,34286.77138302132,Moderate,batch3_2026,0.312017704716587,0,True,0
loc_00628,Easy,Tanger-Tétouan-Al Hoceima,35.188456,-4.21334,8292.558156339366,25.060383167732216,14.916580476760863,16.14724349975586,0.55,26482.994914108,Easy,batch3_2026,0.21899428169620155,0,False,1
loc_00629,Easy,Tanger-Tétouan-Al Hoceima,35.233504,-4.033563,4384.813570088511,15.714408716192198,8.079572658538819,2.731919765472412,0.9,9476.87249068078,Easy,batch3_2026,0.38620104586675963,0,False,1
loc_00630,Easy,Tanger-Tétouan-Al Hoceima,35.238055,-3.975661,45.63099569599655,6.1291129093348085,3.063108727931976,0.711591899394989,0.9,4203.779744057535,Easy,batch3_2026,0.8928529574014159,1,True,1
loc_00631,Easy,Tanger-Tétouan-Al Hoceima,35.236105,-3.981783,42.53804475502481,13.899740547276233,9.865088443756104,3.235933780670166,0.9,4791.762440107303,Easy,batch3_2026,0.8523270053817725,1,True,1
loc_00632,Easy,Tanger-Tétouan-Al Hoceima,35.242967,-3.9673,220.4971744596084,31.99407863017848,27.92482786178589,33.694576263427734,0.9,3378.880854695291,Easy,batch3_2026,0.5412163919148898,1,True,1
loc_00633,Easy,Tanger-Tétouan-Al Hoceima,35.218844,-3.911254,584.7745735484597,8.782831291077844,6.16612368106842,2.257607698440552,0.9,3389.6238868784253,Easy,batch3_2026,0.7601322150066593,1,True,1
loc_00634,Easy,Tanger-Tétouan-Al Hoceima,35.223953,-4.050532,6054.265122308777,25.15971397530124,17.67389831542969,287.0141906738281,0.35,11180.67080418558,Easy,batch3_2026,0.09912799626383224,0,False,1
loc_00635,Easy,Tanger-Tétouan-Al Hoceima,35.244087,-3.92618,110.06544431997064,1.4818345804897866,0.4119707202911377,0.0,0.1,381.2971933359099,Easy,batch3_2026,0.8582756637070601,1,True,1
loc_00636,Easy,Tanger-Tétouan-Al Hoceima,35.234276,-3.922583,338.8001083662407,7.286703801379862,3.2233160877227784,0.0,0.9,1388.9256862705336,Easy,batch3_2026,0.8357972637374314,1,True,1
loc_00637,Easy,Tanger-Tétouan-Al Hoceima,35.229936,-3.919097,873.3729491833768,17.89972145694825,12.342970213890077,30.99403190612793,0.1,1965.363055557605,Easy,batch3_2026,0.6657772170328677,1,True,1
loc_00638,Easy,Tanger-Tétouan-Al Hoceima,35.216773,-3.901165,1407.9390813458108,1.2702360787528046,0.3684356331825256,0.0,0.9,4108.43004958981,Easy,batch3_2026,0.8945487611489071,1,True,1
loc_00639,Easy,Tanger-Tétouan-Al Hoceima,35.2062,-3.88821,1004.1469867159558,3.058650090797154,2.684250831604004,3.223959922790528,0.9,5767.232235957364,Easy,batch3_2026,0.738263789691058,1,True,1
loc_00640,Easy,Tanger-Tétouan-Al Hoceima,35.211857,-3.831492,2207.442914283333,0.0,0.0,0.0,0.9,9697.22468160581,Easy,batch3_2026,0.964896593829595,1,True,1
loc_00641,Easy,Tanger-Tétouan-Al Hoceima,35.929746,-5.438324,2987.7536044717026,0.0,0.0,0.0,0.9,12220.693706855,Easy,batch3_2026,0.8620943237600616,1,True,1
loc_00642,Easy,Tanger-Tétouan-Al Hoceima,35.676276,-5.298678,1067.141086614361,19.226543790939484,10.155980834960936,272.73046875,0.55,2352.1499227390814,Easy,batch3_2026,0.45529537976470214,0,False,1
loc_00643,Moderate,Tanger-Tétouan-Al Hoceima,35.598793,-5.413419,1049.1987607527667,20.85842737222629,13.6350537109375,324.5277099609375,0.35,4760.378185939178,Moderate,batch3_2026,0.4257992643714835,0,True,0
loc_00644,Easy,Tanger-Tétouan-Al Hoceima,35.54326,-5.443002,1657.6695106135082,7.155791476232924,2.823370590209961,29.37153053283692,0.2,6847.777185195723,Easy,batch3_2026,0.6391242119191192,1,True,1
loc_00645,Moderate,Tanger-Tétouan-Al Hoceima,35.52956,-5.372524,1983.9054637676968,22.787973776667844,9.71075927734375,583.987060546875,0.15,4478.313248473739,Moderate,batch3_2026,0.4525603833526861,0,True,0
loc_00646,Moderate,Tanger-Tétouan-Al Hoceima,35.50192,-5.368411,4381.093047187933,20.957106253116283,12.582470703125,935.0760498046876,0.15,7568.811406275407,Moderate,batch3_2026,0.1760089313987801,0,True,0
loc_00647,Moderate,Tanger-Tétouan-Al Hoceima,35.178822,-5.256485,1475.9505960332672,38.30397662389269,24.950634765625,1109.909912109375,0.35,1552.494613144457,Moderate,batch3_2026,0.16123649130013795,0,True,0
loc_00648,Moderate,Tanger-Tétouan-Al Hoceima,35.267876,-5.22021,699.3408204475975,57.07814075169536,49.406937255859376,490.1979370117188,0.15,11855.423725778704,Moderate,batch3_2026,0.39691608515924337,0,True,0
loc_00649,Difficult,Tanger-Tétouan-Al Hoceima,35.180251,-5.197536,6085.689886248319,18.213872639935907,11.0349755859375,1288.1812744140625,0.55,6561.218330768162,Difficult,batch3_2026,0.35441392252666704,0,True,0
loc_00650,Difficult,Tanger-Tétouan-Al Hoceima,35.179166,-5.246346,2061.48165198896,25.60441517348622,15.5043212890625,1048.0145263671875,0.15,2309.392499371817,Difficult,batch3_2026,0.4173308209874285,0,True,0
loc_00651,Difficult,Tanger-Tétouan-Al Hoceima,35.115764,-5.411627,2412.630625840288,18.30401604574061,10.172421875,1353.3851318359375,0.55,14299.587375700326,Difficult,batch3_2026,0.16624467624727796,0,True,0
loc_00653,Easy,Tanger-Tétouan-Al Hoceima,35.211084,-4.661205,556.0945066563102,29.71798182444133,18.10656711578369,58.90612411499024,0.1,55373.17884984656,Easy,batch3_2026,0.7355186206624373,1,True,1
loc_00654,Easy,Tanger-Tétouan-Al Hoceima,35.31734,-4.92847,75.80254525774023,27.51906528042337,17.66835678100586,85.08541870117188,0.15,35008.2478336031,Easy,batch3_2026,0.7026516386435454,1,True,1
loc_00655,Difficult,Tanger-Tétouan-Al Hoceima,35.009775,-4.918015,1198.293310537916,33.49938248260647,26.5842724609375,2022.621337890625,0.55,36450.04932040134,Difficult,batch3_2026,0.2318155522654614,0,True,0
loc_00656,Difficult,Tanger-Tétouan-Al Hoceima,35.872707,-5.476005,1079.392175423518,16.142502216212833,12.272964782714844,87.20890045166016,0.35,10977.541547652783,Difficult,batch3_2026,0.7528502169233757,1,False,0
loc_00657,Easy,Tanger-Tétouan-Al Hoceima,35.711,-5.498116,1549.0061751817425,0.0,0.0,116.5,0.9,16090.20460310841,Easy,batch3_2026,0.8338172413549464,1,True,1
loc_00658,Easy,Tanger-Tétouan-Al Hoceima,35.402013,-5.2355,1152.088854708557,23.685827220644885,14.20485107421875,339.184814453125,0.35,22514.313264660235,Easy,batch3_2026,0.41835060825069514,0,False,1
loc_00659,Easy,Tanger-Tétouan-Al Hoceima,35.564636,-5.494865,252.534262293352,0.8323587347148584,0.3697750854492188,44.64872741699219,0.9,10884.761188790037,Easy,batch3_2026,0.8291969894837057,1,True,1
loc_00660,Easy,Tanger-Tétouan-Al Hoceima,35.477117,-5.428091,1310.787085148682,18.50638001876264,13.867826232910156,97.12396240234376,0.9,11382.237109775237,Easy,batch3_2026,0.5722410802341187,1,True,1
loc_00661,Moderate,Tanger-Tétouan-Al Hoceima,35.441739,-5.396691,368.927796063756,0.0,0.0,190.0,0.9,14377.835870939083,Moderate,batch3_2026,0.9199218365971031,1,False,0
loc_00662,Easy,Tanger-Tétouan-Al Hoceima,35.364628,-5.17617,162.01776360091537,19.42729448598877,8.302144241333007,25.0,0.9,23330.365452020586,Easy,batch3_2026,0.7124666682498927,1,True,1
loc_00663,Easy,Tanger-Tétouan-Al Hoceima,35.246227,-5.291671,256.5368466319264,0.99335391817678,0.1958056640625,262.0,0.2,8869.198087544382,Easy,batch3_2026,0.7181957898945053,1,True,1
loc_00664,Easy,Tanger-Tétouan-Al Hoceima,35.264187,-5.351637,292.22832612784856,2.312310741943482,1.06250732421875,339.9729919433594,0.9,13031.147006734218,Easy,batch3_2026,0.7461059595909091,1,True,1
loc_00665,Moderate,Tanger-Tétouan-Al Hoceima,35.31665,-5.496082,1126.9110808025234,6.20482389126705,2.607509765625,975.8909301757812,0.15,26421.72138432985,Moderate,batch3_2026,0.5155973760986902,1,False,0
loc_00666,Easy,Tanger-Tétouan-Al Hoceima,35.56615,-5.226447,1860.3152499591365,0.0,0.0,0.0,0.9,7150.95376818923,Easy,batch3_2026,0.9710628415912028,1,True,1
loc_00667,Moderate,Tanger-Tétouan-Al Hoceima,35.07728,-5.26288,2246.6104624144145,6.735916723882059,3.6162109375,612.40478515625,0.15,10185.893234800898,Moderate,batch3_2026,0.5113660775028175,1,False,0
loc_00668,Moderate,Tanger-Tétouan-Al Hoceima,35.07686,-5.26586,2285.897199497332,12.715473626728382,7.03157958984375,590.052490234375,0.15,10222.958816973598,Moderate,batch3_2026,0.46902637107522316,0,True,0
loc_00669,Easy,Tanger-Tétouan-Al Hoceima,35.07556,-5.26466,2429.116870692706,8.014662810133451,4.26831787109375,620.9495239257812,0.15,10370.43104684564,Easy,batch3_2026,0.36405920399059855,0,False,1
loc_00670,Moderate,Tanger-Tétouan-Al Hoceima,35.022547,-5.205902,2.7719677794512214,14.14845360896223,8.59828125,1198.3670654296875,0.15,17223.671525725607,Moderate,batch3_2026,0.5247246282435305,1,False,0
loc_00671,Moderate,Tanger-Tétouan-Al Hoceima,35.0163612,-4.904481,2052.538034511769,20.80434167590613,10.8765185546875,1713.8857421875,0.55,37191.08421410975,Moderate,batch3_2026,0.164076273012304,0,True,0
loc_00672,Easy,Tanger-Tétouan-Al Hoceima,34.933095,-4.319152,1056.617313738136,1.0392091006243618,0.3109375,977.0,0.9,49560.27231609259,Easy,batch3_2026,0.7357088821746046,1,True,1
loc_00673,Difficult,Tanger-Tétouan-Al Hoceima,35.402279,-5.322191,258.23517341333934,23.066843330585467,13.2080322265625,1051.82763671875,0.15,19223.98025788128,Difficult,batch3_2026,0.3549628573782003,0,True,0
loc_00674,Easy,Tanger-Tétouan-Al Hoceima,35.488401,-5.130791,288.1327731016247,26.644779201915487,16.30741638183594,134.47152709960938,0.55,19341.37141258299,Easy,batch3_2026,0.6391051690592003,1,True,1
loc_00675,Easy,Tanger-Tétouan-Al Hoceima,35.375224,-4.994033,227.89103857662167,27.201829847198805,15.693424224853516,91.8402328491211,0.55,33869.13202603805,Easy,batch3_2026,0.7626823989838946,1,True,1
loc_00676,Moderate,Tanger-Tétouan-Al Hoceima,35.372808,-5.265224,1904.032489252439,22.46747563078983,15.28814208984375,894.3287353515625,0.15,22689.226306659148,Moderate,batch3_2026,0.23343169647638545,0,True,0
loc_00677,Easy,Tanger-Tétouan-Al Hoceima,35.083446,-5.079801,39.50493267191064,11.665645365896449,7.51539794921875,836.2837524414062,0.15,19597.181443783786,Easy,batch3_2026,0.6177010037240873,1,True,1
loc_00678,Easy,Tanger-Tétouan-Al Hoceima,35.001798,-5.370017,132.35698869666217,29.89287142584586,17.5478662109375,543.3031005859375,0.55,20744.06245948236,Easy,batch3_2026,0.5306770584950065,1,True,1
loc_00679,Easy,Tanger-Tétouan-Al Hoceima,35.232057,-3.922928,456.8739258340637,22.705828117252025,13.62527473449707,29.380449295043945,0.15,1594.5005694784554,Easy,batch3_2026,0.5385358910183784,1,True,1
loc_00680,Easy,Tanger-Tétouan-Al Hoceima,35.789824,-5.361532,548.8758722480171,0.9187128619862672,0.3098854255676269,5.780057907104492,0.15,5491.358872108866,Easy,batch3_2026,0.8162716306105527,1,True,1
loc_00681,Easy,Tanger-Tétouan-Al Hoceima,35.593329,-5.288213,968.486753347688,0.7353914044720503,0.2911710262298584,1.4398531913757324,0.2,2967.149649104972,Easy,batch3_2026,0.7870161760833277,1,True,1
loc_00682,Moderate,Tanger-Tétouan-Al Hoceima,35.520043,-5.340233,3865.9620099915687,22.75055215153417,14.009252319335936,159.4627685546875,0.55,6350.248945892908,Moderate,batch3_2026,0.3982866275720821,0,True,0
loc_00683,Moderate,Tanger-Tétouan-Al Hoceima,35.300691,-5.20585,51.50082011404642,11.880020393172664,7.41558837890625,290.78033447265625,0.15,15728.313013808774,Moderate,batch3_2026,0.5803472568880069,1,False,0
loc_00684,Easy,Tanger-Tétouan-Al Hoceima,35.537348,-5.22077,392.3632898201065,0.7573866655330036,0.3440278720855713,3.301397562026977,0.2,10130.390272538638,Easy,batch3_2026,0.8544459721279659,1,True,1
loc_00686,Moderate,Tanger-Tétouan-Al Hoceima,35.429939,-5.098185,1133.4909954122518,1.3543298453935195,0.7468867075443267,2.818266630172729,0.2,26235.40764673631,Moderate,batch3_2026,0.633463808322887,1,False,0
loc_00687,Moderate,Tanger-Tétouan-Al Hoceima,35.296245,-5.22719,6.222585255668675,27.892714296640914,15.690253295898437,220.7696533203125,0.55,14658.645041292211,Moderate,batch3_2026,0.6943531682681467,1,False,0
loc_00688,Easy,Tanger-Tétouan-Al Hoceima,35.330213,-4.952795,539.3664337221791,0.3330980396118752,0.1359772872924804,5.265829563140869,0.2,33812.74831117163,Easy,batch3_2026,0.76979646410981,1,True,1
loc_00689,Difficult,Tanger-Tétouan-Al Hoceima,35.273273,-4.900421,1639.9826822367672,31.5606436232882,16.434864501953125,235.6973876953125,0.55,35384.08042930497,Difficult,batch3_2026,0.26220754441197935,0,True,0
loc_00690,Difficult,Tanger-Tétouan-Al Hoceima,35.242975,-5.158297,2328.0155508049093,30.478657795771745,20.24272216796875,880.480712890625,0.35,12963.196718611414,Difficult,batch3_2026,0.14218752166305199,0,True,0
loc_00691,Difficult,Tanger-Tétouan-Al Hoceima,35.185251,-5.194523,6521.924386364737,22.093724844208555,15.1343701171875,1255.8482666015625,0.55,6955.205611099716,Difficult,batch3_2026,0.11048211266882499,0,True,0
loc_00692,Difficult,Tanger-Tétouan-Al Hoceima,35.218905,-5.139681,5142.306780991153,49.163784895529744,39.86107421875,747.185302734375,0.55,12952.464741360523,Difficult,batch3_2026,0.05095497892544479,0,True,0
loc_00693,Easy,Tanger-Tétouan-Al Hoceima,34.918387,-4.565299,192.9040137447106,2.9244100701189577,1.2312060546875,1483.921875,0.2,68262.36906175937,Easy,batch3_2026,0.25371991330660687,0,False,1
loc_00694,Easy,Tanger-Tétouan-Al Hoceima,35.190059,-3.877818,618.2171706636743,2.208721240203565,0.96710205078125,11.52963638305664,0.15,7752.954691495961,Easy,batch3_2026,0.8477085834250156,1,True,1
loc_00695,Easy,Tanger-Tétouan-Al Hoceima,35.280073,-5.233774,3.824617332620272,29.571974665230776,15.772229614257812,167.2307586669922,0.55,12767.996996107016,Easy,batch3_2026,0.6158816971515773,1,True,1
loc_00696,Difficult,Tanger-Tétouan-Al Hoceima,35.195231,-5.178878,5936.588221775778,22.05947938994217,13.52265625,765.8876342773438,0.55,8646.828767937515,Difficult,batch3_2026,0.193526148544158,0,True,0
loc_00697,Difficult,Tanger-Tétouan-Al Hoceima,35.195315,-5.178814,5927.661094416562,22.059495077381744,13.52265625,765.8876342773438,0.55,8655.4747484251,Difficult,batch3_2026,0.193526148544158,0,True,0
loc_00698,Difficult,Tanger-Tétouan-Al Hoceima,35.211334,-5.04086,4263.744265108139,34.27448578471175,21.15802856445313,360.7762756347656,0.55,21207.1421834392,Difficult,batch3_2026,0.13766637879723237,0,True,0
loc_00699,Moderate,Tanger-Tétouan-Al Hoceima,35.074391,-4.564801,230.0653732437606,15.53330657124796,9.5492724609375,1175.596923828125,0.15,60734.08693329795,Moderate,batch3_2026,0.39961414101224074,0,True,0
loc_00700,Easy,Tanger-Tétouan-Al Hoceima,35.08114,-4.104749,539.9548673926005,7.749620350386743,3.773531494140625,407.9076843261719,0.2,24171.281922419625,Easy,batch3_2026,0.6223199425108578,1,True,1
loc_00701,Difficult,Tanger-Tétouan-Al Hoceima,35.122193,-5.08885,4275.360187027265,14.171676094335869,7.47048828125,1978.81591796875,0.15,17122.543436883745,Difficult,batch3_2026,0.2566407896775505,0,True,0
loc_00702,Difficult,Tanger-Tétouan-Al Hoceima,35.106971,-5.387428,1716.4677937804845,21.53903175258624,12.5527587890625,1112.21044921875,0.55,12825.062139556949,Difficult,batch3_2026,0.27203843996290966,0,True,0
loc_00703,Easy,Tanger-Tétouan-Al Hoceima,35.182938,-3.934226,718.9000330300623,7.587976207088478,3.816312255859375,234.8492584228516,0.1,6923.390788762064,Easy,batch3_2026,0.4472149975820599,0,False,1
loc_00713,Easy,Souss-Massa,30.625833333333333,-9.865,133.70450400013135,5.715622825969861,3.468275451660156,33.907676696777344,0.35,35304.92146034886,Easy,batch3_2026,0.6905492623924554,1,True,1
loc_00714,Moderate,Souss-Massa,30.63305555555556,-9.887777777777778,549.3468516866135,3.752225096307466,2.031189727783203,16.78900146484375,0.15,37496.11635796355,Moderate,batch3_2026,0.7791619671480571,1,False,0
loc_00715,Easy,Souss-Massa,30.711111111111112,-9.854722222222222,357.36125349410287,2.207480335762092,1.9722644805908205,2.9816575050354004,0.15,41432.85323587444,Easy,batch3_2026,0.6726379919334466,1,True,1
loc_00716,Easy,Souss-Massa,30.766666666666666,-9.8275,604.7498127197854,10.52088429728474,6.384620971679688,48.34831619262695,0.1,45003.99638502272,Easy,batch3_2026,0.6828838634264875,1,True,1
loc_00718,Moderate,Marrakech-Safi,32.718325,-7.937405555555555,96.09745327289428,13.343506382817235,7.108487548828125,277.1278076171875,0.15,43329.21372211004,Moderate,batch3_2026,0.5961040613008233,1,False,0
loc_00719,Moderate,Marrakech-Safi,32.62585555555555,-7.809649999999999,651.4971283109535,7.105867388801059,4.422418212890625,271.1191101074219,0.2,45213.59649316382,Moderate,batch3_2026,0.5661015091015255,1,False,0
loc_00720,Moderate,Marrakech-Safi,32.54581388888889,-7.831752777777777,490.4828147374809,3.2519866192380893,1.82594970703125,342.6968078613281,0.2,36117.240971046165,Moderate,batch3_2026,0.7861787359098732,1,False,0
loc_00721,Easy,Marrakech-Safi,32.44246111111111,-7.944344444444445,986.1109767544298,8.01968775749554,4.3587255859375,549.7748413085938,0.2,22657.113094376327,Easy,batch3_2026,0.5652148576346557,1,True,1
loc_00722,Easy,Marrakech-Safi,32.29926944444444,-8.038086111111111,1648.2598851961234,1.9633710812015104,1.002093505859375,465.57525634765625,0.2,10068.44023590297,Easy,batch3_2026,0.7158766801323075,1,True,1
loc_00723,Easy,Marrakech-Safi,32.249405555555555,-7.97335,348.91958491642424,1.0946539779668272,0.706624755859375,461.9107360839844,0.2,1838.1038808736128,Easy,batch3_2026,0.8474781859177362,1,True,1
loc_00724,Easy,Marrakech-Safi,31.89772777777777,-7.953302777777778,494.7447229912838,4.89583367159301,2.4387255859375,525.2009887695312,0.2,30423.6022114389,Easy,batch3_2026,0.6944663454354678,1,True,1
loc_00725,Easy,Marrakech-Safi,30.947883333333333,-8.265052777777777,89.39901951112027,8.860613730240903,3.6091796875,1315.20263671875,0.55,79049.98293485623,Easy,batch3_2026,0.3798783189662971,0,False,1
loc_00768,Easy,Drâa-Tafilalet,31.444166666666668,-5.654722222222222,702.9231546357436,16.290664522459927,11.210322265625,1411.417236328125,0.1,14522.347318548527,Easy,batch3_2026,0.4511754656284013,0,False,1
loc_00769,Easy,Drâa-Tafilalet,31.44833333333333,-5.6625000000000005,1529.2361795074316,27.080154308998782,16.9708740234375,1491.4305419921875,0.1,14865.486210231084,Easy,batch3_2026,0.3629452193598962,0,False,1
loc_00770,Easy,Drâa-Tafilalet,31.45555555555556,-5.662777777777778,2179.725072519623,8.175413704319237,4.8755859375,1528.9168701171875,0.1,14464.97414458479,Easy,batch3_2026,0.5608718674197746,1,True,1
loc_00771,Easy,Drâa-Tafilalet,31.451666666666664,-5.664722222222222,1944.0435194546696,4.150965030009761,2.1596337890625,1501.218994140625,0.1,14845.549165181246,Easy,batch3_2026,0.5882629118205183,1,True,1
loc_00772,Easy,Drâa-Tafilalet,31.336166666666667,-5.593294444444444,955.3623066546228,18.997643622951724,11.9714697265625,1750.4129638671875,0.1,21416.52119697395,Easy,batch3_2026,0.4586001215417712,0,False,1
loc_00773,Easy,Drâa-Tafilalet,31.434561111111112,-5.989994444444444,517.2315671375151,19.16049098187564,11.735791015625,1653.18017578125,0.15,44568.45981438564,Easy,batch3_2026,0.23210703177811512,0,False,1
loc_00774,Easy,Drâa-Tafilalet,31.52831944444444,-5.9246944444444445,2.728864751244875,44.26755952634549,31.7216015625,1802.60400390625,0.1,37308.49645840882,Easy,batch3_2026,0.6787074851316653,1,True,1
loc_00777,Difficult,Drâa-Tafilalet,30.524880555555555,-6.443355555555556,10483.097590498488,18.315560793122263,10.675654296875,1435.36669921875,0.1,62127.27738808925,Difficult,batch3_2026,0.2169224429219857,0,True,0
loc_00778,Easy,Drâa-Tafilalet,30.283786111111112,-6.432008333333334,2157.488697173124,7.933352544763471,4.419267578125,1319.1253662109375,0.1,57331.11738719668,Easy,batch3_2026,0.303762740057068,0,False,1
loc_00779,Easy,Drâa-Tafilalet,30.52151111111111,-7.246663888888889,1856.930303770896,1.2324617467516426,0.6689501953125,1442.3902587890625,0.1,54729.02908355119,Easy,batch3_2026,0.5765788483829899,1,True,1
loc_00780,Moderate,Béni Mellal-Khénifra,32.812261111111106,-5.319172222222222,1503.047526147938,9.006925706475753,5.4903662109375,1382.8548583984375,0.2,56126.1589732709,Moderate,batch3_2026,0.25767455142220164,0,True,0
loc_00814,Easy,Fés-Meknés,33.367333333333335,-5.490166666666667,2557.6762131667133,2.5599724952232075,1.41258056640625,915.4171752929688,0.15,25571.692836643662,Easy,batch3_2026,0.3399039161474167,0,False,1
loc_00815,Moderate,Fés-Meknés,33.35933333333333,-5.491833333333333,3348.632125212024,17.09137673527729,11.97384765625,1004.2195434570312,0.15,25991.951299284297,Moderate,batch3_2026,0.3499518647971858,0,True,0
loc_00816,Moderate,Fés-Meknés,33.3595,-5.490833333333334,3277.536181665263,13.08406721105658,7.28312255859375,1005.3816528320312,0.1,25898.052383655933,Moderate,batch3_2026,0.38130355098672875,0,True,0
loc_00817,Moderate,Fés-Meknés,33.4605,-5.1865,1490.2979226310508,15.151522542886964,9.249599609375,1531.67724609375,0.15,4732.261106862234,Moderate,batch3_2026,0.48536396808600535,0,True,0
loc_00818,Easy,Fés-Meknés,33.501333333333335,-5.4015,909.1344632729774,23.44079839319268,15.8036474609375,1097.872802734375,0.15,17858.4559144065,Easy,batch3_2026,0.3063434967602019,0,False,1
loc_00819,Moderate,Fés-Meknés,33.4605,-5.1865,1490.2979226310508,15.151522542886964,9.249599609375,1531.67724609375,0.15,4732.261106862234,Moderate,batch3_2026,0.48536396808600535,0,True,0
loc_00843,Difficult,Fés-Meknés,33.76776944444445,-4.508608333333333,1130.0299085945137,11.068437106915308,6.05513671875,1327.60693359375,0.35,30671.549863112465,Difficult,batch3_2026,0.30549323276824025,0,True,0
loc_00844,Difficult,Fés-Meknés,33.898377777777775,-4.388580555555556,3181.0696659818186,23.852310739972925,15.537001953125,1267.708740234375,0.35,41871.22682800497,Difficult,batch3_2026,0.13264583775260072,0,True,0
loc_00845,Difficult,Fés-Meknés,33.836244444444446,-4.089855555555555,3092.441183097698,10.910210357402743,5.878369140625,2079.178955078125,0.1,44413.08687372744,Difficult,batch3_2026,0.32162528454322814,0,True,0
loc_00846,Difficult,Fés-Meknés,33.92944166666666,-3.992011111111111,4190.833086792592,39.17711518041749,25.8553857421875,1393.549560546875,0.55,33479.29030646473,Difficult,batch3_2026,0.04899427580017267,0,True,0
loc_00847,Difficult,Fés-Meknés,33.74353611111111,-4.613408333333333,1953.7946131049189,18.45624813834748,9.2353369140625,1249.9666748046875,0.15,22247.87286307425,Difficult,batch3_2026,0.3070420916088493,0,True,0
loc_00848,Difficult,Fés-Meknés,33.91208888888889,-4.409205555555556,2434.047913347103,29.74520589024208,21.726201171875,1155.5108642578125,0.35,40341.1078640207,Difficult,batch3_2026,0.1829315277933095,0,True,0
loc_00849,Difficult,Fés-Meknés,33.92292777777777,-4.298558333333333,4039.231872816945,2.7272548457601724,1.538720703125,1547.7158203125,0.35,43276.51381052223,Difficult,batch3_2026,0.07119031955460962,0,True,0
loc_00850,Difficult,Fés-Meknés,33.424166666666665,-4.3422222222222215,75.93712355268472,30.12937716012483,19.5530419921875,1401.6822509765625,0.15,36581.95172170291,Difficult,batch3_2026,0.37703865891001864,0,True,0
loc_00851,Easy,Fés-Meknés,33.779780555555554,-5.065452777777778,965.3549292763068,5.521616220848748,3.07782470703125,937.0804443359376,0.15,22026.230737183258,Easy,batch3_2026,0.6320063838847862,1,True,1
loc_00852,Easy,Fés-Meknés,33.45149166666667,-4.929327777777778,1402.7567718044766,15.251288815162583,8.627431640625,1852.416748046875,0.15,18556.690044185663,Easy,batch3_2026,0.5504620280587199,1,True,1
loc_00853,Moderate,Fés-Meknés,33.92948055555555,-4.256008333333333,5231.586227158707,29.98724113399735,16.990615234375,1371.6046142578125,0.35,40381.86254731011,Moderate,batch3_2026,0.11725567006835792,0,True,0
loc_00854,Moderate,Fés-Meknés,33.480158333333335,-4.928294444444445,3980.730281193145,10.09549294733593,6.3569384765625,1944.3228759765625,0.15,17425.228694081787,Moderate,batch3_2026,0.3029088282219545,0,True,0
loc_00855,Moderate,Fés-Meknés,33.491391666666665,-4.932941666666667,4919.586691289153,14.307545900267815,8.6150634765625,1907.776611328125,0.15,16669.09472735284,Moderate,batch3_2026,0.2659466530117278,0,True,0
loc_00856,Easy,Fés-Meknés,33.44587222222222,-4.871861111111111,1067.294673086335,2.085250761210224,1.205849609375,1579.521240234375,0.2,16054.242278418247,Easy,batch3_2026,0.7840268669745591,1,True,1
loc_00857,Easy,Fés-Meknés,33.46251111111111,-4.945358333333334,1587.3569163254188,13.506783096048764,7.6729638671875,1814.123291015625,0.15,16679.111643558033,Easy,batch3_2026,0.566701622204296,1,True,1
loc_00858,Easy,Fés-Meknés,33.83229722222222,-4.646211111111111,20.133665786911543,13.956868762476985,9.34022216796875,485.4567260742188,0.05,17304.36355676414,Easy,batch3_2026,0.7510140964369127,1,True,1
loc_00859,Easy,Fés-Meknés,33.44653888888889,-4.891249999999999,841.8850790642525,11.692159999007158,7.2055322265625,1649.015625,0.15,17603.329654094658,Easy,batch3_2026,0.587690554212245,1,True,1
loc_00860,Difficult,Fés-Meknés,33.394725,-4.6585,5403.149941405649,34.31549024146909,24.96939453125,2732.783447265625,0.15,7441.884236701271,Difficult,batch3_2026,0.06815873276598926,0,True,0
loc_00861,Easy,Fés-Meknés,33.64558888888889,-4.1551,11.438738653098362,22.20837363171657,10.585341796875,2263.26318359375,0.1,61797.415855260326,Easy,batch3_2026,0.4888159278083074,0,False,1
loc_00862,Moderate,Fés-Meknés,33.46958888888889,-5.16506388888889,14.856496659994354,27.328244222023976,15.6332568359375,1623.0601806640625,0.55,6933.816952264848,Moderate,batch3_2026,0.6503839726291751,1,False,0
loc_00863,Moderate,Fés-Meknés,33.99356944444445,-4.383002777777778,368.0874535874519,9.80293381552695,6.29509033203125,756.1414184570312,0.15,43250.72616727155,Moderate,batch3_2026,0.5604202987137148,1,False,0
loc_00864,Easy,Fés-Meknés,33.40253611111111,-5.020261111111111,5086.042875425956,9.941262073666485,5.2970947265625,1818.0089111328125,0.15,16085.833398717416,Easy,batch3_2026,0.08495499544780917,0,False,1
loc_00865,Difficult,Fés-Meknés,33.687755555555555,-4.305622222222223,4974.335725162456,43.87844607663666,33.91267578125,2055.439453125,0.1,51114.0123061474,Difficult,batch3_2026,0.033340363374597407,0,True,0
loc_00866,Difficult,Fés-Meknés,33.66263611111111,-4.289038888888888,4477.6380323208,24.11248991545424,14.443564453125,2276.26611328125,0.1,52652.22923491816,Difficult,batch3_2026,0.0822310332141165,0,True,0
loc_01148,Moderate,Fés-Meknés,33.278841666666665,-5.094733333333333,1808.207095860338,6.528701680105875,3.106591796875,1861.7901611328125,0.15,21176.085884540345,Moderate,batch3_2026,0.5874228229169803,1,False,0
loc_01149,Moderate,Fés-Meknés,33.51963055555555,-5.164138888888889,1559.970065296709,10.4535745420664,6.6526171875,1699.59228515625,0.35,5333.1044631949935,Moderate,batch3_2026,0.7378961029179654,1,False,0
loc_01150,Easy,Fés-Meknés,33.35566111111111,-5.154808333333333,557.8096380964189,2.516503329434144,1.2884521484375,1865.5693359375,0.15,10985.807385504024,Easy,batch3_2026,0.8824755351515547,1,True,1
loc_01151,Easy,Fés-Meknés,33.319897222222224,-5.111116666666667,783.1415645215427,22.27374352437832,15.3203955078125,1936.6173095703125,0.55,16629.166893320275,Easy,batch3_2026,0.40041137515135083,0,False,1
loc_01152,Moderate,Fés-Meknés,33.381597222222226,-5.070113888888889,3851.471286050196,6.204695895110698,3.4054833984375,1749.630615234375,0.15,15658.875409718312,Moderate,batch3_2026,0.20142532141240202,0,True,0
loc_01153,Moderate,Fés-Meknés,33.33925277777778,-5.047933333333333,6090.352370320477,0.69150359822085,0.4015380859375,1725.880126953125,0.15,19663.05710499308,Moderate,batch3_2026,0.1896506210759294,0,True,0
loc_01154,Easy,Fés-Meknés,33.376133333333335,-5.125405555555555,966.5275981316836,4.615372835221069,2.544443359375,1825.3153076171875,0.15,11398.477738242716,Easy,batch3_2026,0.8212227781541155,1,True,1
loc_01155,Moderate,Fés-Meknés,33.264202777777776,-5.104872222222222,2965.49412344852,10.2500413311476,5.1813330078125,1807.52880859375,0.15,22026.303336500907,Moderate,batch3_2026,0.32971004870668297,0,True,0
loc_01156,Easy,Fés-Meknés,33.36046944444445,-5.141663888888889,673.9066979049026,23.13570771778522,13.459580078125,2077.508544921875,0.55,11374.838546887611,Easy,batch3_2026,0.6579143271191801,1,True,1
loc_01157,Easy,Fés-Meknés,33.346247222222225,-5.130202777777777,799.9356793208584,19.12353012511041,11.12970703125,2014.3245849609373,0.15,13256.792767678948,Easy,batch3_2026,0.7349981535969651,1,True,1
loc_01158,Easy,Fés-Meknés,33.23072777777778,-5.066408333333333,579.5503179887127,2.79921255742532,1.3778125,1873.031494140625,0.15,27080.9110480381,Easy,batch3_2026,0.7282529223141432,1,True,1
loc_01159,Moderate,Fés-Meknés,33.38143888888889,-5.299227777777777,656.6441782795911,7.067585855897755,3.8915234375,1179.5782470703125,0.15,8936.814961869115,Moderate,batch3_2026,0.5554630999342041,1,False,0
loc_01160,Easy,Fés-Meknés,33.54006944444444,-5.155341666666667,348.19671325122806,2.478764978927033,1.516064453125,1675.537109375,0.15,4654.022711686609,Easy,batch3_2026,0.844786847899516,1,True,1
loc_01161,Moderate,Fés-Meknés,33.33996111111112,-5.061683333333333,5451.251521034091,0.4786317864449346,0.1976171875,1710.933349609375,0.2,18554.053222617826,Moderate,batch3_2026,0.3059342884013039,0,True,0
loc_01162,Moderate,Fés-Meknés,33.35552777777778,-5.154836111111112,567.7070320773277,2.516502580933125,1.2884521484375,1865.5693359375,0.15,10996.037394153203,Moderate,batch3_2026,0.8843505351515547,1,False,0
loc_01163,Easy,Guelmim-Oued Noun,28.29555555555556,-11.525,5.678765503592185,11.825010636905128,8.072665023803712,21.919282913208008,0.1,162516.4754403445,Easy,batch3_2026,0.7062483773264688,1,True,1
loc_01164,Easy,Guelmim-Oued Noun,28.29555555555556,-11.525,5.678765503592185,11.825010636905128,8.072665023803712,21.919282913208008,0.1,162516.4754403445,Easy,batch3_2026,0.7062483773264688,1,True,1
loc_01167,Easy,Guelmim-Oued Noun,28.39,-11.016944444444444,70.72556899680903,3.717935412167897,2.8187496948242186,125.1245346069336,0.1,114706.61458013208,Easy,batch3_2026,0.6001210027734466,1,True,1
loc_01168,Moderate,Guelmim-Oued Noun,28.34611111111111,-10.934166666666666,146.08456323088686,2.467093625583769,1.217408447265625,200.962158203125,0.1,111290.08618190828,Moderate,batch3_2026,0.7965908236047746,1,False,0
loc_01169,Moderate,Guelmim-Oued Noun,28.27777777777778,-10.901944444444444,11.233819184355603,8.096244645624084,4.2994970703125,252.2122802734375,0.1,114024.59490878564,Moderate,batch3_2026,0.6047393398519648,1,False,0
loc_01170,Moderate,Guelmim-Oued Noun,28.059166666666663,-10.88861111111111,1467.5727354293542,17.44964440753914,10.185078125,311.6436767578125,0.1,131240.13781149636,Moderate,batch3_2026,0.5285933203868205,1,False,0
loc_01171,Moderate,Guelmim-Oued Noun,28.059166666666663,-10.88861111111111,1467.5727354293542,17.44964440753914,10.185078125,311.6436767578125,0.1,131240.13781149636,Moderate,batch3_2026,0.5285933203868205,1,False,0
loc_01172,Moderate,Guelmim-Oued Noun,28.059166666666663,-10.88861111111111,1467.5727354293542,17.44964440753914,10.185078125,311.6436767578125,0.1,131240.13781149636,Moderate,batch3_2026,0.5285933203868205,1,False,0
loc_01173,Easy,Guelmim-Oued Noun,28.016111111111112,-10.816944444444443,835.1375260891666,0.7872239633794899,0.28434326171875,268.1054077148437,0.1,130951.35585027322,Easy,batch3_2026,0.5759366046587613,1,True,1
loc_01174,Easy,Guelmim-Oued Noun,28.016111111111112,-10.816944444444443,835.1375260891666,0.7872239633794899,0.28434326171875,268.1054077148437,0.1,130951.35585027322,Easy,batch3_2026,0.5759366046587613,1,True,1
loc_01175,Easy,Guelmim-Oued Noun,28.29171666666667,-11.533661111111112,187.21264981410548,2.2845412770452973,1.0937862586975098,0.0,0.1,163465.3781207848,Easy,batch3_2026,0.8223488878365477,1,True,1
loc_01176,Easy,Guelmim-Oued Noun,28.476138888888887,-11.202719444444444,84.15517029403009,5.386149107254869,2.9583563232421874,154.51849365234375,0.1,125256.64307016863,Easy,batch3_2026,0.7128956079735099,1,True,1
loc_01177,Easy,Guelmim-Oued Noun,28.40788333333333,-11.067736111111111,87.45170742975212,2.1371053611747333,1.1466152954101565,93.90806579589844,0.1,117678.06855493698,Easy,batch3_2026,0.7614893055936067,1,True,1
loc_01178,Easy,Guelmim-Oued Noun,28.355225,-10.939730555555556,696.4019673877206,1.555835068451029,0.69041259765625,194.1360015869141,0.1,111061.8272796482,Easy,batch3_2026,0.5786985991026099,1,True,1
loc_01179,Easy,Guelmim-Oued Noun,28.278641666666665,-10.897116666666664,473.5831231706553,3.430972196392246,1.994820556640625,259.7463684082031,0.1,113617.68498880048,Easy,batch3_2026,0.5128500352568625,1,True,1
loc_01180,Easy,Guelmim-Oued Noun,28.221733333333333,-10.889041666666666,251.45748623729392,11.30906380518027,7.158638916015625,498.8127746582031,0.1,117558.51117145804,Easy,batch3_2026,0.6483856339087637,1,True,1
loc_01181,Moderate,Guelmim-Oued Noun,28.123997222222226,-10.889105555555554,321.29850978347736,0.6742209716146587,0.3445245361328125,242.5115966796875,0.1,125671.29431954482,Moderate,batch3_2026,0.6733710419786296,1,False,0
loc_01182,Easy,Guelmim-Oued Noun,28.107197222222226,-10.890227777777778,804.3410344786357,0.0990871436998021,0.0286968994140625,232.0,0.1,127176.64474100906,Easy,batch3_2026,0.7577012777767032,1,True,1
loc_01183,Easy,Guelmim-Oued Noun,28.02053055555556,-10.809047222222222,1410.7450358856534,29.99683873346288,19.09796630859375,373.2113342285156,0.1,130108.7579154844,Easy,batch3_2026,0.4237997695209562,0,False,1
loc_01195,Easy,Marrakech-Safi,32.25930555555556,-7.826111111111111,4443.814764466281,5.132685845410566,2.823922119140625,514.9751586914062,0.1,12618.312177513262,Easy,batch3_2026,0.27283899431466824,0,False,1
loc_01196,Easy,Marrakech-Safi,31.31609166666667,-9.352891666666666,2521.148649550059,8.359505409659006,4.9339453125,580.0991821289062,0.15,44515.04888973539,Easy,batch3_2026,0.3875476996389051,0,False,1
loc_01197,Easy,Souss-Massa,30.455702777777777,-9.026147222222225,1854.6392968141083,2.123630591609411,0.9608966064453124,158.70327758789062,0.1,14303.557074125833,Easy,batch3_2026,0.5761532071953015,1,True,1
loc_01198,Moderate,Laayoune-Sakia El Hamra,26.28188611111111,-13.033919444444445,20856.923846753536,0.7106102957615075,0.3424774169921875,173.27940368652344,0.1,98348.00598745007,Moderate,batch3_2026,0.12364960696351268,0,True,0
loc_01199,Easy,Grand Casablanca-Settat,32.73916666666667,-8.559127777777778,2102.299397679193,1.200405401043096,0.6809722900390625,149.61936950683594,0.2,54916.83367511397,Easy,batch3_2026,0.5694401596856136,1,True,1
loc_01200,Moderate,Grand Casablanca-Settat,33.21745277777778,-8.565969444444445,38.329444736333976,6.357591093198916,6.3974467512965205,4.510181427001953,0.15,6874.981970732658,Moderate,batch3_2026,0.7251218975598526,1,False,0
loc_01201,Easy,Grand Casablanca-Settat,33.218075,-8.56158888888889,29.9958201906962,5.150462965052976,2.815116519927978,11.787344932556152,0.15,6476.863150006958,Easy,batch3_2026,0.8040763050914053,1,True,1
loc_01202,Easy,Grand Casablanca-Settat,33.21928055555556,-8.56093888888889,75.17934566122261,4.968050861089041,2.065449361801148,16.229820251464844,0.15,6364.927196256905,Easy,batch3_2026,0.826211179845219,1,True,1
loc_01203,Difficult,Souss-Massa,31.063266666666667,-7.937475,6455.82968948075,15.762927713937763,9.574619140625,3157.923828125,0.15,62745.98701168746,Difficult,batch3_2026,0.0868163897265252,0,True,0
loc_01204,Moderate,Grand Casablanca-Settat,32.67284444444444,-7.853861111111111,5509.137630769579,14.789436792171394,7.95332763671875,227.97119140625,0.15,42670.161316539496,Moderate,batch3_2026,0.2034077515035307,0,True,0
loc_01205,Moderate,Grand Casablanca-Settat,32.65006944444444,-7.798116666666666,254.6706449677409,6.337657466005919,4.065484008789063,218.2811889648437,0.2,42570.45668329824,Moderate,batch3_2026,0.6242662520907845,1,False,0
loc_01206,Easy,Tanger-Tétouan-Al Hoceima,35.8243731,-5.7229291,893.5859225956303,5.014863472251171,1.87871865272522,0.0,0.1,9469.102958435851,Easy,batch3_2026,0.7935824481563898,1,True,1
loc_01207,Easy,Tanger-Tétouan-Al Hoceima,35.7998631,-5.7507168,495.6634092696429,2.4048222699427475,0.7750822544097901,0.0,0.9,5817.547116266901,Easy,batch3_2026,0.9644043956366972,1,True,1
loc_01208,Easy,Tanger-Tétouan-Al Hoceima,35.786932,-5.7633668,220.56595808923765,1.433123797326897,0.7918080496788025,0.0,0.9,4088.10122850137,Easy,batch3_2026,0.9634888086462541,1,True,1
loc_01209,Easy,Tanger-Tétouan-Al Hoceima,35.7777695,-5.7775563,74.36381055315172,2.5423916950432446,1.5561088228225708,3.0137922763824463,0.1,2496.996258651171,Easy,batch3_2026,0.7701949142708628,1,True,1
loc_01210,Easy,Tanger-Tétouan-Al Hoceima,35.7940544,-5.8344841,103.01521359891262,2.662931682700288,1.178817572593689,0.0,0.1,3906.7151778345446,Easy,batch3_2026,0.9292280049347548,1,True,1
loc_01211,Easy,Tanger-Tétouan-Al Hoceima,35.7829225,-5.9307866,834.970488866761,8.213498277970782,4.659341798126698,0.4141149222850799,0.1,11590.875954621992,Easy,batch3_2026,0.7239323388560033,1,True,1
loc_01212,Easy,Tanger-Tétouan-Al Hoceima,35.776858,-5.9307889,252.42512260608427,0.0,0.0,0.0,0.1,11524.955164204952,Easy,batch3_2026,0.9510568506970695,1,True,1
loc_01213,Easy,Tanger-Tétouan-Al Hoceima,35.7723236,-5.9326896,528.2040231268145,12.686903426764731,6.405724086761475,29.854305267333984,0.1,11672.548152233046,Easy,batch3_2026,0.7545319538964324,1,True,1
loc_01214,Easy,Tanger-Tétouan-Al Hoceima,35.7379826,-5.9442736,192.3447185435492,0.0,0.0,0.0,0.1,13194.480224456149,Easy,batch3_2026,0.8919345147211013,1,True,1
loc_01215,Easy,Tanger-Tétouan-Al Hoceima,35.7732541,-5.9331855,500.7585708389871,8.765855086141547,5.14209397315979,0.0,0.1,11720.30565713424,Easy,batch3_2026,0.7291569838759349,1,True,1
loc_01216,Easy,Tanger-Tétouan-Al Hoceima,35.6329991,-5.9781537,486.1297783788706,0.0,0.0,0.0,0.1,19742.16901366104,Easy,batch3_2026,0.9109087664492386,1,True,1
loc_01217,Easy,Tanger-Tétouan-Al Hoceima,35.5775096,-5.9895277,291.6652228317105,0.0,0.0,0.0,0.9,13538.206569784725,Easy,batch3_2026,0.8980392906435112,1,True,1
loc_01218,Easy,Tanger-Tétouan-Al Hoceima,35.6798457,-5.9651715,2319.728117586124,0.564123814907936,0.1098208141326904,0.0,0.1,17693.388243316876,Easy,batch3_2026,0.6812266174194815,1,True,1
loc_01219,Easy,Tanger-Tétouan-Al Hoceima,35.8168801,-5.7486307,1092.0797441326215,14.950158706404627,9.33683464050293,56.66625595092773,0.55,7208.575009398472,Easy,batch3_2026,0.6116599593698164,1,True,1
loc_01220,Easy,Tanger-Tétouan-Al Hoceima,35.7961267,-5.7491829,177.50792895820217,10.817208410707291,6.281980590820313,73.64360809326172,0.55,5705.89200222427,Easy,batch3_2026,0.8095640176886199,1,True,1
loc_01221,Moderate,Tanger-Tétouan-Al Hoceima,35.7773448,-5.7711325,269.95841758572794,10.401925082680348,6.694543495178222,21.406381607055664,0.55,3030.677603225846,Moderate,batch3_2026,0.8477808775035489,1,False,0
loc_01222,Easy,Tanger-Tétouan-Al Hoceima,35.7929606,-5.8624116,730.4660967697015,16.62523643183836,9.133133239746094,97.7577896118164,0.55,5925.644371125846,Easy,batch3_2026,0.5671472041933869,1,True,1
loc_01223,Easy,Tanger-Tétouan-Al Hoceima,35.7619967,-5.8731593,1434.4073748143014,7.703347710493741,5.233487548828125,167.66921997070312,0.55,6355.281776846812,Easy,batch3_2026,0.6042118749013203,1,True,1
loc_01224,Easy,Tanger-Tétouan-Al Hoceima,35.7821557,-5.8925229,2369.5166546893934,6.039799330993575,3.228021240234375,251.9146881103516,0.55,8164.083193754453,Easy,batch3_2026,0.4878448663468049,0,False,1
loc_01225,Easy,Tanger-Tétouan-Al Hoceima,35.7719636,-5.8927079,2262.021123045404,11.234477262956698,6.183397216796875,160.393798828125,0.15,8065.784748080943,Easy,batch3_2026,0.6531892539787647,1,True,1
loc_01226,Easy,Tanger-Tétouan-Al Hoceima,35.6759744,-5.9462552,813.4042155863011,4.077882711962968,1.7221918487548828,15.92078685760498,0.55,16579.273762273704,Easy,batch3_2026,0.5035961788566568,1,True,1
loc_01227,Easy,Tanger-Tétouan-Al Hoceima,35.6759744,-5.9462552,813.4042155863011,4.077882711962968,1.7221918487548828,15.92078685760498,0.55,16579.273762273704,Easy,batch3_2026,0.5035961788566568,1,True,1
loc_01228,Moderate,Tanger-Tétouan-Al Hoceima,35.7899743,-5.8497473,1088.4064094911855,4.816186669596463,1.852655029296875,211.2803649902344,0.55,4757.496765429898,Moderate,batch3_2026,0.6913920823014008,1,False,0
loc_01229,Moderate,Tanger-Tétouan-Al Hoceima,35.7946454,-5.85792,1132.2546634042462,29.054066787002483,17.821575927734376,156.9490203857422,0.55,5653.918802263087,Moderate,batch3_2026,0.6074141586194118,1,False,0
loc_01230,Easy,Tanger-Tétouan-Al Hoceima,35.7627783,-5.8885488,1546.5732867377092,16.20523612600858,9.591492919921874,184.09532165527344,0.15,7724.489388130813,Easy,batch3_2026,0.5302466782597277,1,True,1
loc_01231,Moderate,Tanger-Tétouan-Al Hoceima,35.788318,-5.9291816,1407.7155285614174,10.5201102314718,14.126584391593934,18.76886558532715,0.1,11539.711388819029,Moderate,batch3_2026,0.5735872452371925,1,False,0
loc_01232,Moderate,Tanger-Tétouan-Al Hoceima,35.7974277,-5.8416951,855.0873876830976,14.224688589585073,8.540419301986695,6.743388652801514,0.15,4638.602767414666,Moderate,batch3_2026,0.7655591292990239,1,False,0
loc_01233,Moderate,Tanger-Tétouan-Al Hoceima,35.7913075,-5.8203332,81.58742743482618,26.16640556831525,18.7579638671875,40.32470703125,0.15,2855.9679465775657,Moderate,batch3_2026,0.7398623243404541,1,False,0
loc_01234,Easy,Tanger-Tétouan-Al Hoceima,35.7536291,-5.8957438,365.08389010545375,0.0603330376730261,0.0116874694824218,56.5,0.9,8524.224096583714,Easy,batch3_2026,0.9356840349988605,1,True,1
loc_01235,Moderate,Tanger-Tétouan-Al Hoceima,35.6980445,-5.8249996,252.25370007168232,3.118050068677312,1.3880482482910157,32.1468505859375,0.2,8196.272030770922,Moderate,batch3_2026,0.8302542288120356,1,False,0
loc_01236,Easy,Tanger-Tétouan-Al Hoceima,35.6253683,-5.9412174,1631.338274592858,0.2679612133108748,0.0828529572486877,1.1337740421295166,0.75,20116.488441464822,Easy,batch3_2026,0.7835730841521433,1,True,1
loc_01237,Easy,Tanger-Tétouan-Al Hoceima,35.7691304,-5.8578318,110.37274619677238,12.175003708336977,6.238862457275391,47.09560394287109,0.9,4915.514272769597,Easy,batch3_2026,0.8994817390680996,1,True,1
loc_01238,Easy,Tanger-Tétouan-Al Hoceima,35.814639,-5.7393475,310.15582718910827,7.693558186150712,6.3363818359375,77.13168334960938,0.15,7640.289270133245,Easy,batch3_2026,0.6529180112530067,1,True,1
loc_01239,Easy,Tanger-Tétouan-Al Hoceima,35.7795848,-5.7715313,42.76276294129509,2.4315380532476563,1.526051797866821,1.0952297449111938,0.15,3076.7315909345,Easy,batch3_2026,0.8058618249065043,1,True,1
loc_01240,Moderate,Tanger-Tétouan-Al Hoceima,35.7830876,-5.7652395,8.149335619313545,2.6418885156637075,1.6356513595581057,5.645830154418945,0.15,3749.7784640233367,Moderate,batch3_2026,0.7416657101954669,1,False,0
loc_01241,Easy,Tanger-Tétouan-Al Hoceima,35.7886196,-5.8081714,19.89462180638969,9.40733712925638,4.069520509243011,6.518589496612549,0.1,2155.8144483299,Easy,batch3_2026,0.7508243093190785,1,True,1
loc_01242,Moderate,Tanger-Tétouan-Al Hoceima,35.7860073,-5.8094098,121.4738218583992,12.278118893737147,7.187767972946167,17.047887802124023,0.05,1901.2753397601969,Moderate,batch3_2026,0.8449190735734406,1,False,0
loc_01243,Moderate,Tanger-Tétouan-Al Hoceima,35.7842141,-5.8085094,59.22889638150789,13.415458985507728,8.126784448623658,12.220504760742188,0.1,1687.073934260112,Moderate,batch3_2026,0.820646953420776,1,False,0
loc_01244,Easy,Tanger-Tétouan-Al Hoceima,35.7847304,-5.8129131,414.0358238484215,4.718500361146556,2.484338073730469,45.52054977416992,0.05,1887.6394269784785,Easy,batch3_2026,0.649629848503718,1,True,1
loc_01245,Easy,Tanger-Tétouan-Al Hoceima,35.788648,-5.815002,234.80701473927704,8.559037727316724,4.447898254394532,69.3796615600586,0.05,2361.4255830554853,Easy,batch3_2026,0.7332047543891251,1,True,1
loc_01246,Easy,Tanger-Tétouan-Al Hoceima,35.789007,-5.812113,124.77580031093898,18.33485478728869,10.783554306030274,56.411109924316406,0.55,2294.972121741819,Easy,batch3_2026,0.7995272946363259,1,True,1
loc_01247,Moderate,Tanger-Tétouan-Al Hoceima,35.788119,-5.812018,195.22444129284065,10.132914346236833,5.388539276123047,52.86754608154297,0.05,2199.473996492478,Moderate,batch3_2026,0.7985161903878247,1,False,0
loc_01248,Easy,Tanger-Tétouan-Al Hoceima,35.78653,-5.809422,114.71044471955996,12.716055060357412,8.146350374221802,19.22530937194824,0.05,1957.3228698238188,Easy,batch3_2026,0.8355698591410651,1,True,1
loc_01249,Easy,Tanger-Tétouan-Al Hoceima,35.783817,-5.810501,242.25500220026527,8.649735610121716,7.039547805786133,46.73634338378906,0.05,1704.2353392275377,Easy,batch3_2026,0.7030206068060898,1,True,1
loc_01250,Easy,Tanger-Tétouan-Al Hoceima,35.788671,-5.811854,138.60459609336596,13.622893721278526,5.551269607543945,53.47448348999024,0.05,2251.868775646614,Easy,batch3_2026,0.8386626161031246,1,True,1
loc_01251,Easy,Tanger-Tétouan-Al Hoceima,35.7908171,-5.8200251,125.66096598665594,19.877262342264025,13.45473861694336,59.844017028808594,0.1,2795.046557405008,Easy,batch3_2026,0.7363008387247216,1,True,1
loc_01252,Easy,Tanger-Tétouan-Al Hoceima,35.7810852,-5.8117345,31.25735384777064,15.590269664934375,9.84806869506836,50.01344680786133,0.55,1481.3000179550868,Easy,batch3_2026,0.784576802520091,1,True,1
loc_01253,Easy,Tanger-Tétouan-Al Hoceima,35.7921543,-5.8601788,793.5499268782056,15.9785142832223,10.377359619140623,178.62074279785156,0.15,5705.334368332982,Easy,batch3_2026,0.4832106578273527,0,False,1
loc_01254,Easy,Tanger-Tétouan-Al Hoceima,35.7599335,-5.9392319,124.050165194293,12.224319114847,7.253230745792389,17.071247100830078,0.1,12307.222653846968,Easy,batch3_2026,0.7820141825083385,1,True,1
loc_01255,Easy,Tanger-Tétouan-Al Hoceima,35.7613313,-5.9355535,281.74539136861495,10.328547848391658,5.9578906917572025,11.83196258544922,0.15,11963.550549368616,Easy,batch3_2026,0.8220141191239778,1,True,1
loc_01256,Easy,Tanger-Tétouan-Al Hoceima,35.79109,-5.810278,152.68833983589226,1.2462848135793143,0.7277053165435791,0.894583523273468,0.9,2466.654102681689,Easy,batch3_2026,0.9705423505975195,1,True,1
loc_01257,Easy,Tanger-Tétouan-Al Hoceima,35.787464,-5.809423,107.72193401672924,11.50414883537576,7.349681053161621,22.2059326171875,0.05,2057.2605534696845,Easy,batch3_2026,0.8303217196381989,1,True,1
loc_01258,Easy,Tanger-Tétouan-Al Hoceima,35.791346,-5.821947,118.4771098159936,23.08128214354988,15.488098106384278,63.11250686645508,0.05,2940.136462936357,Easy,batch3_2026,0.7974067052758991,1,True,1
loc_01259,Easy,Tanger-Tétouan-Al Hoceima,35.784726,-5.812676,412.8548385632273,4.718500294806502,2.484338073730469,45.52054977416992,0.05,1877.525102008217,Easy,batch3_2026,0.649629848503718,1,True,1
loc_01260,Easy,Tanger-Tétouan-Al Hoceima,35.787414,-5.813693,340.12678913385537,12.949217733104634,8.992742462158203,52.7593879699707,0.05,2186.4557831152338,Easy,batch3_2026,0.690831690369978,1,True,1
loc_01261,Easy,Tanger-Tétouan-Al Hoceima,35.783531,-5.81884,0.8977288457175512,6.044472278265192,3.884753875732422,66.47209930419922,0.05,2083.589124216568,Easy,batch3_2026,0.5132610244413645,1,True,1
loc_01262,Easy,Tanger-Tétouan-Al Hoceima,35.7884747,-5.8116093,141.42877118169807,13.74484647016037,6.411020812988281,52.38766860961914,0.05,2223.868252356919,Easy,batch3_2026,0.8407471250199726,1,True,1
loc_01263,Easy,Tanger-Tétouan-Al Hoceima,35.7875783,-5.8116361,226.84092498855009,10.633802126958422,7.151009979248047,38.76667404174805,0.05,2131.060259923912,Easy,batch3_2026,0.7219482970588768,1,True,1
loc_01264,Easy,Tanger-Tétouan-Al Hoceima,35.784618,-5.812035,373.2446716495666,6.0925222194737945,2.81787109375,47.02210998535156,0.05,1841.4657552997903,Easy,batch3_2026,0.6698002166568308,1,True,1
loc_01265,Easy,Tanger-Tétouan-Al Hoceima,35.789479,-5.807049,67.20845190794516,2.746248234301366,1.4328327751159669,0.0,0.05,2232.1381997320304,Easy,batch3_2026,0.8573027842728187,1,True,1
loc_01266,Easy,Tanger-Tétouan-Al Hoceima,35.788222,-5.812673,224.60654604197765,10.53010632508146,5.612569122314453,64.22329711914062,0.05,2231.7665811927577,Easy,batch3_2026,0.7429980477410947,1,True,1
loc_01267,Easy,Tanger-Tétouan-Al Hoceima,35.782167,-5.817982,12.86690496266559,5.04034403015149,2.46777099609375,72.8399429321289,0.05,1919.6883583012325,Easy,batch3_2026,0.49318731333494537,0,False,1
loc_01268,Easy,Tanger-Tétouan-Al Hoceima,35.783351,-5.81439,295.7034075728777,7.776482340101225,3.773059539794922,54.54765319824219,0.05,1821.8756264045453,Easy,batch3_2026,0.7307695890823243,1,True,1
loc_01269,Easy,Tanger-Tétouan-Al Hoceima,35.783351,-5.811323,279.2311277207236,7.934212282043315,4.5756016540527344,34.53644943237305,0.05,1686.6444365119778,Easy,batch3_2026,0.6953046763157245,1,True,1
loc_01270,Easy,Fés-Meknés,33.85611,-4.61389,797.8353882941302,13.381329140491866,7.9772216796875,567.315185546875,0.35,20562.48889517968,Easy,batch3_2026,0.5401375965747764,1,True,1
loc_01271,Easy,Fés-Meknés,33.84056,-4.64306,408.8449860322136,13.417342898411452,8.8338623046875,486.5037231445313,0.15,17661.08766560024,Easy,batch3_2026,0.5409405958056861,1,True,1
loc_01272,Moderate,Fés-Meknés,33.83889,-4.64306,357.24874877947207,13.791217128168926,8.27764892578125,488.5203857421875,0.15,17643.91524422908,Moderate,batch3_2026,0.6007375625022475,1,False,0
loc_01273,Moderate,Fés-Meknés,33.8575,-4.61889,1091.3819028867772,14.910228938568112,8.9386376953125,519.3143310546875,0.35,20134.572714098373,Moderate,batch3_2026,0.4064814504121712,0,True,0
loc_01274,Moderate,Fés-Meknés,33.77278,-4.58333,4197.194597161801,26.01912061063667,18.35306884765625,613.677490234375,0.35,23816.99538989533,Moderate,batch3_2026,0.10888062751210538,0,True,0
loc_01275,Moderate,Fés-Meknés,33.845,-4.53778,298.9078325616579,9.336368823705175,4.83167236328125,978.5252075195312,0.2,27389.938623951723,Moderate,batch3_2026,0.6275421968696242,1,False,0
loc_01276,Easy,Fés-Meknés,33.76583,-4.52194,645.0190976673597,25.11772949156501,14.4213037109375,1149.539794921875,0.35,29515.01017758117,Easy,batch3_2026,0.32781395485801956,0,False,1
loc_01277,Moderate,Fés-Meknés,33.84139,-4.54778,462.63620617854986,16.6921192265091,13.366796875,901.9246215820312,0.05,26439.176297582944,Moderate,batch3_2026,0.5781906176503997,1,False,0
loc_01278,Moderate,Fés-Meknés,33.84667,-4.5425,47.570817090571616,14.891562819882612,8.20158203125,941.7730712890624,0.15,26971.232875279085,Moderate,batch3_2026,0.6514161145237815,1,False,0
loc_01279,Easy,Fés-Meknés,33.84611,-4.60944,346.2109156739486,35.27529698704535,25.98109375,856.5029296875,0.15,20813.75830446215,Easy,batch3_2026,0.41369800150330843,0,False,1
loc_01280,Moderate,Fés-Meknés,33.83306,-4.53306,676.0509306974975,14.3574048495568,8.73738037109375,1016.7515869140624,0.15,27751.316477553428,Moderate,batch3_2026,0.4549604476708352,0,True,0
loc_01281,Easy,Fés-Meknés,33.76806,-4.51139,995.1127792794438,23.91438753642316,14.1037646484375,1292.0992431640625,0.35,30413.34990255421,Easy,batch3_2026,0.2198201597329273,0,False,1
loc_01282,Easy,Fés-Meknés,33.82833,-4.59361,2376.8232135359635,5.21283297504143,3.024052734375,815.710205078125,0.55,22147.376451490025,Easy,batch3_2026,0.3248006578747479,0,False,1
loc_01283,Moderate,Fés-Meknés,33.81306,-4.62972,2594.554633230733,26.074139922240807,14.787900390625,734.2637939453125,0.15,18856.19966073044,Moderate,batch3_2026,0.24917161684821607,0,True,0
loc_01284,Moderate,Fés-Meknés,33.81556,-4.62222,2701.53835338719,31.61757849505583,23.4442236328125,746.4080810546875,0.35,19530.3897380335,Moderate,batch3_2026,0.06855996860250188,0,True,0
loc_01285,Easy,Fés-Meknés,33.81139,-4.60917,3860.446833246084,21.851704012190872,13.55252197265625,553.4389038085938,0.35,20763.223592040973,Easy,batch3_2026,0.1990690852607927,0,False,1
loc_01286,Easy,Fés-Meknés,33.92278,-4.65083,845.460323080027,0.0,0.0,415.5,0.9,20058.84014881111,Easy,batch3_2026,0.8052756783904249,1,True,1
loc_01287,Easy,Béni Mellal-Khénifra,33.1,-5.586833333333333,11.04024684883893,15.647235852624917,8.6985693359375,1119.3624267578125,0.05,50026.58533385467,Easy,batch3_2026,0.7777489191961509,1,True,1
loc_01288,Easy,Béni Mellal-Khénifra,33.197833333333335,-5.617,11.749229573511526,3.5356060044312208,1.3670166015625,1113.6739501953125,0.2,44796.624106838826,Easy,batch3_2026,0.5931383589229375,1,True,1
loc_01289,Moderate,Béni Mellal-Khénifra,32.954,-5.685833333333333,0.5573003323919519,9.165689956986162,4.509794921875,882.3032836914062,0.05,68389.23812403741,Moderate,batch3_2026,0.7051185798571802,1,False,0
loc_01290,Moderate,Béni Mellal-Khénifra,32.9605,-5.688,9.51764359746674,5.961064702911789,2.588115234375,876.345703125,0.15,67952.62494709431,Moderate,batch3_2026,0.5290434879285892,1,False,0
loc_01291,Moderate,Béni Mellal-Khénifra,33.02883333333333,-5.614333333333334,450.2144174273372,13.15485888108419,6.32427734375,918.9729614257812,0.15,57725.85262338214,Moderate,batch3_2026,0.5363660635632609,1,False,0
loc_01292,Moderate,Béni Mellal-Khénifra,33.0495,-5.614333333333334,3.5988223954452776,5.622781295930235,2.63309326171875,927.8558349609376,0.05,55947.143703957685,Moderate,batch3_2026,0.5691757809254026,1,False,0
loc_01293,Easy,Béni Mellal-Khénifra,32.9955,-5.652,1.9755441831149625,12.72125663131034,7.04056884765625,874.0926513671875,0.15,62814.83086748042,Easy,batch3_2026,0.41385888087458994,0,False,1
loc_01294,Easy,Béni Mellal-Khénifra,32.16011388888889,-5.9311138888888895,964.5640302552132,12.598643421026688,6.24408203125,2472.880126953125,0.15,44173.95812224376,Easy,batch3_2026,0.40967764251517463,0,False,1
loc_01295,Easy,Béni Mellal-Khénifra,32.08293333333334,-5.938702777777778,957.138280063211,36.97846488992617,23.1365380859375,2038.010498046875,0.15,47982.8548703005,Easy,batch3_2026,0.23274443888352453,0,False,1
loc_01296,Moderate,Béni Mellal-Khénifra,32.101422222222226,-5.892983333333333,2890.3588151114627,17.034882282580078,9.219541015625,2159.90185546875,0.15,50452.18591056081,Moderate,batch3_2026,0.17666745332093187,0,True,0
loc_01297,Moderate,Béni Mellal-Khénifra,32.07391388888889,-5.918491666666667,678.7609558140778,10.90818538950291,4.4590087890625,1722.823974609375,0.15,50115.25745304822,Moderate,batch3_2026,0.42388104620774275,0,True,0
loc_01298,Moderate,Béni Mellal-Khénifra,32.06339444444444,-5.927097222222223,734.961139568784,15.4909730897565,8.2573681640625,1604.8712158203125,0.15,50151.78471094766,Moderate,batch3_2026,0.32825725083440915,0,True,0
loc_01299,Moderate,Béni Mellal-Khénifra,32.04814444444444,-5.935125,1775.2130096306084,6.273295015296484,2.8788720703125,1494.77978515625,0.1,50600.77509664378,Moderate,batch3_2026,0.4560492190676367,0,True,0
loc_01300,Moderate,Béni Mellal-Khénifra,32.03783055555555,-5.949066666666667,3190.050305569012,38.312689509456895,26.4453173828125,1985.6529541015625,0.15,50332.248367985136,Moderate,batch3_2026,0.07447148461897063,0,True,0
loc_01301,Difficult,Béni Mellal-Khénifra,32.01144722222222,-5.942555555555556,5882.381033739846,31.387854360830964,21.5384375,1577.819580078125,0.15,52751.54123506416,Difficult,batch3_2026,0.045220742748635905,0,True,0
loc_01302,Moderate,Béni Mellal-Khénifra,32.01065555555556,-5.929797222222223,5955.30120273799,53.99280937990308,48.154208984375,1739.6810302734375,0.15,53696.929316445625,Moderate,batch3_2026,0.04600146766117183,0,True,0
loc_01303,Moderate,Béni Mellal-Khénifra,32.003619444444446,-5.923263888888889,6809.249552174218,39.85804637429383,28.6862548828125,1651.455078125,0.15,54679.02577521456,Moderate,batch3_2026,0.033706177590988824,0,True,0
loc_01304,Moderate,Béni Mellal-Khénifra,31.99865,-5.929397222222223,7284.920179707209,32.79018492921846,20.785126953125,1968.442626953125,0.15,54629.72228246543,Moderate,batch3_2026,0.04242183235191031,0,True,0
loc_01305,Moderate,Béni Mellal-Khénifra,32.077875000000006,-5.95465,2040.1334583875823,39.30513995886881,29.7560888671875,1542.2723388671875,0.15,47110.19420942171,Moderate,batch3_2026,0.10536625747806265,0,True,0
loc_01306,Moderate,Béni Mellal-Khénifra,32.054116666666665,-6.080561111111111,6727.483515283574,25.6499520139012,14.3642919921875,1427.62255859375,0.1,40357.31476283958,Moderate,batch3_2026,0.1684624347066793,0,True,0
loc_01307,Difficult,Béni Mellal-Khénifra,32.06207777777777,-6.065869444444444,7932.24390638204,30.512196016691785,24.3117578125,1279.813232421875,0.15,40585.398596611725,Difficult,batch3_2026,0.13954962281714084,0,True,0
loc_01308,Difficult,Béni Mellal-Khénifra,32.017538888888886,-6.201827777777778,308.76714908537457,20.19403924165543,11.6021337890625,1217.5174560546875,0.35,37988.13385673349,Difficult,batch3_2026,0.22538563854564755,0,True,0
loc_01309,Difficult,Béni Mellal-Khénifra,31.86734166666667,-5.98155,11398.297811117003,26.21884642529388,18.34375,2684.586181640625,0.15,57411.26931842646,Difficult,batch3_2026,0.05632761739575764,0,True,0
loc_01310,Difficult,Rabat-Salé-Kénitra,34.126533333333334,-6.755861111111111,748.089374245497,4.232684538412844,1.2817199516296387,0.0,0.9,14030.11918431465,Difficult,batch3_2026,0.7605465049468398,1,False,0
loc_01311,Moderate,Rabat-Salé-Kénitra,33.74092777777778,-6.746533333333334,484.8367397255981,13.898377367803278,9.103771362304688,146.39503479003906,0.55,32428.3982614091,Moderate,batch3_2026,0.683813637651769,1,False,0
loc_01312,Moderate,Rabat-Salé-Kénitra,33.310025,-6.543025,508.12764123530206,16.311009230808803,8.82775390625,754.3960571289062,0.15,58203.85848395372,Moderate,batch3_2026,0.5327598444801843,1,False,0
loc_01313,Moderate,Rabat-Salé-Kénitra,34.57602222222223,-5.4805,433.6496232897254,17.573533501660847,8.48516357421875,396.34124755859375,0.15,26128.814061453795,Moderate,batch3_2026,0.5247335029725566,1,False,0
loc_01314,Moderate,Rabat-Salé-Kénitra,34.393255555555555,-6.469327777777778,2684.809688475573,1.3162695274936986,0.4268902826309204,0.0,0.9,17043.998588639606,Moderate,batch3_2026,0.7653828067692301,1,False,0
loc_01315,Moderate,Rabat-Salé-Kénitra,33.93679444444444,-6.946277777777778,284.1475493461749,3.485860000050476,1.7897290724515915,-0.1261641681194305,0.75,13559.649658835451,Moderate,batch3_2026,0.8569680498189792,1,False,0
loc_01316,Moderate,Rabat-Salé-Kénitra,34.03132222222222,-6.843502777777777,42.924527049172,5.242848908130211,3.597892748117447,4.31886100769043,0.1,1080.8739946477865,Moderate,batch3_2026,0.8015321822463132,1,False,0
loc_01317,Moderate,Rabat-Salé-Kénitra,33.848572222222224,-6.966044444444445,519.9239948299739,16.629921727074436,7.822418212890625,38.516822814941406,0.15,22461.69367111007,Moderate,batch3_2026,0.7783254631454612,1,False,0
loc_01318,Difficult,Rabat-Salé-Kénitra,34.39001666666667,-6.469991666666667,2759.8094611121664,3.053895859752404,1.7431472110748292,0.0,0.9,16709.240768653097,Difficult,batch3_2026,0.6790055613242156,1,False,0
loc_01319,Moderate,Rabat-Salé-Kénitra,33.9363,-6.788841666666666,238.241067750688,23.250579038013573,16.310399894714354,31.671010971069336,0.15,10654.460930969166,Moderate,batch3_2026,0.6883812711292148,1,False,0
loc_01320,Moderate,Oriental,34.740766666666666,-2.0449166666666665,3735.72550347842,4.477381429711585,2.36364990234375,654.5737915039062,0.35,12672.167874967445,Moderate,batch3_2026,0.4080744602795089,0,True,0
loc_01321,Moderate,Oriental,34.47788611111111,-3.3419972222222225,229.340432198024,1.0910564611711182,0.53631103515625,439.3240966796875,0.1,28071.6817171918,Moderate,batch3_2026,0.7811981765860465,1,False,0
loc_01322,Easy,Souss-Massa,30.445833333333333,-9.660833333333333,664.2212330942424,3.147838543348124,1.9219890809059144,2.359434127807617,0.1,7899.102444960782,Easy,batch3_2026,0.8145350676239334,1,True,1
loc_01323,Easy,Souss-Massa,30.53523888888889,-9.676272222222222,4.405279832023592,8.541719107755508,4.2084219360351565,98.30745697021484,0.05,15529.619990000974,Easy,batch3_2026,0.7308883064050525,1,True,1
loc_01324,Easy,Souss-Massa,30.62918888888889,-9.833916666666669,47.50685535643836,8.50693026843349,6.225743598937989,28.370649337768555,0.05,33348.15404011465,Easy,batch3_2026,0.7853641393227045,1,True,1
loc_01325,Easy,Souss-Massa,30.629534166666662,-9.834047222222225,9.768406872039836,9.017303298141725,4.356840019226074,27.699308395385746,0.05,33383.824099957885,Easy,batch3_2026,0.7758709283754275,1,True,1
loc_01326,Easy,Souss-Massa,30.628327777777777,-9.836655555555556,139.09534155802487,7.988248744183407,6.113545432090759,9.167478561401367,0.15,33470.97819749352,Easy,batch3_2026,0.654879024883253,1,True,1
loc_01327,Easy,Souss-Massa,30.56222222222222,-9.742455555555557,17.362225556634204,22.06948872658065,12.863770904541015,39.80999374389648,0.15,21891.24647281365,Easy,batch3_2026,0.73584849562909,1,True,1
loc_01328,Easy,Drâa-Tafilalet,29.941425,-5.625411111111112,3094.427826550378,4.169058218947361,2.38499267578125,757.3357543945312,0.1,47548.2221124549,Easy,batch3_2026,0.6577621358176802,1,True,1
loc_01329,Easy,Drâa-Tafilalet,29.925708333333336,-5.614744444444444,1362.1857240215272,12.537454738964511,7.64376220703125,736.9892578125,0.1,49567.75025551199,Easy,batch3_2026,0.5858010678763066,1,True,1
loc_01330,Easy,Drâa-Tafilalet,29.905975,-5.5915333333333335,1081.7403247041757,16.54919246980802,7.39771240234375,728.3668212890625,0.1,52522.03324345912,Easy,batch3_2026,0.6034564332182922,1,True,1
loc_01331,Easy,Drâa-Tafilalet,29.895227777777777,-5.609219444444444,1038.2739078485802,1.3280701758297186,0.7662548828125,616.1084594726562,0.1,52865.36871876445,Easy,batch3_2026,0.8187707041787432,1,True,1
loc_01332,Easy,Drâa-Tafilalet,29.896744444444444,-5.582991666666667,2387.1109625764093,31.14471755675697,19.45156005859375,675.4915161132812,0.1,53809.39309460486,Easy,batch3_2026,0.3056621919771149,0,False,1
loc_01333,Easy,Drâa-Tafilalet,29.9595,-5.637094444444444,4880.198711474814,24.989992021154432,15.85712646484375,758.7964477539062,0.1,45250.42150306756,Easy,batch3_2026,0.43947067757332037,0,False,1
loc_01334,Easy,Drâa-Tafilalet,29.98065,-5.651988888888889,6607.899854813578,12.318297644932953,9.37218505859375,786.2844848632812,0.1,42513.236616161965,Easy,batch3_2026,0.3506340372561929,0,False,1
loc_01335,Moderate,Drâa-Tafilalet,29.872122222222224,-5.547361111111111,5606.36951926982,6.122222452286868,2.2981005859375,577.6151733398438,0.55,57834.90892181522,Moderate,batch3_2026,0.33805574030754526,0,True,0
loc_01336,Moderate,Marrakech-Safi,31.55853611111112,-8.631069444444446,2811.126590175747,4.260120714094519,2.16078369140625,405.3494567871094,0.1,61257.38523278376,Moderate,batch3_2026,0.4104768894800267,0,True,0
loc_01337,Moderate,Fés-Meknés,34.18333333333333,-4.2,1041.5785826737374,24.33643327890153,16.09580078125,442.4667663574219,0.55,18222.37976025785,Moderate,batch3_2026,0.4647610589260747,0,True,0
loc_01338,Moderate,Fés-Meknés,34.21666666666667,-4.016666666666667,250.74020509592063,3.2961081421282508,1.769273681640625,507.8804016113281,0.05,1616.654818875867,Moderate,batch3_2026,0.7932063176291434,1,False,0
loc_01339,Moderate,Fés-Meknés,33.95682222222222,-4.247022222222222,4742.27934061975,24.328925443754187,15.766201171875,1176.9998779296875,0.55,37412.448929950486,Moderate,batch3_2026,0.09462464383204273,0,True,0
loc_01340,Moderate,Fés-Meknés,34.104016666666666,-4.071858333333333,275.6786487853898,16.29993469170964,9.4281005859375,1441.2344970703125,0.55,15132.992772291544,Moderate,batch3_2026,0.3864843622093485,0,True,0
loc_01341,Moderate,Fés-Meknés,34.08271388888889,-4.107749999999999,368.8321334592886,10.811550795343736,5.025166015625,1406.962158203125,0.55,18695.29257623775,Moderate,batch3_2026,0.33842797924244916,0,True,0
loc_01342,Moderate,Souss-Massa,30.444925,-9.659819444444445,633.8199833480011,3.806082562436429,2.388076496124268,2.427356243133545,0.1,7772.544480388861,Moderate,batch3_2026,0.8424484400176392,1,False,0
loc_01343,Moderate,Tanger-Tétouan-Al Hoceima,35.27912222222222,-5.238088888888889,405.1098810293469,23.18638746259233,12.809517822265626,212.4792938232422,0.55,12574.109173764582,Moderate,batch3_2026,0.39219050170545605,0,True,0
loc_01344,Moderate,Tanger-Tétouan-Al Hoceima,35.282875,-4.914525,1936.519583483949,30.95684494328882,17.77156982421875,577.164794921875,0.15,34552.3582400981,Moderate,batch3_2026,0.32671668311245144,0,True,0
loc_01345,Moderate,Tanger-Tétouan-Al Hoceima,35.265861111111114,-5.234911111111111,71.34796346614134,15.444421556992172,9.72931640625,320.0157165527344,0.15,11214.630687587538,Moderate,batch3_2026,0.6109313392109825,1,False,0
loc_01346,Difficult,Tanger-Tétouan-Al Hoceima,35.396366666666665,-5.0262,92.402607965366,9.758245059206304,8.826101684570313,142.1556396484375,0.1,33287.13651554677,Difficult,batch3_2026,0.6507182680057269,1,False,0
loc_01347,Moderate,Drâa-Tafilalet,30.48587777777778,-6.166716666666667,6442.323704456447,2.073486200599147,1.2878759765625,981.1157836914062,0.1,36171.8206887166,Moderate,batch3_2026,0.6034749232575651,1,False,0
loc_01348,Easy,Drâa-Tafilalet,30.456463888888887,-6.099186111111111,3208.10404565377,6.6029376065463286,3.69707763671875,936.8949584960938,0.1,28926.92817917071,Easy,batch3_2026,0.4230324092795171,0,False,1
loc_01349,Easy,Drâa-Tafilalet,30.437183333333333,-6.049980555555555,3085.087659114322,6.080378613224697,3.43971435546875,930.642578125,0.1,23770.831244465546,Easy,batch3_2026,0.4416277726442115,0,False,1
loc_01350,Easy,Guelmim-Oued Noun,29.207316666666667,-10.092175,632.1726582399565,27.43480802829405,16.742685546875,550.3507080078125,0.35,20597.162736687416,Easy,batch3_2026,0.517037742832436,1,True,1
loc_01351,Easy,Guelmim-Oued Noun,29.08107777777778,-9.974233333333334,585.8645952985828,1.3497689773081782,0.876517333984375,411.2908935546875,0.1,13277.756031601306,Easy,batch3_2026,0.8246736949235448,1,True,1
loc_01352,Moderate,Guelmim-Oued Noun,29.22500833333333,-9.702255555555556,4510.704591551252,30.037334561815463,19.534873046875,947.412841796875,0.15,43528.89401902535,Moderate,batch3_2026,0.22609457398232918,0,True,0
loc_01353,Easy,Guelmim-Oued Noun,29.01348611111111,-10.2247,418.174928062189,0.4525029309939722,0.275560302734375,186.10861206054688,0.15,16543.837974034792,Easy,batch3_2026,0.5809106680060341,1,True,1
loc_01354,Moderate,Guelmim-Oued Noun,28.90578611111111,-10.316127777777778,5309.215786253971,1.2584583405264071,0.889144287109375,190.6024780273437,0.1,26719.680880921467,Moderate,batch3_2026,0.24979148138479326,0,True,0
loc_01355,Easy,Guelmim-Oued Noun,28.658716666666667,-10.486783333333332,378.2777254646916,15.479896785374732,10.40758056640625,337.1000061035156,0.15,55470.73306291817,Easy,batch3_2026,0.43660170568541534,0,False,1
loc_01356,Moderate,Guelmim-Oued Noun,28.6385,-10.325591666666666,2400.448250134278,28.8528140673514,19.099423828125,444.9075927734375,0.35,46679.31400876723,Moderate,batch3_2026,0.2696299665800257,0,True,0
loc_01357,Difficult,Guelmim-Oued Noun,28.45379722222222,-10.305405555555556,1835.1623142639105,19.47954721441669,11.5103662109375,530.6597900390625,0.1,63967.54551265677,Difficult,batch3_2026,0.2874795858334628,0,True,0
loc_01358,Moderate,Guelmim-Oued Noun,28.762255555555555,-10.220372222222222,7142.6215454275125,4.330708787418844,2.552945556640625,330.0209350585937,0.1,29543.53110898957,Moderate,batch3_2026,0.2779140811369277,0,True,0
loc_01359,Easy,Guelmim-Oued Noun,28.880133333333333,-10.012830555555556,4588.647599255165,16.07454893452702,10.707781982421874,432.150146484375,0.15,12586.833222045918,Easy,batch3_2026,0.2652873088853821,0,False,1
loc_01360,Easy,Drâa-Tafilalet,31.302675,-5.021425,10882.994596893,29.26186890473857,17.276640625,1429.3802490234375,0.1,54139.76349819124,Easy,batch3_2026,0.10259305451891493,0,False,1
loc_01361,Easy,Drâa-Tafilalet,31.36791111111112,-5.017591666666666,15307.043603633694,9.043740488119646,6.1240283203125,1119.652587890625,0.1,51620.50689148847,Easy,batch3_2026,0.5898059142004153,1,True,1
loc_01362,Easy,Drâa-Tafilalet,31.587197222222223,-4.834605555555555,2898.018529417523,3.0423422866687697,1.4667333984375,952.705810546875,0.1,53658.707719029095,Easy,batch3_2026,0.7052395274717275,1,True,1
loc_01363,Easy,Drâa-Tafilalet,31.47313055555556,-5.036347222222222,3683.2380896787854,0.5152973530238754,0.41462646484375,1011.911865234375,0.1,47219.70474155472,Easy,batch3_2026,0.6428217704096307,1,True,1
loc_01364,Easy,Drâa-Tafilalet,31.43928888888889,-5.019838888888889,7630.476826495858,1.043814169524265,0.4204296875,1033.01171875,0.1,49339.19919823437,Easy,batch3_2026,0.6195295459621988,1,True,1
loc_01365,Easy,Drâa-Tafilalet,31.529038888888888,-4.998469444444445,878.372445968865,11.717563983654552,5.840029296875,1027.03759765625,0.1,50497.99429011228,Easy,batch3_2026,0.6710403531583808,1,True,1
loc_01366,Easy,Drâa-Tafilalet,31.535975,-5.009883333333334,20.682116823741467,4.235286929619463,1.49496826171875,979.410888671875,0.9,49433.86550773754,Easy,batch3_2026,0.8170896615231131,1,True,1
loc_01367,Easy,Drâa-Tafilalet,31.47904722222222,-5.256241666666667,2869.61819339551,18.362437331317643,11.79822265625,1214.39990234375,0.1,26485.76857666321,Easy,batch3_2026,0.23722063770666857,0,False,1
loc_01368,Easy,Drâa-Tafilalet,31.49163611111112,-5.065388888888888,970.6383051398064,1.698319559849194,1.4946728515625,1016.2337646484376,0.05,44279.97139735125,Easy,batch3_2026,0.7825885357203215,1,True,1
loc_01369,Moderate,Drâa-Tafilalet,30.32475833333333,-5.796786111111111,1335.4135766154848,13.018113727103795,7.435048828125,766.6591796875,0.1,3875.124347907002,Moderate,batch3_2026,0.5727161317056316,1,False,0
loc_01370,Moderate,Béni Mellal-Khénifra,31.455205555555555,-6.982922222222222,3083.955303515232,24.98487555947816,15.14162109375,1626.1785888671875,0.15,59883.619099956006,Moderate,batch3_2026,0.08692148877159223,0,True,0
loc_01371,Moderate,Béni Mellal-Khénifra,31.464872222222223,-6.914383333333333,1469.501931389637,37.25509473671159,26.10994140625,2392.067626953125,0.15,60566.46051641377,Moderate,batch3_2026,0.15649959223355886,0,True,0
loc_01372,Moderate,Béni Mellal-Khénifra,31.447041666666667,-6.915677777777778,432.5487156122719,28.103592128346683,18.751005859375,1699.5438232421875,0.55,58584.64494316438,Moderate,batch3_2026,0.2005802211111415,0,True,0
loc_01373,Moderate,Béni Mellal-Khénifra,31.436733333333333,-6.919366666666667,1503.7411170571056,20.62705115297468,10.67013671875,2102.72802734375,0.55,57442.2812271244,Moderate,batch3_2026,0.09804147571958763,0,True,0
loc_01374,Moderate,Béni Mellal-Khénifra,31.470575,-6.8829,2556.180850537141,23.49708763880872,16.115546875,2390.932373046875,0.15,61257.70264855983,Moderate,batch3_2026,0.06860903282083927,0,True,0
loc_01375,Moderate,Béni Mellal-Khénifra,31.53398333333333,-6.947044444444445,735.5051864773724,26.9890002618046,18.0048583984375,1994.0970458984373,0.55,68336.73555566884,Moderate,batch3_2026,0.2961636783123222,0,True,0
loc_01376,Moderate,Béni Mellal-Khénifra,31.430525000000003,-6.895311111111111,1359.0320824979406,15.48099683934664,9.0054296875,2081.07421875,0.55,56765.76325140819,Moderate,batch3_2026,0.18190458639049423,0,True,0
loc_01377,Moderate,Béni Mellal-Khénifra,31.4321,-6.818516666666667,5430.155804393239,43.63709470949568,28.972412109375,2097.4306640625,0.55,57596.32411596338,Moderate,batch3_2026,0.023672961728875303,0,True,0
loc_01378,Difficult,Béni Mellal-Khénifra,31.72493611111111,-6.964933333333334,63.49645590070998,3.5106286459680094,1.782216796875,1075.6744384765625,0.2,88957.84466149902,Difficult,batch3_2026,0.7311110101245174,1,False,0
loc_01379,Difficult,Béni Mellal-Khénifra,31.395658333333333,-6.793727777777778,8518.887390953592,39.05619302682072,25.7158544921875,1992.6180419921875,0.1,54032.62025200324,Difficult,batch3_2026,0.04750434013848927,0,True,0
loc_01380,Moderate,Béni Mellal-Khénifra,31.74145833333333,-6.851061111111111,1165.5059145048751,12.649319878376389,7.696357421875,935.129638671875,0.35,80901.34642529162,Moderate,batch3_2026,0.5165111287131118,1,False,0
loc_01381,Moderate,Béni Mellal-Khénifra,31.736975,-6.869158333333334,978.0143858326128,21.285675748726167,12.123193359375,1217.8282470703125,0.35,82304.75545708323,Moderate,batch3_2026,0.18329976201238476,0,True,0
loc_01382,Moderate,Béni Mellal-Khénifra,31.70828333333333,-6.853627777777778,1716.8843320613105,27.286812594105857,18.129404296875,1339.1475830078125,0.55,84074.12404087251,Moderate,batch3_2026,0.13071526231584232,0,True,0
loc_01383,Moderate,Béni Mellal-Khénifra,31.717716666666664,-6.815847222222222,801.9010391224825,13.967121417422376,9.5002978515625,1415.8729248046875,0.35,81240.72972543546,Moderate,batch3_2026,0.3570092494820634,0,True,0
loc_01384,Moderate,Béni Mellal-Khénifra,31.72513611111111,-6.970002777777778,147.1937410777931,20.33061126411041,13.3054541015625,1078.0008544921875,0.55,89251.38402832861,Moderate,batch3_2026,0.40083553347943895,0,True,0
loc_01385,Difficult,Béni Mellal-Khénifra,31.53498611111112,-6.933286111111111,1622.1752699389006,28.171211179918767,18.8198681640625,1965.7081298828125,0.55,68394.93660974874,Difficult,batch3_2026,0.15427091024644263,0,True,0
loc_01386,Moderate,Béni Mellal-Khénifra,31.52438611111111,-6.942316666666667,297.0603184714654,23.48660276275234,14.78642578125,2088.53759765625,0.55,67249.49715446928,Moderate,batch3_2026,0.2078204796497086,0,True,0
loc_01387,Difficult,Béni Mellal-Khénifra,31.50797777777778,-6.934944444444445,247.4148689611341,26.96252396811431,17.60416015625,1890.79931640625,0.15,65398.5939078602,Difficult,batch3_2026,0.4013162588176996,0,True,0
loc_01388,Moderate,Béni Mellal-Khénifra,31.50014722222222,-6.926411111111111,609.7612629326991,25.00167214198068,14.0560302734375,1880.120849609375,0.15,64504.7862897386,Moderate,batch3_2026,0.274352985520562,0,True,0
loc_01389,Moderate,Béni Mellal-Khénifra,31.54648333333333,-6.971002777777778,284.846867559652,24.78450853242151,16.593994140625,2088.968994140625,0.15,69874.18819825847,Moderate,batch3_2026,0.25506683166123406,0,True,0
loc_01390,Easy,Béni Mellal-Khénifra,31.492847222222224,-6.917519444444444,1678.5414448934628,19.10253094327579,11.9180712890625,1770.1614990234375,0.1,63679.33457455941,Easy,batch3_2026,0.17412304158777844,0,False,1
loc_01391,Moderate,Béni Mellal-Khénifra,31.56103888888889,-6.472736111111111,8454.591741063829,41.21720388112693,30.5158984375,2709.082275390625,0.15,82542.4150081905,Moderate,batch3_2026,0.06008127671855665,0,True,0
loc_01392,Moderate,Béni Mellal-Khénifra,31.589966666666665,-6.475405555555556,5318.380415635539,37.305259581900565,24.711220703125,2266.317626953125,0.15,83551.58309502373,Moderate,batch3_2026,0.0650048635367752,0,True,0
loc_01393,Moderate,Béni Mellal-Khénifra,31.657102777777776,-6.41965,152.42524156577292,0.9836412472780872,0.4610986328125,1846.734619140625,0.2,75548.2698445027,Moderate,batch3_2026,0.29809323767694407,0,True,0
loc_01394,Moderate,Béni Mellal-Khénifra,31.52125277777777,-6.703430555555555,10866.991824641109,25.607412199085115,15.874248046875,2607.91552734375,0.1,69686.32839956801,Moderate,batch3_2026,0.10025740636359301,0,True,0
loc_01395,Moderate,Béni Mellal-Khénifra,31.625316666666667,-6.626622222222223,636.6392797372018,28.76941953184744,17.4514892578125,1958.1990966796875,0.1,82930.9088453332,Moderate,batch3_2026,0.6362183989955218,1,False,0
loc_01396,Easy,Béni Mellal-Khénifra,31.63325555555556,-6.585486111111111,1682.3078579415794,36.15665303561072,26.1611328125,2639.015869140625,0.15,80957.68694725246,Easy,batch3_2026,0.06704039378748637,0,False,1
loc_01397,Easy,Béni Mellal-Khénifra,31.52679722222222,-6.744063888888889,14046.282495876792,30.45457858052079,18.664599609375,3463.329833984375,0.1,69292.25637033455,Easy,batch3_2026,0.05026854298062463,0,False,1
loc_01398,Moderate,Béni Mellal-Khénifra,31.54343611111112,-6.734586111111112,12013.767814324285,8.19077052150598,5.17888671875,3145.09326171875,0.15,71300.71257559372,Moderate,batch3_2026,0.12091391507633,0,True,0
loc_01399,Moderate,Béni Mellal-Khénifra,31.56066111111112,-6.7567,11873.790335557893,31.063157237443804,20.197392578125,2928.07080078125,0.1,72710.44611328047,Moderate,batch3_2026,0.12335046198182611,0,True,0
loc_01400,Moderate,Béni Mellal-Khénifra,31.60168888888889,-6.6045638888888885,142.3630024264201,4.931367050553142,2.529375,1662.36474609375,0.2,81181.1207865794,Moderate,batch3_2026,0.4427959011744886,0,True,0
loc_01401,Difficult,Béni Mellal-Khénifra,31.60590277777778,-6.575658333333333,1153.2741499863034,32.67407909462686,23.6050048828125,1911.6400146484373,0.55,82638.48712048696,Difficult,batch3_2026,0.1726658461076525,0,True,0
loc_01402,Difficult,Béni Mellal-Khénifra,31.575369444444444,-6.6589,5562.8299127724695,21.985582319725264,12.856630859375,2249.57080078125,0.15,76690.5842818122,Difficult,batch3_2026,0.050186206351163255,0,True,0
loc_01403,Difficult,Béni Mellal-Khénifra,31.562691666666662,-6.61011111111111,4463.263375346482,18.809144407388743,13.2055419921875,1836.5440673828125,0.55,76953.81669500192,Difficult,batch3_2026,0.07857542020651646,0,True,0
loc_01404,Difficult,Béni Mellal-Khénifra,31.551094444444445,-6.5847,6028.295684231319,24.97416640299897,17.6076708984375,2015.42578125,0.1,76703.48810100944,Difficult,batch3_2026,0.09165932714049804,0,True,0
loc_01405,Difficult,Béni Mellal-Khénifra,31.53590555555556,-6.646369444444444,8347.11660965349,30.09658420830949,21.7198828125,2071.590087890625,0.15,72938.91605775681,Difficult,batch3_2026,0.08079049617097926,0,True,0
loc_01406,Difficult,Béni Mellal-Khénifra,31.538647222222224,-6.587663888888889,7302.721516180537,28.62481324797067,18.2784765625,2446.093017578125,0.15,75325.11019913839,Difficult,batch3_2026,0.06140891704847813,0,True,0
loc_01407,Difficult,Béni Mellal-Khénifra,31.5248,-6.5918777777777775,8745.315775533152,31.805717975349044,19.15154296875,2666.284423828125,0.15,73757.28375192371,Difficult,batch3_2026,0.03854997392818024,0,True,0
loc_01408,Difficult,Béni Mellal-Khénifra,31.53021111111111,-6.552005555555556,9330.396815205782,46.63769927253707,38.70947265625,3165.4072265625,0.1,75932.54609421868,Difficult,batch3_2026,0.04352793345933782,0,True,0
loc_01409,Moderate,Souss-Massa,30.681166666666662,-9.100333333333332,93.46941202445358,20.518457454471253,12.3794140625,1513.465576171875,0.1,31643.46202046065,Moderate,batch3_2026,0.30089426620079646,0,True,0
loc_01410,Moderate,Tanger-Tétouan-Al Hoceima,35.872908333333335,-5.421022222222223,1004.1410860200416,14.9467323428684,8.416788940429688,231.9960174560547,0.55,6549.055016197881,Moderate,batch3_2026,0.48960141574444305,0,True,0
loc_01411,Moderate,Tanger-Tétouan-Al Hoceima,35.885980555555555,-5.409766666666667,531.8048422736433,23.66542371970198,15.26033935546875,722.4088745117188,0.15,6784.230783209305,Moderate,batch3_2026,0.4773659678954704,0,True,0
loc_01412,Moderate,Tanger-Tétouan-Al Hoceima,35.88771944444444,-5.390516666666668,583.1054882120271,19.8657861268417,10.446024780273438,244.32470703125,0.55,5997.450344916444,Moderate,batch3_2026,0.4318170754992085,0,True,0
loc_01413,Moderate,Tanger-Tétouan-Al Hoceima,35.920677777777776,-5.401880555555556,1422.3717837842066,26.75245128695407,15.29458408355713,52.60436630249024,0.15,9764.700591034763,Moderate,batch3_2026,0.6012360385149238,1,False,0
loc_01414,Moderate,Tanger-Tétouan-Al Hoceima,35.91231388888889,-5.405483333333334,742.4736005414547,27.16724359970334,15.061160888671877,189.5524444580078,0.55,9046.411419894408,Moderate,batch3_2026,0.45351223378771854,0,True,0
loc_01415,Moderate,Fés-Meknés,33.65582777777777,-4.187444444444445,1323.994570747339,32.66302447772462,18.6172705078125,1796.5347900390625,0.55,59839.6761105878,Moderate,batch3_2026,0.06488805664545698,0,True,0
loc_01416,Moderate,Fés-Meknés,33.66074166666667,-4.111491666666666,1574.734775678971,18.75422979493153,10.17669921875,2871.007080078125,0.1,64002.85542782829,Moderate,batch3_2026,0.2482583580474665,0,True,0
loc_01417,Moderate,Fés-Meknés,33.64151944444444,-4.282616666666667,4458.988270982645,35.55154420737037,22.9385693359375,2040.5517578125,0.55,51682.971959444,Moderate,batch3_2026,0.043399490097598886,0,True,0
loc_01418,Moderate,Fés-Meknés,33.630291666666665,-4.278788888888889,4485.645006037498,38.922278749722025,24.8198583984375,2077.33251953125,0.55,51238.16059090642,Moderate,batch3_2026,0.03599599906749774,0,True,0
loc_01419,Moderate,Fés-Meknés,33.68071111111111,-4.23295,758.4050209427218,16.55895496136522,8.80064453125,1385.065673828125,0.15,57775.99964720579,Moderate,batch3_2026,0.2341485384033219,0,True,0
loc_01420,Difficult,Fés-Meknés,33.707350000000005,-4.299841666666667,3183.86733878158,11.5747391761577,7.5367138671875,1485.1795654296875,0.15,51017.75180142202,Difficult,batch3_2026,0.16774587801238652,0,True,0
loc_01421,Moderate,Fés-Meknés,33.656188888888884,-4.282172222222222,4041.088789539416,31.07971629408372,19.202265625,1832.61474609375,0.35,52703.51762234463,Moderate,batch3_2026,0.06798330357381846,0,True,0
loc_01422,Moderate,Fés-Meknés,33.925266666666666,-4.095975,1211.191933789803,28.71102520557368,19.5912060546875,1289.585693359375,0.55,34812.296655923245,Moderate,batch3_2026,0.16109690220902548,0,True,0
loc_01423,Easy,Fés-Meknés,33.80676944444444,-4.375911111111111,66.57026314961215,5.025703360503391,2.5867822265625,852.2758178710938,0.2,42306.82964030375,Easy,batch3_2026,0.764417176179373,1,True,1
loc_01424,Moderate,Fés-Meknés,33.652052777777776,-4.174741666666667,424.6044802983252,8.224221857085093,5.4930908203125,1822.5240478515625,0.15,60610.18009714215,Moderate,batch3_2026,0.31749573145094817,0,True,0
loc_01425,Moderate,Fés-Meknés,33.606430555555555,-4.202916666666667,160.97796180919156,21.62791715625068,13.8504052734375,1754.505859375,0.15,55798.33284138572,Moderate,batch3_2026,0.19432485370317984,0,True,0
loc_01426,Difficult,Fés-Meknés,33.93060555555555,-4.146019444444445,3138.098382126957,24.49356763765422,16.56294921875,1148.99951171875,0.55,35582.77896828884,Difficult,batch3_2026,0.23658436349924528,0,True,0
loc_01427,Difficult,Fés-Meknés,33.85335277777778,-4.029011111111111,732.8636111253246,26.239397874476147,15.1879345703125,1316.6451416015625,0.35,41934.69655626987,Difficult,batch3_2026,0.31597272199998194,0,True,0
loc_01428,Difficult,Fés-Meknés,33.92628333333333,-4.034172222222222,926.691058571082,5.164329547141891,2.7801416015625,1173.01611328125,0.2,33861.62023208356,Difficult,batch3_2026,0.7181527370576817,1,False,0
loc_01429,Difficult,Fés-Meknés,33.86557777777778,-4.034458333333333,63.03164096692652,25.58636673319232,14.9534765625,1639.9288330078125,0.55,40601.18733395874,Difficult,batch3_2026,0.33149985205184984,0,True,0
loc_01430,Difficult,Fés-Meknés,33.815875,-4.133719444444445,6100.994247524856,10.543525107027545,5.0405810546875,1965.5830078125,0.15,47453.61833476542,Difficult,batch3_2026,0.08552702439803225,0,True,0
loc_01431,Difficult,Fés-Meknés,33.80313888888889,-4.161325000000001,4574.085546110811,11.795107363335802,5.9466552734375,1940.86962890625,0.1,49485.30686288429,Difficult,batch3_2026,0.12356572680999739,0,True,0
loc_01432,Difficult,Fés-Meknés,33.75717222222222,-4.067008333333333,263.7152576007649,29.67274101711188,18.075947265625,1926.56982421875,0.15,52854.27982871978,Difficult,batch3_2026,0.5375173227798061,1,False,0
loc_01433,Moderate,Fés-Meknés,33.705286111111114,-4.124786111111111,1860.8354840459244,16.515046305806976,9.908291015625,2370.78662109375,0.1,59313.24089534326,Moderate,batch3_2026,0.21134833826580784,0,True,0
loc_01434,Moderate,Fés-Meknés,33.690061111111106,-4.160183333333333,2178.1272163755743,14.823675672723835,8.966953125,2035.03173828125,0.15,61630.11862667462,Moderate,batch3_2026,0.2114720674864052,0,True,0
loc_01435,Difficult,Fés-Meknés,33.58704166666667,-4.211975,1368.9314302525313,15.394249982344292,8.817216796875,2011.3194580078125,0.55,54045.62931732867,Difficult,batch3_2026,0.3017561048012798,0,True,0
loc_01436,Moderate,Fés-Meknés,33.572188888888896,-4.261980555555556,1031.789542836353,32.066526146014574,19.3273388671875,1919.174560546875,0.55,49174.98582482513,Moderate,batch3_2026,0.24094874204682257,0,True,0
loc_01437,Moderate,Fés-Meknés,33.457769444444445,-4.332880555555556,1293.6531933583651,24.119816631904754,15.061533203125,1569.3861083984375,0.35,38274.88656863351,Moderate,batch3_2026,0.19019886137909026,0,True,0
loc_01438,Moderate,Béni Mellal-Khénifra,32.08508611111111,-6.431527777777778,2607.669157809912,0.0,0.0,802.0,0.9,28659.67304857664,Moderate,batch3_2026,0.8381819123747756,1,False,0
loc_01439,Moderate,Béni Mellal-Khénifra,32.32635833333334,-6.340052777777777,211.46171481191269,8.164287129782373,4.81908203125,584.5738525390625,0.55,1521.9588032421054,Moderate,batch3_2026,0.590408532748475,1,False,0
loc_01440,Moderate,Béni Mellal-Khénifra,32.339975,-6.3209333333333335,404.2877442629326,6.972210389366158,4.44758056640625,572.3265991210938,0.55,3111.301082479833,Moderate,batch3_2026,0.5357467235760041,1,False,0
loc_01441,Moderate,Béni Mellal-Khénifra,32.31991388888889,-6.3556888888888885,734.8707564707299,4.951600318617091,2.90314697265625,597.649658203125,0.15,1603.0952446319814,Moderate,batch3_2026,0.6666011318557533,1,False,0
loc_01442,Moderate,Béni Mellal-Khénifra,32.32220277777778,-6.315575,787.0633537513678,18.03153642759966,10.5676025390625,831.5021362304688,0.55,3790.151804346762,Moderate,batch3_2026,0.38047149024002586,0,True,0
loc_01443,Easy,Béni Mellal-Khénifra,32.352627777777776,-6.2916083333333335,397.5120414348117,25.27026072182964,16.5291796875,803.8060913085938,0.55,6150.480015217811,Easy,batch3_2026,0.43214161965165615,0,False,1
loc_01444,Easy,Béni Mellal-Khénifra,32.36804166666667,-6.258297222222223,518.5352667132321,24.111660348251824,13.86612060546875,755.236328125,0.15,9688.421143533847,Easy,batch3_2026,0.32237494872839956,0,False,1
loc_01445,Easy,Béni Mellal-Khénifra,32.26388611111111,-6.312141666666666,2132.221881307544,12.146178563134132,7.2117919921875,1567.6845703125,0.15,8723.98953343351,Easy,batch3_2026,0.7167184772088586,1,True,1
loc_01446,Moderate,Béni Mellal-Khénifra,32.25786111111111,-6.2741444444444445,421.01130946186686,32.21716242545647,22.2783349609375,1787.8023681640625,0.55,11289.148074747793,Moderate,batch3_2026,0.33934380059007585,0,True,0
loc_01447,Easy,Béni Mellal-Khénifra,32.24431666666667,-6.2989138888888885,3139.146048573464,19.251381571894843,11.565341796875,1699.2652587890625,0.35,11226.979064838932,Easy,batch3_2026,0.3003689194124618,0,False,1
loc_01448,Easy,Béni Mellal-Khénifra,32.25030555555556,-6.263961111111112,123.08341676712678,13.372423068885205,7.5309423828125,1569.8826904296875,0.15,12553.22450241595,Easy,batch3_2026,0.696503519585745,1,True,1
loc_01449,Moderate,Béni Mellal-Khénifra,32.244397222222226,-6.258502777777778,221.592064444566,6.181258590085831,3.35853515625,1462.70556640625,0.2,13385.075309591975,Moderate,batch3_2026,0.6412417900313839,1,False,0
loc_01450,Moderate,Béni Mellal-Khénifra,32.20150277777778,-6.281852777777778,431.2557561137473,8.8058088971141,5.056572265625,1515.03515625,0.35,16213.12080697713,Moderate,batch3_2026,0.4215216201248846,0,True,0
loc_01451,Moderate,Béni Mellal-Khénifra,32.213880555555555,-6.259605555555556,1326.1538601284,18.25542041096917,10.5373046875,1454.5753173828125,0.15,16019.565969755766,Moderate,batch3_2026,0.4156184032455281,0,True,0
loc_01452,Moderate,Béni Mellal-Khénifra,32.17773888888889,-6.266066666666666,3454.549048179618,29.41161140077999,17.94544921875,1222.462158203125,0.35,19235.23796167115,Moderate,batch3_2026,0.2178993518511393,0,True,0
loc_01453,Moderate,Béni Mellal-Khénifra,32.18183611111111,-6.237288888888889,3667.965310299883,34.06205264979465,21.3473828125,1264.3248291015625,0.15,20151.46595706468,Moderate,batch3_2026,0.047002431530695575,0,True,0
loc_01454,Moderate,Béni Mellal-Khénifra,32.17372222222222,-6.190272222222222,4008.438264217924,14.184044665084684,6.63106689453125,1037.513916015625,0.15,23526.97758436752,Moderate,batch3_2026,0.1971146469483241,0,True,0
loc_01455,Difficult,Béni Mellal-Khénifra,32.13916944444444,-6.241613888888889,5517.009003132411,5.934187518021894,3.13685546875,1302.1070556640625,0.2,24097.33484334438,Difficult,batch3_2026,0.27517224484800423,0,True,0
loc_01456,Difficult,Béni Mellal-Khénifra,32.165841666666665,-6.179147222222222,4855.344315918909,19.886359406181285,13.5334033203125,968.4141845703124,0.55,24874.87072648325,Difficult,batch3_2026,0.13019635394172033,0,True,0
loc_01457,Moderate,Béni Mellal-Khénifra,32.162791666666664,-6.157447222222222,5682.175929448224,30.14185027391835,21.386962890625,1090.269775390625,0.55,26506.65891712331,Moderate,batch3_2026,0.1147249505410125,0,True,0
loc_01458,Moderate,Béni Mellal-Khénifra,32.23994722222222,-6.10668611111111,329.864672481192,3.967033398098089,2.2708349609375,1101.2698974609375,0.2,25443.90255781465,Moderate,batch3_2026,0.7123987410124663,1,False,0
loc_01459,Moderate,Béni Mellal-Khénifra,32.30008055555555,-6.015122222222222,1757.6007403124963,19.59361581360613,12.7695166015625,1276.5819091796875,0.55,32007.74662162192,Moderate,batch3_2026,0.14254600191105937,0,True,0
loc_01460,Moderate,Béni Mellal-Khénifra,32.26376666666667,-5.923236111111112,5284.015276355976,8.072757259462833,3.3706201171875,2013.387451171875,0.15,41176.436451430585,Moderate,batch3_2026,0.13075489654802624,0,True,0
loc_01461,Moderate,Béni Mellal-Khénifra,32.530252777777775,-6.069772222222222,2735.494753803904,22.341886168167985,12.6775927734375,1331.7591552734375,0.55,34402.25729522467,Moderate,batch3_2026,0.1417718744359802,0,True,0
loc_01462,Moderate,Béni Mellal-Khénifra,32.414627777777774,-6.206419444444444,1330.1997260527112,34.118504365210875,22.23072265625,926.4317016601562,0.35,16442.419383627737,Moderate,batch3_2026,0.1068710233266564,0,True,0
loc_01463,Moderate,Béni Mellal-Khénifra,32.375258333333335,-6.1688,6462.007433585881,11.510530631324814,5.7342919921875,1493.808837890625,0.15,17925.105450182127,Moderate,batch3_2026,0.1416670242080265,0,True,0
loc_01464,Moderate,Béni Mellal-Khénifra,32.360933333333335,-6.112299999999999,5774.355912678583,19.599610091667195,11.2973681640625,1823.040283203125,0.15,22837.09016616074,Moderate,batch3_2026,0.19136393481370514,0,True,0
loc_01465,Easy,Béni Mellal-Khénifra,32.18674444444444,-6.495072222222222,1413.2144172501196,23.827622881797826,16.426328125,1066.827880859375,0.35,21129.0337464837,Easy,batch3_2026,0.2672355583891552,0,False,1
loc_01466,Difficult,Béni Mellal-Khénifra,32.19753333333333,-6.4971,1544.7807096570723,23.83337886043753,14.559189453125,849.0660400390625,0.15,20337.99022411309,Difficult,batch3_2026,0.286987495143561,0,True,0
loc_01467,Difficult,Béni Mellal-Khénifra,32.164674999999995,-6.5732333333333335,3553.1428854336964,32.14090053694167,23.2616796875,1245.5802001953125,0.35,27981.18117312964,Difficult,batch3_2026,0.10454370833218823,0,True,0
loc_01468,Moderate,Béni Mellal-Khénifra,32.171080555555555,-6.790813888888889,171.0041888770192,11.437396057899482,4.88581787109375,693.68017578125,0.55,44960.23516042084,Moderate,batch3_2026,0.7384887764036291,1,False,0
loc_01469,Moderate,Béni Mellal-Khénifra,32.08453333333333,-6.639611111111111,3315.217213383241,4.73627566769866,3.43452880859375,652.3970947265625,0.55,38679.250465157646,Moderate,batch3_2026,0.4265079017090077,0,True,0
loc_01470,Moderate,Béni Mellal-Khénifra,32.099761111111114,-6.594802777777778,1088.6231566960328,3.601957529403,2.08179443359375,665.2703857421875,0.55,34576.55741285727,Moderate,batch3_2026,0.5546498475791705,1,False,0
loc_01471,Difficult,Béni Mellal-Khénifra,32.058899999999994,-6.681425,327.69695728553586,19.116230241781388,10.57635986328125,780.5675048828125,0.55,43475.47300156792,Difficult,batch3_2026,0.43353114615940347,0,True,0
loc_01472,Moderate,Béni Mellal-Khénifra,32.029066666666665,-6.726363888888889,1812.1570222355624,36.63446336536198,23.81321533203125,580.738037109375,0.35,48821.97514904517,Moderate,batch3_2026,0.21497531348288484,0,True,0
loc_01473,Moderate,Béni Mellal-Khénifra,32.0179,-6.741741666666667,1964.943459157908,18.293352578489618,11.23030517578125,814.5068969726562,0.15,50727.24884191021,Moderate,batch3_2026,0.3128685072533953,0,True,0
loc_01474,Moderate,Béni Mellal-Khénifra,32.00463055555556,-6.740880555555556,736.3486322586995,10.622066110450186,5.28754150390625,745.3609008789062,0.15,51705.82340714439,Moderate,batch3_2026,0.561415515704335,1,False,0
loc_01475,Moderate,Béni Mellal-Khénifra,31.9776,-6.705905555555556,3353.9393368891165,11.709553855875036,6.87673828125,1160.3094482421875,0.35,51708.93386541995,Moderate,batch3_2026,0.5074467111990048,1,False,0
loc_01476,Moderate,Béni Mellal-Khénifra,32.12541111111111,-6.832025,176.2645064268122,2.8495228252398355,1.4621484375,606.369384765625,0.2,50658.86428381946,Moderate,batch3_2026,0.8305946857028177,1,False,0
loc_01477,Difficult,Béni Mellal-Khénifra,32.10018055555555,-6.834963888888889,2025.592303170644,13.588821785012623,8.8225634765625,828.4217529296875,0.15,52249.33040086005,Difficult,batch3_2026,0.34790917512130526,0,True,0
loc_01478,Moderate,Béni Mellal-Khénifra,32.10639722222222,-6.819066666666666,1117.7453195643056,16.528015026187692,10.23479736328125,740.1966552734375,0.15,50607.11991108413,Moderate,batch3_2026,0.4003583458860006,0,True,0
loc_01479,Moderate,Béni Mellal-Khénifra,32.09368333333334,-6.766983333333333,1289.423780271283,5.53826227231752,2.9121728515625,737.8165893554688,0.15,47218.61992990546,Moderate,batch3_2026,0.6384958318817011,1,False,0
loc_01480,Easy,Béni Mellal-Khénifra,32.47123611111111,-5.9957972222222224,209.8538257270949,5.34869557288783,3.1626611328125,1044.3590087890625,0.15,36863.45144305271,Easy,batch3_2026,0.6122675176603831,1,True,1
loc_01481,Easy,Béni Mellal-Khénifra,32.43338055555555,-5.988777777777778,244.38201726140585,11.133116793766645,5.9595703125,1197.94921875,0.2,35965.41216304425,Easy,batch3_2026,0.390736381165363,0,False,1
loc_01482,Moderate,Béni Mellal-Khénifra,32.415638888888886,-5.989605555555555,2.330079392450324,10.540168371491893,5.635556640625,1180.78515625,0.15,35338.365041033045,Moderate,batch3_2026,0.3916243676533704,0,True,0
loc_01483,Easy,Béni Mellal-Khénifra,32.26287222222222,-6.001338888888889,2054.1218494893515,17.208661455876744,11.276435546875,1937.0872802734373,0.55,34021.44087081828,Easy,batch3_2026,0.3026308340075915,0,False,1
loc_01484,Moderate,Béni Mellal-Khénifra,32.273491666666665,-6.114119444444444,354.9649923285038,24.01958926836874,13.3352880859375,1035.0133056640625,0.55,23473.96022316016,Moderate,batch3_2026,0.35217023595486985,0,True,0
loc_01485,Difficult,Béni Mellal-Khénifra,32.18554722222222,-6.103391666666666,5450.825918721107,19.379949645446736,11.8038916015625,1660.468017578125,0.55,28732.430460738844,Difficult,batch3_2026,0.11980760599120588,0,True,0
loc_01486,Moderate,Béni Mellal-Khénifra,32.185313888888885,-6.085536111111111,6403.1626557450345,17.31352723915975,10.041884765625,1458.165283203125,0.15,30135.53238264129,Moderate,batch3_2026,0.1324033683187332,0,True,0
loc_01487,Moderate,Béni Mellal-Khénifra,32.12229722222222,-6.103816666666666,12065.123601042773,20.508110719896187,13.19982421875,2245.608642578125,0.1,33256.839709704625,Moderate,batch3_2026,0.22410739030565735,0,True,0
loc_01488,Easy,Béni Mellal-Khénifra,32.17446944444444,-6.5258416666666665,35.02999809023571,7.531278168651807,4.0674755859375,1295.7171630859375,0.55,24053.731380813384,Easy,batch3_2026,0.42622380565529483,0,False,1
loc_01489,Easy,Béni Mellal-Khénifra,32.16252222222222,-6.528505555555555,131.03408386342812,27.798837250327,17.143349609375,1368.0391845703125,0.55,25214.29924243436,Easy,batch3_2026,0.3235075839289818,0,False,1
loc_01490,Easy,Béni Mellal-Khénifra,32.15674444444444,-6.377458333333333,281.2337385336416,8.986261778223607,5.13181884765625,937.4408569335938,0.2,19861.37592016809,Easy,batch3_2026,0.5888466309175471,1,True,1
loc_01491,Difficult,Béni Mellal-Khénifra,32.161541666666665,-6.290386111111111,3020.8504658707075,25.0103865137976,16.35951171875,1393.6270751953125,0.35,20089.95889460803,Difficult,batch3_2026,0.15029987963994818,0,True,0
loc_01492,Difficult,Béni Mellal-Khénifra,32.159838888888885,-6.258836111111111,4779.874020646553,26.89003709986181,15.912841796875,1211.480224609375,0.55,21327.124684986924,Difficult,batch3_2026,0.09167794377407229,0,True,0
loc_01493,Moderate,Drâa-Tafilalet,30.789275,-6.530641666666667,6185.706875852763,15.9057992887826,7.9759033203125,1008.9807739257812,0.1,39110.84870610916,Moderate,batch3_2026,0.45711177360446464,0,True,0
loc_01494,Easy,Drâa-Tafilalet,31.3587,-5.882772222222223,1754.5939478592136,1.7618671315987549,0.7399267578125,1511.2337646484375,0.1,37943.5138220242,Easy,batch3_2026,0.4631124338595738,0,False,1
loc_01495,Easy,Drâa-Tafilalet,31.25499444444445,-5.814813888888889,800.9905499565278,2.510108520841337,1.392744140625,1638.2911376953125,0.1,40024.95458020229,Easy,batch3_2026,0.6914503617018043,1,True,1
loc_01496,Easy,Drâa-Tafilalet,30.548716666666667,-6.813752777777777,854.6415986335069,10.633785911965164,7.66689453125,1254.4859619140625,0.1,42337.46962027024,Easy,batch3_2026,0.4156108119349626,0,False,1
loc_01497,Easy,Drâa-Tafilalet,30.564877777777777,-7.203411111111111,1070.399735904919,2.2008678105579267,1.0512744140625,1416.59228515625,0.1,48397.672411174295,Easy,batch3_2026,0.7718335429084497,1,True,1
loc_01498,Easy,Drâa-Tafilalet,30.55270277777777,-7.264191666666667,1397.2056325863864,4.161067144590153,2.319990234375,1462.234375,0.1,53007.2242565542,Easy,batch3_2026,0.5197664733081475,1,True,1
loc_01499,Moderate,Drâa-Tafilalet,30.535986111111114,-7.125977777777777,1152.5173924788942,13.19639035998137,6.570791015625,1519.0615234375,0.1,47409.796541429336,Moderate,batch3_2026,0.460500888193008,0,True,0
loc_01500,Difficult,Souss-Massa,30.30113055555556,-7.251827777777778,2972.0807089406617,8.366679791152754,4.6024365234375,1540.3707275390625,0.1,76176.18359192413,Difficult,batch3_2026,0.18633598697177262,0,True,0
loc_01501,Moderate,Drâa-Tafilalet,30.495266666666662,-7.043958333333333,3001.300626329484,28.935295499239164,20.356259765625,1192.5067138671875,0.1,48931.50494451229,Moderate,batch3_2026,0.37818242325429596,0,True,0
loc_01502,Moderate,Drâa-Tafilalet,30.638841666666668,-7.145236111111111,2398.915788522644,14.562583753917876,7.6587060546875,1435.080078125,0.1,38468.21866276192,Moderate,batch3_2026,0.2750213232813026,0,True,0
loc_01503,Moderate,Drâa-Tafilalet,30.54810555555556,-6.634427777777777,3839.796064739597,18.16218387671411,10.5309326171875,1441.7098388671875,0.1,49093.70183090295,Moderate,batch3_2026,0.2877780865899521,0,True,0
loc_01504,Easy,Souss-Massa,28.939308333333333,-8.814366666666668,6103.298193807833,0.4672714297376458,0.430367431640625,384.6104736328125,0.1,121048.5802226409,Easy,batch3_2026,0.5228227147457281,1,True,1
loc_01505,Easy,Drâa-Tafilalet,30.50093611111112,-6.6941250000000005,1945.3823164655555,9.717960153727455,4.6026171875,1377.4727783203125,0.1,51018.80528170496,Easy,batch3_2026,0.5244571331038439,1,True,1
loc_01506,Moderate,Drâa-Tafilalet,30.70671388888889,-6.322402777777778,1572.1692007893653,22.51347627216077,13.1609619140625,1154.1781005859375,0.1,61010.08050078523,Moderate,batch3_2026,0.21464856186844825,0,True,0
loc_01507,Easy,Drâa-Tafilalet,30.472627777777777,-7.000352777777778,1912.947138038,3.2889421840876736,1.8425618489583333,1064.208251953125,0.1,50496.21807764141,Easy,batch3_2026,0.6307460104136132,1,True,1
loc_01508,Easy,Drâa-Tafilalet,30.62295277777778,-7.227963888888889,1581.2368940787717,4.403557791550996,2.4258935546875,1460.9215087890625,0.1,44831.877930487964,Easy,batch3_2026,0.46744410883524,0,False,1
loc_01509,Difficult,Drâa-Tafilalet,30.72455555555556,-7.226127777777778,4660.418073242216,9.616688393197952,5.2696337890625,1671.664794921875,0.1,37137.15788502642,Difficult,batch3_2026,0.14714509203660547,0,True,0
loc_01510,Moderate,Drâa-Tafilalet,30.70973055555556,-7.01655,5267.238965478812,21.71695112126489,13.471083984375,1297.3358154296875,0.1,25483.702150823177,Moderate,batch3_2026,0.2328545960097442,0,True,0
loc_01511,Easy,Drâa-Tafilalet,30.741841666666662,-6.674591666666667,305.0396300203081,3.929649714974069,1.933603515625,1509.55712890625,0.1,30041.39548475273,Easy,batch3_2026,0.6343707982431274,1,True,1
loc_01512,Easy,Drâa-Tafilalet,30.454708333333333,-5.942752777777778,1040.5298848335776,1.9099872461245395,0.88184326171875,760.6423950195312,0.2,17369.562419512167,Easy,batch3_2026,0.7588177673766315,1,True,1
loc_01513,Difficult,Drâa-Tafilalet,30.646455555555555,-6.418683333333334,2947.079895030384,19.041523485684696,10.8366943359375,1381.05078125,0.1,56014.54918681854,Difficult,batch3_2026,0.2013521253505257,0,True,0
loc_01514,Easy,Souss-Massa,30.154627777777776,-6.843063888888889,800.2192095299052,23.9803158007441,14.798916015625,757.9932250976562,0.1,85374.68294146411,Easy,batch3_2026,0.42591804119567267,0,False,1
loc_01515,Difficult,Béni Mellal-Khénifra,31.536694444444446,-6.645352777777777,8226.069798987763,28.85465404474149,19.057001953125,2076.941650390625,0.15,73054.58112393178,Difficult,batch3_2026,0.06946931630693398,0,True,0
loc_01516,Difficult,Béni Mellal-Khénifra,31.523663888888887,-6.705125,11172.162746026095,25.28948543505169,14.698955078125,2607.196533203125,0.15,69898.15063245513,Difficult,batch3_2026,0.07284205212474121,0,True,0
loc_01517,Moderate,Béni Mellal-Khénifra,31.608958333333334,-6.574558333333333,954.289163255781,16.98909679076762,8.5692529296875,1768.4754638671875,0.15,82992.09566503752,Moderate,batch3_2026,0.4664119389970198,0,True,0
loc_01518,Difficult,Béni Mellal-Khénifra,31.569902777777777,-6.747588888888889,10539.911014983189,33.93490070119855,22.5611328125,2663.9169921875,0.1,73894.25241457726,Difficult,batch3_2026,0.06327886524945207,0,True,0
loc_01519,Moderate,Béni Mellal-Khénifra,31.55171388888889,-6.590441666666666,5830.178251796286,36.710335934962856,25.0095263671875,1997.6109619140625,0.15,76547.52434494498,Moderate,batch3_2026,0.048201833508953774,0,True,0
loc_01520,Difficult,Béni Mellal-Khénifra,31.541644444444447,-6.748036111111111,12923.740163526212,28.003454101543703,19.4740234375,3258.045166015625,0.1,70816.50272685605,Difficult,batch3_2026,0.10906474363371632,0,True,0
loc_01521,Difficult,Béni Mellal-Khénifra,31.547347222222225,-6.611577777777778,6170.42353143535,31.067692719468184,17.47189453125,2210.846435546875,0.15,75320.53934621863,Difficult,batch3_2026,0.0958831943714181,0,True,0
loc_01522,Moderate,Béni Mellal-Khénifra,31.56250555555556,-6.611708333333333,4500.128834532433,17.619813619065614,11.525546875,1836.1435546875,0.55,76878.29996865828,Moderate,batch3_2026,0.10358011794353376,0,True,0
loc_01523,Easy,Béni Mellal-Khénifra,31.658188888888887,-6.402627777777778,81.46924539247091,16.66052546677213,10.1069189453125,1892.76171875,0.15,75311.81738909788,Easy,batch3_2026,0.500277804177758,1,True,1
loc_01524,Difficult,Béni Mellal-Khénifra,31.625469444444445,-6.747558333333333,7257.237331002256,29.88588629122194,19.4858984375,1925.57666015625,0.1,79945.24641179747,Difficult,batch3_2026,0.09045979467738569,0,True,0
loc_01525,Difficult,Béni Mellal-Khénifra,31.521475,-6.742991666666667,13734.08469631764,32.476090384755814,22.826982421875,3774.6728515625,0.1,68740.02634281575,Difficult,batch3_2026,0.15796487982154928,0,True,0
loc_01526,Moderate,Béni Mellal-Khénifra,31.604041666666667,-6.4819,3640.49930968377,24.633252460823964,13.8168017578125,1991.3419189453125,0.15,82089.87683364669,Moderate,batch3_2026,0.10904698046004888,0,True,0
loc_01527,Difficult,Béni Mellal-Khénifra,31.55313611111111,-6.730897222222223,10933.525333709393,20.666148110018487,11.333330078125,3212.982421875,0.15,72431.37749399571,Difficult,batch3_2026,0.08555207252496033,0,True,0
loc_01528,Difficult,Béni Mellal-Khénifra,31.505033333333333,-6.654311111111111,6716.58231899926,35.406593398527896,23.767646484375,3011.2578125,0.15,69459.30107473231,Difficult,batch3_2026,0.05986915475177859,0,True,0
loc_01529,Easy,Béni Mellal-Khénifra,31.60035,-6.6081916666666665,343.4679424365587,13.951855932014457,8.6736376953125,1674.5667724609375,0.55,80918.98369982133,Easy,batch3_2026,0.28619268257625696,0,False,1
loc_01530,Easy,Souss-Massa,29.46580833333333,-8.003161111111112,4777.751391332578,2.973141697689257,1.246805419921875,455.2879028320313,0.1,31367.687194133683,Easy,batch3_2026,0.29018762631247075,0,False,1
loc_01531,Moderate,Souss-Massa,29.877294444444445,-8.013680555555556,4620.743051916555,31.720927858687705,22.32740234375,1024.2845458984375,0.1,15164.129332839737,Moderate,batch3_2026,0.042002281489563684,0,True,0
loc_01532,Difficult,Souss-Massa,29.84852777777777,-7.936316666666666,6318.201622829532,44.32765771006042,32.1346875,1311.9073486328125,0.1,11802.48740586186,Difficult,batch3_2026,0.07411459179420761,0,True,0
loc_01533,Moderate,Souss-Massa,29.820794444444445,-7.822294444444444,7916.658242826887,33.69594412607938,21.7844873046875,1322.3258056640625,0.1,16448.531937832,Moderate,batch3_2026,0.061766962131637286,0,True,0
loc_01534,Moderate,Souss-Massa,29.86016111111111,-8.523236111111112,349.5509982178539,22.341491023812008,13.3921044921875,1237.8048095703125,0.1,54896.1668618183,Moderate,batch3_2026,0.33113630488894963,0,True,0
loc_01535,Moderate,Souss-Massa,29.758008333333333,-8.207316666666665,8121.818856630485,5.803137218400454,3.697587890625,1146.4254150390625,0.1,22984.32493023419,Moderate,batch3_2026,0.351630459341721,0,True,0
loc_01536,Moderate,Souss-Massa,30.02298888888889,-6.433980555555555,6784.482487762847,8.583912350566049,5.49369873046875,882.0789184570312,0.1,66653.78214123509,Moderate,batch3_2026,0.559431287526239,1,False,0
loc_01537,Easy,Rabat-Salé-Kénitra,33.93694444444444,-6.8125,298.5673495550843,2.166884743705797,0.83474365234375,147.20892333984375,0.05,9796.844130194895,Easy,batch3_2026,0.8048954711432685,1,True,1
loc_01538,Easy,Rabat-Salé-Kénitra,33.942791666666665,-6.788352777777778,138.95430933123086,5.216587082813663,2.69966103553772,2.305894136428833,0.9,10036.87937437165,Easy,batch3_2026,0.880573047199221,1,True,1
loc_01539,Easy,Rabat-Salé-Kénitra,33.93553333333333,-6.766963888888889,666.4050398203227,13.833401348517134,8.233625059127808,8.136090278625488,0.15,11772.02513284702,Easy,batch3_2026,0.6993821431078748,1,True,1
loc_01540,Easy,Rabat-Salé-Kénitra,33.94070555555555,-6.789577777777778,28.03768537617885,18.357736015253742,11.216535634994507,12.632110595703123,0.15,10187.729387865393,Easy,batch3_2026,0.780187081787723,1,True,1
loc_01541,Easy,Rabat-Salé-Kénitra,33.93931388888888,-6.790733333333333,8.692907427003913,24.922563804548027,17.45458752632141,12.225193977355955,0.55,10276.65111084138,Easy,batch3_2026,0.814107065926815,1,True,1
loc_01542,Easy,Rabat-Salé-Kénitra,33.938624999999995,-6.792391666666666,2.9615766170267075,11.713067958406288,6.578931980133056,12.609514236450195,0.15,10277.670714617916,Easy,batch3_2026,0.7326313853752129,1,True,1
loc_01543,Easy,Rabat-Salé-Kénitra,33.835322222222224,-6.423994444444444,694.6223849027485,12.785828481379726,5.963809814453125,315.1058959960937,0.15,11860.484753543396,Easy,batch3_2026,0.5182959879913842,1,True,1
loc_01544,Easy,Rabat-Salé-Kénitra,33.88125,-6.209594444444445,1134.0466029229704,1.960830685923049,1.189324951171875,391.2700805664063,0.35,9990.561021454185,Easy,batch3_2026,0.7465687207677363,1,True,1
loc_01545,Easy,Rabat-Salé-Kénitra,33.94484444444444,-6.771775,924.9542402164018,19.1270376157562,11.38372039794922,126.8950653076172,0.2,10673.48302147997,Easy,batch3_2026,0.5837350880330975,1,True,1
loc_01546,Easy,Rabat-Salé-Kénitra,33.939586111111105,-6.790580555555556,10.37201468154207,22.14084799344683,13.721547708511352,7.675570487976074,0.15,10255.990102000122,Easy,batch3_2026,0.7564605343251579,1,True,1
loc_01547,Easy,Rabat-Salé-Kénitra,33.94251388888888,-6.788677777777778,145.1822924780916,4.691261993549143,2.186179542541504,1.0,0.9,10049.555344428154,Easy,batch3_2026,0.9041386738417667,1,True,1
loc_01548,Easy,Rabat-Salé-Kénitra,33.94284722222222,-6.788352777777778,141.2232806059106,5.216589703830453,2.69966103553772,2.305894136428833,0.9,10031.468756410835,Easy,batch3_2026,0.880573047199221,1,True,1
loc_01549,Easy,Rabat-Salé-Kénitra,33.94291111111111,-6.788686111111111,133.4277137060433,4.266070858495795,1.702927713394165,1.0,0.9,10010.43221344416,Easy,batch3_2026,0.8942145387292505,1,True,1
loc_01550,Easy,Béni Mellal-Khénifra,32.200747213512344,-6.588045484218163,1021.8197642436812,19.0177818880286,11.52777587890625,705.9083862304688,0.15,26592.86151080177,Easy,batch3_2026,0.4085808882882419,0,False,1
loc_01551,Difficult,Béni Mellal-Khénifra,32.18225109028007,-6.620698952332202,4308.526377121475,10.08440305717125,5.56124755859375,995.3154907226562,0.55,30290.35324039475,Difficult,batch3_2026,0.3186476685280381,0,True,0
loc_01552,Easy,Béni Mellal-Khénifra,32.159680934736734,-6.649538278384349,3570.037568805987,30.47479396557249,20.3050244140625,1166.15087890625,0.35,33948.610941215426,Easy,batch3_2026,0.08937572449320334,0,False,1
loc_01553,Easy,Béni Mellal-Khénifra,32.152467784397246,-6.649245897042148,2796.7027018775507,18.042389796216977,12.104228515625,990.7535400390624,0.15,34392.000404968065,Easy,batch3_2026,0.2731833433262787,0,False,1
loc_01554,Easy,Béni Mellal-Khénifra,32.264766660813265,-6.699960717896586,248.8829005158651,0.2810325322461819,0.1528466796875,418.5491638183594,0.2,33481.26052424003,Easy,batch3_2026,0.6749530879407438,1,True,1
loc_01555,Easy,Béni Mellal-Khénifra,32.07759081656388,-6.679095748009553,59.05699784067,5.475841848458446,3.08670166015625,650.0738525390625,0.15,41875.043673731896,Easy,batch3_2026,0.7618338220481122,1,True,1
loc_01556,Moderate,Béni Mellal-Khénifra,32.06070740501096,-6.678895097216187,28.830482317867823,28.34189246378802,17.6987109375,644.2612915039062,0.15,43164.717444847,Moderate,batch3_2026,0.6970987308696375,1,False,0
loc_01557,Moderate,Béni Mellal-Khénifra,32.07440426435131,-6.658424108341601,1215.7249825742576,16.43438344525448,9.60177734375,704.6821899414062,0.15,40724.13197272013,Moderate,batch3_2026,0.47010817388003767,0,True,0
loc_01558,Easy,Béni Mellal-Khénifra,32.072222204330075,-6.645988410516982,2265.6799400708123,10.137801705190174,5.34351318359375,786.95458984375,0.15,40084.24008261084,Easy,batch3_2026,0.5280039326936649,1,True,1
loc_01559,Easy,Béni Mellal-Khénifra,32.090625326292034,-6.699626929850719,176.1499811259343,6.492984087948003,3.1025537109375,746.9512329101562,0.15,42366.27843485234,Easy,batch3_2026,0.7092965071426589,1,True,1
loc_01560,Moderate,Béni Mellal-Khénifra,32.12088142376265,-6.546541712327494,140.596559578398,11.866460757432854,5.5239453125,841.0686645507812,0.35,29881.164962567527,Moderate,batch3_2026,0.6591508661066483,1,False,0
loc_01561,Easy,Béni Mellal-Khénifra,32.11674844820348,-6.5525083161211,105.2953030627627,14.652775951885252,8.12884521484375,833.5631103515625,0.15,30588.018710407352,Easy,batch3_2026,0.5631724459107326,1,True,1
loc_01562,Easy,Béni Mellal-Khénifra,32.09175972251299,-6.594322697286596,1972.392646336308,11.37418378954981,7.36493896484375,673.7738037109375,0.55,35223.72328362923,Easy,batch3_2026,0.35328206076309554,0,False,1
loc_01563,Easy,Béni Mellal-Khénifra,32.10495452985012,-6.762286699631312,184.3292057256461,7.174165188130306,3.8475244140625,721.2763061523438,0.15,46149.28749153339,Easy,batch3_2026,0.7651495849644124,1,True,1
loc_01564,Easy,Béni Mellal-Khénifra,32.1223439150025,-6.713658338118903,43.98406914444037,10.301872416213175,5.6586328125,782.7816772460938,0.35,41275.32046380763,Easy,batch3_2026,0.6573559509398224,1,True,1
loc_01565,Easy,Béni Mellal-Khénifra,32.126827436234024,-6.723678000505694,239.70141366993985,18.627715293732287,12.81400146484375,806.3731079101562,0.15,41774.73123972603,Easy,batch3_2026,0.2899545898352379,0,False,1
loc_01566,Easy,Béni Mellal-Khénifra,32.12787953957747,-6.728983116670538,86.99374547544765,4.984930843717404,3.09482421875,745.1170654296875,0.15,42127.741288854464,Easy,batch3_2026,0.7839209496160451,1,True,1
loc_01567,Easy,Béni Mellal-Khénifra,32.160183007937235,-6.777852623363809,86.46847369160803,10.793044504216812,6.5976611328125,810.796630859375,0.15,44364.82568709585,Easy,batch3_2026,0.6619361340430635,1,True,1
loc_01568,Easy,Fés-Meknés,33.464333333333336,-5.172,751.9444950993701,5.150191985221662,2.4010107421875,1493.72705078125,0.15,6073.566824897996,Easy,batch3_2026,0.7239609733578654,1,True,1
loc_01569,Easy,Fés-Meknés,33.48683333333334,-5.261666666666667,30.63376268450379,4.587592933549374,2.4873486328125,1270.099853515625,0.2,6695.853778139041,Easy,batch3_2026,0.7453518762101184,1,True,1
loc_01570,Easy,Fés-Meknés,33.46333333333333,-5.169333333333333,536.209123390965,11.81783322059877,5.7908544921875,1516.031005859375,0.2,6222.824706924505,Easy,batch3_2026,0.5213705389996283,1,True,1
loc_01571,Easy,Fés-Meknés,33.46183333333333,-5.165166666666667,143.415268272212,15.291274138044855,8.3387353515625,1548.709228515625,0.15,6475.230236042858,Easy,batch3_2026,0.5381708686489917,1,True,1
loc_01572,Easy,Fés-Meknés,33.43516666666667,-5.223833333333333,48.628261446768775,11.378084288024226,3.8923095703125,1261.8927001953125,0.15,278.3231437766595,Easy,batch3_2026,0.5173396558858363,1,True,1
loc_01573,Easy,Fés-Meknés,33.389,-5.345833333333333,87.16140610648004,4.0311290299084215,2.101259765625,1082.5826416015625,0.2,12154.852034898408,Easy,batch3_2026,0.78535385788685,1,True,1
loc_01574,Easy,Fés-Meknés,33.461666666666666,-5.165,120.32618274378773,14.036936101547996,7.547412109375,1547.169189453125,0.15,6480.095400134483,Easy,batch3_2026,0.6382406023149277,1,True,1
loc_01575,Easy,Fés-Meknés,33.31166666666666,-5.135000000000001,1407.9985313499458,9.09520508139445,5.1188818359375,2029.344482421875,0.15,16062.19523185307,Easy,batch3_2026,0.858095027610452,1,True,1
loc_01576,Easy,Fés-Meknés,33.295833333333334,-5.128888888888889,2129.080938687455,5.363505067373108,2.7578515625,1923.0408935546875,0.15,17862.275738147815,Easy,batch3_2026,0.8104946473270633,1,True,1
loc_01577,Easy,Fés-Meknés,33.19499999999999,-5.111666666666666,1430.4542787346404,8.438795143212026,4.20892578125,2076.794189453125,0.15,28661.87028739091,Easy,batch3_2026,0.7231763681814223,1,True,1
loc_01578,Easy,Fés-Meknés,33.19222222222222,-5.068055555555556,487.2265847444278,12.450555291843203,6.8542333984375,1848.323486328125,0.15,30675.988885017257,Easy,batch3_2026,0.6138963872505019,1,True,1
loc_01579,Easy,Fés-Meknés,33.362500000000004,-5.116111111111111,2195.2238823726275,14.867182431389178,9.269736328125,1919.538818359375,0.15,12991.112240981824,Easy,batch3_2026,0.6879100708961817,1,True,1
loc_01580,Easy,Fés-Meknés,33.34583333333334,-5.160833333333334,1002.7733267844892,15.619910787562835,9.376318359375,1987.0936279296875,0.15,11568.513929362198,Easy,batch3_2026,0.8622999305982755,1,True,1
loc_01581,Moderate,Fés-Meknés,33.06166666666666,-5.066111111111111,2279.3831029818607,15.29033294373444,9.452216796875,2346.903076171875,0.15,44030.29250033014,Moderate,batch3_2026,0.30306933139225767,0,True,0
loc_01582,Easy,Fés-Meknés,33.51138888888889,-5.2525,1676.8952062150654,11.90417088362566,6.469697265625,1503.3763427734375,0.2,8912.865198585157,Easy,batch3_2026,0.6394957424949905,1,True,1
loc_01583,Easy,Fés-Meknés,33.39305555555556,-5.159166666666667,705.3209822269085,15.17764482685055,6.212587890625,1957.9990234375,0.55,7752.746764196756,Easy,batch3_2026,0.8461363897346831,1,True,1
loc_01584,Easy,Fés-Meknés,33.17611111111111,-4.993055555555555,3298.510085130199,10.388016051414928,6.1897607421875,2036.12548828125,0.15,32180.361936545225,Easy,batch3_2026,0.414570758525859,0,False,1
loc_01585,Easy,Fés-Meknés,33.18055555555555,-4.998888888888889,3904.9067293938233,15.801174591795755,9.35072265625,2065.328857421875,0.15,32280.392162066724,Easy,batch3_2026,0.18703371043910705,0,False,1
loc_01586,Easy,Fés-Meknés,33.23638888888889,-5.076944444444444,533.1305259071898,0.7616786195884064,0.350283203125,1826.5723876953125,0.2,26021.119815012786,Easy,batch3_2026,0.4733440706778909,0,False,1
loc_01587,Easy,Fés-Meknés,33.37555555555556,-5.14638888888889,871.5570989863817,4.345183038693372,2.3110400390625,1941.1005859375,0.15,9897.506320575993,Easy,batch3_2026,0.9472839288992919,1,True,1
loc_01588,Easy,Fés-Meknés,33.36388888888889,-5.153611111111111,334.0411719052418,3.101104501513216,1.6527490234375,1952.604736328125,0.15,10345.766503793604,Easy,batch3_2026,0.9376775993126186,1,True,1
loc_01589,Easy,Fés-Meknés,33.401944444444446,-5.151666666666667,1576.2211437857268,12.897895234544462,6.8272265625,2010.581298828125,0.55,7825.063888206664,Easy,batch3_2026,0.8411647853765949,1,True,1
loc_01590,Easy,Fés-Meknés,33.39833333333333,-5.135000000000001,752.8354190658232,5.845839747212622,3.8768798828125,1958.5789794921875,0.15,9390.675747051831,Easy,batch3_2026,0.8539978664495649,1,True,1
loc_01591,Easy,Fés-Meknés,33.2975,-5.122777777777777,1605.96841897257,11.763431663045887,6.757236328125,1928.453125,0.15,18000.350745779113,Easy,batch3_2026,0.8507899306654554,1,True,1
loc_01592,Easy,Fés-Meknés,33.245,-5.096388888888889,2288.859432072123,1.5135222618231372,0.8851953125,1819.27587890625,0.2,24267.54586757056,Easy,batch3_2026,0.23749245851259382,0,False,1
loc_01593,Easy,Fés-Meknés,32.972500000000004,-5.14138888888889,155.5163386174532,7.103603819112758,4.06361328125,1928.2957763671875,0.2,49625.60869632949,Easy,batch3_2026,0.544486366574737,1,True,1
loc_01594,Moderate,Fés-Meknés,33.653055555555554,-4.614999999999999,2362.947166995452,10.353690100272408,6.1728662109375,1192.65087890625,0.15,27797.59940780376,Moderate,batch3_2026,0.4063548700929158,0,True,0
loc_01595,Easy,Fés-Meknés,33.0625,-5.240277777777778,969.7869623846136,7.086904934290033,3.9183984375,1917.0062255859373,0.15,41350.72074705836,Easy,batch3_2026,0.5874955294880215,1,True,1
loc_01596,Easy,Fés-Meknés,33.63388888888889,-5.248055555555555,1129.3092995061843,5.5903445152622,3.456767578125,1339.5501708984375,0.2,17590.641497492936,Easy,batch3_2026,0.4008478567557836,0,False,1
loc_01597,Easy,Fés-Meknés,33.19583333333333,-5.260555555555555,387.4047287795788,17.068717557967805,10.763115234375,2079.29736328125,0.55,26692.302039585,Easy,batch3_2026,0.5140432517982833,1,True,1
loc_01598,Easy,Fés-Meknés,33.51638888888889,-5.2427777777777775,2638.7467709046914,10.372376860080909,6.5896044921875,1603.113525390625,0.55,9261.348385117786,Easy,batch3_2026,0.3296711035752225,0,False,1
loc_01599,Easy,Fés-Meknés,33.261944444444445,-5.053888888888888,1703.9898187873266,15.874370789808246,9.127412109375,1852.9017333984373,0.1,24984.68844003948,Easy,batch3_2026,0.42976748563999967,0,False,1
loc_01600,Easy,Drâa-Tafilalet,33.01083333333333,-4.832222222222222,552.7113472490112,5.121376210558277,2.7853955078125,1628.653076171875,0.1,37746.97032553076,Easy,batch3_2026,0.563100459281243,1,True,1
loc_01601,Easy,Fés-Meknés,33.228611111111114,-5.281666666666666,278.6860444708955,10.79889057034016,5.58935546875,1946.3839111328125,0.55,23425.890025247794,Easy,batch3_2026,0.720292243483734,1,True,1
loc_01602,Easy,Fés-Meknés,33.191111111111105,-5.1025,1869.29331458042,10.567132201127947,6.3309619140625,2044.37646484375,0.15,29387.380638073908,Easy,batch3_2026,0.7096400367706768,1,True,1
loc_01603,Difficult,Fés-Meknés,33.22361111111111,-4.970277777777778,5368.522192094301,15.303549194756634,9.501279296875,2150.30224609375,0.55,27266.88754241093,Difficult,batch3_2026,0.23413973421293838,0,True,0
loc_01604,Easy,Fés-Meknés,33.405,-5.139722222222223,1557.3137810968396,6.755443788224153,4.1852294921875,1917.4117431640625,0.15,8692.305369245276,Easy,batch3_2026,0.7826930011480212,1,True,1
loc_01605,Difficult,Fés-Meknés,33.52027777777778,-4.966666666666667,3202.338935330806,11.187598702235638,5.5301708984375,1860.0400390625,0.15,13071.885777287756,Difficult,batch3_2026,0.5149573183742238,1,False,0
loc_01606,Easy,Fés-Meknés,33.57333333333334,-4.935555555555556,252.50381388939743,5.998128511119543,3.343232421875,1726.837158203125,0.15,16717.568960055083,Easy,batch3_2026,0.5555563860815802,1,True,1
loc_01607,Easy,Fés-Meknés,33.280277777777776,-5.122777777777777,3111.884822855008,10.77586429415998,5.6814013671875,1923.6832275390625,0.15,19644.75411564792,Easy,batch3_2026,0.42492044640974436,0,False,1
loc_01608,Easy,Fés-Meknés,33.18083333333333,-5.251666666666667,392.7606084054139,4.04116056885681,1.780556640625,2105.020751953125,0.15,28269.22571967101,Easy,batch3_2026,0.8124594290001388,1,True,1
loc_01609,Moderate,Fés-Meknés,33.23916666666667,-5.132222222222222,3941.978284760988,18.25360324038873,11.6609912109375,2017.5955810546875,0.15,23391.952016364605,Moderate,batch3_2026,0.5067620035126605,1,False,0
loc_01610,Easy,Fés-Meknés,33.38611111111111,-5.1675,296.91752680365346,3.4947138010852377,1.9378564453125,1989.7645263671875,0.15,7660.643626383672,Easy,batch3_2026,0.9438049630614472,1,True,1
loc_01611,Moderate,Drâa-Tafilalet,33.030833333333334,-4.89,3993.9296776869046,27.46902388823303,19.310986328125,1893.8057861328125,0.15,39919.56839393805,Moderate,batch3_2026,0.06554756519775301,0,True,0
loc_01612,Moderate,Fés-Meknés,33.595,-4.681666666666667,2642.3939931362115,3.801117635686765,2.0489794921875,1599.3472900390625,0.2,26089.88094265568,Moderate,batch3_2026,0.21937314593197266,0,True,0
loc_01613,Easy,Fés-Meknés,33.242222222222225,-5.044722222222222,494.9190600474512,10.996418282898732,6.47373046875,1852.017822265625,0.15,27224.291097572204,Easy,batch3_2026,0.6011075502297873,1,True,1
loc_01614,Easy,Fés-Meknés,33.38333333333333,-5.156388888888889,547.5704861030626,4.729511056021974,2.9405517578125,1954.6182861328125,0.15,8629.265009969533,Easy,batch3_2026,0.8929298389914346,1,True,1
loc_01615,Easy,Fés-Meknés,33.646966666666664,-5.252919444444444,2394.311824864641,3.784779106440819,2.4171630859375,1288.1600341796875,0.15,18916.495868727125,Easy,batch3_2026,0.3148390490338864,0,False,1
loc_01616,Easy,Fés-Meknés,33.31097222222222,-5.1512,1595.8320787764849,27.487228620543256,16.6928515625,1952.3309326171875,0.55,15387.534897926562,Easy,batch3_2026,0.5214812678423417,1,True,1
loc_01617,Easy,Fés-Meknés,33.29895555555555,-5.1368,2440.557692588235,4.587751878811315,2.745693359375,1948.3292236328125,0.15,17195.991644428053,Easy,batch3_2026,0.5802880102257209,1,True,1
loc_01618,Easy,Fés-Meknés,33.264375,-5.055613888888889,1610.235748739804,15.292997243897702,8.2339208984375,1798.716064453125,0.15,24674.52362249072,Easy,batch3_2026,0.25823593256990324,0,False,1
loc_01619,Moderate,Fés-Meknés,33.254102777777774,-5.272358333333333,2432.212026936858,3.534354474093588,1.5547314453125,1863.5286865234373,0.35,20472.0148805218,Moderate,batch3_2026,0.4593627111806402,0,True,0
loc_01620,Easy,Fés-Meknés,33.529872222222224,-4.979619444444444,1678.261951287879,26.59441426747229,17.800546875,1815.8509521484373,0.55,11847.796255722707,Easy,batch3_2026,0.29917280092926,0,False,1
loc_01621,Easy,Fés-Meknés,33.53191944444444,-4.983661111111111,1333.12869763469,3.2984113346700403,1.9074609375,1746.086669921875,0.15,11480.371723008151,Easy,batch3_2026,0.6551191127149418,1,True,1
loc_01622,Moderate,Fés-Meknés,33.50780555555556,-4.980669444444445,2526.0955991925057,10.091468007457774,5.3472314453125,1890.6005859375,0.15,11953.774428072757,Moderate,batch3_2026,0.7440320506937266,1,False,0
loc_01623,Moderate,Fés-Meknés,33.493119444444446,-4.982372222222223,3207.933370350485,8.706458379422928,4.8428125,1907.208984375,0.55,12210.173104464648,Moderate,batch3_2026,0.6826950389728976,1,False,0
loc_01624,Easy,Fés-Meknés,33.326686111111115,-5.1640194444444445,212.067281127828,1.3336054946954066,0.8009423828125,1894.3172607421875,0.15,13292.342315099851,Easy,batch3_2026,0.7688750768064624,1,True,1
loc_01625,Easy,Fés-Meknés,33.54771944444444,-5.110566666666666,267.3788469301468,23.15000448450773,13.470322265625,1600.0457763671875,0.55,2255.70254165437,Easy,batch3_2026,0.5005541565927573,1,True,1
loc_01626,Easy,Fés-Meknés,33.689899999999994,-5.353913888888888,1247.90766771653,2.307300323219324,1.48705078125,1089.410888671875,0.15,28440.624320876308,Easy,batch3_2026,0.5081434378128002,1,True,1
loc_01627,Moderate,Fés-Meknés,33.18032777777778,-5.424855555555556,1855.878940778048,6.903290969095629,3.79248046875,1670.9732666015625,0.35,33709.49983422159,Moderate,batch3_2026,0.23341136096433185,0,True,0
loc_01628,Easy,Fés-Meknés,33.748475,-5.230708333333333,1172.383444994016,5.335668482092532,3.12306640625,947.327392578125,0.2,27082.619121285083,Easy,batch3_2026,0.45017217872594295,0,False,1
loc_01629,Easy,Fés-Meknés,33.783586111111106,-5.254316666666667,696.2918694708658,6.363072089296682,3.38590576171875,822.8953247070312,0.2,28661.681158241343,Easy,batch3_2026,0.48318704281262104,0,False,1
loc_01630,Easy,Fés-Meknés,33.623491666666666,-5.439472222222222,286.5371266301015,15.62120945833012,9.3307958984375,1071.521240234375,0.15,28850.841780702813,Easy,batch3_2026,0.384079807928293,0,False,1
loc_01631,Easy,Fés-Meknés,33.719275,-5.318138888888889,1187.3685831294388,11.055533129798746,7.5851416015625,997.0296630859376,0.15,28067.261853629727,Easy,batch3_2026,0.45505730053409943,0,False,1
loc_01632,Easy,Fés-Meknés,33.59363333333334,-5.375375,834.3260519766897,8.83642364333558,5.2235595703125,1387.80908203125,0.2,22461.71500966665,Easy,batch3_2026,0.40523860181687993,0,False,1
loc_01633,Easy,Fés-Meknés,33.52139722222222,-5.315588888888889,161.06117373260332,9.817370312631436,5.2968359375,1308.39599609375,0.2,12733.053514816018,Easy,batch3_2026,0.6282194770325976,1,True,1
loc_01634,Difficult,Fés-Meknés,33.553,-5.425538888888889,2856.603939813152,19.21038049930448,10.933671875,1094.6776123046875,0.15,22689.689035837404,Difficult,batch3_2026,0.32794328018550895,0,True,0
loc_01635,Difficult,Fés-Meknés,33.226508333333335,-5.426494444444445,1222.554017480201,21.294198409303807,10.9626513671875,1276.0283203125,0.55,29635.020427524323,Difficult,batch3_2026,0.1449574047145733,0,True,0
loc_01636,Moderate,Fés-Meknés,33.269463888888886,-5.005930555555556,422.9308682234384,11.217887049139229,7.3685400390625,1759.13232421875,0.15,27488.89192855811,Moderate,batch3_2026,0.43424302548594207,0,True,0
loc_01637,Moderate,Fés-Meknés,33.27117777777778,-4.938552777777778,511.6429159031046,22.68139794441776,14.5048291015625,1890.07177734375,0.15,21979.993820610605,Moderate,batch3_2026,0.5661191841130964,1,False,0
loc_01638,Moderate,Fés-Meknés,33.41831944444444,-5.163872222222222,36.63930506714318,11.094058726424274,4.91353515625,1780.995361328125,0.55,6083.24396372347,Moderate,batch3_2026,0.6703488238342923,1,False,0
loc_01639,Moderate,Fés-Meknés,33.32407222222223,-5.231183333333333,158.01911837715718,7.331175777940489,2.956826171875,1860.338134765625,0.55,12253.043036226973,Moderate,batch3_2026,0.7368100960700846,1,False,0
loc_01640,Moderate,Fés-Meknés,34.39453611111111,-5.383166666666666,3.105962385867421,11.269297211938968,6.220648193359375,343.3737487792969,0.15,35475.602017734665,Moderate,batch3_2026,0.6421146698480326,1,False,0
loc_01641,Easy,Fés-Meknés,33.37915555555556,-4.711366666666667,1562.6845432378432,18.31423145934829,11.966630859375,1955.440185546875,0.15,2403.3282768045315,Easy,batch3_2026,0.6997317943452029,1,True,1
loc_01642,Easy,Fés-Meknés,33.364336111111115,-5.159780555555556,801.1745508997648,9.426362769949217,5.935556640625,1947.93310546875,0.15,9941.147902616824,Easy,batch3_2026,0.8575664304143917,1,True,1
loc_01643,Easy,Fés-Meknés,33.347297222222224,-5.161033333333334,1123.3571728757,16.07713692583448,10.114423828125,1997.21826171875,0.15,11420.64408190717,Easy,batch3_2026,0.7991239415217575,1,True,1
loc_01644,Easy,Fés-Meknés,33.34464722222222,-5.126955555555555,997.2084573892232,17.035446501902893,9.8888671875,2020.53125,0.15,13592.012272879065,Easy,batch3_2026,0.8171106109275141,1,True,1
loc_01645,Easy,Fés-Meknés,33.32478888888889,-5.137197222222222,670.2090626879404,15.056706636770995,8.775615234375,1961.0655517578125,0.15,14728.272696078608,Easy,batch3_2026,0.8309632418224864,1,True,1
loc_01646,Easy,Fés-Meknés,33.32251666666667,-5.095727777777777,2139.8496133335952,17.52804404822466,10.5390087890625,1871.6962890625,0.15,17375.074174368237,Easy,batch3_2026,0.4462656678502258,0,False,1
loc_01647,Easy,Fés-Meknés,33.131194444444446,-5.0413,337.5609799555203,2.605300967758221,1.1793359375,1929.4063720703125,0.15,37840.27971423527,Easy,batch3_2026,0.8246062880628331,1,True,1
loc_01648,Easy,Fés-Meknés,33.45962222222222,-4.4115527777777785,3436.5294275023343,31.25670723598391,25.02591796875,1315.354248046875,0.55,31382.5796638862,Easy,batch3_2026,0.04628426558605402,0,False,1
loc_01649,Easy,Fés-Meknés,33.462094444444446,-4.405919444444445,3962.266222296897,18.88911849982604,11.4295654296875,1309.6531982421875,0.35,31967.43127653851,Easy,batch3_2026,0.20694767784858537,0,False,1
loc_01650,Easy,Fés-Meknés,33.46461111111111,-4.392244444444445,4225.070897216127,8.713321793531398,5.02298828125,1338.3275146484375,0.15,33255.897097249064,Easy,batch3_2026,0.11237411623757765,0,False,1
loc_01651,Easy,Marrakech-Safi,32.283725,-7.936480555555556,1685.547454251005,2.210112303434235,1.076453857421875,491.8415222167969,0.2,5370.233252410852,Easy,batch3_2026,0.6733463181519832,1,True,1
loc_01652,Easy,Béni Mellal-Khénifra,32.929966666666665,-5.769566666666667,1307.0791619069678,11.614772153324925,5.96513427734375,884.2703857421875,0.15,75477.7390864369,Easy,batch3_2026,0.4877666659965493,0,False,1
loc_01653,Easy,Oriental,32.29689444444444,-3.6355805555555554,5792.859018131387,1.0527073412402368,0.5903564453125,1218.3154296875,0.1,85605.55045539535,Easy,batch3_2026,0.23250428028743236,0,False,1
loc_01654,Easy,Drâa-Tafilalet,31.573891666666665,-5.030261111111111,1806.6657349307904,0.8234942123710741,0.43863037109375,1005.012451171875,0.1,47824.46331568058,Easy,batch3_2026,0.5922549939836649,1,True,1
loc_01655,Difficult,Drâa-Tafilalet,31.23743333333333,-7.21305,5205.800188169016,16.663588427006182,10.517197265625,1975.58935546875,0.1,45521.70091394832,Difficult,batch3_2026,0.13205822149188473,0,True,0
loc_01656,Easy,Drâa-Tafilalet,30.19105,-6.269888888888889,6232.1587483761405,16.92759979863138,9.73037841796875,975.27734375,0.1,44274.515270461554,Easy,batch3_2026,0.3808427866084659,0,False,1
loc_01657,Easy,Drâa-Tafilalet,30.08461111111111,-6.439855555555556,621.9420787206856,1.079689392563625,0.37398193359375,897.7872924804688,0.1,63938.06976786342,Easy,batch3_2026,0.5405621339530989,1,True,1
loc_01658,Easy,Souss-Massa,30.13626111111111,-6.939791666666667,5710.671431404887,5.926382771397999,3.5933203125,902.3643188476562,0.1,87213.0914109031,Easy,batch3_2026,0.4787802788842449,0,False,1
loc_01659,Moderate,Souss-Massa,29.87144444444445,-6.761644444444444,21969.662736950508,0.7776897156473501,0.313509521484375,491.693115234375,0.1,102413.3835687186,Moderate,batch3_2026,0.34621224410223017,0,True,0
loc_01660,Moderate,Souss-Massa,29.727641666666663,-7.289619444444444,13638.311789672483,0.7076487286193285,0.376033935546875,461.1881713867188,0.1,65686.84339136425,Moderate,batch3_2026,0.2827930592684274,0,True,0
loc_01661,Moderate,Souss-Massa,29.55173333333333,-7.833644444444444,13770.6691988321,19.33359250945625,9.32460693359375,493.1549072265625,0.1,25320.637142497668,Moderate,batch3_2026,0.3065596290182376,0,True,0
loc_01662,Difficult,Souss-Massa,29.42676666666667,-8.585408333333334,14019.034124052849,33.93064190314295,20.695673828125,727.9149169921875,0.1,69345.71821620189,Difficult,batch3_2026,0.730220814339833,1,False,0
loc_01663,Easy,Guelmim-Oued Noun,28.058994444444444,-9.342263888888889,4669.071981103858,0.8195745089283762,0.444239501953125,363.13232421875,0.1,124562.36276508642,Easy,batch3_2026,0.32353823327592435,0,False,1
loc_01664,Easy,Guelmim-Oued Noun,27.5832,-9.188877777777778,372.1369076745314,0.5544386067435553,0.197679443359375,482.0260009765625,0.1,177698.87514910547,Easy,batch3_2026,0.6628673189611277,1,True,1
loc_01665,Moderate,Laayoune-Sakia El Hamra,26.750219444444443,-12.95539722222222,10768.03750982975,4.313293154555337,2.6734368896484373,173.2625274658203,0.1,50860.84380432774,Moderate,batch3_2026,0.26494326122638334,0,True,0
loc_01666,Easy,Laayoune-Sakia El Hamra,25.19666388888889,-12.673663888888887,19641.478366908254,0.6500187036821276,0.294453125,342.9926452636719,0.1,223840.8009566524,Easy,batch3_2026,0.16982419556087802,0,False,1
loc_01667,Moderate,Eddakhla-Oued Eddahab,24.406222222222222,-13.084286111111112,39543.01047364817,3.2588782719105507,1.7245263671875,299.8297424316406,0.1,300891.7316191712,Moderate,batch3_2026,0.25852497279898207,0,True,0
loc_01668,Difficult,Drâa-Tafilalet,31.56131388888889,-6.465525,8625.1189900052,23.05341781089068,14.21681640625,2343.00146484375,0.15,82916.78261784163,Difficult,batch3_2026,0.062495179410311845,0,True,0
loc_01669,Easy,Fés-Meknés,34.14938611111111,-4.0049777777777775,162.50019487297624,6.167270682419557,3.05912353515625,930.007568359375,0.55,8993.45890723766,Easy,batch3_2026,0.7034731070344755,1,True,1
loc_01670,Easy,Fés-Meknés,34.14704444444445,-4.012736111111111,48.05013277191023,19.103040950798928,11.9042431640625,1026.491943359375,0.55,9244.642758800726,Easy,batch3_2026,0.6715673083812527,1,True,1
loc_01671,Difficult,Fés-Meknés,34.13324444444444,-4.036352777777777,527.2093320446168,12.233624247559195,6.54677734375,1483.3502197265625,0.55,11043.161031490215,Difficult,batch3_2026,0.4455190067279819,0,True,0
loc_01672,Difficult,Fés-Meknés,34.131194444444446,-4.042066666666667,654.7657400077765,7.071947065231362,4.3168359375,1516.1014404296875,0.55,11389.942131729513,Difficult,batch3_2026,0.4351037459563424,0,True,0
loc_01673,Difficult,Fés-Meknés,34.12572222222222,-4.052275,1148.4467662322045,17.039919817684005,9.0462060546875,1532.9310302734375,0.55,12243.24945879281,Difficult,batch3_2026,0.33956966699027546,0,True,0
loc_01674,Easy,Fés-Meknés,34.10381944444445,-4.065458333333333,164.42999260547202,3.8713514113786194,2.2125341796875,1354.1300048828125,0.2,14942.524835129569,Easy,batch3_2026,0.7773996202218687,1,True,1
loc_01675,Easy,Fés-Meknés,34.10001388888889,-4.071772222222222,98.09280605328114,4.147315321561325,2.62150390625,1359.9698486328125,0.2,15543.574579197371,Easy,batch3_2026,0.720407550317903,1,True,1
loc_01676,Easy,Fés-Meknés,34.099136111111115,-4.077411111111111,182.2530080592581,14.323096991343814,8.011083984375,1391.2816162109375,0.15,15830.157306366533,Easy,batch3_2026,0.5717359700044009,1,True,1
loc_01677,Easy,Fés-Meknés,34.09307777777778,-4.096919444444445,27.86952101754956,5.935514918372369,2.4286962890625,1379.720458984375,0.55,17208.497391455658,Easy,batch3_2026,0.698642845791634,1,True,1
loc_01678,Moderate,Fés-Meknés,34.09280555555556,-4.109363888888889,461.01525665039,13.237630407031451,6.572783203125,1469.6312255859375,0.55,17794.92670887413,Moderate,batch3_2026,0.3900009279879659,0,True,0
loc_01679,Moderate,Fés-Meknés,34.06598611111111,-4.10591111111111,1485.3650780340715,7.515652969774996,4.325185546875,1646.11962890625,0.55,20272.31880761792,Moderate,batch3_2026,0.27455815808459566,0,True,0
loc_01680,Easy,Fés-Meknés,34.068983333333335,-4.117061111111111,429.53408052091214,19.1257693178316,12.0013330078125,1494.3724365234375,0.15,20446.326366003632,Easy,batch3_2026,0.30399259242178855,0,False,1
loc_01681,Easy,Fés-Meknés,34.070663888888895,-4.119969444444444,271.88166770716794,13.415966313301617,9.7301513671875,1541.877685546875,0.55,20413.89478953513,Easy,batch3_2026,0.25720255954602034,0,False,1
loc_01682,Moderate,Fés-Meknés,34.00445833333333,-4.172994444444445,947.2244401786744,21.86368385315353,12.2523681640625,1429.06103515625,0.55,29234.94968554305,Moderate,batch3_2026,0.1625350251685158,0,True,0
loc_01683,Difficult,Fés-Meknés,34.085094444444444,-4.166172222222222,988.917454782155,30.382133240436104,18.4336767578125,1419.187744140625,0.35,21596.21555169273,Difficult,batch3_2026,0.2744492994831099,0,True,0
loc_01684,Difficult,Fés-Meknés,34.07975833333334,-4.188772222222222,864.5172106385083,20.493525505266724,12.2940673828125,1734.1171875,0.55,23451.142466048143,Difficult,batch3_2026,0.18536406119939933,0,True,0
loc_01685,Moderate,Fés-Meknés,34.081294444444445,-4.1469000000000005,2170.423717994937,28.60943929036354,17.7912060546875,1076.5533447265625,0.55,20794.89138147312,Moderate,batch3_2026,0.35662779802351385,0,True,0
loc_01686,Moderate,Fés-Meknés,34.1597,-4.109958333333333,3752.6843089632175,9.935950940125826,5.227939453125,696.8211669921875,0.2,12071.40308405662,Moderate,batch3_2026,0.36395854804468647,0,True,0
loc_01687,Difficult,Fés-Meknés,34.1764,-4.110372222222222,3169.425420226448,14.364966293714517,7.9094384765625,771.8890380859375,0.55,10988.86733378421,Difficult,batch3_2026,0.2708987621741139,0,True,0
loc_01688,Difficult,Fés-Meknés,34.169013888888884,-4.098925,4351.549829542725,15.206847731914037,9.06841552734375,944.7564086914062,0.35,10627.682037062148,Difficult,batch3_2026,0.21055366392133384,0,True,0
loc_01689,Difficult,Fés-Meknés,34.128566666666664,-4.127402777777777,4571.654166395851,28.78890364198472,16.00865234375,1158.7423095703125,0.15,15621.523998875502,Difficult,batch3_2026,0.20031274139188113,0,True,0
loc_01690,Easy,Fés-Meknés,34.10535277777778,-4.066574999999999,33.066077663320684,19.09753843029357,13.0966357421875,1382.077880859375,0.35,14818.040362699629,Easy,batch3_2026,0.45072834321879973,0,False,1
loc_01691,Easy,Fés-Meknés,34.19662777777778,-4.2085333333333335,459.6672245751173,8.339833581217523,4.470650634765625,326.1423645019531,0.55,18623.04640471294,Easy,batch3_2026,0.40628969943931315,0,False,1
loc_01692,Easy,Fés-Meknés,34.210994444444445,-4.167633333333334,1419.4852364895817,16.128939297747465,10.548173828125,602.2926025390625,0.15,14639.848932456513,Easy,batch3_2026,0.32472463541414376,0,False,1
loc_01693,Easy,Fés-Meknés,34.214708333333334,-4.135480555555556,286.8977253101258,10.293250308380596,5.680682373046875,403.3592529296875,0.2,11654.71471186607,Easy,batch3_2026,0.6669538057090173,1,True,1
loc_01694,Easy,Fés-Meknés,34.21790555555556,-4.090177777777778,342.1621627209888,2.3728251086190184,1.23728515625,393.0704650878906,0.55,7486.999040202668,Easy,batch3_2026,0.87445201497313,1,True,1
loc_01695,Easy,Fés-Meknés,34.208419444444445,-4.1353583333333335,400.999820639038,1.4710517630078377,0.8335888671875,376.9261779785156,0.2,11767.520106367096,Easy,batch3_2026,0.8828217401791967,1,True,1
loc_01696,Difficult,Fés-Meknés,34.18175833333333,-4.161677777777778,1387.1408206968858,23.42922278834001,13.89544921875,647.6354370117188,0.15,14941.584416495276,Difficult,batch3_2026,0.3517226475044017,0,True,0
loc_01697,Easy,Oriental,33.657377777777775,-4.041383333333333,1.7124893091072388,26.23354621540497,15.088291015625,1842.3193359375,0.1,63755.245670980585,Easy,batch3_2026,0.5834052018460453,1,True,1
loc_01698,Moderate,Drâa-Tafilalet,31.560558333333333,-6.463308333333334,8733.823827558355,42.713336400744254,32.504765625,2340.931396484375,0.15,82952.56053380814,Moderate,batch3_2026,0.052352270778180846,0,True,0
loc_01699,Moderate,Drâa-Tafilalet,31.515316666666667,-6.457375,12020.300128699662,41.08576667247895,28.0909765625,3564.464111328125,0.1,78988.86072473167,Moderate,batch3_2026,0.0760606448358123,0,True,0
loc_01700,Difficult,Drâa-Tafilalet,31.482691666666664,-6.595744444444444,4420.22885079976,10.84332805898315,5.97169921875,2596.043212890625,0.15,69359.37723308624,Difficult,batch3_2026,0.07047160470926128,0,True,0
loc_01701,Difficult,Drâa-Tafilalet,31.507213888888888,-6.443472222222223,12150.391831726356,24.6732552120874,15.0371875,4034.494140625,0.1,78973.18613684585,Difficult,batch3_2026,0.10916091613723404,0,True,0
loc_01702,Moderate,Drâa-Tafilalet,31.55526111111111,-6.462261111111111,9010.234959034542,25.43635552625543,15.31615234375,2599.509033203125,0.15,82499.55747988542,Moderate,batch3_2026,0.05401762728359032,0,True,0
loc_01703,Easy,Drâa-Tafilalet,29.938897222222224,-6.193888888888889,21739.81099956879,3.035608914594134,1.72030517578125,557.2030639648438,0.1,55217.978562673576,Easy,batch3_2026,0.3271876751857635,0,False,1
loc_01704,Easy,Drâa-Tafilalet,29.93682777777778,-5.996452777777778,29083.88989594389,22.204666525713577,16.52415283203125,698.9446411132812,0.1,46110.44023112013,Easy,batch3_2026,0.7433657239488685,1,True,1
loc_01705,Easy,Drâa-Tafilalet,30.00067777777777,-5.874175,24563.46494026999,11.160198387440436,5.317864990234375,726.1864013671875,0.1,36561.17808721187,Easy,batch3_2026,0.4546140431286334,0,False,1
loc_01706,Easy,Drâa-Tafilalet,30.457102777777777,-5.630747222222222,3955.9525420942414,12.116735779319,7.0306640625,930.1006469726562,0.1,24448.328246845023,Easy,batch3_2026,0.18841049345203464,0,False,1
loc_01707,Moderate,Drâa-Tafilalet,30.230741666666663,-5.606866666666666,117.5558198981,0.9776421957296452,0.35563720703125,667.8968505859375,0.1,24597.97889561852,Moderate,batch3_2026,0.5850195733729899,1,False,0
loc_01708,Moderate,Drâa-Tafilalet,30.577,-6.149,26.466531804225585,5.446492472668573,2.6049853515625,830.6195678710938,0.1,40763.08950377655,Moderate,batch3_2026,0.7932252636998414,1,False,0
loc_01709,Moderate,Drâa-Tafilalet,30.2595,-5.684333333333334,26.95193987766589,3.363914132069796,1.9451220703125,682.8362426757812,0.1,16513.424038066172,Moderate,batch3_2026,0.7244416436807153,1,False,0
loc_01710,Moderate,Drâa-Tafilalet,30.48193611111111,-6.167511111111112,6650.3115850051545,5.754534041114519,3.16094482421875,995.6436767578124,0.1,36028.59130714864,Moderate,batch3_2026,0.5605808502106749,1,False,0
loc_01711,Moderate,Drâa-Tafilalet,30.45996388888889,-6.0931138888888885,2543.148790104021,12.407372711121011,7.9901953125,938.499755859375,0.1,28619.39688548975,Moderate,batch3_2026,0.44847486850650364,0,True,0
loc_01712,Moderate,Drâa-Tafilalet,30.433297222222222,-6.025127777777778,2455.2511668240863,13.996347452356652,6.31396728515625,901.6597900390624,0.1,21517.958851679374,Moderate,batch3_2026,0.5139111888544841,1,False,0
loc_01713,Easy,Drâa-Tafilalet,30.42873888888889,-5.632844444444445,968.9175412410442,5.119659998755834,2.75120361328125,851.3064575195312,0.1,22566.39614567836,Easy,batch3_2026,0.7257716251367126,1,True,1
loc_01714,Easy,Drâa-Tafilalet,30.311822222222226,-5.618038888888889,7844.287223956554,0.7115307740389945,0.4292919921875,698.5543823242188,0.1,21092.680484440032,Easy,batch3_2026,0.25449769856769083,0,False,1
loc_01715,Easy,Drâa-Tafilalet,30.24915277777778,-5.542544444444444,4661.619556329737,3.484227717971102,1.89042236328125,704.90380859375,0.1,29597.25120788609,Easy,batch3_2026,0.41132459801091914,0,False,1
loc_01716,Easy,Drâa-Tafilalet,30.376372222222223,-5.570494444444444,5544.838276683324,7.068630302744121,3.6301318359375,1303.099853515625,0.1,26133.60984707277,Easy,batch3_2026,0.18502400023893498,0,False,1
loc_01717,Easy,Drâa-Tafilalet,30.439297222222223,-5.604897222222222,1924.01339815936,10.43278178244706,5.2489013671875,1382.9471435546875,0.1,25477.19566752291,Easy,batch3_2026,0.44523122637125945,0,False,1
loc_01718,Easy,Drâa-Tafilalet,30.47777777777777,-5.557497222222222,3175.5824561646164,7.089670809883403,3.68279296875,1095.3743896484375,0.1,31563.23020528864,Easy,batch3_2026,0.49110964002646174,0,False,1
loc_00304,Moderate,Béni Mellal-Khénifra,32.069947222222225,-6.424030555555556,4385.488123370983,24.541921139203296,28.37785049312371,871.8032836914062,0.1,30126.302598263537,Moderate,original_733,0.2018034444872706,0,True,0
loc_00307,Moderate,Béni Mellal-Khénifra,32.069947222222225,-6.424030555555556,4385.488123370983,24.541921139203296,28.37785049312371,871.8032836914062,0.1,30126.302598263537,Moderate,original_733,0.2018034444872706,0,True,0
loc_00306,Moderate,Béni Mellal-Khénifra,32.069947222222225,-6.424030555555556,4385.488123370983,24.541921139203296,28.37785049312371,871.8032836914062,0.1,30126.302598263537,Moderate,original_733,0.2018034444872706,0,True,0
loc_00244,Moderate,Béni Mellal-Khénifra,32.069947222222225,-6.424030555555556,4385.488123370983,24.541921139203296,28.37785049312371,871.8032836914062,0.1,30126.302598263537,Moderate,original_733,0.2018034444872706,0,True,0
loc_00305,Moderate,Béni Mellal-Khénifra,32.069947222222225,-6.424030555555556,4385.488123370983,24.541921139203296,28.37785049312371,871.8032836914062,0.1,30126.302598263537,Moderate,original_733,0.2018034444872706,0,True,0
loc_00313,Moderate,Béni Mellal-Khénifra,32.07277777777778,-6.445277777777778,3599.9893256255546,13.027255523468405,18.219178759362087,867.159423828125,0.15,30327.99202183607,Moderate,original_733,0.19810745478856423,0,True,0
loc_00312,Moderate,Béni Mellal-Khénifra,32.07277777777778,-6.445277777777778,3599.9893256255546,13.027255523468405,18.219178759362087,867.159423828125,0.15,30327.99202183607,Moderate,original_733,0.19810745478856423,0,True,0
loc_00311,Moderate,Béni Mellal-Khénifra,32.07277777777778,-6.445277777777778,3599.9893256255546,13.027255523468405,18.219178759362087,867.159423828125,0.15,30327.99202183607,Moderate,original_733,0.19810745478856423,0,True,0
loc_00310,Moderate,Béni Mellal-Khénifra,32.08027777777778,-6.46,2280.446184229308,15.015368344902354,10.037420603854596,824.09423828125,0.15,29964.574898004805,Moderate,original_733,0.32068493442845103,0,True,0
loc_00246,Easy,Béni Mellal-Khénifra,32.09181944444445,-6.331558333333333,18.81134508248273,12.949648808378516,16.983697055785125,1118.982666015625,0.2,27028.466804232576,Easy,original_733,0.545319166672905,1,True,1
loc_00303,Easy,Béni Mellal-Khénifra,32.09181944444445,-6.331558333333333,18.81134508248273,12.949648808378516,16.983697055785125,1118.982666015625,0.2,27028.466804232576,Easy,original_733,0.545319166672905,1,True,1
loc_00056,Difficult,Béni Mellal-Khénifra,32.0,-6.333333333333333,8903.047471595019,12.490324977480784,18.71419566761364,1310.7635498046875,0.15,37208.22697552317,Difficult,original_733,0.18178854268498096,0,True,0
loc_00294,Easy,Béni Mellal-Khénifra,32.106902777777776,-6.447197222222222,8.545177396944375,11.014582947161886,15.697192483697057,815.8162841796875,0.05,26771.526183420014,Easy,original_733,0.716966788751625,1,True,1
loc_00293,Easy,Béni Mellal-Khénifra,32.106902777777776,-6.447197222222222,8.545177396944375,11.014582947161886,15.697192483697057,815.8162841796875,0.05,26771.526183420014,Easy,original_733,0.716966788751625,1,True,1
loc_00295,Easy,Béni Mellal-Khénifra,32.106902777777776,-6.447197222222222,8.545177396944375,11.014582947161886,15.697192483697057,815.8162841796875,0.05,26771.526183420014,Easy,original_733,0.716966788751625,1,True,1
loc_00292,Easy,Béni Mellal-Khénifra,32.10691388888889,-6.458327777777778,5.869110571220661,21.84667565397437,25.997191373966945,849.2076416015625,0.15,27133.72460939199,Easy,original_733,0.726357162774034,1,True,1
loc_00241,Easy,Béni Mellal-Khénifra,32.10691388888889,-6.458327777777778,5.869110571220661,21.84667565397437,25.997191373966945,849.2076416015625,0.15,27133.72460939199,Easy,original_733,0.726357162774034,1,True,1
loc_00290,Easy,Béni Mellal-Khénifra,32.10691388888889,-6.458327777777778,5.869110571220661,21.84667565397437,25.997191373966945,849.2076416015625,0.15,27133.72460939199,Easy,original_733,0.726357162774034,1,True,1
loc_00289,Easy,Béni Mellal-Khénifra,32.10691388888889,-6.458327777777778,5.869110571220661,21.84667565397437,25.997191373966945,849.2076416015625,0.15,27133.72460939199,Easy,original_733,0.726357162774034,1,True,1
loc_00288,Easy,Béni Mellal-Khénifra,32.10691388888889,-6.458327777777778,5.869110571220661,21.84667565397437,25.997191373966945,849.2076416015625,0.15,27133.72460939199,Easy,original_733,0.726357162774034,1,True,1
loc_00243,Easy,Béni Mellal-Khénifra,32.10832777777778,-6.472758333333333,1.0246737191344992,24.449028068283017,33.0034850569796,856.4182739257812,0.05,27513.15066870841,Easy,original_733,0.815106508018883,1,True,1
loc_00309,Easy,Béni Mellal-Khénifra,32.10832777777778,-6.472758333333333,1.0246737191344992,24.449028068283017,33.0034850569796,856.4182739257812,0.05,27513.15066870841,Easy,original_733,0.815106508018883,1,True,1
loc_00308,Easy,Béni Mellal-Khénifra,32.10832777777778,-6.472758333333333,1.0246737191344992,24.449028068283017,33.0034850569796,856.4182739257812,0.05,27513.15066870841,Easy,original_733,0.815106508018883,1,True,1
loc_00286,Easy,Béni Mellal-Khénifra,32.10894444444445,-6.4633416666666665,8.204180413967157,21.470050897276376,30.42618176168647,868.0701293945312,0.15,27100.08718926285,Easy,original_733,0.8238516754504738,1,True,1
loc_00287,Easy,Béni Mellal-Khénifra,32.10894444444445,-6.4633416666666665,8.204180413967157,21.470050897276376,30.42618176168647,868.0701293945312,0.15,27100.08718926285,Easy,original_733,0.8238516754504738,1,True,1
loc_00240,Easy,Béni Mellal-Khénifra,32.10894444444445,-6.4633416666666665,8.204180413967157,21.470050897276376,30.42618176168647,868.0701293945312,0.15,27100.08718926285,Easy,original_733,0.8238516754504738,1,True,1
loc_00242,Moderate,Béni Mellal-Khénifra,32.13167777777778,-6.397130555555556,11.14394853964539,4.019874997324269,5.623744996126033,885.3196411132812,0.15,22892.338804333696,Moderate,original_733,0.44168609984528495,0,True,0
loc_00297,Moderate,Béni Mellal-Khénifra,32.13167777777778,-6.397130555555556,11.14394853964539,4.019874997324269,5.623744996126033,885.3196411132812,0.15,22892.338804333696,Moderate,original_733,0.44168609984528495,0,True,0
loc_00299,Moderate,Béni Mellal-Khénifra,32.13381666666667,-6.311780555555555,2.422127992784546,31.979126557880168,31.86414936160253,842.4544067382812,0.15,22621.04680027556,Moderate,original_733,0.792516873878442,1,False,0
loc_00298,Moderate,Béni Mellal-Khénifra,32.13381666666667,-6.311780555555555,2.422127992784546,31.979126557880168,31.86414936160253,842.4544067382812,0.15,22621.04680027556,Moderate,original_733,0.792516873878442,1,False,0
loc_00245,Moderate,Béni Mellal-Khénifra,32.13381666666667,-6.311780555555555,2.422127992784546,31.979126557880168,31.86414936160253,842.4544067382812,0.15,22621.04680027556,Moderate,original_733,0.792516873878442,1,False,0
loc_00300,Moderate,Béni Mellal-Khénifra,32.13381666666667,-6.311780555555555,2.422127992784546,31.979126557880168,31.86414936160253,842.4544067382812,0.15,22621.04680027556,Moderate,original_733,0.792516873878442,1,False,0
loc_00301,Moderate,Béni Mellal-Khénifra,32.13302222222222,-6.300258333333333,0.6375606401540523,17.739396303853002,12.962135504099948,818.4636840820312,0.15,22919.47667532958,Moderate,original_733,0.6757425031743727,1,False,0
loc_00302,Moderate,Béni Mellal-Khénifra,32.13302222222222,-6.300258333333333,0.6375606401540523,17.739396303853002,12.962135504099948,818.4636840820312,0.15,22919.47667532958,Moderate,original_733,0.6757425031743727,1,False,0
loc_00237,Moderate,Béni Mellal-Khénifra,32.193888888888885,-6.101944444444444,4715.865171817877,23.84165692854812,20.224570030023244,1360.9290771484375,0.35,28321.62271612698,Moderate,original_733,0.07084288688329321,0,True,0
loc_00225,Easy,Béni Mellal-Khénifra,32.20277777777778,-6.119999999999999,3062.7267140449294,7.363446724399254,6.398190332838326,1237.0390625,0.2,26359.60065857226,Easy,original_733,0.1894579622873345,0,False,1
loc_00232,Moderate,Béni Mellal-Khénifra,32.22777777777778,-6.248611111111111,522.3890506705388,13.687307631224453,15.058435361247415,1294.999267578125,0.15,15392.813503453028,Moderate,original_733,0.39111239510704765,0,True,0
loc_00239,Moderate,Béni Mellal-Khénifra,32.236644444444444,-6.119233333333333,13.155253149036714,3.003968997155924,3.2211621497288223,1075.02783203125,0.05,24534.466881190485,Moderate,original_733,0.7275359163936349,1,False,0
loc_00235,Moderate,Béni Mellal-Khénifra,32.236644444444444,-6.119233333333333,13.155253149036714,3.003968997155924,3.2211621497288223,1075.02783203125,0.05,24534.466881190485,Moderate,original_733,0.7275359163936349,1,False,0
loc_00234,Moderate,Béni Mellal-Khénifra,32.236644444444444,-6.119233333333333,13.155253149036714,3.003968997155924,3.2211621497288223,1075.02783203125,0.05,24534.466881190485,Moderate,original_733,0.7275359163936349,1,False,0
loc_00238,Moderate,Béni Mellal-Khénifra,32.236644444444444,-6.119233333333333,13.155253149036714,3.003968997155924,3.2211621497288223,1075.02783203125,0.05,24534.466881190485,Moderate,original_733,0.7275359163936349,1,False,0
loc_00226,Easy,Béni Mellal-Khénifra,32.275,-6.2588888888888885,473.83700884125176,27.59415131870613,38.79839432141012,1885.474609375,0.15,11050.483527163511,Easy,original_733,0.595797471289923,1,True,1
loc_00285,Moderate,Béni Mellal-Khénifra,32.280556,-6.2975,24.30783102618309,9.142088626846869,13.389631287125516,1252.2607421875,0.35,7943.981633918602,Moderate,original_733,0.3872354200237319,0,True,0
loc_00248,Moderate,Béni Mellal-Khénifra,32.280556,-6.2975,24.30783102618309,9.142088626846869,13.389631287125516,1252.2607421875,0.35,7943.981633918602,Moderate,original_733,0.3872354200237319,0,True,0
loc_00284,Difficult,Béni Mellal-Khénifra,32.29302956,-6.214958909,4835.728731322713,15.35528882750611,17.684162738894628,2010.3250732421875,0.15,13785.884025187575,Difficult,original_733,0.3057143871224567,0,True,0
loc_00280,Easy,Béni Mellal-Khénifra,32.3241,-6.3375,106.56288488691804,20.81745909909193,27.146415269079288,688.8087768554688,0.1,1863.6487117235988,Easy,original_733,0.6201856373149046,1,True,1
loc_00247,Easy,Béni Mellal-Khénifra,32.3241,-6.3375,106.56288488691804,20.81745909909193,27.146415269079288,688.8087768554688,0.1,1863.6487117235988,Easy,original_733,0.6201856373149046,1,True,1
loc_00314,Moderate,Béni Mellal-Khénifra,32.38333333333333,-5.916666666666667,5909.47877731894,5.4945534074939415,5.000073645725723,1619.8720703125,0.35,41377.65503238182,Moderate,original_733,0.08532907450115439,0,True,0
loc_00283,Moderate,Béni Mellal-Khénifra,32.42897599,-6.170837578,1505.7709615390525,39.38599018133336,54.79465604419551,683.3754272460938,0.55,20118.752196152327,Moderate,original_733,0.07791516740847233,0,True,0
loc_00249,Easy,Béni Mellal-Khénifra,32.55341501,-6.01361989,14.51471172500096,11.471146983523562,9.792559158703511,1142.0794677734375,0.55,40130.45273341728,Easy,original_733,0.5643162747353876,1,True,1
loc_00281,Easy,Béni Mellal-Khénifra,32.55341501,-6.01361989,14.51471172500096,11.471146983523562,9.792559158703511,1142.0794677734375,0.55,40130.45273341728,Easy,original_733,0.5643162747353876,1,True,1
loc_00282,Easy,Béni Mellal-Khénifra,32.64057778,-5.91269444,287.0921314530633,8.987341324156423,9.904223733697057,714.1781616210938,0.55,53560.8943995618,Easy,original_733,0.43511664579017184,0,False,1
loc_00076,Moderate,Béni Mellal-Khénifra,33.0425,-5.738666666666667,12.65150567422099,10.078278478595164,10.629656326672263,972.6912231445312,0.15,64537.17168454924,Moderate,original_733,0.49502688598000755,0,True,0
loc_00075,Moderate,Béni Mellal-Khénifra,33.14266666666666,-5.5175,3120.583216673034,11.578979110115249,12.415116743607957,1241.7813720703125,0.15,42213.42557830622,Moderate,original_733,0.2581801653309021,0,True,0
loc_00074,Moderate,Béni Mellal-Khénifra,33.142833333333336,-5.518,3170.325347220719,12.18283338857304,12.823192754067666,1240.796142578125,0.15,42228.97269953822,Moderate,original_733,0.24451675336007128,0,True,0
loc_00233,Moderate,Béni Mellal-Khénifra,32.20722222222223,-6.256666666666667,1852.2030170997248,22.95727674905869,25.701849819214875,1413.5147705078125,0.55,16790.956491572022,Moderate,original_733,0.09511805487569065,0,True,0
loc_00229,Moderate,Béni Mellal-Khénifra,32.26972222222222,-6.258611111111111,20.077646712541554,24.09392174962056,25.01479875548812,1734.606201171875,0.15,11430.300234535138,Moderate,original_733,0.6663462537456083,1,False,0
loc_00231,Moderate,Béni Mellal-Khénifra,32.23861111111111,-6.2283333333333335,766.3445718847545,21.74044795843676,18.4665335663094,1249.037353515625,0.15,15844.04545557374,Moderate,original_733,0.20131314842064912,0,True,0
loc_00236,Moderate,Béni Mellal-Khénifra,32.20916666666667,-6.118888888888889,2456.633121609544,22.45232594156723,29.364462608148244,1265.3377685546875,0.55,26060.15435460887,Moderate,original_733,0.07561012906656413,0,True,0
loc_00227,Moderate,Béni Mellal-Khénifra,32.26083333333333,-6.262777777777778,54.08943693397568,23.352479479078053,19.34767844460228,1687.9600830078125,0.15,11789.30036119778,Moderate,original_733,0.5473426337693215,1,False,0
loc_00228,Moderate,Béni Mellal-Khénifra,32.27,-6.263888888888889,18.144170917398903,19.75033106115509,26.026701115379648,1758.47216796875,0.1,11028.299827833536,Moderate,original_733,0.734012295282918,1,False,0
loc_00291,Easy,Béni Mellal-Khénifra,32.106411111111115,-6.451858333333334,17.510741575467353,28.43409243481384,35.1070006819796,820.96923828125,0.15,26970.66922073131,Easy,original_733,0.8008647957885905,1,True,1
loc_00230,Moderate,Béni Mellal-Khénifra,32.21472222222223,-6.222777777777778,491.6107736342864,23.86492167756713,28.889130899728823,1393.31494140625,0.15,18086.993043647504,Moderate,original_733,0.5193374407725475,1,False,0
loc_00296,Moderate,Béni Mellal-Khénifra,32.11295555555556,-6.4165833333333335,12.980954113032578,8.04056303770829,10.092931826252585,821.9075317382812,0.15,25309.718566341508,Moderate,original_733,0.4212126887365553,0,True,0
loc_00726,Easy,Béni Mellal-Khénifra,31.73014444444444,-6.969363888888889,612.5446733102569,10.814198933637302,5.540400390625,1062.60693359375,0.15,88789.11406785413,Easy,original_733,0.5772244719078712,1,True,1
loc_00727,Easy,Béni Mellal-Khénifra,31.726241666666667,-6.867927777777778,190.7933740708241,3.505300613048995,2.203623046875,973.1372680664062,0.35,83204.68167496259,Easy,original_733,0.6062947633206597,1,True,1
loc_00728,Difficult,Béni Mellal-Khénifra,31.572263888888887,-6.635019444444444,4332.905883529068,24.234426246400307,15.988427734375,2380.565185546875,0.15,77105.1450515275,Difficult,original_733,0.04012245402352338,0,True,0
loc_00729,Very Difficult,Béni Mellal-Khénifra,31.63596111111111,-6.529952777777778,46.781952900313634,30.482024558489226,19.80177734375,1684.9814453125,0.55,79406.6182770257,Difficult,original_733,0.6176231512249538,1,False,0
loc_00730,Moderate,Béni Mellal-Khénifra,31.65081111111111,-6.461511111111111,79.82012244937184,9.500734641853803,5.526689453125,1826.3768310546875,0.15,76670.32717938808,Moderate,original_733,0.49801077280704753,0,True,0
loc_00731,Easy,Béni Mellal-Khénifra,31.6842,-6.371152777777778,494.7922263065107,27.861503508470594,17.78671875,2070.109619140625,0.15,72295.4465896704,Easy,original_733,0.4323495501003387,0,False,1
loc_00732,Moderate,Béni Mellal-Khénifra,31.736925,-6.314761111111111,949.567858403306,27.25192188864972,18.340546875,2717.210693359375,0.15,66512.63016120752,Moderate,original_733,0.3303950070771997,0,True,0
loc_00733,Difficult,Béni Mellal-Khénifra,31.79435833333333,-6.1931,1102.8685665506812,22.9118566255286,13.223310546875,2618.9697265625,0.15,61896.78730052869,Difficult,original_733,0.10448885285016131,0,True,0
loc_00734,Very Difficult,Béni Mellal-Khénifra,31.821613888888887,-6.089266666666666,2621.388748572476,32.3031021969964,22.1813232421875,1782.3016357421875,0.55,62189.845140477744,Difficult,original_733,0.04196063747833082,0,True,0
loc_00735,Moderate,Béni Mellal-Khénifra,31.94306388888889,-6.076766666666667,545.3300166901108,29.330225448027143,19.2705126953125,1716.66845703125,0.55,50691.41051547455,Moderate,original_733,0.18359527250474036,0,True,0
loc_00736,Moderate,Béni Mellal-Khénifra,31.98318055555556,-6.121394444444444,369.37472326988745,26.401522873410343,19.155244140625,1206.1207275390625,0.55,44722.61771320368,Moderate,original_733,0.3001717350840657,0,True,0
loc_00737,Easy,Béni Mellal-Khénifra,32.102986111111115,-6.296983333333333,1694.6721849549774,11.039334498959423,5.431171875,1857.2574462890625,0.15,26249.89137450551,Easy,original_733,0.572591465819672,1,True,1
loc_00738,Easy,Béni Mellal-Khénifra,32.18390833333333,-6.5110166666666665,277.4583641052375,32.58054335564649,23.65052734375,1120.0401611328125,0.55,22340.40632716525,Easy,original_733,0.16682648577586506,0,False,1
loc_00484,Moderate,Béni Mellal-Khénifra,32.13644722222222,-6.303011111111111,8.35600400941656,32.177028792158616,20.13718505859375,850.2476806640625,0.15,22492.00294300651,Moderate,original_733,0.43995701254203706,0,True,0
loc_00485,Moderate,Béni Mellal-Khénifra,32.13279722222222,-6.330252777777778,103.17073987406172,21.22049974138497,15.96179443359375,862.0513916015625,0.15,22499.18190465281,Moderate,original_733,0.48165887692990966,0,True,0
loc_00486,Moderate,Béni Mellal-Khénifra,32.112341666666666,-6.340222222222222,223.11088967538555,10.51522420557978,6.54845703125,945.20751953125,0.15,24699.562318020937,Moderate,original_733,0.5806808796814217,1,False,0
loc_00487,Moderate,Béni Mellal-Khénifra,32.083733333333335,-6.307263888888889,483.3796481034621,17.477139515595805,9.7099658203125,1719.621337890625,0.15,28185.133825472887,Moderate,original_733,0.38049976654725737,0,True,0
loc_00488,Difficult,Béni Mellal-Khénifra,32.08524444444445,-6.443269444444445,2293.8544240586875,14.021335198013428,8.41017822265625,823.2761840820312,0.15,28946.07627793934,Difficult,original_733,0.2960922207321349,0,True,0
loc_00408,Difficult,Béni Mellal-Khénifra,31.681522222222224,-6.668716666666667,923.191366983062,27.7195152444188,17.0012060546875,1456.268798828125,0.15,78429.82426828088,Difficult,original_733,0.3957611430000014,0,True,0
loc_01194,Difficult,Béni Mellal-Khénifra,32.76277777777778,-6.816944444444444,1938.7146976688543,4.713591139622341,1.44544189453125,664.6143798828125,0.15,16134.809933608149,Difficult,original_733,0.5694749800748334,1,False,0
loc_00489,Easy,Béni Mellal-Khénifra,32.32443055555556,-6.316886111111111,839.1015291470054,25.97354632219152,15.29802978515625,751.2222900390625,0.15,3592.605911962817,Easy,original_733,0.3237989919228059,0,False,1
loc_00490,Difficult,Béni Mellal-Khénifra,32.37435833333333,-6.143083333333334,7635.558792740881,15.491238027761511,9.2711181640625,1086.6060791015625,0.55,20248.15967674701,Difficult,original_733,0.2567606609429384,0,True,0
loc_00493,Moderate,Béni Mellal-Khénifra,32.30911666666666,-6.353455555555556,1947.2285246532488,31.206835277079623,18.93763427734375,732.9319458007812,0.55,2788.384056674154,Moderate,original_733,0.19403603636381656,0,True,0
loc_00495,Moderate,Béni Mellal-Khénifra,32.33271388888889,-6.310772222222222,1528.026809112309,39.03382585438229,27.46980712890625,829.86279296875,0.55,4002.329022144623,Moderate,original_733,0.07326170700187322,0,True,0
loc_00497,Moderate,Béni Mellal-Khénifra,32.29003055555555,-6.271786111111111,1828.2215271437703,23.23645084245696,14.879150390625,1770.8856201171875,0.55,9101.981018357154,Moderate,original_733,0.3178694548333379,0,True,0
loc_00500,Moderate,Béni Mellal-Khénifra,32.49888055555556,-6.146663888888889,596.4245091943045,22.92925618258556,15.325078125,620.6895751953125,0.55,26677.606668947992,Moderate,original_733,0.3858664833543315,0,True,0
loc_00501,Moderate,Béni Mellal-Khénifra,32.429205555555555,-6.170663888888889,1514.2368081001782,26.49803026675014,14.72223876953125,667.44970703125,0.55,20146.00328194392,Moderate,original_733,0.23154196899243004,0,True,0
loc_00502,Easy,Béni Mellal-Khénifra,32.32462777777778,-6.337727777777777,62.24263006766589,24.49445771205992,18.89115478515625,676.8629760742188,0.55,1811.5368736766384,Easy,original_733,0.5081985517198145,1,True,1
loc_00503,Difficult,Béni Mellal-Khénifra,32.20083611111112,-6.4307138888888895,697.7691464886241,5.866705243056005,2.62854248046875,821.6721801757812,0.1,16517.21582020234,Difficult,original_733,0.7337661188057591,1,False,0
loc_00504,Moderate,Béni Mellal-Khénifra,32.49078888888889,-6.135119444444445,1656.2757074460137,7.05834699313499,3.15437744140625,832.3748168945312,0.1,26885.08902862309,Moderate,original_733,0.5626218273332337,1,False,0
loc_00505,Moderate,Béni Mellal-Khénifra,32.370697222222226,-6.248286111111111,1378.0541449885343,45.91788004616852,37.51030029296875,812.760498046875,0.55,10669.945732484011,Moderate,original_733,0.08810497645106773,0,True,0
loc_00378,Easy,Béni Mellal-Khénifra,31.724191666666663,-6.971397222222223,1.523268545573127,9.75954508040926,4.558583984375,1063.5201416015625,0.05,89416.88760154587,Easy,original_733,0.5658420549395062,1,True,1
loc_00379,Easy,Béni Mellal-Khénifra,31.72577777777777,-6.906922222222223,17.72025246125147,5.390925889877793,2.8933203125,1043.226318359375,0.1,85440.88715545885,Easy,original_733,0.6001580440963153,1,True,1
loc_00382,Moderate,Béni Mellal-Khénifra,31.730963888888887,-6.307902777777778,965.4550980873169,8.813864868227872,5.69634765625,2247.33056640625,0.1,67212.59520113272,Moderate,original_733,0.3975222919404569,0,True,0
loc_00385,Difficult,Béni Mellal-Khénifra,31.78695833333333,-6.072663888888889,6590.146167077294,11.314623734016523,5.4159375,1868.5748291015625,0.15,59155.74437624233,Difficult,original_733,0.06846267788403697,0,True,0
loc_00387,Easy,Béni Mellal-Khénifra,32.015011111111114,-6.7196694444444445,319.9347066994651,17.716576840577027,8.83042236328125,771.2587890625,0.55,49481.5792772321,Easy,original_733,0.4678932982802183,0,False,1
loc_00388,Moderate,Béni Mellal-Khénifra,31.980719444444443,-6.137377777777778,1242.7945122649712,26.3234120917062,14.7501025390625,1787.1624755859375,0.35,44250.69072429665,Moderate,original_733,0.154209787624019,0,True,0
loc_00389,Difficult,Béni Mellal-Khénifra,31.906683333333334,-6.154858333333333,5037.273473681996,27.397979312936908,14.170556640625,2302.75048828125,0.15,51079.5881353159,Difficult,original_733,0.05825936166806058,0,True,0
loc_00392,Moderate,Béni Mellal-Khénifra,32.19611111111111,-6.5825,1639.9147460188274,30.23563713007345,20.4951513671875,869.3565063476562,0.55,26458.038848996035,Moderate,original_733,0.11970145347119987,0,True,0
loc_00704,Difficult,Béni Mellal-Khénifra,31.70484722222222,-6.260811111111111,5106.453935323282,0.9043178497220332,0.27556640625,2533.4287109375,0.9,70521.61273721118,Difficult,original_733,0.28118453452690895,0,True,0
loc_00705,Moderate,Béni Mellal-Khénifra,31.663308333333333,-6.36565,818.794871059076,43.14706044980777,34.079111328125,2025.3370361328125,0.15,74608.00969912866,Moderate,original_733,0.47255745961377904,0,True,0
loc_00706,Moderate,Béni Mellal-Khénifra,31.659866666666662,-6.387611111111111,45.45935859831165,4.238634658481701,2.6632373046875,1903.049072265625,0.55,75051.30168204913,Moderate,original_733,0.46901105301931534,0,True,0
loc_00707,Moderate,Béni Mellal-Khénifra,31.65869722222222,-6.409952777777778,207.6724372186545,0.975092458270985,0.4741259765625,1859.8812255859373,0.55,75301.22305880518,Moderate,original_733,0.25335202141962265,0,True,0
loc_00708,Easy,Béni Mellal-Khénifra,31.65948611111111,-6.425027777777778,81.21590444777652,30.185948811286384,20.0981201171875,1896.2392578125,0.55,75327.98165940848,Easy,original_733,0.31798399014795187,0,False,1
loc_00709,Easy,Béni Mellal-Khénifra,31.65757777777777,-6.432652777777778,191.29812881675903,27.42386777108992,17.2624072265625,1946.95166015625,0.15,75607.07765257906,Easy,original_733,0.4700031382374006,0,False,1
loc_00710,Easy,Béni Mellal-Khénifra,31.65786111111111,-6.436194444444444,22.39101199944271,18.93896139587476,11.519208984375,1854.02783203125,0.15,75609.51104285796,Easy,original_733,0.6046990018976404,1,True,1
loc_00711,Moderate,Béni Mellal-Khénifra,31.653125,-6.438833333333333,492.6936811396738,3.598036173464096,2.15205078125,1845.783203125,0.15,76159.30673587287,Moderate,original_733,0.477583316720036,0,True,0
loc_00712,Easy,Béni Mellal-Khénifra,31.647419444444445,-6.451566666666666,609.6193723796487,13.84980396947579,8.530205078125,1833.1148681640625,0.15,76925.5857090517,Easy,original_733,0.4150551003985735,0,False,1
loc_00443,Easy,Béni Mellal-Khénifra,32.03553888888889,-6.705880555555556,1074.5623304617843,38.72423265450473,26.4269775390625,745.7640991210938,0.15,46942.06279555676,Easy,original_733,0.31334704031778915,0,False,1
loc_00444,Moderate,Béni Mellal-Khénifra,32.01728611111111,-6.722075,659.438595211254,29.111398340891885,20.25622802734375,711.20751953125,0.55,49458.75039518599,Moderate,original_733,0.4185761150345607,0,True,0
loc_00445,Moderate,Béni Mellal-Khénifra,31.98703888888889,-6.702097222222222,2588.982116380019,25.187475118929424,11.9757275390625,849.3216552734375,0.15,50674.47348005278,Moderate,original_733,0.4208205596038742,0,True,0
loc_00446,Moderate,Béni Mellal-Khénifra,32.16708611111111,-6.259005555555556,4810.149957753914,16.97496427158525,8.5710888671875,841.6160278320312,0.55,20590.282488556502,Moderate,original_733,0.2541433873891786,0,True,0
loc_00447,Moderate,Béni Mellal-Khénifra,32.01875277777778,-6.744566666666667,2201.3779619735706,17.301221191660627,9.75216064453125,903.2830200195312,0.35,50853.60953924793,Moderate,original_733,0.37633647285092886,0,True,0
loc_00449,Moderate,Béni Mellal-Khénifra,32.00188611111111,-6.746133333333334,972.3530336266026,9.61903961477389,4.85190673828125,776.8106689453125,0.15,52271.468240365575,Moderate,original_733,0.6260250963909035,1,False,0
loc_00450,Moderate,Béni Mellal-Khénifra,31.9898,-6.71375,1841.1123439281585,25.988617392564777,16.15991943359375,805.941650390625,0.55,51161.358459979965,Moderate,original_733,0.16532676695311513,0,True,0
loc_00451,Moderate,Béni Mellal-Khénifra,32.20174444444445,-6.117430555555555,3261.6485102626307,16.75132387858506,10.52630859375,1239.09033203125,0.15,26624.49378243108,Moderate,original_733,0.2048978833969863,0,True,0
loc_00453,Moderate,Béni Mellal-Khénifra,32.18385277777777,-6.095055555555556,6002.977899964528,15.457194876008316,7.7826416015625,1418.819580078125,0.55,29483.660974184342,Moderate,original_733,0.10458833377593699,0,True,0
loc_00491,Moderate,Béni Mellal-Khénifra,32.28123611111111,-6.265222222222223,1199.2845037676946,11.093283337835418,5.744248046875,1479.3341064453125,0.35,10161.119823448322,Moderate,original_733,0.38684181917812555,0,True,0
loc_00494,Moderate,Béni Mellal-Khénifra,32.306713888888886,-6.336480555555555,966.646819408078,40.35676743406771,32.1939697265625,856.3054809570312,0.55,3441.604879853175,Moderate,original_733,0.3116325735694417,0,True,0
loc_00498,Easy,Béni Mellal-Khénifra,32.56476388888888,-6.017641666666667,128.93540537664427,13.298394322903192,7.8219921875,1104.4002685546875,0.35,40614.33084439416,Easy,original_733,0.5883643959222555,1,True,1
loc_00785,Moderate,Béni Mellal-Khénifra,32.90421944444444,-5.373591666666666,1802.8492986739552,0.6864969504035057,0.284765625,1472.3189697265625,0.15,60498.43368608615,Moderate,original_733,0.3254581028348472,0,True,0
loc_00786,Moderate,Béni Mellal-Khénifra,33.13122222222222,-5.351230555555556,174.00692865936054,0.6922217647772733,0.2334765625,1613.2445068359375,0.15,35625.884072116365,Moderate,original_733,0.5344605956029149,1,False,0
loc_00787,Moderate,Béni Mellal-Khénifra,33.129616666666664,-5.359891666666666,213.7882602615589,1.0238293583344504,0.24791015625,1629.0,0.9,36063.416659736926,Moderate,original_733,0.6072259229108521,1,False,0
loc_00790,Easy,Béni Mellal-Khénifra,33.05158888888889,-5.412147222222223,387.4956515179565,28.11133065518405,14.9716064453125,1253.29541015625,0.35,45910.56243221404,Easy,original_733,0.18524589979743847,0,False,1
loc_00792,Moderate,Béni Mellal-Khénifra,32.90577222222222,-5.343172222222222,818.123929530251,0.0,0.0,1621.5,0.9,59751.8343891213,Moderate,original_733,0.6096024739440828,1,False,0
loc_00799,Moderate,Béni Mellal-Khénifra,32.99203333333333,-5.471388888888889,972.2593802785484,0.9662631234071676,0.1932568359375,1513.5,0.1,54184.4413799508,Moderate,original_733,0.650468319411079,1,False,0
loc_00803,Difficult,Béni Mellal-Khénifra,32.952450000000006,-5.291522222222223,4426.679742190143,1.396191283301942,0.8699169921875,1927.308837890625,0.15,53907.71267570962,Difficult,original_733,0.12336193604867111,0,True,0
loc_00806,Easy,Béni Mellal-Khénifra,33.12708333333333,-5.345638888888889,254.2779637592052,5.566267387469336,2.7933642578125,1604.4031982421875,0.15,35897.87589812893,Easy,original_733,0.4429023087649117,0,False,1
loc_00781,Easy,Béni Mellal-Khénifra,32.91218611111111,-5.335925,506.37012822904165,0.3037313202756146,0.1243115234375,1644.242919921875,0.2,58930.36807611303,Easy,original_733,0.23625749107623484,0,False,1
loc_00782,Easy,Béni Mellal-Khénifra,33.10306388888889,-5.394455555555556,1042.935270023055,0.0,0.0,1547.5,0.9,39991.20691626973,Easy,original_733,0.6345240147930369,1,True,1
loc_00783,Easy,Béni Mellal-Khénifra,32.97318333333334,-5.443508333333334,2818.741149249631,0.0,0.0,1491.0,0.9,55092.10285334846,Easy,original_733,0.5757397056569522,1,True,1
loc_00784,Easy,Béni Mellal-Khénifra,33.145561111111114,-5.386361111111111,3181.7702664366984,1.5200936115104724,0.4724365234375,1588.6456298828125,0.9,35363.93523819622,Easy,original_733,0.17766308133845635,0,False,1
loc_00788,Moderate,Béni Mellal-Khénifra,33.085411111111114,-5.400916666666667,652.3334499599998,0.9610851170204696,0.407080078125,1537.404541015625,0.2,42034.06040428054,Moderate,original_733,0.5648490053229926,1,False,0
loc_00789,Moderate,Béni Mellal-Khénifra,32.96297222222223,-5.434805555555556,2155.482213661136,3.3143623707813616,1.72482421875,1614.3389892578125,0.15,55864.62888383918,Moderate,original_733,0.28927686779304007,0,True,0
loc_00791,Easy,Béni Mellal-Khénifra,32.97243888888889,-5.569052777777777,3576.5100594990254,5.238348024402762,2.9110595703125,1288.5782470703125,0.2,60427.89113431661,Easy,original_733,0.19309390749393457,0,False,1
loc_00795,Moderate,Béni Mellal-Khénifra,33.026,-5.460927777777778,243.7178642252088,0.5226177890969289,0.307080078125,1462.8255615234375,0.15,50351.37235431508,Moderate,original_733,0.5580144362682723,1,False,0
loc_00796,Moderate,Béni Mellal-Khénifra,32.964169444444444,-5.316977777777778,4695.988437505262,9.698149276429357,3.73173828125,1896.369140625,0.15,52937.18026511598,Moderate,original_733,0.0981692519336837,0,True,0
loc_00797,Moderate,Béni Mellal-Khénifra,32.96297222222223,-5.434805555555556,2155.482213661136,3.3143623707813616,1.72482421875,1614.3389892578125,0.15,55864.62888383918,Moderate,original_733,0.28927686779304007,0,True,0
loc_00798,Moderate,Béni Mellal-Khénifra,33.005766666666666,-5.501008333333333,823.9870390418736,4.368247468670526,2.6121923828125,1536.5673828125,0.55,54047.3180135951,Moderate,original_733,0.282234768881469,0,True,0
loc_00800,Moderate,Béni Mellal-Khénifra,33.14539444444444,-5.383291666666667,2957.828961060005,2.5794256120241603,1.2956396484375,1590.1275634765625,0.15,35261.97071587067,Moderate,original_733,0.16355467601706936,0,True,0
loc_00801,Moderate,Béni Mellal-Khénifra,33.15681111111111,-5.365311111111111,2217.764582176804,1.281156362506869,0.6450048828125,1654.8311767578125,0.9,33430.12564005627,Moderate,original_733,0.3561504913580682,0,True,0
loc_00802,Moderate,Béni Mellal-Khénifra,33.12797777777778,-5.385097222222223,1817.7550306816588,2.236278931061284,1.4755029296875,1592.8729248046875,0.15,37101.2487897675,Moderate,original_733,0.40417749821115395,0,True,0
loc_00804,Moderate,Béni Mellal-Khénifra,32.99635555555555,-5.447777777777778,2858.511326914456,1.6066481654976872,0.9056689453125,1554.19482421875,0.2,52855.34465998984,Moderate,original_733,0.22814156894558357,0,True,0
loc_00805,Moderate,Béni Mellal-Khénifra,33.156302777777775,-5.4298777777777785,4233.129954607365,2.264037527043421,1.3074072265625,1573.3250732421875,0.15,36218.8762825563,Moderate,original_733,0.0943838035845554,0,True,0
loc_00807,Moderate,Béni Mellal-Khénifra,33.15134444444444,-5.408222222222222,5098.622367039528,2.952504714138422,1.7802001953125,1566.2850341796875,0.15,35695.92210464348,Moderate,original_733,0.1203997154548431,0,True,0
loc_00808,Moderate,Béni Mellal-Khénifra,32.944266666666664,-5.483897222222223,175.16953091705935,1.769026887009956,1.008427734375,1498.572509765625,0.2,59507.28800052863,Moderate,original_733,0.46090172231440685,0,True,0
loc_00809,Moderate,Béni Mellal-Khénifra,32.95751388888889,-5.494613888888889,1090.0220191369697,8.516794134055417,3.6124951171875,1536.287353515625,0.15,58578.54535028317,Moderate,original_733,0.24899211683306094,0,True,0
loc_00810,Moderate,Béni Mellal-Khénifra,32.969319444444444,-5.374294444444444,2586.834357009768,8.65829700753978,4.440439453125,1624.6263427734375,0.1,53487.70527234621,Moderate,original_733,0.2527120193706693,0,True,0
loc_00811,Moderate,Béni Mellal-Khénifra,32.961666666666666,-5.471636111111112,92.52467382516168,1.963838631182024,0.9017822265625,1574.4461669921875,0.15,57276.67159039501,Moderate,original_733,0.44484649188607384,0,True,0
loc_00812,Moderate,Béni Mellal-Khénifra,32.95620277777778,-5.456361111111112,1537.6719068664152,0.9651289149888148,0.5538427734375,1602.75048828125,0.15,57289.37241416824,Moderate,original_733,0.22064047748512383,0,True,0
loc_00813,Moderate,Béni Mellal-Khénifra,32.96671944444444,-5.397927777777778,2252.0575332368307,2.930711977721137,1.21873046875,1628.8848876953125,0.2,54370.78951254686,Moderate,original_733,0.4045705597481561,0,True,0
loc_00793,Moderate,Béni Mellal-Khénifra,33.044958333333334,-5.480861111111111,1594.709676517359,19.41941592788213,9.510908203125,1240.904052734375,0.35,49320.07069810012,Moderate,original_733,0.23551741547988886,0,True,0
loc_00794,Difficult,Béni Mellal-Khénifra,33.05758333333333,-5.379052777777777,324.4396370358244,20.69685643017963,15.6194970703125,1328.5634765625,0.55,44212.57142192824,Difficult,original_733,0.2130691840735118,0,True,0
loc_00004,Difficult,Drâa-Tafilalet,30.368905368656545,-6.46223994636819,267.24669668577354,4.772303965515728,4.57489467652376,1316.26953125,0.1,60169.93140346243,Difficult,original_733,0.4265282171506105,0,True,0
loc_00003,Moderate,Drâa-Tafilalet,30.490992892858085,-6.612429949729095,904.6898608432144,15.382932231441956,15.675953762590392,1304.738037109375,0.1,55606.218231521576,Moderate,original_733,0.422150034332051,0,True,0
loc_00002,Moderate,Drâa-Tafilalet,30.54671313620237,-6.971048117972587,663.7423620215451,6.045073740244921,5.857542936466942,1344.0048828125,0.1,41924.77756008448,Moderate,original_733,0.4385363897853086,0,True,0
loc_00001,Easy,Drâa-Tafilalet,30.54701809792364,-7.122467385495109,8.887857148129743,15.05994905081238,22.08196567503873,1432.3692626953125,0.1,46158.98076680939,Easy,original_733,0.5676444067538956,1,True,1
loc_00033,Easy,Drâa-Tafilalet,31.33944444444444,-5.838611111111111,688.1125572833673,13.183673837953906,17.97025217103564,1535.18701171875,0.1,35495.87828382546,Easy,original_733,0.2930736214618447,0,False,1
loc_00032,Moderate,Drâa-Tafilalet,31.375,-5.7908333333333335,506.9672857358953,20.42420071062835,24.62287335356405,1502.0279541015625,0.1,29521.50359316073,Moderate,original_733,0.3471345378916614,0,True,0
loc_00025,Moderate,Drâa-Tafilalet,31.39527777777778,-5.5975,3865.438956392837,1.4026424827471615,1.6220461002066116,1360.6551513671875,0.1,15363.875579519465,Moderate,original_733,0.32595972886668023,0,True,0
loc_00031,Easy,Drâa-Tafilalet,31.411666666666665,-5.722222222222222,841.0268064802611,12.061740296562244,15.8536185272469,1401.4979248046875,0.1,21841.446278007326,Easy,original_733,0.381254676789307,0,False,1
loc_00034,Moderate,Drâa-Tafilalet,31.425,-6.011388888888889,124.99957409199352,6.061686706962852,10.783147638494318,1571.80419921875,0.15,46785.459117512,Moderate,original_733,0.26380583391736984,0,True,0
loc_00030,Moderate,Drâa-Tafilalet,31.435277777777777,-5.655,39.66980818478497,2.9008153060247,4.072700437435434,1366.206298828125,0.1,15148.194911232264,Moderate,original_733,0.65757771305059,1,False,0
loc_00035,Easy,Drâa-Tafilalet,31.441944444444445,-6.010833333333333,52.93258657610263,21.27934631138978,26.20928501097624,1684.2000732421875,0.15,46334.59934573949,Easy,original_733,0.3654955914481728,0,False,1
loc_00021,Easy,Drâa-Tafilalet,31.44333333333333,-5.978055555555556,449.7356687852738,26.218801568870084,30.98998216361053,1635.86279296875,0.15,43255.8007033128,Easy,original_733,0.34536010735217687,0,False,1
loc_00036,Moderate,Drâa-Tafilalet,31.454722222222223,-5.959722222222222,930.6821215419542,33.211957618402494,37.67519107534866,1763.1846923828125,0.15,41305.89956503022,Moderate,original_733,0.30910936610662737,0,True,0
loc_00029,Moderate,Drâa-Tafilalet,31.48305555555556,-5.539444444444444,43.0788885718326,8.489027910253434,5.819573016206095,1276.69384765625,0.1,4327.722740525457,Moderate,original_733,0.7036921753417227,1,False,0
loc_00022,Moderate,Drâa-Tafilalet,31.529444444444444,-5.925833333333333,58.04454110337361,24.38729956571733,25.53653332418647,1773.1461181640625,0.15,37419.00362305881,Moderate,original_733,0.38911915608349534,0,True,0
loc_00037,Easy,Drâa-Tafilalet,31.53666666666667,-5.919444444444445,25.37224345421478,49.67938960083032,78.03858228951447,1871.8389892578125,0.15,36840.63211021445,Easy,original_733,0.7282956750660142,1,True,1
loc_00024,Easy,Drâa-Tafilalet,31.542222222222225,-5.566944444444444,43.50122063595659,23.42981133832883,37.44224359181302,1449.9647216796875,0.1,4110.575290906196,Easy,original_733,0.6792449792361734,1,True,1
loc_00020,Easy,Drâa-Tafilalet,31.584444444444443,-5.590833333333333,46.44935349832321,36.74385944178508,64.64197382651085,1482.126953125,0.15,9012.222275363476,Easy,original_733,0.5912020093458275,1,True,1
loc_00026,Moderate,Drâa-Tafilalet,31.71722222222222,-5.507777777777778,95.52813981227838,4.315124525708093,4.49892961486312,1824.85009765625,0.15,21894.4903617053,Moderate,original_733,0.47143813037811344,0,True,0
loc_00023,Moderate,Drâa-Tafilalet,31.72,-5.826666666666666,2019.861529661073,8.194471849094496,7.6302490234375,2049.147705078125,0.15,35649.74484622669,Moderate,original_733,0.7631658144935517,1,False,0
loc_00038,Difficult,Drâa-Tafilalet,31.80138888888889,-5.926111111111111,13179.46841238071,21.22899931563965,25.019224560950413,3235.072509765625,0.15,48652.00160978642,Difficult,original_733,0.07558599199582439,0,True,0
loc_00039,Moderate,Drâa-Tafilalet,31.861666666666668,-5.708055555555556,997.1815296619682,33.16465038142086,61.97328980501033,2308.11962890625,0.1,41379.40949722718,Moderate,original_733,0.35702041416251296,0,True,0
loc_00027,Difficult,Drâa-Tafilalet,31.86416666666667,-5.470555555555555,10.862053103229709,23.419379524837392,29.10595904894112,2562.140869140625,0.1,38550.571591238,Difficult,original_733,0.800849285900483,1,False,0
loc_00055,Moderate,Drâa-Tafilalet,31.958,-5.696,5561.056129475519,15.273143359347486,13.318962664643594,2743.482177734375,0.15,50996.19486176353,Moderate,original_733,0.05479406224006658,0,True,0
loc_00028,Easy,Drâa-Tafilalet,32.009166666666665,-5.490833333333334,73.18836291655838,4.974522714638319,5.927389349819215,2342.634765625,0.05,54378.7958818117,Easy,original_733,0.5170350306912043,1,True,1
loc_00050,Moderate,Drâa-Tafilalet,32.142,-5.57,56.17002560940601,19.43486581913366,18.16287609762397,2215.2734375,0.1,69112.8042395822,Moderate,original_733,0.3647370470481708,0,True,0
loc_00019,Difficult,Drâa-Tafilalet,32.14472222222222,-5.557777777777778,991.082751251457,17.020516787957284,15.63974730436467,2311.35546875,0.15,69363.63219956422,Difficult,original_733,0.24766542600774266,0,True,0
loc_00048,Difficult,Drâa-Tafilalet,32.153,-5.593,95.46988390156714,26.173386549165667,29.111279700413224,2193.627197265625,0.1,70480.97468226097,Difficult,original_733,0.47520296480491625,0,True,0
loc_00049,Difficult,Drâa-Tafilalet,32.153,-5.593,95.46988390156714,26.173386549165667,29.111279700413224,2193.627197265625,0.1,70480.97468226097,Difficult,original_733,0.47520296480491625,0,True,0
loc_00044,Difficult,Drâa-Tafilalet,32.153,-5.64,884.6377507604178,17.843734852498383,14.163580271823347,2174.27734375,0.1,70047.13256157683,Difficult,original_733,0.31844674971262954,0,True,0
loc_00018,Easy,Drâa-Tafilalet,32.155833333333334,-5.598333333333333,6.006884745218144,20.867695102836485,17.622465779958677,2178.271240234375,0.1,70838.28824902223,Easy,original_733,0.5452159892629185,1,True,1
loc_00051,Moderate,Drâa-Tafilalet,32.157,-5.562,15.473437282230837,5.691909149240258,7.189384523502066,2215.26708984375,0.15,70743.27266345658,Moderate,original_733,0.39666643593676665,0,True,0
loc_00046,Moderate,Drâa-Tafilalet,32.159,-5.603,27.430577390179785,4.722552562612837,15.578986554106406,2166.27392578125,0.1,71229.63004702001,Moderate,original_733,0.31982791748991923,0,True,0
loc_00054,Difficult,Drâa-Tafilalet,32.15,-5.55,1107.4964033923966,12.508787999380983,14.55172956482438,2314.31201171875,0.15,69927.55694125856,Difficult,original_733,0.19925258608288687,0,True,0
loc_00040,Easy,Drâa-Tafilalet,32.166,-5.523,146.6382129584374,12.045384344476895,9.531647485149794,2291.8017578125,0.1,71688.18116632386,Easy,original_733,0.5104601885518943,1,True,1
loc_00053,Moderate,Drâa-Tafilalet,32.183,-5.458,886.8240830009009,14.632680179065732,15.959504939307852,2407.218017578125,0.1,73898.15001110364,Moderate,original_733,0.5480697443141993,1,False,0
loc_00017,Moderate,Drâa-Tafilalet,32.19583333333333,-5.636666666666666,410.8516861860282,0.0,0.0,2250.5,0.9,69118.63223171416,Moderate,original_733,0.41482237266025146,0,True,0
loc_00043,Moderate,Drâa-Tafilalet,32.199,-5.629,1046.29874251327,6.21348457153992,7.550444295583677,2257.7021484375,0.1,69743.68649475397,Moderate,original_733,0.31285639046665564,0,True,0
loc_00042,Difficult,Drâa-Tafilalet,32.222,-5.55,6712.828730694332,5.047793928497748,5.039518498192149,2283.41796875,0.15,76545.99295406092,Difficult,original_733,0.1279044069971107,0,True,0
loc_00016,Difficult,Drâa-Tafilalet,32.58935,-4.504527777777778,360.06834481843345,11.908621582411673,13.092888445893594,1809.46533203125,0.15,24251.637207187672,Difficult,original_733,0.424708281853329,0,True,0
loc_00015,Difficult,Drâa-Tafilalet,32.58986388888889,-4.504866666666667,340.3871382996423,10.07140583678105,10.721105654377585,1816.0859375,0.1,24198.930151986187,Difficult,original_733,0.4545077038030863,0,True,0
loc_00013,Difficult,Drâa-Tafilalet,32.590050000000005,-4.504761111111111,318.5728683944972,9.488703333880071,11.80099714294938,1812.68408203125,0.1,24199.305289688506,Difficult,original_733,0.4520108295133116,0,True,0
loc_00012,Difficult,Drâa-Tafilalet,32.59028055555556,-4.504902777777778,307.627900024507,9.62970707284274,10.830442318246384,1815.4425048828125,0.1,24176.57929179973,Difficult,original_733,0.445791559584475,0,True,0
loc_00011,Difficult,Drâa-Tafilalet,32.590297222222226,-4.5050638888888885,313.7393695038764,9.629708343916157,10.830442318246384,1815.4425048828125,0.1,24162.07906776508,Difficult,original_733,0.445791559584475,0,True,0
loc_00010,Difficult,Drâa-Tafilalet,32.59060277777778,-4.505005555555556,281.66655170596204,9.798683615690704,10.357080885201446,1816.2840576171875,0.1,24152.958681780576,Difficult,original_733,0.44331438420177727,0,True,0
loc_00009,Difficult,Drâa-Tafilalet,32.590869444444444,-4.504938888888889,252.9361112438129,9.487167551309083,9.60714948669938,1818.43994140625,0.1,24146.38074465029,Difficult,original_733,0.5180439062532668,1,False,0
loc_00008,Difficult,Drâa-Tafilalet,32.59108611111111,-4.504991666666666,233.689766992073,9.556786017890891,10.361137453189563,1818.8858642578125,0.1,24131.93454485021,Difficult,original_733,0.4313555913327373,0,True,0
loc_00007,Difficult,Drâa-Tafilalet,32.59246944444445,-4.504686111111111,79.76708146434034,6.555289278319837,5.549568617639463,1837.501220703125,0.15,24095.07279419748,Difficult,original_733,0.5366398547046739,1,False,0
loc_00006,Difficult,Drâa-Tafilalet,32.59281111111111,-4.504277777777777,31.41678223591156,5.132140907205022,7.20684360472624,1842.2276611328125,0.15,24114.62975707097,Difficult,original_733,0.5784788944490051,1,False,0
loc_00014,Difficult,Drâa-Tafilalet,32.590025000000004,-4.504727777777778,318.4465343323972,9.488701857189737,11.80099714294938,1812.68408203125,0.1,24203.301486776007,Difficult,original_733,0.4520108295133116,0,True,0
loc_00073,Moderate,Drâa-Tafilalet,33.07611111111112,-5.003611111111111,1394.5608482328523,1.8879821345795669,3.161181237086777,2083.602783203125,0.15,40903.77395647355,Moderate,original_733,0.5455928260258843,1,False,0
loc_00756,Moderate,Drâa-Tafilalet,31.352991666666668,-5.718,4845.724816331103,7.319314570764393,4.1070361328125,1528.5802001953125,0.1,25779.37964697696,Moderate,original_733,0.2576289393672786,0,True,0
loc_00757,Moderate,Drâa-Tafilalet,31.355447222222224,-5.719055555555555,4562.417504753855,10.605084684927215,6.3538671875,1550.660888671875,0.1,25651.13996167852,Moderate,original_733,0.20463391290212093,0,True,0
loc_00758,Moderate,Drâa-Tafilalet,31.355397222222223,-5.7198166666666665,4527.842516729936,10.120651205523885,4.5212548828125,1550.5753173828125,0.1,25705.365015017567,Moderate,original_733,0.2127704091560415,0,True,0
loc_00759,Moderate,Drâa-Tafilalet,31.355894444444445,-5.718358333333334,4557.999518826895,10.856510133663985,6.54265625,1558.9259033203125,0.1,25569.3878900334,Moderate,original_733,0.20627080123197705,0,True,0
loc_00760,Moderate,Drâa-Tafilalet,31.36165555555556,-5.734269444444444,3289.757158461714,13.93144416936415,8.1667431640625,1455.087890625,0.1,26201.278925994506,Moderate,original_733,0.2407505983522314,0,True,0
loc_00761,Moderate,Drâa-Tafilalet,31.36876388888889,-5.735255555555556,2522.7737423376875,3.7451689025752617,2.47064453125,1426.4842529296875,0.1,25741.98506289473,Moderate,original_733,0.4066888365498385,0,True,0
loc_00762,Moderate,Drâa-Tafilalet,31.37255,-5.7333694444444445,2231.815537592573,7.087918643430478,6.1203955078125,1432.091552734375,0.1,25330.45105616865,Moderate,original_733,0.561914825576791,1,False,0
loc_00763,Moderate,Drâa-Tafilalet,31.38072777777778,-5.732627777777778,1564.489539010067,1.358055039016007,0.5103759765625,1399.0615234375,0.1,24691.001260060257,Moderate,original_733,0.5581106543205823,1,False,0
loc_00764,Moderate,Drâa-Tafilalet,31.37605,-5.735016666666667,1819.044334441564,7.803430684383193,4.253837890625,1420.672119140625,0.1,25197.44938974496,Moderate,original_733,0.5806953627840576,1,False,0
loc_00765,Easy,Drâa-Tafilalet,31.434166666666663,-5.645,551.1427744978039,7.348141956268375,3.846708984375,1349.5887451171875,0.1,14507.759894766526,Easy,original_733,0.6091336898107691,1,True,1
loc_00766,Easy,Drâa-Tafilalet,31.43638888888889,-5.645555555555555,311.1745866003151,3.94041227560719,1.5067822265625,1342.25146484375,0.1,14383.45506179909,Easy,original_733,0.7796488489388597,1,True,1
loc_00767,Easy,Drâa-Tafilalet,31.44083333333333,-5.647777777777777,160.97797629022324,4.9579735272592185,2.441259765625,1356.89697265625,0.1,14226.847708493431,Easy,original_733,0.8073332023077331,1,True,1
loc_00747,Easy,Drâa-Tafilalet,30.42605555555556,-5.644177777777777,1323.3867855926555,1.762278623930808,0.90785888671875,814.4889526367188,0.1,21476.709363227503,Easy,original_733,0.6769118643041493,1,True,1
loc_00748,Moderate,Drâa-Tafilalet,30.44685277777777,-5.616483333333333,2771.152624700629,11.089133622735494,6.3847509765625,1015.1376342773438,0.1,24946.33460987189,Moderate,original_733,0.4338272435211473,0,True,0
loc_00749,Easy,Drâa-Tafilalet,30.426875000000003,-5.626283333333334,577.2753276120852,2.587995992573852,1.65242431640625,846.08544921875,0.1,23015.074400104524,Easy,original_733,0.7630519629870145,1,True,1
loc_00750,Moderate,Drâa-Tafilalet,30.46266111111111,-5.639013888888888,4721.159073946342,1.893358145047759,1.0767431640625,871.1193237304688,0.1,24188.81423129525,Moderate,original_733,0.4975741349109852,0,True,0
loc_00751,Moderate,Drâa-Tafilalet,30.434141666666665,-5.606144444444444,1363.0971738828805,43.95132562955378,35.8341943359375,1266.179443359375,0.1,25098.364238872204,Moderate,original_733,0.14117956130234152,0,True,0
loc_00752,Moderate,Drâa-Tafilalet,30.31458888888889,-5.568783333333333,10070.2597001146,7.297421545727592,3.78796630859375,726.7024536132812,0.1,25786.74317263547,Moderate,original_733,0.5101281094031531,1,False,0
loc_00753,Moderate,Drâa-Tafilalet,30.22558888888889,-5.555236111111111,1800.6479069903671,0.7712848778985548,0.49417724609375,661.8984985351562,0.1,29351.44427810735,Moderate,original_733,0.5148767047011936,1,False,0
loc_00754,Easy,Drâa-Tafilalet,29.9411,-5.5833916666666665,539.9326581208217,1.5106468459510831,0.65526611328125,598.0836181640625,0.1,49444.03136040957,Easy,original_733,0.8882201879143063,1,True,1
loc_00755,Easy,Drâa-Tafilalet,30.39215,-5.767797222222222,2527.5192523217943,1.2841686489059716,0.61544677734375,740.5068969726562,0.1,9752.594449303788,Easy,original_733,0.6840974790071229,1,True,1
loc_00454,Easy,Drâa-Tafilalet,32.15258333333333,-4.374058333333333,97.11297865410454,10.32851583687214,5.655322265625,1221.9346923828125,0.1,25487.274334807007,Easy,original_733,0.40294710143403,0,False,1
loc_00455,Easy,Drâa-Tafilalet,32.18263333333333,-4.367130555555555,227.37662271747865,5.2558036953288125,3.15484375,1214.7119140625,0.05,28890.23285137546,Easy,original_733,0.51681408908509,1,True,1
loc_00456,Easy,Drâa-Tafilalet,32.02576111111111,-4.463383333333334,102.17846669305496,9.804620584593842,5.9761865234375,1165.4847412109375,0.1,11099.083769459385,Easy,original_733,0.7021406393498254,1,True,1
loc_00457,Easy,Drâa-Tafilalet,32.171902777777774,-4.367847222222222,1.553369348705513,36.21056713421989,27.3458837890625,1283.3701171875,0.1,27711.86836846297,Easy,original_733,0.7445746480269149,1,True,1
loc_00458,Easy,Drâa-Tafilalet,32.08546944444445,-4.383705555555556,284.01403851616925,2.849634781400028,0.864609375,1146.6533203125,0.1,18025.790358061506,Easy,original_733,0.7934692599511337,1,True,1
loc_00775,Moderate,Drâa-Tafilalet,30.854141666666667,-6.802416666666667,324.299035575826,13.354969917230692,8.0634375,1231.7174072265625,0.1,12694.60883687529,Moderate,original_733,0.5847961192136999,1,False,0
loc_00776,Easy,Drâa-Tafilalet,30.758930555555555,-6.642613888888889,2259.4042924192468,24.57603898521563,15.2842578125,1515.8836669921875,0.1,31268.6513475538,Easy,original_733,0.19349102994601036,0,False,1
loc_00739,Easy,Drâa-Tafilalet,31.95245555555556,-4.472580555555556,42.32809598707493,1.887345655644861,1.1114501953125,1060.02978515625,0.1,4466.351748104332,Easy,original_733,0.9106437115239474,1,True,1
loc_00740,Easy,Drâa-Tafilalet,31.977077777777776,-4.483280555555556,40.39420829872261,4.761856265813312,2.307236328125,1079.700439453125,0.1,7072.541485716908,Easy,original_733,0.8314720503024031,1,True,1
loc_00741,Easy,Drâa-Tafilalet,31.98295,-4.500036111111111,204.49515659325965,4.742758485767381,2.025986328125,1133.753173828125,0.1,8636.451812065772,Easy,original_733,0.7886031258209413,1,True,1
loc_00742,Easy,Drâa-Tafilalet,31.999597222222224,-4.4928638888888885,144.12575309265085,5.0669789588571845,2.3549072265625,1166.3497314453125,0.1,9603.05821690875,Easy,original_733,0.8700517378520117,1,True,1
loc_00743,Easy,Drâa-Tafilalet,32.02611111111111,-4.467666666666667,52.73378528490871,1.8808566722616853,1.1707568359375,1140.615234375,0.1,11243.857885951216,Easy,original_733,0.8774678613469394,1,True,1
loc_00744,Easy,Drâa-Tafilalet,32.02828888888889,-4.441061111111111,29.44252814577457,6.47626409872616,4.166591796875,1158.43603515625,0.1,11050.15625381149,Easy,original_733,0.556106968712519,1,True,1
loc_00745,Easy,Drâa-Tafilalet,32.04982777777778,-4.404466666666667,16.069040906681,20.78077582070827,13.8347412109375,1362.9739990234375,0.1,13712.961313791322,Easy,original_733,0.5012159875394122,1,True,1
loc_00746,Moderate,Drâa-Tafilalet,32.05456944444444,-4.483105555555556,3295.2174275436323,36.458560705353406,22.750673828125,1465.2216796875,0.1,14698.844388960888,Moderate,original_733,0.09001304917657617,0,True,0
loc_00041,Easy,Drâa-Tafilalet,32.193,-5.639,35.1275096449228,9.687231265319118,8.755005891658058,2250.5,0.9,68976.81010235767,Easy,el_ouali_2026,0.3193092115154515,0,False,1
loc_00045,Easy,Drâa-Tafilalet,32.176,-5.599,973.7113341093008,18.043591056444985,17.447846720041323,2237.878662109375,0.1,73077.41524595869,Easy,el_ouali_2026,0.2351122729171231,0,False,1
loc_00047,Easy,Drâa-Tafilalet,32.167,-5.545,623.8889377419606,11.337032178578443,15.26180349302686,2318.35498046875,0.15,71807.12240601449,Easy,el_ouali_2026,0.35605471196407545,0,False,1
loc_00052,Moderate,Drâa-Tafilalet,32.163,-5.546,170.60857115817515,22.402476337962888,30.89987409607438,2301.502685546875,0.15,71364.20979430796,Moderate,el_ouali_2026,0.48535537623943803,0,True,0
loc_00057,Easy,Marrakech-Safi,31.875,-8.866666666666667,1150.4476749231942,14.001315887573078,19.82941380020016,347.2945556640625,0.15,51884.75957533312,Easy,el_ouali_2026,0.3347922880879416,0,False,1
loc_00070,Moderate,Fés-Meknés,33.61666666666667,-4.883333333333333,1355.469264824249,4.549120902683868,7.977585469395661,1437.128173828125,0.2,23000.8681415211,Moderate,el_ouali_2026,0.42310634417275095,0,True,0
loc_00080,Difficult,Fés-Meknés,34.04361111111111,-4.095,1755.6161662861232,12.490324977480784,9.67986606566374,1423.4893798828125,0.55,22165.545960322444,Difficult,el_ouali_2026,0.2518549475541638,0,True,0
loc_00084,Difficult,Fés-Meknés,33.81777777777778,-4.081666666666666,1490.091992798936,1.63319636452748,3.5823934255552685,1457.727294921875,0.9,46326.10433989286,Difficult,el_ouali_2026,0.3926799636152365,0,True,0
loc_00085,Moderate,Fés-Meknés,33.72138888888889,-4.2275,2057.5612425203226,40.12698614723842,46.226998321281,1181.843017578125,0.15,57168.08112486565,Moderate,el_ouali_2026,0.07086352597100001,0,True,0
loc_00087,Moderate,Souss-Massa,29.213335,-8.203033,12192.442045267428,2.019416004034639,2.239810912077092,450.4251403808594,0.1,63433.92516224948,Moderate,el_ouali_2026,0.3502468931665977,0,True,0
loc_00094,Moderate,Souss-Massa,29.213335,-8.203033,12192.442045267428,2.019416004034639,2.239810912077092,450.4251403808594,0.1,63433.92516224948,Moderate,el_ouali_2026,0.3502468931665977,0,True,0
loc_00098,Easy,Souss-Massa,29.339495,-8.52788,3458.1158246885184,29.39721078804148,46.131295196281,736.9594116210938,0.1,70453.99154376212,Easy,el_ouali_2026,0.33917462983370383,0,False,1
loc_00101,Easy,Souss-Massa,29.748743,-7.659674,1023.7575193572536,1.0049701208304378,1.2619422092910642,615.0166015625,0.1,29922.391513143244,Easy,el_ouali_2026,0.6588809674156005,1,True,1
loc_00104,Easy,Souss-Massa,29.240173,-8.53858,719.3575449097655,2.0490575161352287,1.511522529538998,476.769775390625,0.1,78746.1145228218,Easy,el_ouali_2026,0.6134967463636422,1,True,1
loc_00107,Easy,Souss-Massa,29.741683,-8.50205,387.2213644877399,20.66498786999203,26.947661596881456,1009.016357421875,0.1,51407.5379938694,Easy,el_ouali_2026,0.5682124066693206,1,True,1
loc_00108,Moderate,Souss-Massa,30.068945,-7.954123,3736.072563585371,10.22826042315406,5.937042992962294,1457.3282470703125,0.1,35897.287861758625,Moderate,el_ouali_2026,0.18973526544622188,0,True,0
loc_00109,Moderate,Souss-Massa,29.983764,-7.95061,273.5138029291434,24.2924005838608,24.288947491606404,1320.9622802734375,0.1,26458.040306200764,Moderate,el_ouali_2026,0.4420874369124654,0,True,0
loc_00110,Easy,Souss-Massa,29.912618,-7.684191,5808.366321724568,7.306577507384361,17.51383026375258,1336.66943359375,0.1,33160.78786844063,Easy,el_ouali_2026,0.24733831598698763,0,False,1
loc_00112,Difficult,Souss-Massa,29.646508,-7.756531,11575.304811367509,6.755124416802448,5.011232990863895,485.0333862304688,0.1,23386.616677978767,Difficult,el_ouali_2026,0.36634777618061115,0,True,0
loc_00113,Difficult,Souss-Massa,29.646508,-7.756531,11575.304811367509,6.755124416802448,5.011232990863895,485.0333862304688,0.1,23386.616677978767,Difficult,el_ouali_2026,0.36634777618061115,0,True,0
loc_00114,Moderate,Souss-Massa,29.646508,-7.756531,11575.304811367509,6.755124416802448,5.011232990863895,485.0333862304688,0.1,23386.616677978767,Moderate,el_ouali_2026,0.36634777618061115,0,True,0
loc_00115,Easy,Souss-Massa,29.028776,-8.591492,11284.951948348566,11.66284548644682,14.350940546713584,785.2830200195312,0.1,99987.6512601737,Easy,el_ouali_2026,0.42886638895363804,0,False,1
loc_00116,Moderate,Souss-Massa,29.899215,-7.94165,6438.743154086969,5.140937341587993,6.51601945861312,1219.5758056640625,0.1,17205.80210899244,Moderate,el_ouali_2026,0.317752130732414,0,True,0
loc_00118,Moderate,Souss-Massa,29.737174,-8.320678,9311.679360308292,22.401974603676507,23.13275196926653,1343.1099853515625,0.1,33910.592333065455,Moderate,el_ouali_2026,0.11464816498046787,0,True,0
loc_00119,Moderate,Souss-Massa,29.737174,-8.320678,9311.679360308292,22.401974603676507,23.13275196926653,1343.1099853515625,0.1,33910.592333065455,Moderate,el_ouali_2026,0.11464816498046787,0,True,0
loc_00120,Moderate,Souss-Massa,29.460147,-8.677734,4372.676618892961,12.92026861407457,13.366692156831094,1078.49755859375,0.1,75499.08064105027,Moderate,el_ouali_2026,0.30786294579813156,0,True,0
loc_00122,Easy,Souss-Massa,30.278531,-7.062836,6832.443578684352,7.783566986596692,11.000997748256715,935.4249267578124,0.55,72815.92006920444,Easy,el_ouali_2026,0.34808771666746313,0,False,1
loc_00124,Easy,Souss-Massa,29.971009,-8.257101,406.30929259089567,1.7734912974092971,1.546819513494318,1064.39208984375,0.55,37315.682202885095,Easy,el_ouali_2026,0.679933462852855,1,True,1
loc_00127,Easy,Souss-Massa,29.481527,-8.375144,10479.61000605736,7.812741976097995,12.165392662868026,799.5192260742188,0.1,49033.70079930046,Easy,el_ouali_2026,0.6838138305899084,1,True,1
loc_00128,Easy,Souss-Massa,29.361629,-8.518739,5223.26419041525,35.772209616724425,34.93805385621126,629.822509765625,0.15,68203.83941946916,Easy,el_ouali_2026,0.127587175161334,0,False,1
loc_00130,Moderate,Souss-Massa,29.227937,-8.924098,4425.478352482554,14.37797890595748,24.70836897920971,812.1715698242188,0.1,94053.7220109565,Moderate,el_ouali_2026,0.3058382173887446,0,True,0
loc_00136,Moderate,Souss-Massa,29.36722222222222,-8.321944444444444,4251.912622252175,8.575128724654618,8.476624039579029,564.2230224609375,0.1,54212.984076102686,Moderate,el_ouali_2026,0.5776729029543157,1,False,0
loc_00140,Moderate,Tanger-Tétouan-Al Hoceima,35.896051,-5.390169,20.929546785928977,14.933764621665375,14.211950507045778,206.20050048828125,0.15,6830.681559188672,Moderate,el_ouali_2026,0.6015388204046321,1,False,0
loc_00141,Moderate,Tanger-Tétouan-Al Hoceima,35.896051,-5.390169,20.929546785928977,14.933764621665375,14.211950507045778,206.20050048828125,0.15,6830.681559188672,Moderate,el_ouali_2026,0.6015388204046321,1,False,0
loc_00142,Easy,Tanger-Tétouan-Al Hoceima,35.908787,-5.389026,17.68555913895352,22.03316693570002,23.888560830068982,30.487207412719727,0.15,8126.617190687022,Easy,el_ouali_2026,0.7082358073137105,1,True,1
loc_00145,Easy,Tanger-Tétouan-Al Hoceima,35.906329,-5.38799,32.12952198046715,25.78052069182892,31.0722046528966,106.45947265625,0.55,7837.859822241699,Easy,el_ouali_2026,0.8093585140529982,1,True,1
loc_00146,Easy,Tanger-Tétouan-Al Hoceima,35.90611111111111,-5.388055555555556,36.069180953112365,30.961155908301706,33.15992711595268,115.6205596923828,0.1,7816.604915821727,Easy,el_ouali_2026,0.7011293901632947,1,True,1
loc_00147,Easy,Tanger-Tétouan-Al Hoceima,35.907023,-5.393334,10.058941131258765,16.472502902503024,20.73753495649858,50.56587219238281,0.15,8070.118317057664,Easy,el_ouali_2026,0.6086621853626244,1,True,1
loc_00148,Moderate,Tanger-Tétouan-Al Hoceima,35.909169,-5.393398,196.6698298964402,8.03363599162461,12.629766766690024,1.998429656028748,0.1,8295.507958595912,Moderate,el_ouali_2026,0.6167469421652191,1,False,0
loc_00156,Easy,Laayoune-Sakia El Hamra,27.98,-12.266666666666667,167.64835025919274,1.2970566489740476,1.1822540346255972,26.766834259033203,0.1,129636.55039753916,Easy,el_ouali_2026,0.8133837285570864,1,True,1
loc_00162,Moderate,Guelmim-Oued Noun,29.116666666666667,-10.416666666666666,413.4312437679286,6.123384184109721,6.86956547508555,103.29280853271484,0.15,37645.490981479015,Moderate,el_ouali_2026,0.6609237868656624,1,False,0
loc_00274,Moderate,Marrakech-Safi,32.080000000000005,-8.66,1072.2922339606637,0.4748735202811199,0.1884556289546745,356.6802673339844,0.9,22001.64198370697,Moderate,el_ouali_2026,0.8607789131083589,1,False,0
loc_00276,Difficult,Tanger-Tétouan-Al Hoceima,35.9,-5.416666666666667,1819.00442981291,35.82407049432999,45.86792748821669,627.4409790039062,0.15,8394.673467891742,Difficult,el_ouali_2026,0.12148472179060343,0,True,0
loc_00277,Easy,Tanger-Tétouan-Al Hoceima,35.848888888888894,-5.566388888888889,402.5036454645392,0.0,0.0,0.0,0.9,18506.01715039013,Easy,el_ouali_2026,0.9026028021142182,1,True,1
loc_00278,Easy,Tanger-Tétouan-Al Hoceima,35.848888888888894,-5.566388888888889,402.5036454645392,0.0,0.0,0.0,0.9,18506.01715039013,Easy,el_ouali_2026,0.9026028021142182,1,True,1
loc_00279,Moderate,Tanger-Tétouan-Al Hoceima,35.78333333333333,-5.7133,778.9589857939515,17.228482554493652,16.80338999850691,254.0174865722656,0.15,8265.527208321657,Moderate,el_ouali_2026,0.3648520019577889,0,True,0
loc_00318,Easy,Tanger-Tétouan-Al Hoceima,35.27997830780459,-5.233760827936141,0.792039905498196,29.57195376082138,28.530474828294487,167.2307586669922,0.55,12758.08641714449,Easy,el_ouali_2026,0.6795184640540615,1,True,1
loc_00356,Easy,Fés-Meknés,33.373,-4.017944444444445,421.5195907792026,29.58828685380614,27.71064695247934,1657.87451171875,0.15,66093.07877326541,Easy,el_ouali_2026,0.3265431477260561,0,False,1
loc_00358,Moderate,Fés-Meknés,33.378861111111114,-4.010527777777778,893.8599778337536,43.70732714881464,57.55572963746126,1980.199462890625,0.15,66792.65654869158,Moderate,el_ouali_2026,0.29874629302959144,0,True,0
loc_00359,Moderate,Fés-Meknés,33.32016666666667,-3.916833333333333,1780.804810178083,6.789441465315639,4.350602079028926,1049.57275390625,0.35,75653.34777563534,Moderate,el_ouali_2026,0.3822838544832789,0,True,0
loc_00360,Easy,Fés-Meknés,33.47083333333334,-3.963638888888889,709.031986219741,26.33389167528007,34.57670858083678,1747.4276123046875,0.1,72077.6130346225,Easy,el_ouali_2026,0.3791585294746863,0,False,1
loc_00363,Moderate,Fés-Meknés,33.48630555555555,-3.8171388888888886,1202.0803580124375,16.494917667164916,21.42161370900052,1332.41015625,0.15,84609.66460929684,Moderate,el_ouali_2026,0.20404118371407085,0,True,0
loc_00373,Difficult,Fés-Meknés,33.51916666666666,-4.055555555555555,4972.425723306876,11.851720645022391,15.002092345686984,2433.591796875,0.15,64882.1770623046,Difficult,el_ouali_2026,0.07026517316150219,0,True,0
loc_00375,Moderate,Tanger-Tétouan-Al Hoceima,35.725,-5.6685,1886.2105461126207,9.311161231054548,9.016625396476304,230.19204711914065,0.15,13142.811497111526,Moderate,el_ouali_2026,0.5018848744596307,1,False,0
loc_00376,Easy,Béni Mellal-Khénifra,31.83156111111111,-6.100886111111111,1074.9605815044415,16.675317736234952,9.308125,1644.8607177734375,0.1,60740.248402719415,Easy,el_ouali_2026,0.27762724330208693,0,False,1
loc_00377,Moderate,Béni Mellal-Khénifra,31.82883888888889,-6.098708333333333,1421.5860690910772,24.86213216435352,15.318134765625,1649.6824951171875,0.1,61099.29455615761,Moderate,el_ouali_2026,0.22106339725477758,0,True,0
loc_00380,Moderate,Béni Mellal-Khénifra,31.750616666666662,-6.32005,311.4858728285409,19.41236568228167,11.541923828125,2519.892333984375,0.15,64966.521020550645,Moderate,el_ouali_2026,0.3019745233116326,0,True,0
loc_00381,Moderate,Béni Mellal-Khénifra,31.749802777777777,-6.320194444444444,255.81120492742988,22.13966820625592,12.54888671875,2519.295166015625,0.15,65056.26145103146,Moderate,el_ouali_2026,0.22089321439674017,0,True,0
loc_00383,Easy,Béni Mellal-Khénifra,31.733088888888886,-6.324652777777778,20.634646311325707,26.61230408078944,18.18201171875,2569.735107421875,0.15,66894.3871785143,Easy,el_ouali_2026,0.3957927364454223,0,False,1
loc_00384,Difficult,Béni Mellal-Khénifra,31.757188888888887,-6.248361111111112,2012.212577440792,39.19832167395856,25.47123046875,3499.822509765625,0.1,64918.29653310061,Difficult,el_ouali_2026,0.1522886090897145,0,True,0
loc_00386,Easy,Béni Mellal-Khénifra,32.108783333333335,-6.436002777777778,46.26254744587702,19.69877081820752,11.38975341796875,857.890869140625,0.15,26243.086667300475,Easy,el_ouali_2026,0.5429672318603302,1,True,1
loc_00390,Difficult,Béni Mellal-Khénifra,32.39897222222222,-6.027358333333333,1075.715475689257,19.108075015872103,10.6025390625,1374.671630859375,0.15,31451.56868823583,Difficult,el_ouali_2026,0.370255196564838,0,True,0
loc_00391,Moderate,Béni Mellal-Khénifra,32.20402222222223,-6.603461111111111,1543.664953470363,23.75340609105405,16.27612060546875,727.4781494140625,0.55,27614.4531252584,Moderate,el_ouali_2026,0.23343380272726372,0,True,0
loc_00393,Difficult,Béni Mellal-Khénifra,32.10611111111111,-6.510025,565.8091345831052,26.3262578901656,18.489912109375,885.2869873046875,0.55,29333.89082151585,Difficult,el_ouali_2026,0.32713712841360415,0,True,0
loc_00394,Easy,Béni Mellal-Khénifra,31.952005555555555,-6.55725,79.8865437749029,12.954370393371631,8.4384228515625,1420.4300537109375,0.55,46632.74858026863,Easy,el_ouali_2026,0.3472660043333906,0,False,1
loc_00395,Easy,Béni Mellal-Khénifra,32.009969444444444,-6.719222222222222,174.80107928386653,8.602718413784581,4.8126611328125,832.2334594726562,0.05,49856.786341551735,Easy,el_ouali_2026,0.792688979522144,1,True,1
loc_00396,Easy,Marrakech-Safi,31.89700833333333,-8.860261111111111,307.3110719871933,2.410897005828105,1.4284423828125,328.1667175292969,0.15,49581.49918537336,Easy,el_ouali_2026,0.6938697645170628,1,True,1
loc_00397,Easy,Marrakech-Safi,31.89871388888889,-8.863727777777777,50.25985818213582,8.223339209273426,4.68259765625,335.5243530273437,0.2,49637.87279148787,Easy,el_ouali_2026,0.6529564327860486,1,True,1
loc_00398,Easy,Marrakech-Safi,31.907641666666667,-8.850891666666666,24.228934619903416,7.228864914567178,4.060523681640625,351.10430908203125,0.15,48105.55344241848,Easy,el_ouali_2026,0.7408033874746803,1,True,1
loc_00399,Easy,Marrakech-Safi,31.91326388888889,-8.84191388888889,17.195013913392756,1.6621177237577756,0.733424072265625,375.6792297363281,0.2,47089.532358763536,Easy,el_ouali_2026,0.8270192563877408,1,True,1
loc_00400,Easy,Marrakech-Safi,31.917627777777778,-8.835375,7.774381189879271,3.846160216345754,2.38003662109375,368.6682739257813,0.15,46326.97848136808,Easy,el_ouali_2026,0.534416092369363,1,True,1
loc_00401,Easy,Marrakech-Safi,31.930247222222224,-8.828119444444445,33.7765718877266,5.4616528870483245,2.9679541015625,369.3472290039063,0.2,44800.541275025134,Easy,el_ouali_2026,0.7983336306407196,1,True,1
loc_00406,Easy,Fés-Meknés,33.41329722222222,-5.079908333333333,356.0091935957427,8.953750368578861,4.959384765625,1869.6600341796875,0.15,12963.86167751399,Easy,el_ouali_2026,0.7122857840574315,1,True,1
loc_00407,Difficult,Fés-Meknés,33.287997222222224,-4.847411111111111,2752.0707309270247,5.724306711658693,2.5529296875,1893.1063232421875,0.15,13816.658646623193,Difficult,el_ouali_2026,0.5201336680920097,1,False,0
loc_00409,Easy,Marrakech-Safi,31.14655277777777,-9.743005555555555,549.9989161879427,1.1775891658201618,0.6113818359375,375.937744140625,0.1,40657.19242441712,Easy,el_ouali_2026,0.809039148338839,1,True,1
loc_00410,Easy,Marrakech-Safi,31.143002777777777,-9.739027777777777,313.83061761655296,15.477826394253578,9.873702392578124,414.0773315429688,0.35,41069.96544294405,Easy,el_ouali_2026,0.5893862685082737,1,True,1
loc_00411,Moderate,Marrakech-Safi,31.162775,-9.700344444444443,806.7228167784211,24.002581102265346,15.340660400390624,452.1583251953125,0.35,39253.444995105776,Moderate,el_ouali_2026,0.5130693402906801,1,False,0
loc_00412,Easy,Marrakech-Safi,31.141513888888888,-9.751880555555555,1450.3225048475335,9.839578191728972,6.45735107421875,414.0569458007813,0.15,41188.47946695576,Easy,el_ouali_2026,0.552605031600407,1,True,1
loc_00415,Difficult,Marrakech-Safi,31.09916944444444,-9.828880555555555,607.1560437513259,10.47195667808737,8.064375381469727,0.0,0.1,46322.22184831283,Difficult,el_ouali_2026,0.854096085235821,1,False,0
loc_00416,Difficult,Marrakech-Safi,31.10043888888889,-9.833491666666667,1068.0457741518862,15.382724481432335,12.93364637374878,7.111008644104004,0.15,46244.62209584528,Difficult,el_ouali_2026,0.7085634675796498,1,False,0
loc_00417,Difficult,Marrakech-Safi,31.10076111111111,-9.839516666666666,1627.213945669533,9.257102355142989,5.795493022203446,6.363839149475098,0.15,46296.669506308375,Difficult,el_ouali_2026,0.6311597347222035,1,False,0
loc_00419,Easy,Marrakech-Safi,31.160627777777776,-9.705713888888887,302.1257071389781,7.186310205388199,3.90877685546875,383.3132934570313,0.1,39417.0476328105,Easy,el_ouali_2026,0.7346125993501323,1,True,1
loc_00421,Moderate,Marrakech-Safi,31.15841111111111,-9.686902777777778,1919.642807937989,26.85311900748578,15.9529931640625,661.5985107421875,0.35,39941.71247623969,Moderate,el_ouali_2026,0.2482145269247687,0,True,0
loc_00422,Easy,Marrakech-Safi,31.15719722222222,-9.697530555555556,943.0102406844044,18.26311688268961,9.698056640625,492.7695617675781,0.35,39907.02680024555,Easy,el_ouali_2026,0.41574415371528456,0,False,1
loc_00425,Easy,Souss-Massa,29.250291666666666,-8.691086111111112,290.1326810609437,1.2458466373793442,0.56278076171875,563.6367797851562,0.1,88986.33535439178,Easy,el_ouali_2026,0.7727500031910419,1,True,1
loc_00426,Difficult,Souss-Massa,29.22623611111111,-7.874097222222223,28225.740034313567,0.886455611088185,0.242518310546875,333.1604309082031,0.1,58572.79975690824,Difficult,el_ouali_2026,0.24441599684782656,0,True,0
loc_00427,Easy,Souss-Massa,29.31243055555556,-8.493838888888888,647.6535382131163,27.939648352680308,18.05424072265625,579.0457153320312,0.1,70007.02768807815,Easy,el_ouali_2026,0.4507818366420395,0,False,1
loc_00428,Moderate,Souss-Massa,29.264425,-8.709041666666666,1782.4403053976175,36.53620952664103,25.80380126953125,604.427001953125,0.1,89401.53339158285,Moderate,el_ouali_2026,0.22484890289930887,0,True,0
loc_00429,Easy,Tanger-Tétouan-Al Hoceima,35.916551,-5.406037,1129.8182261070572,22.77733457100382,11.78494644165039,74.5575180053711,0.15,9492.997944012208,Easy,el_ouali_2026,0.5913948872994698,1,True,1
loc_00430,Easy,Laayoune-Sakia El Hamra,28.15,-12.066666666666666,5728.080603499461,0.0,0.0,0.0,0.9,156881.41879184853,Easy,el_ouali_2026,0.8266580582693238,1,True,1
loc_00431,Easy,Laayoune-Sakia El Hamra,28.15,-12.1,7233.550265190323,0.0,0.0,0.0,0.9,154572.33630207283,Easy,el_ouali_2026,0.8270726267320655,1,True,1
loc_00432,Easy,Laayoune-Sakia El Hamra,28.166666666666668,-12.05,6591.580221496209,0.0,0.0,0.0,0.9,159346.1897945999,Easy,el_ouali_2026,0.8326595226984813,1,True,1
loc_00433,Moderate,Tanger-Tétouan-Al Hoceima,34.889091666666666,-4.948152777777778,4823.910444196412,21.573050230658804,12.452291259765625,516.2889404296875,0.15,42628.1057746618,Moderate,el_ouali_2026,0.3396572033861169,0,True,0
loc_00434,Difficult,Tanger-Tétouan-Al Hoceima,34.92726111111111,-4.86625,6639.343318466891,13.451138417363143,7.735771484375,698.6382446289062,0.15,45398.36203133429,Difficult,el_ouali_2026,0.4872106282440992,0,True,0
loc_00435,Easy,Tanger-Tétouan-Al Hoceima,34.88933611111111,-4.895605555555555,8150.119612599887,32.63461603844383,21.8155859375,883.7911987304688,0.35,46014.54791226941,Easy,el_ouali_2026,0.09473165048967641,0,False,1
loc_00436,Moderate,Tanger-Tétouan-Al Hoceima,34.93650555555556,-4.911755555555556,3360.5489124690444,20.0930618545274,12.09234619140625,584.5072631835938,0.15,41480.622611913845,Moderate,el_ouali_2026,0.38393252670513855,0,True,0
loc_00437,Easy,Tanger-Tétouan-Al Hoceima,34.91381388888889,-4.8143666666666665,4251.404558790859,16.64060665506177,9.4480908203125,1153.15283203125,0.15,50118.89774341145,Easy,el_ouali_2026,0.30864333710004677,0,False,1
loc_00438,Easy,Tanger-Tétouan-Al Hoceima,34.90966111111111,-4.75915,3503.196900898298,18.73129094790725,9.1878271484375,1306.4986572265625,0.15,54582.03694796248,Easy,el_ouali_2026,0.2001801497299127,0,False,1
loc_00439,Easy,Tanger-Tétouan-Al Hoceima,34.959294444444446,-4.832261111111111,3276.9190194069265,7.463772028311458,3.93003173828125,822.80224609375,0.15,46020.102227411495,Easy,el_ouali_2026,0.5234867190031968,1,True,1
loc_00448,Moderate,Béni Mellal-Khénifra,32.01884722222222,-6.736566666666667,1810.9976873981925,18.36487853087429,10.27474365234375,734.1459350585938,0.35,50303.78508825421,Moderate,el_ouali_2026,0.2977375754091849,0,True,0
loc_00452,Moderate,Béni Mellal-Khénifra,32.24314444444445,-6.2370833333333335,1569.1220449224,13.7411714333889,9.1489892578125,1301.8951416015625,0.15,14896.75257803648,Moderate,el_ouali_2026,0.5110664310049071,1,False,0
loc_00459,Easy,Drâa-Tafilalet,32.079752777777784,-4.375116666666666,708.4225725987916,28.915539532259587,16.788046875,1300.927734375,0.35,17651.56446355436,Easy,el_ouali_2026,0.3393095477435742,0,False,1
loc_00460,Moderate,Marrakech-Safi,31.873697222222223,-8.168141666666665,1461.4422554021037,6.839629425829573,3.472020263671875,473.4563293457031,0.1,32343.044758800745,Moderate,el_ouali_2026,0.5130556015472534,1,False,0
loc_00461,Easy,Marrakech-Safi,31.86613611111112,-8.177069444444443,537.333037699702,13.335787052414611,8.903316650390625,478.0519104003906,0.1,32089.630395323114,Easy,el_ouali_2026,0.5029906966070188,1,True,1
loc_00462,Difficult,Marrakech-Safi,31.876741666666668,-8.143633333333334,1681.112840757413,20.68578417980128,12.5391748046875,632.4528198242188,0.1,31492.456037195887,Difficult,el_ouali_2026,0.39211275410622354,0,True,0
loc_00463,Easy,Marrakech-Safi,31.877572222222224,-8.187175,142.85346003320672,2.096561513122872,1.21927490234375,456.2500305175781,0.2,33677.12354315281,Easy,el_ouali_2026,0.7870993635307667,1,True,1
loc_00464,Moderate,Marrakech-Safi,31.85823888888889,-8.164880555555555,1152.5026262947915,15.116534167966044,9.1141259765625,528.315185546875,0.1,30724.24680277663,Moderate,el_ouali_2026,0.47318078246919903,0,True,0
loc_00465,Easy,Marrakech-Safi,31.343988888888887,-7.951219444444445,51.68382664758417,9.69385354537848,5.1170361328125,942.3464965820312,0.1,31544.66312052868,Easy,el_ouali_2026,0.6321051312264898,1,True,1
loc_00466,Easy,Marrakech-Safi,31.330672222222223,-7.954158333333334,409.75301791308345,16.30850207486318,9.91682373046875,955.7674560546876,0.15,32986.99786127176,Easy,el_ouali_2026,0.43164226061442834,0,False,1
loc_00467,Easy,Marrakech-Safi,31.32345277777777,-7.955347222222223,215.48693294867388,8.820794550208149,4.620283203125,965.7528076171876,0.55,33774.90695616549,Easy,el_ouali_2026,0.4783482881060992,0,False,1
loc_00468,Moderate,Marrakech-Safi,31.306475,-7.971997222222222,646.5366720785889,19.35972497875366,12.995771484375,1142.2244873046875,0.15,35547.46987722346,Moderate,el_ouali_2026,0.33569953841005906,0,True,0
loc_00469,Easy,Marrakech-Safi,31.29238611111112,-7.965736111111111,71.95267081417268,16.795974846622688,8.150341796875,1037.993896484375,0.15,37143.30334189791,Easy,el_ouali_2026,0.6176253386666661,1,True,1
loc_00470,Moderate,Marrakech-Safi,31.25712777777778,-7.980569444444445,554.5978932527762,3.087784861914048,1.9186376953125,1160.47412109375,0.55,41005.43937037223,Moderate,el_ouali_2026,0.7504415117978661,1,False,0
loc_00471,Easy,Marrakech-Safi,31.13441111111111,-7.9208944444444445,187.72533348562737,36.52933388152695,25.129677734375,1827.5001220703125,0.15,55025.7557672822,Easy,el_ouali_2026,0.5205897348578029,1,True,1
loc_00472,Easy,Marrakech-Safi,31.345327777777776,-7.9461,491.0603966907699,17.044108991005718,9.24732421875,979.222900390625,0.55,31456.08227997766,Easy,el_ouali_2026,0.38510566382763384,0,False,1
loc_00473,Easy,Marrakech-Safi,31.913833333333333,-8.838466666666667,119.30670178849095,4.474073710655336,2.62452880859375,374.3307189941406,0.2,46839.14857053644,Easy,el_ouali_2026,0.8078164066078032,1,True,1
loc_00474,Easy,Marrakech-Safi,32.718491666666665,-9.061522222222225,853.5354354452744,3.697508559014112,1.3356567668914794,4.166420936584473,0.1,49497.71169278928,Easy,el_ouali_2026,0.7036094621114981,1,True,1
loc_00475,Easy,Grand Casablanca-Settat,32.75201388888889,-9.012411111111112,281.1486788834131,13.762278670660498,9.190298919677735,29.04695510864257,0.55,54645.10613760196,Easy,el_ouali_2026,0.8469263136918992,1,True,1
loc_00476,Easy,Grand Casablanca-Settat,32.73180555555555,-8.961111111111112,2460.9609056847257,1.6601379545308477,0.922457275390625,90.94950103759766,0.15,54709.01606994804,Easy,el_ouali_2026,0.37776015859367706,0,False,1
loc_00477,Moderate,Tanger-Tétouan-Al Hoceima,35.82940000000001,-5.715833333333333,779.4490721291859,10.640839556681094,5.332305254936219,0.0,0.9,10318.463885553549,Moderate,el_ouali_2026,0.8821031257217705,1,False,0
loc_00478,Easy,Tanger-Tétouan-Al Hoceima,35.83153055555556,-5.704813888888889,297.18297464577114,7.053674256323544,3.960387125015259,0.0,0.1,11240.53792305805,Easy,el_ouali_2026,0.7976421610076917,1,True,1
loc_00479,Easy,Tanger-Tétouan-Al Hoceima,35.79333055555556,-5.8261416666666666,138.6651638255833,13.10430531425896,6.413778076171875,54.13597106933594,0.15,3342.3532463543834,Easy,el_ouali_2026,0.812071750621993,1,True,1
loc_00480,Easy,Tanger-Tétouan-Al Hoceima,35.78498611111111,-5.929822222222223,1043.8710807785312,9.944360484833814,4.582916126251221,14.302915573120115,0.15,11536.170160185507,Easy,el_ouali_2026,0.6868247651963139,1,True,1
loc_00481,Easy,Tanger-Tétouan-Al Hoceima,35.79096111111111,-5.923911111111112,1747.687265899172,19.79142376526275,9.939582214355468,68.91852569580078,0.05,11131.088106186286,Easy,el_ouali_2026,0.6368715580518324,1,True,1
loc_00482,Easy,Tanger-Tétouan-Al Hoceima,35.77959722222222,-5.930925,493.0865536642685,5.343891684088795,2.382618103027344,0.0,0.9,11562.217440899332,Easy,el_ouali_2026,0.8660042335477052,1,True,1
loc_00483,Easy,Tanger-Tétouan-Al Hoceima,35.75993611111111,-5.939444444444445,142.07291475634256,10.969361265893404,8.133115923404693,11.444379806518556,0.1,12326.30049815506,Easy,el_ouali_2026,0.7728532461100628,1,True,1
loc_00492,Moderate,Béni Mellal-Khénifra,32.190777777777775,-6.517761111111111,268.0313810088025,30.30690900616295,18.16795166015625,875.7890625,0.55,22211.22273736,Moderate,el_ouali_2026,0.4655349677845854,0,True,0
loc_00496,Easy,Béni Mellal-Khénifra,32.30702222222222,-6.350052777777777,2039.2651571168176,23.575141591875884,11.6428662109375,666.8530883789062,0.55,3036.9543437884927,Easy,el_ouali_2026,0.2798820599284243,0,False,1
loc_00499,Easy,Béni Mellal-Khénifra,32.18103055555555,-6.519197222222222,15.374456968640088,29.04621910056353,17.407265625,1150.20703125,0.55,23093.31078714143,Easy,el_ouali_2026,0.6569358742512601,1,True,1
loc_00506,Difficult,Eddakhla-Oued Eddahab,21.578180555555555,-15.657905555555557,15781.662422952868,2.174491651736198,1.315350341796875,136.07162475585938,0.1,237089.4183255694,Difficult,el_ouali_2026,0.1722891800289813,0,True,0
loc_00507,Moderate,Eddakhla-Oued Eddahab,21.753644444444443,-16.876597222222223,2918.361332407932,0.5136570154268537,0.2923024749755859,9.481627464294434,0.1,236049.4928136344,Moderate,el_ouali_2026,0.42305809040576453,0,True,0
loc_00508,Difficult,Eddakhla-Oued Eddahab,22.41135833333333,-16.41094722222222,4395.241372308168,1.138937190322789,0.7349296188354493,17.501392364501953,0.1,150447.40207758325,Difficult,el_ouali_2026,0.18279975640474422,0,True,0
loc_00509,Moderate,Eddakhla-Oued Eddahab,23.11620555555556,-16.093491666666665,2152.9340121327937,0.2587418213916629,0.1172624588012695,6.609831809997559,0.1,66061.82386159916,Moderate,el_ouali_2026,0.7195898255717335,1,False,0
loc_00510,Easy,Eddakhla-Oued Eddahab,23.863325,-15.676680555555556,796.7629237385497,0.5724181580865383,0.1831109619140625,46.7088737487793,0.1,33004.58627158309,Easy,el_ouali_2026,0.4887860732600541,0,False,1
loc_00511,Difficult,Eddakhla-Oued Eddahab,24.54140555555556,-14.960672222222222,3781.437176682262,5.3050583788702745,2.927693176269531,71.84088134765625,0.1,137181.284023209,Difficult,el_ouali_2026,0.19876930412829238,0,True,0
loc_00512,Moderate,Laayoune-Sakia El Hamra,26.268966666666667,-14.195486111111112,2285.8349696744062,7.839725532663769,4.506864929199219,81.0850830078125,0.1,139869.62479006368,Moderate,el_ouali_2026,0.5112479018430753,1,False,0
loc_00513,Moderate,Laayoune-Sakia El Hamra,27.8315,-12.93711388888889,3106.389682875165,1.0220334455493876,0.4105572128295898,15.729220390319824,0.1,79471.55758111448,Moderate,el_ouali_2026,0.23947044390953226,0,True,0
loc_00514,Moderate,Laayoune-Sakia El Hamra,27.87375277777777,-12.786202777777778,9067.590256437134,1.4039282236869826,0.6326457977294921,18.59610366821289,0.1,89579.69833993228,Moderate,el_ouali_2026,0.1633911392575835,0,True,0
loc_00515,Moderate,Laayoune-Sakia El Hamra,27.7551,-12.71916388888889,20059.152328825243,0.2510477742756943,0.0744766235351562,-58.47246170043945,0.1,81657.32736548621,Moderate,el_ouali_2026,0.6088872708885731,1,False,0
loc_00516,Easy,Laayoune-Sakia El Hamra,27.994019444444444,-12.268030555555557,825.5984604144835,7.3589410882800275,4.006783509254456,0.0,0.9,130646.75566720033,Easy,el_ouali_2026,0.6849298524973101,1,True,1
loc_00517,Difficult,Guelmim-Oued Noun,28.138022222222222,-11.808975,6272.583268310361,19.828787451303835,12.748785095214844,112.10525512695312,0.1,174951.32590325928,Difficult,el_ouali_2026,0.24218816341474259,0,True,0
loc_00518,Moderate,Marrakech-Safi,31.91809444444445,-9.11181388888889,3288.451967706744,15.64320065860265,8.785460205078126,393.59857177734375,0.2,44075.2560038712,Moderate,el_ouali_2026,0.38893273654038474,0,True,0
loc_00519,Difficult,Laayoune-Sakia El Hamra,27.85493055555556,-12.649913888888888,13879.291266464015,0.7759972993967685,0.3910136413574219,33.27138900756836,0.1,94657.28761976578,Difficult,el_ouali_2026,0.10822107176952674,0,True,0
loc_00520,Easy,Tanger-Tétouan-Al Hoceima,35.23816699846036,-5.176274938018656,1313.143484388028,27.257830677050183,16.655718994140624,417.1019287109375,0.55,11380.561849732709,Easy,el_ouali_2026,0.3300149726809497,0,False,1
loc_00521,Moderate,Tanger-Tétouan-Al Hoceima,35.17232940013272,-5.268751286983315,207.234967759942,11.691743430731949,5.2930859375,618.5391845703125,0.05,396.9715854063339,Moderate,el_ouali_2026,0.6697153555665053,1,False,0
loc_00522,Moderate,Tanger-Tétouan-Al Hoceima,35.17314093736768,-5.269189069131,283.01912692519056,20.825246753516165,12.09524658203125,628.2081298828125,0.15,491.5113558779632,Moderate,el_ouali_2026,0.559686042717639,1,False,0
loc_00523,Easy,Tanger-Tétouan-Al Hoceima,35.064510140672404,-5.181156471058046,52.12916928276498,17.47834049547339,12.24082763671875,891.7669067382812,0.35,14046.485264010807,Easy,el_ouali_2026,0.48743610989178865,0,False,1
loc_00524,Moderate,Tanger-Tétouan-Al Hoceima,35.07907970516082,-5.08136111904997,16.417841904572068,37.43140722081393,22.99759765625,862.85546875,0.55,19714.66910578958,Moderate,el_ouali_2026,0.6652068606772873,1,False,0
loc_00525,Easy,Tanger-Tétouan-Al Hoceima,35.0790706925359,-5.081361152532858,16.669558061627903,37.43140465248407,22.99759765625,862.85546875,0.55,19715.17430008565,Easy,el_ouali_2026,0.6652068606772873,1,True,1
loc_00526,Easy,Tanger-Tétouan-Al Hoceima,35.06633352933115,-5.040103522290227,34.971524121457335,11.22407671869156,6.03478759765625,1003.3384399414062,0.05,23679.4291911108,Easy,el_ouali_2026,0.7461941843084453,1,True,1
loc_00527,Easy,Tanger-Tétouan-Al Hoceima,35.09006160553466,-5.156661160915913,2306.546020123774,7.891984267220902,4.367470703125,1284.2694091796875,0.15,13407.64715634922,Easy,el_ouali_2026,0.4329909167890652,0,False,1
loc_00528,Moderate,Tanger-Tétouan-Al Hoceima,35.12139744629058,-5.133855304695491,5912.766144270691,23.190559946457224,12.1303173828125,1650.9124755859375,0.55,13314.859146252573,Moderate,el_ouali_2026,0.17836416827480614,0,True,0
loc_00529,Easy,Tanger-Tétouan-Al Hoceima,35.0841271788377,-5.0815068304971005,88.02402933504617,13.282938488283518,8.69836181640625,858.8257446289062,0.35,19424.70797815105,Easy,el_ouali_2026,0.5683482819030834,1,True,1
loc_00530,Difficult,Tanger-Tétouan-Al Hoceima,35.20843181074154,-5.131553454074437,6469.182781242665,41.24634544544919,30.516142578125,1034.336181640625,0.55,13189.935740854313,Difficult,el_ouali_2026,0.03238590976028888,0,True,0
loc_00531,Difficult,Tanger-Tétouan-Al Hoceima,35.160710459075226,-5.216027758962821,4112.254984344272,31.30065090749748,20.90724609375,2113.244140625,0.15,4839.567939612952,Difficult,el_ouali_2026,0.15759237354253214,0,True,0
loc_00532,Moderate,Souss-Massa,30.510416666666668,-9.590416666666668,10.418822179349156,4.7752861275507295,2.5367431640625,272.5751037597656,0.05,10016.249091401258,Moderate,el_ouali_2026,0.7590963242930661,1,False,0
loc_00533,Moderate,Souss-Massa,30.587777777777777,-9.528083333333337,322.1362510236774,7.862271236175717,3.83789794921875,301.77838134765625,0.55,19350.89513791531,Moderate,el_ouali_2026,0.6727756923638071,1,False,0
loc_00534,Moderate,Souss-Massa,30.58908333333333,-9.524611111111112,537.6771595968311,19.126018835799872,10.3134130859375,324.5436096191406,0.35,19584.258324811148,Moderate,el_ouali_2026,0.4658149037896171,0,True,0
loc_00535,Moderate,Souss-Massa,30.691222222222223,-9.6215,3211.880267818786,16.155852842614483,9.3727880859375,543.841552734375,0.15,30316.218269582823,Moderate,el_ouali_2026,0.3777002441916501,0,True,0
loc_00536,Easy,Souss-Massa,30.67741666666667,-9.48011111111111,259.7515541951467,41.977487343100194,32.86793212890625,1075.0301513671875,0.15,30244.171063953163,Easy,el_ouali_2026,0.5715332130668428,1,True,1
loc_00537,Easy,Souss-Massa,30.77252777777778,-9.675916666666666,1420.8869515435017,0.0,0.0,204.0,0.9,40121.495946466326,Easy,el_ouali_2026,0.7687692313004352,1,True,1
loc_00538,Difficult,Souss-Massa,30.614722222222223,-9.468666666666667,2401.5277954858752,28.97239022085008,17.15700927734375,875.4675903320312,0.35,24250.328794884044,Difficult,el_ouali_2026,0.21015960051501653,0,True,0
loc_00539,Easy,Souss-Massa,30.746972222222222,-9.476666666666668,2105.315626117911,20.00503679026248,10.12248046875,716.9615478515625,0.15,37722.49852288021,Easy,el_ouali_2026,0.26370001401715076,0,False,1
loc_00540,Moderate,Souss-Massa,30.694777777777777,-9.402555555555557,7.318353782246795,5.520912720819997,3.0109375,1476.78125,0.15,35091.17999866718,Moderate,el_ouali_2026,0.43296997603947396,0,True,0
loc_00541,Difficult,Souss-Massa,30.680444444444447,-9.344833333333334,2733.059979601652,44.04137057423583,36.5008642578125,1364.9366455078125,0.1,36867.857706412986,Difficult,el_ouali_2026,0.07545597230437591,0,True,0
loc_00542,Easy,Tanger-Tétouan-Al Hoceima,35.318922,-5.342704,1211.7347145320666,7.882309384223509,4.11908203125,678.052978515625,0.2,18009.520819335245,Easy,el_ouali_2026,0.564942556883153,1,True,1
loc_00547,Moderate,Tanger-Tétouan-Al Hoceima,35.648108,-5.431448,5871.884987637251,24.37980344822569,15.205101318359375,325.44677734375,0.15,10107.128427234731,Moderate,el_ouali_2026,0.2902620736303713,0,True,0
loc_00548,Easy,Tanger-Tétouan-Al Hoceima,35.611045,-5.389665,2264.662297144462,16.490627480337935,9.941636962890623,370.5670776367188,0.15,4782.358944615192,Easy,el_ouali_2026,0.377738749420818,0,False,1
loc_00549,Difficult,Tanger-Tétouan-Al Hoceima,35.664627,-5.426957,6495.823730049495,29.78242188882859,18.167568359375,687.5676879882812,0.15,9599.53026829607,Difficult,el_ouali_2026,0.11370190336794363,0,True,0
loc_00550,Moderate,Tanger-Tétouan-Al Hoceima,35.641148,-5.443133,4862.292580422786,11.013134726049689,5.678800048828125,385.4710998535156,0.15,10061.50590016901,Moderate,el_ouali_2026,0.3356856735166655,0,True,0
loc_00551,Moderate,Tanger-Tétouan-Al Hoceima,35.654769,-5.456236,3682.09374174579,8.03913500043062,3.891748046875,388.5570373535156,0.15,11983.938536414986,Moderate,el_ouali_2026,0.4678856186785349,0,True,0
loc_00554,Moderate,Tanger-Tétouan-Al Hoceima,35.548847,-5.355334,511.17780545377246,20.134140960295102,11.29190170288086,66.76341247558594,0.15,2914.1698305299296,Moderate,el_ouali_2026,0.8169394983633226,1,False,0
loc_00557,Difficult,Tanger-Tétouan-Al Hoceima,35.501247,-5.34851,5522.608304072174,42.720225301068766,33.60533203125,672.4542236328125,0.15,7981.956909410731,Difficult,el_ouali_2026,0.06088094888312793,0,True,0
loc_00558,Moderate,Tanger-Tétouan-Al Hoceima,35.27706,-5.18095,2940.1498388671903,18.498298467179303,9.2079052734375,681.8136596679688,0.15,14422.3129508717,Moderate,el_ouali_2026,0.30134711540633907,0,True,0
loc_00559,Moderate,Tanger-Tétouan-Al Hoceima,35.536092,-5.334538,2716.6200306158426,12.94014381996004,8.365141143798828,47.90444946289063,0.15,5219.251065186095,Moderate,el_ouali_2026,0.5120160120023174,1,False,0
loc_00560,Moderate,Tanger-Tétouan-Al Hoceima,35.373907,-5.265274,1790.459545309702,17.652952479574434,11.1231103515625,872.388427734375,0.15,22811.364092872496,Moderate,el_ouali_2026,0.2938474217009433,0,True,0
loc_00563,Moderate,Tanger-Tétouan-Al Hoceima,35.373904,-5.265272,1790.70999344901,17.65295231638723,11.1231103515625,872.388427734375,0.15,22811.032753143063,Moderate,el_ouali_2026,0.2938474217009433,0,True,0
loc_00564,Moderate,Tanger-Tétouan-Al Hoceima,35.305593,-5.334694,1346.1033236456335,2.256957555117418,1.0553564453125,739.2481079101562,0.2,16363.399639896004,Moderate,el_ouali_2026,0.7174976008380363,1,False,0
loc_00565,Moderate,Tanger-Tétouan-Al Hoceima,35.348393,-5.269338,3972.560743206135,20.2042545108336,13.1445751953125,1232.9619140625,0.35,19972.83591219882,Moderate,el_ouali_2026,0.1420212308853502,0,True,0
loc_00566,Moderate,Tanger-Tétouan-Al Hoceima,35.3471335,-5.325466,672.8825590976671,36.45230536024079,28.5492919921875,1117.9951171875,0.15,20499.51446743385,Moderate,el_ouali_2026,0.5642622203548899,1,False,0
loc_00567,Moderate,Tanger-Tétouan-Al Hoceima,35.286726,-5.229632,210.8527046040936,20.923506817361226,12.495745849609374,312.0285339355469,0.55,13578.7808144467,Moderate,el_ouali_2026,0.313038552637615,0,True,0
loc_00569,Moderate,Tanger-Tétouan-Al Hoceima,35.299242,-5.239654,1093.3572059685766,34.78437045089727,24.6919189453125,437.1004943847656,0.55,14739.473171216636,Moderate,el_ouali_2026,0.2010352846192985,0,True,0
loc_00572,Difficult,Tanger-Tétouan-Al Hoceima,35.21421,-5.035252,3755.956452081682,56.97380244065415,54.66337768554688,599.979248046875,0.55,21775.807890743457,Difficult,el_ouali_2026,0.07748429480557523,0,True,0
loc_00573,Difficult,Tanger-Tétouan-Al Hoceima,35.219337,-5.138959,5162.56906272392,27.17471143194189,16.68539306640625,692.6703491210938,0.55,13032.33933487815,Difficult,el_ouali_2026,0.23303805297624902,0,True,0
loc_00574,Moderate,Tanger-Tétouan-Al Hoceima,35.332065,-5.558865,1625.16391109538,12.073696432465074,7.3251953125,605.9994506835938,0.55,31258.39230519809,Moderate,el_ouali_2026,0.5322485508509499,1,False,0
loc_00575,Moderate,Tanger-Tétouan-Al Hoceima,35.260086,-5.260401,85.22978044685284,18.30093635626337,8.664998168945312,216.9290771484375,0.1,10178.960417200307,Moderate,el_ouali_2026,0.554255838067703,1,False,0
loc_00576,Moderate,Tanger-Tétouan-Al Hoceima,35.318987,-5.498023,957.0265175868252,22.001254145950124,12.46739990234375,1019.5840454101562,0.35,26721.3476003284,Moderate,el_ouali_2026,0.3676950719358245,0,True,0
loc_00577,Difficult,Tanger-Tétouan-Al Hoceima,35.271547,-5.505652,932.9169474051104,18.44495450057236,10.80810791015625,1031.830322265625,0.55,24398.61069520776,Difficult,el_ouali_2026,0.31478392763923885,0,True,0
loc_00578,Difficult,Tanger-Tétouan-Al Hoceima,35.207925,-5.045195,4683.7363797908265,61.71590021804024,58.4457080078125,556.2886962890625,0.55,20740.87923733789,Difficult,el_ouali_2026,0.06668607399360203,0,True,0
loc_00579,Difficult,Tanger-Tétouan-Al Hoceima,35.127342,-5.069507,4815.1082663652405,7.240067024653596,3.533076171875,1347.7347412109375,0.2,18656.275347605348,Difficult,el_ouali_2026,0.18573970930649022,0,True,0
loc_00580,Moderate,Tanger-Tétouan-Al Hoceima,35.184135,-5.213966,4840.239168361445,31.37635265193984,22.8293994140625,1770.4932861328125,0.55,5229.265789910125,Moderate,el_ouali_2026,0.11043377567460061,0,True,0
loc_00581,Moderate,Tanger-Tétouan-Al Hoceima,35.188157,-5.178,6725.114817677813,27.332467377214503,14.74072509765625,922.6757202148438,0.55,8489.302001846296,Moderate,el_ouali_2026,0.15450415059730227,0,True,0
loc_00582,Moderate,Tanger-Tétouan-Al Hoceima,35.183612,-5.196393,6299.773284582223,20.455775567783103,13.382763671875,1222.095458984375,0.55,6744.57830777569,Moderate,el_ouali_2026,0.11254415399006987,0,True,0
loc_00583,Difficult,Tanger-Tétouan-Al Hoceima,35.185283,-5.194535,6522.140627838849,22.09372652287776,15.1343701171875,1255.8482666015625,0.55,6955.090467829858,Difficult,el_ouali_2026,0.11048211266882499,0,True,0
loc_00584,Difficult,Tanger-Tétouan-Al Hoceima,35.179224,-5.246292,2069.51125058846,25.604420265065578,15.5043212890625,1048.0145263671875,0.15,2316.870396989959,Difficult,el_ouali_2026,0.4173308209874285,0,True,0
loc_00585,Moderate,Tanger-Tétouan-Al Hoceima,35.112876,-4.967752,173.75889180653485,27.303711468104567,17.50154052734375,672.646484375,0.15,28030.340050013725,Moderate,el_ouali_2026,0.5084287133006455,1,False,0
loc_00586,Moderate,Tanger-Tétouan-Al Hoceima,35.09254,-5.149741,2593.7928006913407,14.843393503956625,7.7682421875,1343.3555908203125,0.55,13718.350483122464,Moderate,el_ouali_2026,0.17153521630574756,0,True,0
loc_00587,Moderate,Tanger-Tétouan-Al Hoceima,35.601983,-5.388492,1603.5072558856089,2.635770379260838,1.30732421875,429.5802917480469,0.15,3790.377228244214,Moderate,el_ouali_2026,0.696885927774893,1,False,0
loc_00588,Easy,Tanger-Tétouan-Al Hoceima,35.178221,-5.246293,1992.2760516242204,27.85506736997567,17.874462890625,1078.2724609375,0.55,2262.927910952595,Easy,el_ouali_2026,0.3144503994421869,0,False,1
loc_00589,Easy,Tanger-Tétouan-Al Hoceima,35.132726,-5.136942,7105.2239138778,15.28037069015295,8.500634765625,1705.0224609375,0.55,12601.390156244126,Easy,el_ouali_2026,0.21088947641894906,0,False,1
loc_00590,Difficult,Tanger-Tétouan-Al Hoceima,35.186232,-5.138926,8003.8839315803325,24.5415846971126,13.8305224609375,1402.0194091796875,0.35,11921.703906550089,Difficult,el_ouali_2026,0.28387639579856205,0,True,0
loc_00911,Moderate,Fés-Meknés,33.45396388888889,-4.312311111111111,1489.6763251444747,15.500974637403814,8.852060546875,1521.54736328125,0.35,40007.66311909586,Moderate,el_ouali_2026,0.17565748592995867,0,True,0
loc_00986,Moderate,Fés-Meknés,33.46691111111112,-4.2956,72.95036874317303,31.0019577902336,21.873671875,1584.6051025390625,0.35,41879.26904864752,Moderate,el_ouali_2026,0.32816637104366975,0,True,0
loc_01078,Easy,Fés-Meknés,33.84540833333334,-4.400225000000001,2056.417594993078,9.383185228831438,4.9802392578125,1156.668212890625,0.15,40068.48425960973,Easy,el_ouali_2026,0.43308465143228303,0,False,1
loc_01190,Easy,Eddakhla-Oued Eddahab,22.505591666666668,-14.30453888888889,2318.6016336673565,0.669316074170591,0.273504638671875,284.2257080078125,0.1,213424.9472385202,Easy,el_ouali_2026,0.3841309318394223,0,False,1
loc_01191,Easy,Eddakhla-Oued Eddahab,22.59975,-14.357177777777778,1442.8388702267505,0.591004300032917,0.20949951171875,295.6584777832031,0.1,202728.49531355288,Easy,el_ouali_2026,0.6607024266587129,1,True,1
loc_00353,Difficult,Fés-Meknés,33.357055555555554,-4.04425,18.217900830609185,20.61440209844582,27.9546281798812,1835.379638671875,0.1,63652.557126844826,Difficult,original_733,0.6780011690659398,1,False,0
loc_00354,Difficult,Fés-Meknés,33.35788888888889,-4.029638888888889,500.8172298546645,20.06493513729521,30.490632868995352,1645.4337158203125,0.1,65008.123288137154,Difficult,original_733,0.48441659805633874,0,True,0
loc_00366,Easy,Fés-Meknés,33.364444444444445,-4.7225,33.175470683419825,4.718664568941955,6.463859116735537,1747.554931640625,0.15,660.9961792943134,Easy,original_733,0.36104766229800733,0,False,1
loc_00355,Difficult,Fés-Meknés,33.36786111111111,-4.016694444444444,749.0728678054992,23.52083298624,22.171088100464875,1623.848876953125,0.15,66204.73273162587,Difficult,original_733,0.16753997534165777,0,True,0
loc_00357,Difficult,Fés-Meknés,33.374611111111115,-4.021222222222222,74.5624134986534,12.572093380750353,17.059338278021695,1658.7064208984375,0.1,65791.14943748302,Difficult,original_733,0.3286499691568383,0,True,0
loc_00367,Moderate,Fés-Meknés,33.40472222222222,-4.721111111111111,153.53741919571158,7.754783770727434,11.201537077091942,1533.9971923828125,0.15,4618.164148346277,Moderate,original_733,0.4885195127660882,0,True,0
loc_00374,Moderate,Fés-Meknés,33.44444444444444,-4.45,71.05724334474209,12.697051634207044,11.324646500516527,1475.0999755859375,0.1,27457.66243269533,Moderate,original_733,0.32195790812012026,0,True,0
loc_00369,Moderate,Fés-Meknés,33.47361111111111,-4.654444444444445,105.33599495754748,19.99698516601553,14.861116267432852,1254.5496826171875,0.55,14061.577070413823,Moderate,original_733,0.2877729129514987,0,True,0
loc_00361,Difficult,Fés-Meknés,33.480222222222224,-4.02375,697.4180616092718,20.628383182282704,23.938014511234503,1595.97314453125,0.15,66772.60403534674,Difficult,original_733,0.23019781989429047,0,True,0
loc_00371,Moderate,Fés-Meknés,33.48222222222223,-4.61888888888889,984.2027302900686,14.779994107816991,13.978211962487087,1124.27783203125,0.35,16701.154952538538,Moderate,original_733,0.36912877767758323,0,True,0
loc_00370,Moderate,Fés-Meknés,33.48305555555556,-4.6075,133.9045169760647,19.33486096379772,15.432729169356922,1100.0439453125,0.15,17441.572888698367,Moderate,original_733,0.4605671832582676,0,True,0
loc_00372,Moderate,Fés-Meknés,33.51611111111111,-4.539722222222222,146.17717235410427,32.51566518474704,38.765615920389976,1212.8226318359375,0.55,24437.214481999847,Moderate,original_733,0.5689303025051116,1,False,0
loc_00072,Easy,Fés-Meknés,33.5625,-4.916666666666667,1570.2237955479195,5.260107957112422,6.175748966942149,1685.5123291015625,0.15,18097.90184884755,Easy,original_733,0.404153737387881,0,False,1
loc_00362,Very Difficult,Fés-Meknés,33.570750000000004,-3.888,8141.699970747491,34.52200249618144,42.22900188855888,3302.495361328125,0.1,74183.43155029704,Difficult,original_733,0.07335563877379186,0,True,0
loc_00071,Easy,Fés-Meknés,33.65555555555555,-5.333333333333333,1448.3479103041025,1.7954283082448508,2.151592160059401,1164.968017578125,0.15,25304.890576559184,Easy,original_733,0.3796310889972833,0,False,1
loc_00086,Moderate,Fés-Meknés,33.73694444444445,-4.532777777777778,109.00262732580342,24.27007134084491,17.372701849819215,673.1033935546875,0.15,29449.49451759153,Moderate,original_733,0.45473472440018464,0,True,0
loc_00083,Difficult,Fés-Meknés,33.95583333333334,-4.246111111111111,4621.038856262834,33.201915690930825,40.8575943875904,1265.4425048828125,0.55,37453.16220160987,Difficult,original_733,0.07367415007063471,0,True,0
loc_00081,Moderate,Fés-Meknés,33.95916666666667,-4.0,1559.671428840799,26.63726363993884,39.11704508463541,888.1976318359375,0.55,30146.88817653147,Moderate,original_733,0.16719577259902488,0,True,0
loc_00082,Difficult,Fés-Meknés,33.97361111111111,-4.224722222222223,3577.991195857184,6.538174542175571,4.547774890237603,1218.2015380859375,0.55,34702.17093221022,Difficult,original_733,0.28835391062478677,0,True,0
loc_00078,Moderate,Fés-Meknés,34.118611111111115,-4.040555555555556,122.3666033255707,0.558368552798187,2.8388379309788223,1344.6116943359375,0.2,12715.54371420903,Moderate,original_733,0.6815197150769009,1,False,0
loc_00079,Moderate,Fés-Meknés,34.12166666666667,-4.038333333333333,10.913006500753085,7.865995902008005,13.296947636880166,1346.4769287109375,0.15,12339.70914187479,Moderate,original_733,0.3098542219759278,0,True,0
loc_01047,Very Difficult,Fés-Meknés,34.08209444444445,-4.117308333333333,45.39651317361267,22.235070407456657,13.218212890625,1459.40380859375,0.15,19192.60092937609,Difficult,original_733,0.5724248688152441,1,False,0
loc_01051,Moderate,Fés-Meknés,34.07950277777778,-4.118461111111111,113.47081520406049,14.59902819348385,8.7816943359375,1432.633056640625,0.15,19494.484364030228,Moderate,original_733,0.5655720524892294,1,False,0
loc_01055,Moderate,Fés-Meknés,34.09011944444445,-4.113386111111111,574.6900335583188,28.063779622516908,18.2376708984375,1575.9739990234375,0.35,18242.025514378063,Moderate,original_733,0.32795091342918,0,True,0
loc_01065,Difficult,Fés-Meknés,34.104708333333335,-4.072527777777777,370.7187051508353,15.202367222427112,10.418388671875,1468.5908203125,0.35,15085.069144559431,Difficult,original_733,0.332904275339558,0,True,0
loc_01066,Moderate,Fés-Meknés,33.95571666666667,-4.246575,4655.353241899401,32.13046432603063,25.3578662109375,1237.3763427734375,0.55,37488.5326970484,Moderate,original_733,0.08877953769247389,0,True,0
loc_00917,Easy,Fés-Meknés,33.16810555555556,-5.141450000000001,1538.9444502178128,0.6190867634514986,0.3740625,1882.772705078125,0.15,30628.32401937124,Easy,original_733,0.45662155764717655,0,False,1
loc_00918,Easy,Fés-Meknés,33.13965,-5.056938888888888,535.614574765787,4.646462484058714,2.7148193359375,1926.009765625,0.15,36351.388624404,Easy,original_733,0.7072639492403857,1,True,1
loc_00919,Easy,Fés-Meknés,33.1894,-5.085630555555555,2145.419178145531,7.088114233265802,4.0783642578125,1877.029052734375,0.15,30208.525046142386,Easy,original_733,0.5566735472704627,1,True,1
loc_00920,Easy,Fés-Meknés,33.14028611111111,-5.051758333333333,146.8044326325964,2.979264580812238,1.9443212890625,1922.9063720703125,0.15,36499.49366076975,Easy,original_733,0.7713584085439773,1,True,1
loc_00921,Easy,Fés-Meknés,33.22733055555556,-5.093702777777778,1115.801702261425,0.4813839555824861,0.2562744140625,1831.989013671875,0.2,26106.95211192711,Easy,original_733,0.3959951032697661,0,False,1
loc_00922,Easy,Fés-Meknés,33.26463888888889,-5.365325,190.71061388054417,8.434493247982173,3.3877490234375,1423.07470703125,0.05,22836.823118314933,Easy,original_733,0.638222039730779,1,True,1
loc_00923,Easy,Fés-Meknés,33.23162777777778,-4.971713888888889,4587.817796751212,5.229612871259418,2.917138671875,2128.01318359375,0.15,26878.077754901333,Easy,original_733,0.10556592674643822,0,False,1
loc_00924,Easy,Fés-Meknés,33.189636111111106,-5.141980555555556,922.6265782154788,0.7379935309664135,0.216455078125,1873.897216796875,0.9,28308.27493169315,Easy,original_733,0.3915329969601068,0,False,1
loc_00925,Easy,Fés-Meknés,33.22733055555556,-5.093702777777778,1115.801702261425,0.4813839555824861,0.2562744140625,1831.989013671875,0.2,26106.95211192711,Easy,original_733,0.3959951032697661,0,False,1
loc_00926,Easy,Fés-Meknés,33.243291666666664,-4.651375000000001,1788.3931774840655,0.0,0.0,1747.0,0.9,15243.377681324177,Easy,original_733,0.8305312692925529,1,True,1
loc_00927,Easy,Fés-Meknés,33.372619444444446,-4.847152777777778,155.18975175109404,1.20664897843766,0.4823095703125,1486.612548828125,0.2,10962.82909841058,Easy,original_733,0.8415465829309707,1,True,1
loc_00928,Easy,Fés-Meknés,33.02415833333333,-5.091247222222222,914.9643947105602,0.9331782805120196,0.490009765625,2054.622314453125,0.15,47300.72587682637,Easy,original_733,0.5393077380590465,1,True,1
loc_00929,Easy,Fés-Meknés,33.761294444444445,-5.296888888888889,1372.6024023941552,3.0832008911017548,1.895732421875,842.3836669921875,0.35,26546.73954778206,Easy,original_733,0.450283840057099,0,False,1
loc_00930,Easy,Fés-Meknés,33.26079444444444,-5.156238888888889,3227.667130271875,0.7088119903403326,0.21138671875,1894.09326171875,0.9,20359.342542679173,Easy,original_733,0.3510500006969701,0,False,1
loc_00931,Easy,Fés-Meknés,33.49388611111111,-5.120933333333333,223.12533326022805,0.2285574787073886,0.1417724609375,1661.58251953125,0.15,3953.504813237839,Easy,original_733,0.9150632015252562,1,True,1
loc_00932,Moderate,Fés-Meknés,33.28836111111111,-5.179252777777778,381.07706299057554,1.1670360608093906,0.4033984375,1876.0633544921875,0.9,16802.14315829399,Moderate,original_733,0.7675409093642941,1,False,0
loc_00933,Moderate,Fés-Meknés,33.178802777777776,-5.080147222222222,1186.53820246364,0.2720646578569345,0.224296875,1879.9952392578125,0.15,31491.681762338416,Moderate,original_733,0.7683048946536627,1,False,0
loc_00934,Easy,Fés-Meknés,33.38611944444445,-5.095947222222222,2981.098825902195,0.0,0.0,1856.5,0.9,13253.367996610292,Easy,original_733,0.7994248440883688,1,True,1
loc_00935,Moderate,Fés-Meknés,33.154177777777775,-5.093830555555555,1719.5074202722308,0.0,0.0,1914.0,0.9,33493.17767436981,Moderate,original_733,0.8608871236358172,1,False,0
loc_00936,Easy,Fés-Meknés,33.003816666666665,-5.131633333333333,1998.2858193664404,0.4941372262074618,0.4513671875,2064.686279296875,0.9,48664.98328668119,Easy,original_733,0.4169668818809413,0,False,1
loc_00937,Easy,Fés-Meknés,33.24382777777778,-5.096116666666666,2244.3207387260168,7.952378113128968,4.38919921875,1830.828125,0.15,24393.2281517252,Easy,original_733,0.4134729608032664,0,False,1
loc_00938,Easy,Fés-Meknés,33.89761111111111,-4.014505555555556,1328.3240288705815,27.15573529017764,15.137333984375,1350.6253662109375,0.15,36979.41611298929,Easy,original_733,0.14437878283773475,0,False,1
loc_00939,Easy,Fés-Meknés,33.66658611111111,-5.006430555555555,39.543172680148615,2.0545860628381147,1.0283642578125,1448.265380859375,0.15,18063.642286276343,Easy,original_733,0.6880247119098208,1,True,1
loc_00940,Easy,Fés-Meknés,33.272283333333334,-5.341147222222222,29.19486127197293,25.812728696418045,17.281806640625,1611.195068359375,0.55,20912.875551894707,Easy,original_733,0.514993419508748,1,True,1
loc_00941,Easy,Fés-Meknés,33.308566666666664,-5.312166666666666,819.2811505066599,17.38182342139821,10.631708984375,1447.85986328125,0.15,16071.444907950476,Easy,original_733,0.3406070316892451,0,False,1
loc_00942,Difficult,Fés-Meknés,33.68457222222222,-4.644205555555555,1150.2223585355257,15.26696985190958,9.3277099609375,1022.8644409179688,0.15,23434.993517609128,Difficult,original_733,0.39611339149298747,0,True,0
loc_00943,Difficult,Fés-Meknés,33.860025,-4.071272222222222,2561.543478235742,29.2137289302076,16.704677734375,1034.69970703125,0.55,41540.65146899959,Difficult,original_733,0.19101189098604104,0,True,0
loc_00944,Easy,Fés-Meknés,33.490525,-5.158630555555556,338.7357503381205,24.22523436789848,17.235498046875,1566.011474609375,0.55,6289.161471046104,Easy,original_733,0.38433578897142584,0,False,1
loc_00945,Difficult,Fés-Meknés,33.65043333333333,-4.67608888888889,433.840354817081,5.273915079761199,2.698837890625,1263.00390625,0.15,24243.90370033663,Difficult,original_733,0.6212360071587666,1,False,0
loc_00947,Easy,Fés-Meknés,34.004419444444444,-4.204813888888889,3578.141243936353,14.016230817949358,8.7133154296875,1038.2938232421875,0.55,30843.60452780693,Easy,original_733,0.18366118565042577,0,False,1
loc_00948,Difficult,Fés-Meknés,33.823994444444445,-4.127375,5684.793941946279,22.83270370535205,14.5191796875,1953.8212890625,0.15,46438.01620233111,Difficult,original_733,0.06901700809051979,0,True,0
loc_00949,Difficult,Fés-Meknés,33.86443333333334,-4.025452777777778,453.94352820110817,17.88847074538774,11.612548828125,1383.08154296875,0.15,40690.9738789425,Difficult,original_733,0.3009459727333823,0,True,0
loc_00950,Difficult,Fés-Meknés,33.676491666666664,-4.528038888888889,569.1316533152005,15.194014906209244,9.94575439453125,816.5462646484375,0.15,32695.976312321,Difficult,original_733,0.5205768870577747,1,False,0
loc_00951,Difficult,Fés-Meknés,33.91289722222222,-4.002994444444444,2463.867875811617,22.67450651398993,13.1242626953125,1303.5699462890625,0.35,35283.53252876637,Difficult,original_733,0.17430112383615728,0,True,0
loc_00952,Difficult,Fés-Meknés,34.03028333333333,-4.109444444444444,2419.2507337904344,6.447630459430928,3.547978515625,1321.5152587890625,0.2,24032.133458842807,Difficult,original_733,0.33338314750910236,0,True,0
loc_00953,Easy,Fés-Meknés,33.743072222222224,-5.032669444444444,375.16240563675206,2.4372472354428827,1.1702001953125,1168.1060791015625,0.55,20546.496015828565,Easy,original_733,0.6838432736622011,1,True,1
loc_00954,Easy,Fés-Meknés,33.61043333333333,-4.880102777777778,1261.3972876298728,13.40430282479186,6.677275390625,1436.52001953125,0.15,22985.660897089896,Easy,original_733,0.25766208078685526,0,False,1
loc_00956,Easy,Fés-Meknés,33.24341666666667,-4.96685,3204.6883983916737,23.145961656951428,13.8668701171875,2000.4632568359373,0.15,25795.58024128595,Easy,original_733,0.2516746708171944,0,False,1
loc_00957,Easy,Fés-Meknés,33.68907222222222,-5.3714,91.80277646390992,9.061781156911495,3.93219482421875,995.159912109375,0.05,27613.93424242944,Easy,original_733,0.7575964261409369,1,True,1
loc_00958,Difficult,Fés-Meknés,33.67733055555556,-5.492633333333333,1800.3318426298715,4.303027077028835,2.698330078125,766.250732421875,0.15,24853.13785711562,Difficult,original_733,0.435654203247192,0,True,0
loc_00959,Difficult,Fés-Meknés,33.81008611111111,-4.070302777777777,203.6446357438821,22.02449986871763,11.1713037109375,1831.10302734375,0.55,47037.869485905125,Difficult,original_733,0.3171954700425713,0,True,0
loc_00960,Difficult,Fés-Meknés,33.761786111111114,-4.820505555555555,721.6685722227885,7.58503691949322,3.898359375,1226.644287109375,0.2,7117.173966208995,Difficult,original_733,0.533002196649085,1,False,0
loc_00961,Difficult,Fés-Meknés,33.68124722222222,-4.529213888888889,459.5699604654967,31.565671378413093,20.118291015625,867.7547607421875,0.1,32337.123630282906,Difficult,original_733,0.2929806465267883,0,True,0
loc_00962,Difficult,Fés-Meknés,33.94585555555555,-4.224586111111111,2367.159717268817,21.31443963456659,12.0595703125,1328.6185302734375,0.35,37275.713313396285,Difficult,original_733,0.18781890742098006,0,True,0
loc_00963,Difficult,Fés-Meknés,33.746858333333336,-4.543055555555555,296.56979540367666,5.818170574465262,3.0809521484375,691.259521484375,0.1,28195.252247985976,Difficult,original_733,0.71622007980632,1,False,0
loc_00964,Difficult,Fés-Meknés,33.77913611111111,-4.732255555555556,1116.06990264843,10.356291617889394,6.157744140625,1033.8487548828125,0.15,10635.95105627352,Difficult,original_733,0.5611539619173631,1,False,0
loc_00965,Easy,Fés-Meknés,33.458308333333335,-5.150641666666667,844.7729979780167,2.0059952187774663,1.2268798828125,1537.9097900390625,0.15,7540.147657757486,Easy,original_733,0.8913181529055905,1,True,1
loc_00966,Difficult,Fés-Meknés,33.44908333333333,-4.339016666666667,379.8108989101814,26.8921171549894,16.5333349609375,1332.6370849609375,0.1,37473.03103802686,Difficult,original_733,0.4534832885803113,0,True,0
loc_00967,Moderate,Fés-Meknés,33.717844444444445,-5.003052777777778,757.5201325008755,11.786602910380294,6.942041015625,1368.613525390625,0.55,19692.42252110334,Moderate,original_733,0.2878519793981439,0,True,0
loc_00968,Easy,Fés-Meknés,33.61148055555556,-4.884241666666666,1649.7321652250762,9.30649247771128,5.1697998046875,1430.610107421875,0.15,22682.360899625484,Easy,original_733,0.3176179471730288,0,False,1
loc_00969,Difficult,Fés-Meknés,33.69269166666666,-4.5870138888888885,2196.167951124637,3.7291951665779433,1.8865966796875,1036.2188720703125,0.15,27104.36859265241,Difficult,original_733,0.4993858257159399,0,True,0
loc_00970,Moderate,Fés-Meknés,33.37153888888889,-5.101211111111111,3272.759961074933,17.97501577409354,11.2983154296875,1849.7340087890625,0.55,13565.655684151734,Moderate,original_733,0.3415498546972656,0,True,0
loc_00971,Difficult,Fés-Meknés,33.4929,-4.296519444444444,2164.861783026299,20.132683810290903,12.041044921875,1435.435791015625,0.15,42674.83945742002,Difficult,original_733,0.2020821680357694,0,True,0
loc_00972,Difficult,Fés-Meknés,33.815866666666665,-4.068025,409.00498821265535,23.993475648157844,15.8675830078125,1782.909423828125,0.55,46374.99615079678,Difficult,original_733,0.24960445000479756,0,True,0
loc_00973,Difficult,Fés-Meknés,33.46128055555556,-4.295644444444444,16.50131767623095,15.89363537888404,8.354658203125,1612.33154296875,0.35,41709.48087064494,Difficult,original_733,0.4821670525934602,0,True,0
loc_00974,Difficult,Fés-Meknés,33.23746388888889,-5.097741666666666,2021.1926075820368,1.8862297227560767,1.2808740234375,1810.0716552734373,0.15,24937.179060860235,Difficult,original_733,0.4776415872977773,0,True,0
loc_00975,Difficult,Fés-Meknés,33.198430555555554,-5.196027777777778,23.42365243766889,5.493951957575043,3.276484375,1951.2884521484373,0.2,26369.828016783405,Difficult,original_733,0.8020653077416415,1,False,0
loc_00976,Difficult,Fés-Meknés,33.74890277777778,-4.550766666666666,430.893408425591,22.426917565699075,15.020029296875,698.1841430664062,0.15,27446.94769180185,Difficult,original_733,0.36167635054420966,0,True,0
loc_00977,Easy,Fés-Meknés,33.546438888888886,-5.112022222222222,184.39995089792245,10.565970667451747,6.0971533203125,1577.88818359375,0.55,2137.4538996536457,Easy,original_733,0.5588999376191639,1,True,1
loc_00978,Easy,Fés-Meknés,33.543908333333334,-5.094422222222222,32.6504117241335,2.6712713542060453,1.4123388671875,1604.913818359375,0.15,2176.0184306999445,Easy,original_733,0.8582373202194951,1,True,1
loc_00979,Easy,Fés-Meknés,33.4994,-5.078819444444444,316.3226655183783,1.9299642178229344,1.2053662109375,1681.4608154296875,0.15,4106.196618654291,Easy,original_733,0.8994531608934637,1,True,1
loc_00980,Easy,Fés-Meknés,33.46529166666667,-5.148561111111111,196.3653015933989,12.980513854850424,8.7850244140625,1579.0784912109375,0.15,7910.2542673828975,Easy,original_733,0.5840176206351609,1,True,1
loc_00981,Moderate,Fés-Meknés,33.376755555555555,-4.430833333333334,877.8389306939829,6.024399955819084,4.2253857421875,1515.168701171875,0.35,27779.318014991662,Moderate,original_733,0.2276519645967029,0,True,0
loc_00982,Difficult,Fés-Meknés,33.65430277777778,-4.143988888888889,131.5964458493664,25.16125234552079,15.169580078125,2103.905029296875,0.15,63175.08203071922,Difficult,original_733,0.31861426539431353,0,True,0
loc_00983,Difficult,Fés-Meknés,33.16446944444444,-5.14523888888889,1689.7673787963552,0.7006032716837377,0.5419287109375,1884.2353515625,0.15,30931.167842683484,Difficult,original_733,0.7000435071544179,1,False,0
loc_00984,Difficult,Fés-Meknés,33.882127777777775,-4.049886111111111,740.7179538183751,18.428530698713367,11.91900634765625,915.655517578125,0.15,38872.00945847476,Difficult,original_733,0.39577862663048097,0,True,0
loc_00985,Difficult,Fés-Meknés,33.531444444444446,-5.109008333333333,69.42840797821995,6.9322807255617445,5.565673828125,1633.7755126953125,0.55,451.9632140564705,Difficult,original_733,0.555192256189515,1,False,0
loc_00987,Moderate,Fés-Meknés,33.71819444444445,-5.014344444444444,286.0908054057132,13.648736859901298,11.28337890625,1341.223876953125,0.15,20510.98919246449,Moderate,original_733,0.39849345025045224,0,True,0
loc_00988,Difficult,Fés-Meknés,33.20070833333334,-5.389233333333333,3064.5275710861483,33.64137276715848,25.062265625,1449.083740234375,0.55,30040.7253120135,Difficult,original_733,0.06205440943368312,0,True,0
loc_00989,Easy,Fés-Meknés,34.144869444444446,-4.010294444444445,43.43631577125084,11.346523631629506,6.87031982421875,1016.1276245117188,0.55,9483.3372723992,Easy,original_733,0.6241526628264064,1,True,1
loc_00990,Easy,Fés-Meknés,33.82824444444445,-4.849566666666666,694.2984449689188,20.77578159197107,13.58868408203125,863.8521728515625,0.55,1544.7554324999348,Easy,original_733,0.37576303326580923,0,False,1
loc_00991,Difficult,Fés-Meknés,33.050308333333334,-5.271638888888889,1537.2711096948126,24.33737149921805,16.773720703125,1632.188720703125,0.15,42891.81007024685,Difficult,original_733,0.18071551002170472,0,True,0
loc_00992,Easy,Fés-Meknés,33.516016666666665,-4.537730555555555,239.64661128500663,26.341063171038986,20.7317138671875,1285.1295166015625,0.15,24563.53660040772,Easy,original_733,0.24151604593207968,0,False,1
loc_00993,Difficult,Fés-Meknés,33.48372222222223,-4.610399999999999,400.3821109034024,27.89063599505686,17.0666357421875,1095.013427734375,0.15,17324.9328702465,Difficult,original_733,0.5608623298740456,1,False,0
loc_00995,Easy,Fés-Meknés,33.56388055555555,-4.997213888888889,2065.1036622738875,0.3794773115222453,0.15552734375,1689.8575439453125,0.2,10979.975412974049,Easy,original_733,0.8015492530929885,1,True,1
loc_00996,Easy,Fés-Meknés,33.55094722222222,-4.999636111111111,1007.3443325907796,0.3598545793873954,0.3335205078125,1665.53173828125,0.15,10320.21034211201,Easy,original_733,0.818247785568175,1,True,1
loc_00997,Easy,Fés-Meknés,33.60673611111111,-4.907886111111112,1084.1141168482409,0.4025503187738859,0.0793310546875,1511.0,0.9,20473.31711213632,Easy,original_733,0.742559906994642,1,True,1
loc_01071,Easy,Fés-Meknés,33.55974444444444,-4.930127777777778,1019.2377790607844,0.0,0.0,1619.0,0.9,16813.98906996608,Easy,original_733,0.8102994004057285,1,True,1
loc_00998,Easy,Fés-Meknés,33.458850000000005,-4.864397222222222,328.1830640594523,0.3116995149197807,0.0883154296875,1551.2822265625,0.2,16380.357684044551,Easy,original_733,0.8323770624486765,1,True,1
loc_00999,Easy,Fés-Meknés,33.64201388888889,-5.098416666666666,2392.3096416669828,0.2034893135635428,0.0665673828125,1369.0,0.15,12748.923752671082,Easy,original_733,0.785612023285267,1,True,1
loc_01000,Easy,Fés-Meknés,33.50289166666666,-5.106875,418.5921829734036,0.5684519072354234,0.15271484375,1669.6796875,0.2,2748.4415122342125,Easy,original_733,0.8889971274280112,1,True,1
loc_01001,Easy,Fés-Meknés,33.50989444444444,-5.137066666666667,791.374183435475,0.9145407718663656,1.0942578125,1632.60009765625,0.1,3381.9854039651336,Easy,original_733,0.8008993018956236,1,True,1
loc_01002,Moderate,Fés-Meknés,33.252988888888886,-5.258861111111111,1518.9631021552018,5.216490846243389,3.199951171875,1855.7113037109373,0.15,20371.383888027634,Moderate,original_733,0.6234514242651061,1,False,0
loc_01003,Easy,Fés-Meknés,33.280388888888886,-5.253027777777778,1907.9356424219245,0.0,0.0,1802.5,0.9,17278.24585921126,Easy,original_733,0.8242211385277011,1,True,1
loc_01004,Easy,Fés-Meknés,33.61366388888889,-4.878188888888889,1100.718414530156,0.0,0.0,1406.5,0.9,23293.128317129107,Easy,original_733,0.6648786688297793,1,True,1
loc_01005,Easy,Fés-Meknés,33.66503888888889,-4.85215,364.7110197217106,9.11689611668388,4.502451171875,1385.0181884765625,0.2,17860.43760590846,Easy,original_733,0.4672785404905544,0,False,1
loc_01006,Easy,Fés-Meknés,33.17588333333333,-5.098941666666667,306.5782639011256,2.392205311397404,0.8840185546875,1900.52294921875,0.35,31077.05315885651,Easy,original_733,0.7106672746010234,1,True,1
loc_01007,Difficult,Fés-Meknés,33.40856111111111,-4.911777777777778,3496.412580140214,0.4866168457335291,0.143330078125,1653.5032958984375,0.9,17633.854808805754,Difficult,original_733,0.776338112989706,1,False,0
loc_01008,Easy,Fés-Meknés,33.55803611111111,-5.2322500000000005,1561.0319550073518,11.945044210112256,9.5617919921875,1458.716552734375,0.55,12054.762235696247,Easy,original_733,0.25148916218541895,0,False,1
loc_01009,Moderate,Fés-Meknés,33.19446666666666,-5.161566666666667,841.8457386454497,0.9253004027176236,0.370498046875,1865.7132568359373,0.9,27333.51176565851,Moderate,original_733,0.6258782065675124,1,False,0
loc_01010,Difficult,Fés-Meknés,33.47276666666667,-4.278886111111111,585.7818652264184,14.4442862846477,9.8847412109375,1642.75341796875,0.15,43548.65576904665,Difficult,original_733,0.3865190931821274,0,True,0
loc_01011,Easy,Fés-Meknés,34.144869444444446,-4.010294444444445,43.43631577125084,11.346523631629506,6.87031982421875,1016.1276245117188,0.55,9483.3372723992,Easy,original_733,0.6241526628264064,1,True,1
loc_01012,Easy,Fés-Meknés,34.031533333333336,-4.154888888888889,146.41469508728142,9.809742766863122,4.8117626953125,1260.0552978515625,0.2,25794.781217579744,Easy,original_733,0.4459886456431753,0,False,1
loc_01013,Difficult,Fés-Meknés,33.89850555555555,-4.045475,20.375713825096696,11.29961653620858,6.1668701171875,1164.0975341796875,0.55,37021.38784739104,Difficult,original_733,0.7119056590535173,1,False,0
loc_01014,Difficult,Fés-Meknés,33.740775,-4.192327777777778,5662.054002783906,15.107215200815704,7.4221435546875,1854.047119140625,0.55,56951.18366060366,Difficult,original_733,0.056793187325556334,0,True,0
loc_01015,Easy,Fés-Meknés,33.96127222222223,-4.247208333333333,4979.751078635928,22.29749007223521,12.2278466796875,1174.149658203125,0.35,37021.35934827184,Easy,original_733,0.13724183887795005,0,False,1
loc_01016,Moderate,Fés-Meknés,34.102355555555555,-4.004022222222222,2922.137164222336,28.36402256387685,16.617001953125,1514.3917236328125,0.55,14221.661731455371,Moderate,original_733,0.14705505970511978,0,True,0
loc_01017,Easy,Fés-Meknés,33.74834166666667,-5.234116666666667,1404.382234842958,3.3201235955490485,1.73209228515625,961.3593139648438,0.15,27203.736377343987,Easy,original_733,0.5575917105955273,1,True,1
loc_01036,Difficult,Fés-Meknés,33.771563888888885,-5.196016666666667,1370.1809196254435,0.2913912234971635,0.091396484375,884.7761840820312,0.2,28339.808859089324,Difficult,original_733,0.8086182008454068,1,False,0
loc_01018,Easy,Fés-Meknés,33.33423333333334,-4.885155555555556,1073.6771317753876,4.0772640994598754,2.528955078125,1518.2701416015625,0.2,14820.295357369332,Easy,original_733,0.7328214956160317,1,True,1
loc_01019,Easy,Fés-Meknés,33.193913888888886,-5.419166666666667,408.8777707954455,39.11700309865727,36.209912109375,1314.4158935546875,0.15,32156.956499613625,Easy,original_733,0.5483654653740683,1,True,1
loc_00946,Easy,Fés-Meknés,34.09748888888889,-4.037113888888888,9.376101949575483,12.212783019505098,6.363828125,1479.3004150390625,0.15,14959.652940985436,Easy,original_733,0.5455655250137401,1,True,1
loc_01041,Easy,Fés-Meknés,34.09768888888889,-4.029902777777778,604.7621041415312,21.38788783099159,12.415576171875,1610.9056396484375,0.55,14841.772320041617,Easy,original_733,0.1838686857983537,0,False,1
loc_00955,Easy,Fés-Meknés,33.237175,-5.216227777777778,101.2444084762555,2.9203892050072304,1.4253125,2003.6456298828125,0.15,21929.36028620509,Easy,original_733,0.8675000826056016,1,True,1
loc_01042,Easy,Fés-Meknés,33.23573611111111,-5.228925,573.9566005156105,15.570014901606305,6.6051904296875,2028.8079833984373,0.55,22069.234559160777,Easy,original_733,0.7486899897965533,1,True,1
loc_00717,Easy,Fés-Meknés,33.652,-5.032997222222222,220.75025722293896,0.0,0.0,1463.0,0.15,15454.227805565171,Easy,original_733,0.8982855689832384,1,True,1
loc_00994,Easy,Fés-Meknés,33.654777777777774,-5.041138888888889,215.88109522735343,0.0,0.0,1463.0,0.15,15415.73919014913,Easy,original_733,0.8857496947356874,1,True,1
loc_01039,Moderate,Fés-Meknés,33.43886388888888,-4.905830555555556,898.2371130761987,2.209971356692955,1.1411279296875,1675.3389892578125,0.2,18367.92678480277,Moderate,original_733,0.8193932402718116,1,False,0
loc_01040,Moderate,Fés-Meknés,34.01224722222222,-4.145655555555556,729.5267480539356,1.8922593704836628,0.8519970703125,1180.4215087890625,0.2,27254.409130178017,Moderate,original_733,0.6649809224145107,1,False,0
loc_01119,Difficult,Fés-Meknés,34.10286666666667,-4.032969444444444,293.0975577848772,9.57487737766614,5.0928564453125,1457.398193359375,0.2,14309.301274472587,Difficult,original_733,0.5810625504616681,1,False,0
loc_01043,Difficult,Fés-Meknés,33.865744444444445,-4.208452777777778,357.461359322429,9.166950355398692,5.7295947265625,1053.0133056640625,0.15,44450.76695106355,Difficult,original_733,0.6750469187740378,1,False,0
loc_01044,Difficult,Fés-Meknés,34.03093055555556,-4.130636111111111,1597.8680471674,7.3790410406205,2.7749462890625,1381.3533935546875,0.15,24775.46012316852,Difficult,original_733,0.4031166508107854,0,True,0
loc_01045,Difficult,Fés-Meknés,34.025397222222225,-4.120247222222222,2517.198857595766,32.232887529024325,19.745771484375,1514.320068359375,0.55,24923.21078483537,Difficult,original_733,0.05238260081391421,0,True,0
loc_01046,Moderate,Fés-Meknés,33.79396666666666,-4.4853,1530.7606049471096,3.9284898729580537,2.1542041015625,1003.7688598632812,0.15,32338.822990483703,Moderate,original_733,0.5283706068806919,1,False,0
loc_01048,Moderate,Fés-Meknés,34.11956111111111,-4.018397222222222,1560.1247888539233,2.22118805679584,1.00060546875,1402.07861328125,0.2,12321.122623926292,Moderate,original_733,0.7995227786975769,1,False,0
loc_01049,Difficult,Fés-Meknés,33.74919444444445,-4.14486388888889,6307.602076356907,16.11503442207176,8.4938427734375,1984.73974609375,0.15,54904.57102897528,Difficult,original_733,0.11745767564079242,0,True,0
loc_01050,Moderate,Fés-Meknés,33.28416111111111,-5.319883333333333,1629.8400879797966,8.838774876128596,5.651513671875,1788.978271484375,0.55,18798.93022938209,Moderate,original_733,0.37371529708434953,0,True,0
loc_01052,Moderate,Fés-Meknés,33.73885555555556,-4.822591666666667,847.8290312555272,9.383497064511044,5.5423486328125,1422.3673095703125,0.15,9618.8765139255,Moderate,original_733,0.5543733543808459,1,False,0
loc_01053,Difficult,Fés-Meknés,33.693686111111106,-5.193330555555556,2132.103859787564,4.411505932897169,2.381279296875,1271.0350341796875,0.2,20108.59883082052,Difficult,original_733,0.4696726138020016,0,True,0
loc_01054,Moderate,Fés-Meknés,33.72825555555556,-5.148302777777778,2336.200385608937,4.088601954130535,1.550087890625,1144.179931640625,0.35,22630.31749597113,Moderate,original_733,0.44863011257996854,0,True,0
loc_00842,Difficult,Fés-Meknés,33.92851388888889,-4.261708333333333,5762.430153832189,1.5308429398388417,0.6628125,1281.1561279296875,0.2,40767.05968665827,Difficult,original_733,0.1877057305952736,0,True,0
loc_01056,Difficult,Fés-Meknés,33.97953055555556,-4.226177777777778,4020.330414690216,13.901647375606872,8.9362353515625,1237.1920166015625,0.55,34240.44455122417,Difficult,original_733,0.19568869978970088,0,True,0
loc_01057,Difficult,Fés-Meknés,34.05381388888889,-4.128841666666666,1093.7648087051523,6.902799171907204,3.4308349609375,1621.896484375,0.2,22447.54848274212,Difficult,original_733,0.3890753518197421,0,True,0
loc_01058,Difficult,Fés-Meknés,33.741255555555554,-4.140458333333334,5382.707414022185,19.040927531278744,12.12380859375,2180.199462890625,0.15,55675.82930927799,Difficult,original_733,0.08251928441638405,0,True,0
loc_01059,Difficult,Fés-Meknés,34.035275,-4.197847222222222,961.3760041737992,17.28157269118545,9.652548828125,1140.9078369140625,0.55,27715.90533890186,Difficult,original_733,0.38057897739403934,0,True,0
loc_01060,Difficult,Fés-Meknés,33.93088611111111,-3.9908833333333336,4369.351595958757,25.607962984535284,15.047177734375,1458.0013427734375,0.15,33324.23054924128,Difficult,original_733,0.12604455067989948,0,True,0
loc_01061,Difficult,Fés-Meknés,33.75816944444444,-4.120233333333333,4555.24162675195,26.61449734206033,17.628916015625,2177.83837890625,0.15,53455.43130208592,Difficult,original_733,0.07633111159465002,0,True,0
loc_01062,Difficult,Fés-Meknés,33.18620277777777,-4.955027777777778,4934.746563885342,1.3411872235829665,0.645478515625,2132.702880859375,0.2,28796.552960552377,Difficult,original_733,0.2701856334584941,0,True,0
loc_01063,Difficult,Fés-Meknés,34.096113888888894,-4.0228166666666665,1212.3733615937776,28.50748700218785,19.828232421875,1660.0491943359375,0.55,14950.51603321552,Difficult,original_733,0.1692432853810093,0,True,0
loc_01064,Moderate,Fés-Meknés,33.73023611111111,-4.999361111111111,432.6347267425035,17.381708593751323,10.4063134765625,1505.0062255859375,0.35,18608.124708787665,Moderate,original_733,0.3127205497065621,0,True,0
loc_01067,Difficult,Fés-Meknés,33.93854722222222,-4.005055555555556,3265.5592394347373,37.259780315393314,22.86554443359375,1034.7230224609375,0.15,32428.638426082875,Difficult,original_733,0.15225267183479269,0,True,0
loc_01068,Difficult,Fés-Meknés,34.00116111111111,-4.064649999999999,1018.3197510476814,12.11721980237512,6.83029296875,1502.10009765625,0.55,25953.36555774308,Difficult,original_733,0.23213112505664968,0,True,0
loc_01069,Difficult,Fés-Meknés,34.00245833333334,-4.065419444444444,1116.2331208954652,12.363311347598977,5.78541015625,1510.0625,0.55,25825.72760597949,Difficult,original_733,0.19515969769236777,0,True,0
loc_01070,Difficult,Fés-Meknés,34.00396111111111,-4.072811111111111,816.6938161534465,23.56791924932291,13.27841796875,1391.8067626953125,0.55,25805.56453119204,Difficult,original_733,0.21036673720758714,0,True,0
loc_01072,Difficult,Fés-Meknés,34.016525,-4.155694444444444,243.1227454087801,20.07867847126944,10.90671875,1269.5458984375,0.55,27274.2519866671,Difficult,original_733,0.18056607285778545,0,True,0
loc_01073,Difficult,Fés-Meknés,33.84382777777778,-4.382872222222222,2646.352996470855,4.908332258129427,3.9486962890625,1148.239501953125,0.15,41659.87627054882,Difficult,original_733,0.4198636725822841,0,True,0
loc_01074,Difficult,Fés-Meknés,33.69503611111111,-4.211777777777778,2884.5914110974986,33.96581103930653,21.6023876953125,1381.2628173828125,0.35,59246.15336850397,Difficult,original_733,0.04267913680649685,0,True,0
loc_01075,Difficult,Fés-Meknés,33.43965277777777,-4.333786111111111,1289.8371257024069,23.12097283876031,14.6445654296875,1801.2130126953125,0.15,37696.46994756504,Difficult,original_733,0.20483940521589244,0,True,0
loc_01076,Difficult,Fés-Meknés,33.701680555555555,-4.101058333333333,247.44868896248497,3.978068359026814,2.4894482421875,2024.326904296875,0.1,59359.30049141866,Difficult,original_733,0.3766416584111859,0,True,0
loc_01077,Difficult,Fés-Meknés,33.62057222222222,-4.2511,3102.492993645127,17.07574620569819,7.0233837890625,1768.36474609375,0.35,52762.87813027457,Difficult,original_733,0.11854945727419548,0,True,0
loc_01079,Difficult,Fés-Meknés,33.470038888888894,-4.218186111111112,3448.9754491073163,18.822950688395785,11.276494140625,1940.0447998046875,0.15,48911.4859732694,Difficult,original_733,0.23344039706593012,0,True,0
loc_01080,Easy,Fés-Meknés,33.301741666666665,-5.18895,1063.0092294104666,6.137253475592374,2.87515625,1858.9970703125,0.15,15137.999564167692,Easy,original_733,0.7141959404450817,1,True,1
loc_01081,Difficult,Fés-Meknés,33.19639166666666,-4.934025,6828.644887727975,0.3495603359479943,0.1350390625,2106.593017578125,0.15,26602.713075820564,Difficult,original_733,0.39943402066586386,0,True,0
loc_01082,Difficult,Fés-Meknés,33.64745,-5.048152777777777,744.93932635634,8.688808932887767,4.49521484375,1708.89013671875,0.55,14412.26775155883,Difficult,original_733,0.3216544766908755,0,True,0
loc_01083,Difficult,Fés-Meknés,34.02674444444445,-4.152305555555556,239.5981115898456,20.081573945858693,11.2571826171875,1345.3214111328125,0.55,26132.440360304263,Difficult,original_733,0.196620918207355,0,True,0
loc_01084,Difficult,Fés-Meknés,34.014247222222224,-4.164633333333334,897.7836991515328,12.014136338497783,5.1418115234375,1485.3197021484375,0.55,27905.538045726305,Difficult,original_733,0.19386310952907854,0,True,0
loc_01085,Difficult,Fés-Meknés,33.67386666666666,-4.1968250000000005,3043.594053241282,37.97045917534344,24.5128125,1542.77685546875,0.15,60232.03996428049,Difficult,original_733,0.051047372038649196,0,True,0
loc_01086,Difficult,Fés-Meknés,34.095263888888894,-4.111138888888888,748.4672220091036,20.78658382650234,13.230380859375,1547.265380859375,0.55,17646.29516324048,Difficult,original_733,0.22690775528607005,0,True,0
loc_01087,Difficult,Fés-Meknés,34.094011111111115,-4.098588888888888,60.61259998822535,5.342724905676456,2.3879248046875,1382.8065185546875,0.55,17188.83881094489,Difficult,original_733,0.7818166477977945,1,False,0
loc_01088,Difficult,Fés-Meknés,34.09700277777778,-4.109327777777778,734.7845178281192,17.283510212362803,8.65451171875,1573.4288330078125,0.55,17394.157374411912,Difficult,original_733,0.3395643676552311,0,True,0
loc_01089,Difficult,Fés-Meknés,34.100544444444445,-4.1037027777777775,877.0482818059364,9.832136900676424,6.22078125,1521.6556396484375,0.55,16788.850699255858,Difficult,original_733,0.3093710229038038,0,True,0
loc_01090,Difficult,Fés-Meknés,33.69868888888889,-4.108174999999999,414.9190187307126,6.322118708379944,3.3423583984375,2047.4666748046875,0.1,59784.42355075994,Difficult,original_733,0.32607760430153154,0,True,0
loc_01091,Difficult,Fés-Meknés,33.95576666666667,-4.229058333333334,3228.8258595042016,29.34554134635232,18.2639501953125,1316.11767578125,0.35,36570.56213372928,Difficult,original_733,0.18343006030430903,0,True,0
loc_01092,Difficult,Fés-Meknés,34.05961388888888,-4.130733333333333,435.2560879242902,21.27352914592652,11.8851318359375,1619.93896484375,0.55,21973.69031990808,Difficult,original_733,0.26542827097792,0,True,0
loc_01093,Difficult,Fés-Meknés,34.06856666666667,-3.999666666666666,1386.436975468324,26.98373264830778,12.199298095703124,1233.8062744140625,0.55,17993.45540997131,Difficult,original_733,0.2608518470628408,0,True,0
loc_01094,Difficult,Fés-Meknés,33.797325,-4.4108027777777785,1862.9725635630352,13.904872595290977,8.56669189453125,924.3414306640624,0.15,39157.717889685984,Difficult,original_733,0.34792395143827826,0,True,0
loc_01095,Difficult,Fés-Meknés,34.02441666666667,-4.149761111111111,127.36837143654849,29.38781972298294,18.3776953125,1255.43701171875,0.15,26241.355638802448,Difficult,original_733,0.44879066556983477,0,True,0
loc_01096,Difficult,Fés-Meknés,34.08997777777778,-4.1087694444444445,225.3935145290324,11.732858783344016,5.44666015625,1406.5604248046875,0.55,18038.00015089389,Difficult,original_733,0.3820160182375067,0,True,0
loc_01097,Difficult,Fés-Meknés,33.957425,-4.230377777777778,3423.822376416992,26.08676564685681,15.9498974609375,1314.507568359375,0.55,36484.159477658126,Difficult,original_733,0.19738067759133227,0,True,0
loc_01098,Difficult,Fés-Meknés,34.13053611111111,-4.044863888888889,775.224336264136,6.716723384551515,3.0173974609375,1510.1199951171875,0.55,11529.378289055374,Difficult,original_733,0.5381338460913665,1,False,0
loc_01099,Difficult,Fés-Meknés,33.98164722222222,-4.218966666666667,3635.766389219537,8.858610597621748,5.4254833984375,1221.849853515625,0.55,33665.41540254009,Difficult,original_733,0.23091956980400127,0,True,0
loc_01100,Difficult,Fés-Meknés,34.09831944444445,-4.045938888888889,756.2620363196532,9.56184930866386,5.1896923828125,1439.6541748046875,0.15,15025.635552728514,Difficult,original_733,0.5442548439557292,1,False,0
loc_01101,Difficult,Fés-Meknés,33.990991666666666,-4.143722222222222,626.2492165642425,20.475091604763392,13.8961328125,1199.435791015625,0.15,29301.09332056228,Difficult,original_733,0.25658038247797427,0,True,0
loc_01102,Difficult,Fés-Meknés,34.094011111111115,-4.098588888888888,60.61259998822535,5.342724905676456,2.3879248046875,1382.8065185546875,0.55,17188.83881094489,Difficult,original_733,0.7818166477977945,1,False,0
loc_01103,Difficult,Fés-Meknés,33.96104722222223,-4.247527777777778,4993.429485188908,28.03963451792719,15.2881298828125,1187.3582763671875,0.15,37058.92948252533,Difficult,original_733,0.13899777630582563,0,True,0
loc_01104,Difficult,Fés-Meknés,34.143230555555554,-4.008675,249.9216572624576,24.481659285316685,17.18673828125,1082.2313232421875,0.55,9666.450919878647,Difficult,original_733,0.5052453758249734,1,False,0
loc_01105,Difficult,Fés-Meknés,34.008225,-4.074116666666667,945.7714477335091,20.53863837208897,14.007578125,1227.5205078125,0.15,25371.28946403256,Difficult,original_733,0.25643741927879665,0,True,0
loc_01106,Difficult,Fés-Meknés,33.966855555555554,-4.1729416666666665,528.0790406008733,21.164317149909152,13.816845703125,1247.3056640625,0.55,32893.5619204142,Difficult,original_733,0.1871183432474785,0,True,0
loc_01107,Moderate,Fés-Meknés,34.02358611111111,-4.139525000000001,770.371669361277,21.985540333484515,14.85541015625,1504.4486083984375,0.55,25874.857554695187,Moderate,original_733,0.14820392685035333,0,True,0
loc_01108,Difficult,Fés-Meknés,33.84683611111112,-4.393052777777778,2397.010935622341,6.884273256386149,4.001103515625,1116.3583984375,0.2,40738.735318308856,Difficult,original_733,0.3945186181882264,0,True,0
loc_01109,Moderate,Fés-Meknés,33.845888888888894,-4.3907694444444445,2395.544915923066,6.333243145757508,3.41,1109.3389892578125,0.2,40943.339504798,Moderate,original_733,0.3851496367553241,0,True,0
loc_01110,Difficult,Fés-Meknés,34.082727777777784,-4.04535,262.90744370189384,21.36712710121543,11.8339306640625,1570.7408447265625,0.55,16710.884633830396,Difficult,original_733,0.31097080925144105,0,True,0
loc_01111,Difficult,Fés-Meknés,34.004672222222226,-4.047447222222222,2371.8991720740714,34.26003056378034,21.8206005859375,1128.93359375,0.55,25307.116165387342,Difficult,original_733,0.08240518762872406,0,True,0
loc_01112,Moderate,Fés-Meknés,33.21616111111111,-5.353725,980.2984890646128,8.99549567553857,5.8923974609375,1713.135498046875,0.55,26968.81477219644,Moderate,original_733,0.21720973845133976,0,True,0
loc_01113,Moderate,Fés-Meknés,34.02670277777778,-4.110097222222222,2226.5811251807727,1.596906174739236,0.74447265625,1300.5938720703125,0.2,24423.45156309518,Moderate,original_733,0.5191371327510107,1,False,0
loc_01114,Difficult,Fés-Meknés,34.05495,-4.098080555555555,2631.1901304206103,15.37342120751488,8.24591796875,1565.3624267578125,0.55,21097.329191473786,Difficult,original_733,0.14701611646200896,0,True,0
loc_01115,Difficult,Fés-Meknés,34.0603,-4.10743611111111,1583.8030072092242,4.29881719692066,2.2453271484375,1560.8753662109375,0.55,20903.350165734417,Difficult,original_733,0.35759438220853923,0,True,0
loc_01116,Moderate,Fés-Meknés,32.987833333333334,-5.266194444444444,4274.758641868082,2.751774144065136,1.2411474609375,2039.6395263671875,0.15,49770.20695624287,Moderate,original_733,0.14470771410766192,0,True,0
loc_01117,Moderate,Fés-Meknés,33.64672222222222,-4.8097916666666665,1106.093354602257,0.3822953254004779,0.1825244140625,1370.84375,0.2,19931.5065884204,Moderate,original_733,0.7827269152642762,1,False,0
loc_01118,Difficult,Fés-Meknés,34.04631111111111,-4.0373833333333335,290.10928034199475,11.899925914504344,5.609140625,1284.1717529296875,0.35,20596.102068247703,Difficult,original_733,0.4998494428210195,0,True,0
loc_01120,Difficult,Fés-Meknés,33.88270277777778,-4.301880555555555,4771.656253196766,1.386930546918563,0.6963720703125,1341.3077392578125,0.2,47065.46267238002,Difficult,original_733,0.25267282725824136,0,True,0
loc_01121,Difficult,Fés-Meknés,33.97953055555556,-4.226177777777778,4020.330414690216,13.901647375606872,8.9362353515625,1237.1920166015625,0.55,34240.44455122417,Difficult,original_733,0.19568869978970088,0,True,0
loc_01122,Difficult,Fés-Meknés,33.902611111111106,-4.279113888888888,5914.446451671254,6.333598256918371,3.2505419921875,1269.36865234375,0.1,44051.22629358574,Difficult,original_733,0.35109293250728363,0,True,0
loc_01123,Difficult,Fés-Meknés,33.951372222222226,-4.268180555555555,5296.356287300266,2.515846579629784,1.438935546875,1283.5596923828125,0.2,39060.69367751644,Difficult,original_733,0.19991820601915816,0,True,0
loc_01124,Moderate,Fés-Meknés,33.93301944444444,-4.264333333333333,5940.045965548491,1.10846422295897,0.5605908203125,1279.0775146484375,0.2,40494.81461758789,Moderate,original_733,0.22734640673229406,0,True,0
loc_01125,Moderate,Fés-Meknés,33.94747777777778,-4.231369444444445,3019.069700415758,6.506329407447351,3.996630859375,1305.1099853515625,0.2,37458.84522080829,Moderate,original_733,0.3190444124165959,0,True,0
loc_01126,Difficult,Fés-Meknés,33.85398888888889,-4.002897222222222,2827.191499183696,28.08226037934515,19.44630615234375,921.2977905273438,0.55,41833.03354114751,Difficult,original_733,0.13823741752552313,0,True,0
loc_01127,Difficult,Fés-Meknés,33.72283888888889,-4.261372222222223,171.3980371729951,19.00269100525489,13.048203125,1497.4814453125,0.55,54070.55121159284,Difficult,original_733,0.2724185869904038,0,True,0
loc_01128,Moderate,Fés-Meknés,33.73171666666667,-5.023344444444445,953.270560378666,6.916451621494987,3.7296240234375,1238.198486328125,0.15,20390.224788930183,Moderate,original_733,0.531820729298309,1,False,0
loc_01129,Difficult,Fés-Meknés,34.144730555555554,-4.023936111111111,217.26164093366828,23.038075030812227,14.090146484375,1263.9869384765625,0.15,9583.592914034803,Difficult,original_733,0.3401970854936998,0,True,0
loc_01130,Difficult,Fés-Meknés,33.672197222222216,-4.150244444444445,177.73450047766624,22.492118599898063,14.5893408203125,1927.534423828125,0.15,63374.31177589762,Difficult,original_733,0.2909672956320036,0,True,0
loc_01131,Difficult,Fés-Meknés,33.67719722222222,-4.157125000000001,965.7988971307932,26.500946929590736,15.814453125,1935.8450927734373,0.1,62963.67018731442,Difficult,original_733,0.3685716421389899,0,True,0
loc_01132,Easy,Fés-Meknés,33.675463888888885,-4.138188888888889,244.23743414733,30.605431686961776,24.427451171875,2032.4024658203125,0.1,62800.06164488253,Easy,original_733,0.34336369613855067,0,False,1
loc_01133,Difficult,Fés-Meknés,33.67615277777777,-4.165661111111112,1672.074408098273,25.62757731614323,15.78537109375,1933.450927734375,0.15,62762.46648241586,Difficult,original_733,0.16310557815546284,0,True,0
loc_01134,Difficult,Fés-Meknés,33.71246388888889,-4.173466666666667,4943.356028506938,38.36946279256126,26.8573193359375,1853.4898681640625,0.35,59503.15614800586,Difficult,original_733,0.03776473944671281,0,True,0
loc_01135,Moderate,Fés-Meknés,32.96511111111111,-5.264477777777778,4687.08042012715,9.779850866334868,5.2232373046875,1988.7958984375,0.15,52279.23096088131,Moderate,original_733,0.08593677359421704,0,True,0
loc_01136,Difficult,Fés-Meknés,33.73841111111111,-4.239441666666667,1817.502725630914,35.95456229444362,23.96037109375,1260.207275390625,0.35,55724.369240170345,Difficult,original_733,0.08310685331202083,0,True,0
loc_01137,Easy,Fés-Meknés,33.495075,-5.065358333333333,606.3864187835433,5.220010888146554,2.5847607421875,1720.96826171875,0.35,5318.10156242748,Easy,original_733,0.6738892235034644,1,True,1
loc_01138,Difficult,Fés-Meknés,33.69466111111111,-5.380022222222221,97.44841179496537,7.857311263315421,4.105419921875,923.7615966796876,0.15,26663.32998891657,Difficult,original_733,0.6851777886687078,1,False,0
loc_01139,Difficult,Fés-Meknés,34.04939722222222,-4.101877777777777,2611.690073638183,20.619523927282703,10.457548828125,1531.4503173828125,0.35,21801.878507734,Difficult,original_733,0.18028847325652844,0,True,0
loc_01140,Difficult,Fés-Meknés,34.043175,-4.109075,2967.394784402233,8.457890393856692,5.33845703125,1521.586669921875,0.55,22699.05891512669,Difficult,original_733,0.1638550021660826,0,True,0
loc_00916,Difficult,Fés-Meknés,33.43595277777777,-4.359125,1007.726429458036,31.98113392539149,20.5323974609375,1454.6881103515625,0.15,35312.80789781569,Difficult,original_733,0.1875341905442906,0,True,0
loc_01141,Difficult,Fés-Meknés,33.44990555555555,-4.364108333333333,1511.4985953274556,19.1465246856803,11.783466796875,1460.5584716796875,0.35,35249.25065357686,Difficult,original_733,0.2002072011647209,0,True,0
loc_01142,Easy,Fés-Meknés,33.244683333333334,-5.347758333333333,58.2636099489559,2.5775462855735314,1.5442822265625,1699.108642578125,0.15,23890.579528205228,Easy,original_733,0.6069896289342748,1,True,1
loc_01143,Moderate,Fés-Meknés,34.10053611111111,-4.020405555555556,1419.4046983086444,7.330746277541059,4.009990234375,1434.376708984375,0.2,14444.09258553686,Moderate,original_733,0.5691126361806091,1,False,0
loc_01144,Difficult,Fés-Meknés,34.03856111111111,-4.091291666666667,1279.707639421868,22.55259628577884,16.09642578125,1552.7135009765625,0.55,22576.727120338728,Difficult,original_733,0.16939727426561343,0,True,0
loc_01145,Difficult,Fés-Meknés,34.129802777777776,-4.046383333333333,829.7120059078658,8.881960673997442,4.5783154296875,1516.702880859375,0.55,11647.025771568406,Difficult,original_733,0.49618707386046085,0,True,0
loc_01146,Moderate,Fés-Meknés,33.67271944444444,-4.193761111111112,3123.277460491635,31.10536619552759,20.065546875,1656.6259765625,0.55,60392.775418495774,Moderate,original_733,0.0799558887158413,0,True,0
loc_01147,Moderate,Fés-Meknés,33.28542222222222,-5.223811111111111,203.98989730311663,1.1596330348019266,0.6688671875,1821.703125,0.15,16545.36162088012,Moderate,original_733,0.8197906807537483,1,False,0
loc_00820,Difficult,Fés-Meknés,33.630408333333335,-4.1826083333333335,1433.0744300904687,33.03440531642411,20.52685546875,2515.531494140625,0.15,58747.248417098206,Difficult,original_733,0.10228744124849076,0,True,0
loc_00821,Moderate,Fés-Meknés,33.81390833333333,-4.675672222222223,930.757160966308,22.750403161048208,12.71334716796875,791.6115112304688,0.35,14616.198591928744,Moderate,original_733,0.38578062484624215,0,True,0
loc_00822,Difficult,Fés-Meknés,34.06423888888889,-4.2653944444444445,35.93873510828753,17.648778349950227,9.47622314453125,830.8389282226562,0.55,29871.191608973088,Difficult,original_733,0.6963980509096257,1,False,0
loc_00823,Moderate,Fés-Meknés,33.49503888888889,-5.189722222222223,638.2832547240677,19.842176872803943,13.661953125,1368.9915771484375,0.55,7580.705185975984,Moderate,original_733,0.33401362731495127,0,True,0
loc_00824,Difficult,Fés-Meknés,33.89700833333333,-4.344252777777777,6156.733410715641,16.29630078254005,8.86552734375,1216.7462158203125,0.15,45865.96466442952,Difficult,original_733,0.40461506133159464,0,True,0
loc_00825,Difficult,Fés-Meknés,33.86452777777778,-4.890405555555555,845.5108221038391,18.20874254733352,9.57384033203125,960.5989990234376,0.15,6870.007387705602,Difficult,original_733,0.5089663392114874,1,False,0
loc_00826,Moderate,Fés-Meknés,33.970197222222225,-4.049877777777778,595.9717110275798,12.298602115239984,6.694482421875,1378.96484375,0.55,29137.050880605657,Moderate,original_733,0.2930148275677898,0,True,0
loc_00827,Difficult,Fés-Meknés,34.10189444444445,-4.083633333333333,796.138957481859,22.316470405170087,13.842666015625,1537.2919921875,0.55,15785.047916157751,Difficult,original_733,0.2670637747190609,0,True,0
loc_00828,Difficult,Fés-Meknés,33.430074999999995,-4.946205555555556,1243.8591713622925,5.579465782613645,2.825478515625,1745.6129150390625,0.15,18470.02560185323,Difficult,original_733,0.592129447641963,1,False,0
loc_00829,Difficult,Fés-Meknés,33.69928611111111,-4.693583333333334,1586.1381911250169,20.28549792374963,10.6707421875,1563.8626708984375,0.15,19026.02892067189,Difficult,original_733,0.3135723944430839,0,True,0
loc_00830,Easy,Fés-Meknés,34.192763888888884,-4.166980555555556,75.58829463019612,7.204688144634332,3.2969873046875,554.9652709960938,0.05,15012.739853112813,Easy,original_733,0.7264410513085837,1,True,1
loc_00831,Difficult,Fés-Meknés,33.77836666666666,-4.5620416666666666,2814.7867021486986,6.739768807988068,3.5442919921875,875.7269897460938,0.15,25595.85607067748,Difficult,original_733,0.4546820522647348,0,True,0
loc_00832,Moderate,Fés-Meknés,33.88885555555556,-4.262888888888889,3971.96927893833,35.34147320187256,21.1603076171875,1429.318603515625,0.55,44525.51462795213,Moderate,original_733,0.06892018177784759,0,True,0
loc_00833,Moderate,Fés-Meknés,33.920541666666665,-4.363547222222222,3983.701720825118,14.324479442505147,7.53783935546875,989.4691772460938,0.15,44656.96762963243,Moderate,original_733,0.380554578282551,0,True,0
loc_00834,Difficult,Fés-Meknés,33.5172,-4.913855555555556,5064.817417252092,9.489326361698764,5.9723486328125,1896.22802734375,0.15,17979.548154318298,Difficult,original_733,0.2792598796171585,0,True,0
loc_00835,Difficult,Fés-Meknés,33.66533333333333,-4.196561111111111,2338.7970566218905,12.460819091941634,6.035771484375,1810.0357666015625,0.55,59716.22181800625,Difficult,original_733,0.11632370466226744,0,True,0
loc_00836,Difficult,Fés-Meknés,33.704905555555555,-4.166080555555556,3882.959322988835,25.505806542428896,15.3954248046875,2048.541748046875,0.1,60150.25451228988,Difficult,original_733,0.09299609606207222,0,True,0
loc_00837,Difficult,Fés-Meknés,33.59842777777778,-4.2674,1351.6602587388045,19.137131712613208,10.668505859375,2353.26513671875,0.15,50179.63762319871,Difficult,original_733,0.26016417121540825,0,True,0
loc_00838,Difficult,Fés-Meknés,33.49328611111111,-4.916116666666667,4720.833213630307,15.094981129431554,8.221640625,1938.0911865234373,0.15,18141.040050443626,Difficult,original_733,0.2296384001580895,0,True,0
loc_00839,Moderate,Fés-Meknés,33.44167777777778,-4.334855555555556,1063.5111358449235,21.122236507202143,12.5253466796875,1809.70849609375,0.35,37650.45529444796,Moderate,original_733,0.18883297543086924,0,True,0
loc_00840,Difficult,Fés-Meknés,33.410669444444444,-4.8735388888888895,3977.379577793232,8.525556974958121,4.364140625,1549.7137451171875,0.15,14346.524821588102,Difficult,original_733,0.18885498289887542,0,True,0
loc_00841,Easy,Fés-Meknés,33.59500555555556,-5.3587444444444445,687.1067141528611,4.91313285367261,2.61736328125,1290.5048828125,0.15,21674.99466708493,Easy,original_733,0.5904034969984037,1,True,1
loc_00867,Easy,Fés-Meknés,33.62390555555556,-4.447261111111112,333.4715801356775,13.8799808149924,7.6282421875,1062.3541259765625,0.15,39011.21938326559,Easy,original_733,0.598413620050029,1,True,1
loc_00868,Easy,Fés-Meknés,33.68239166666667,-4.457058333333333,88.87410359467344,9.578802374839409,5.79780029296875,861.42529296875,0.15,38226.32570719471,Easy,original_733,0.6557523645094573,1,True,1
loc_00869,Easy,Fés-Meknés,33.645875,-4.472341666666667,2628.0212668617824,10.089483647086322,5.6655224609375,908.860595703125,0.15,38866.27607180163,Easy,original_733,0.37535260734333165,0,False,1
loc_00870,Difficult,Fés-Meknés,33.82606944444445,-4.846188888888888,463.5970861352086,18.114088623343665,10.7425439453125,935.1889038085938,0.15,1194.3935067181644,Difficult,original_733,0.42129761084348805,0,True,0
loc_00871,Moderate,Fés-Meknés,33.69641111111111,-4.353727777777777,982.0094636879002,12.955719180054915,7.18845703125,1222.3917236328125,0.35,46581.80113264966,Moderate,original_733,0.3386431072925816,0,True,0
loc_00872,Easy,Fés-Meknés,33.77083888888889,-4.319133333333333,139.86372948882286,4.269587041508975,2.202607421875,839.8147583007812,0.55,47892.83095632446,Easy,original_733,0.7859686292938417,1,True,1
loc_00873,Easy,Fés-Meknés,33.15085,-5.053672222222222,265.50558578073947,3.3495228602506546,1.848623046875,1920.428466796875,0.15,35369.92760905332,Easy,original_733,0.8486519313597725,1,True,1
loc_00874,Moderate,Fés-Meknés,33.64585833333333,-4.650772222222223,1178.3651783223045,35.688581740422656,25.444453125,1378.5233154296875,0.35,26102.42729754614,Moderate,original_733,0.11854895372138384,0,True,0
loc_00875,Difficult,Fés-Meknés,33.648944444444446,-4.417163888888889,1896.8861951222505,7.710686636877195,4.7305859375,1118.2537841796875,0.15,42945.94409993247,Difficult,original_733,0.46902218814213537,0,True,0
loc_00876,Moderate,Fés-Meknés,33.73292222222222,-4.382358333333333,1454.2929420688984,4.689745373695243,2.4216015625,1066.5474853515625,0.2,42917.509468361146,Moderate,original_733,0.48119668458103554,0,True,0
loc_00877,Difficult,Fés-Meknés,33.82904444444445,-4.649525,247.04307783992573,19.73664850768964,12.181865234375,553.9539794921875,0.15,16985.26994444983,Difficult,original_733,0.44062851890284604,0,True,0
loc_00878,Difficult,Fés-Meknés,33.932319444444445,-3.987136111111111,4742.980879720557,8.992015672188709,6.0221826171875,1491.491943359375,0.35,33185.28545947679,Difficult,original_733,0.16316779317435087,0,True,0
loc_00879,Easy,Fés-Meknés,33.65264722222222,-4.565633333333333,259.74890142612566,2.1507767611145314,1.137197265625,917.2529296875,0.15,31298.55676312453,Easy,original_733,0.8094402136010657,1,True,1
loc_00880,Easy,Fés-Meknés,33.70815555555556,-4.641630555555556,2901.732053212392,22.127880327937486,12.8252197265625,1046.878173828125,0.35,21966.68632205318,Easy,original_733,0.14428255480424296,0,False,1
loc_00881,Easy,Fés-Meknés,33.81769444444445,-4.421363888888889,461.463769727716,3.2380506734553944,1.916669921875,1099.8790283203125,0.2,38065.66940697924,Easy,original_733,0.6246055861477122,1,True,1
loc_00882,Moderate,Fés-Meknés,33.74138888888889,-4.326219444444444,2.869901584621676,8.1235464620095,4.5328173828125,1077.5333251953125,0.2,47778.41469223637,Moderate,original_733,0.5246455849542377,1,False,0
loc_00883,Easy,Fés-Meknés,33.85794722222222,-4.850958333333333,23.041523725546924,6.337987112025647,3.861259765625,803.017822265625,0.15,4019.180296988746,Easy,original_733,0.6058049307013754,1,True,1
loc_00884,Easy,Fés-Meknés,33.58542222222223,-4.531686111111111,1084.375678142718,4.945672344433525,2.14041748046875,875.5919799804688,0.1,30727.78391732533,Easy,original_733,0.6903804024154285,1,True,1
loc_00885,Easy,Fés-Meknés,33.6672,-4.486122222222222,2790.430953301923,7.827983738430436,4.99843505859375,837.5370483398438,0.15,36580.0048952536,Easy,original_733,0.4715301612123175,0,False,1
loc_00886,Moderate,Fés-Meknés,33.23932777777778,-5.05505,116.02251259676812,9.282231396037051,4.3026123046875,1839.586181640625,0.1,26898.23697524369,Moderate,original_733,0.5477562684591842,1,False,0
loc_00887,Moderate,Fés-Meknés,33.47506666666667,-4.453991666666667,237.99177342279515,9.013015724814272,4.1921240234375,1438.8193359375,0.35,28412.36799983124,Moderate,original_733,0.3713651564547799,0,True,0
loc_00888,Moderate,Fés-Meknés,33.41758333333333,-4.443222222222222,25.890339000737328,10.645495644690884,6.689306640625,1617.5784912109375,0.1,27249.669100712163,Moderate,original_733,0.4157232314397342,0,True,0
loc_00889,Moderate,Fés-Meknés,33.409930555555555,-4.309961111111111,35.63268892431195,8.820654740311236,4.7220849609375,1444.7086181640625,0.1,39295.265455284905,Moderate,original_733,0.4866448317433609,0,True,0
loc_00890,Moderate,Fés-Meknés,33.48017222222222,-4.465558333333333,299.641595271615,12.636834720979127,6.166708984375,1592.0947265625,0.15,27709.86534444193,Moderate,original_733,0.38005229064208695,0,True,0
loc_00891,Moderate,Fés-Meknés,33.47431666666667,-4.462652777777778,282.96710285479145,19.21374198803211,10.417197265625,1578.26513671875,0.35,27653.89768602613,Moderate,original_733,0.22373559997225667,0,True,0
loc_00892,Moderate,Fés-Meknés,33.41518611111111,-4.376255555555555,2928.1195716381567,11.51574721556727,6.5224462890625,1450.66259765625,0.15,33296.89735274885,Moderate,original_733,0.23714210705796937,0,True,0
loc_00893,Moderate,Fés-Meknés,33.415524999999995,-4.3809,3331.5527079878207,5.49259235496644,2.9363720703125,1420.2939453125,0.15,32878.68825752474,Moderate,original_733,0.26930130218557147,0,True,0
loc_00894,Difficult,Fés-Meknés,33.29682222222222,-4.703822222222223,1332.2499921152105,25.45577731977279,16.3686865234375,1948.89111328125,0.15,7822.020589436082,Difficult,original_733,0.7586371820119183,1,False,0
loc_00895,Moderate,Fés-Meknés,33.423427777777775,-4.452688888888889,734.2009344845422,6.63328598727975,2.944931640625,1704.907958984375,0.1,26546.89040193417,Moderate,original_733,0.4766646588491257,0,True,0
loc_00896,Moderate,Fés-Meknés,33.51165833333334,-4.435205555555556,1941.3338591712327,15.978103614405448,8.5904443359375,1353.6209716796875,0.15,31881.28114419837,Moderate,original_733,0.33363344923085797,0,True,0
loc_00897,Easy,Fés-Meknés,33.249405555555555,-4.829572222222222,91.99447791511678,4.490926002698108,2.56935546875,2106.531005859375,0.2,15752.60354179868,Easy,original_733,0.8741116775375976,1,True,1
loc_00898,Moderate,Fés-Meknés,33.44374444444444,-4.391513888888889,3954.8718095718086,8.313119114607954,5.2873583984375,1263.5926513671875,0.1,32616.01741913262,Moderate,original_733,0.48093661478819016,0,True,0
loc_00899,Moderate,Fés-Meknés,33.446866666666665,-4.422569444444445,2340.3851230753858,10.76189316527296,6.554970703125,1397.8507080078125,0.35,29957.454123005533,Moderate,original_733,0.25348617884354213,0,True,0
loc_00900,Moderate,Fés-Meknés,33.445027777777774,-4.315963888888889,1291.4423413102238,7.941758038100051,4.5085400390625,1402.7025146484375,0.15,39442.0862464168,Moderate,original_733,0.40019868193103275,0,True,0
loc_00901,Moderate,Fés-Meknés,33.42992777777778,-4.3973,4430.562997263129,2.8331724469516524,1.4449951171875,1433.694091796875,0.15,31710.86653549713,Moderate,original_733,0.183095858221623,0,True,0
loc_00902,Moderate,Fés-Meknés,33.44323055555555,-4.317419444444444,1229.5862584314975,5.969293713648748,3.3247509765625,1393.6973876953125,0.15,39265.524765162765,Moderate,original_733,0.39478088976736514,0,True,0
loc_00903,Moderate,Fés-Meknés,33.46462777777778,-3.971455555555556,112.78200557019234,19.987077767442912,12.2302587890625,1450.4691162109375,0.15,71252.8436394736,Moderate,original_733,0.23674192783556364,0,True,0
loc_00904,Easy,Fés-Meknés,33.147,-4.980333333333333,11.465825537176714,2.38816776273968,1.37921875,1988.9359130859373,0.15,33538.00741607864,Easy,original_733,0.6502835426176625,1,True,1
loc_00905,Moderate,Fés-Meknés,33.45751944444445,-4.459761111111112,242.4533152955196,11.54586577627835,6.15259765625,1525.3016357421875,0.15,27125.81507179261,Moderate,original_733,0.41214754846940105,0,True,0
loc_00906,Moderate,Fés-Meknés,33.456136111111114,-4.453475,314.37591553376217,18.08514379698684,10.4404150390625,1556.216796875,0.15,27608.02903451425,Moderate,original_733,0.23691243342597132,0,True,0
loc_00907,Moderate,Fés-Meknés,33.45088333333334,-4.423069444444445,2378.7408538917134,18.765491744204017,13.5944482421875,1532.8671875,0.35,30053.603317265584,Moderate,original_733,0.19452485767755304,0,True,0
loc_00908,Moderate,Fés-Meknés,33.467105555555555,-4.449630555555556,14.72297929033144,17.864086186600172,10.2842041015625,1532.3729248046875,0.1,28408.998839061765,Moderate,original_733,0.549977778232692,1,False,0
loc_00909,Moderate,Fés-Meknés,33.46763888888889,-4.434291666666667,1398.1728939537322,18.109143058325905,11.1097998046875,1446.863037109375,0.35,29739.55753911342,Moderate,original_733,0.20090196105592636,0,True,0
loc_00910,Moderate,Fés-Meknés,33.467083333333335,-4.4334444444444445,1473.741973617329,22.73002696321956,13.5766796875,1493.877197265625,0.35,29788.24710436704,Moderate,original_733,0.1644947221898644,0,True,0
loc_00912,Moderate,Fés-Meknés,33.45984166666667,-4.393072222222223,4222.481311304972,12.906288917612551,7.454921875,1237.307373046875,0.15,33008.999919759575,Moderate,original_733,0.2577428821672412,0,True,0
loc_00913,Moderate,Fés-Meknés,33.459563888888894,-4.386308333333334,3595.793747661069,8.101880182648932,4.4171923828125,1271.4453125,0.15,33593.90184723155,Moderate,original_733,0.36226081581395486,0,True,0
loc_00914,Moderate,Fés-Meknés,33.42688888888889,-4.419608333333334,2329.9679566739483,8.261688254904916,4.879580078125,1443.678955078125,0.15,29618.86318972793,Moderate,original_733,0.32440172525672745,0,True,0
loc_00915,Moderate,Fés-Meknés,33.44114166666667,-4.395372222222223,4309.261984877849,21.181365092113108,13.3184716796875,1300.6700439453125,0.15,32193.49394729596,Moderate,original_733,0.2546213233266973,0,True,0
loc_01020,Difficult,Fés-Meknés,33.47374722222222,-4.638691666666666,259.13843592005327,22.53863510092343,14.6402294921875,1216.483154296875,0.15,14853.432339276533,Difficult,original_733,0.23173447615298848,0,True,0
loc_01021,Difficult,Fés-Meknés,33.96036666666667,-3.96215,3677.027163888008,33.41302392640976,22.4455712890625,1228.287353515625,0.55,30322.32919657913,Difficult,original_733,0.07453340783212098,0,True,0
loc_01022,Difficult,Fés-Meknés,33.598683333333334,-4.774555555555556,2310.19525554112,14.217622137475733,9.4738232421875,1474.72607421875,0.15,25734.811018677305,Difficult,original_733,0.2294613067827014,0,True,0
loc_01023,Easy,Fés-Meknés,33.64166111111111,-4.991175,632.6047403584067,9.366993086709902,5.9157763671875,1495.085205078125,0.15,16636.51231576561,Easy,original_733,0.47786121081730176,0,False,1
loc_01024,Difficult,Fés-Meknés,33.05074722222222,-5.280627777777778,1553.0013653473109,30.750561221683967,23.8043701171875,1587.829833984375,0.15,42933.028128818674,Difficult,original_733,0.13751889715798912,0,True,0
loc_01025,Moderate,Fés-Meknés,33.44948333333333,-4.338158333333333,465.35646190835286,25.958094305194656,15.8967333984375,1342.886962890625,0.15,37561.29341413098,Moderate,original_733,0.3390776993561476,0,True,0
loc_01026,Difficult,Fés-Meknés,33.54183055555556,-4.4101944444444445,2755.204266892191,26.84630619930157,12.50006103515625,1002.31298828125,0.15,35635.07080784893,Difficult,original_733,0.286440422729319,0,True,0
loc_01027,Difficult,Fés-Meknés,33.72211388888889,-4.227055555555555,2103.686548442693,23.45633355670181,9.426806640625,1238.8206787109375,0.15,57191.92377216231,Difficult,original_733,0.20033932811113425,0,True,0
loc_01028,Difficult,Fés-Meknés,33.463369444444446,-4.682261111111111,789.1081885549904,14.911833106884378,9.1682080078125,1339.7427978515625,0.15,11911.184731594927,Difficult,original_733,0.44546262307026396,0,True,0
loc_01029,Difficult,Fés-Meknés,33.48104444444444,-4.7156,402.9691486939232,15.924892766489243,9.3374462890625,1419.6044921875,0.35,13101.80765236788,Difficult,original_733,0.372001137402173,0,True,0
loc_01030,Difficult,Fés-Meknés,33.72848611111111,-4.238280555555556,1208.9592736273974,35.094060239075134,18.7445947265625,1140.9842529296875,0.35,56033.8447084437,Difficult,original_733,0.15467904735383212,0,True,0
loc_01031,Difficult,Fés-Meknés,33.25000555555555,-4.836361111111111,683.595515160411,21.10834476711648,12.827529296875,2237.478271484375,0.15,16080.2559631505,Difficult,original_733,0.7595516789824039,1,False,0
loc_01032,Difficult,Fés-Meknés,33.94078888888889,-3.992705555555556,3705.204106072569,38.715369208152346,25.85675537109375,902.8536987304688,0.55,32215.912009581672,Difficult,original_733,0.1666981299108077,0,True,0
loc_01033,Difficult,Fés-Meknés,33.73351666666667,-4.2394388888888885,1415.5717477477376,43.565830595777086,38.39783203125,1157.4622802734375,0.15,55822.66091847706,Difficult,original_733,0.13504627508893086,0,True,0
loc_01034,Difficult,Fés-Meknés,33.16766944444444,-5.177058333333334,2808.125642506752,22.746770514157586,10.9420947265625,1728.0906982421875,0.15,29992.35689915712,Difficult,original_733,0.22061328554486087,0,True,0
loc_01035,Moderate,Fés-Meknés,33.762230555555554,-5.143988888888889,2960.7068656097067,14.866713935151324,8.524951171875,1070.7708740234375,0.15,26308.010167082884,Moderate,original_733,0.31175762722998984,0,True,0
loc_01037,Moderate,Fés-Meknés,33.48793888888889,-4.806505555555556,4062.074867846755,10.415086626039322,6.095283203125,1568.5889892578125,0.15,15541.032212991084,Moderate,original_733,0.19392624662361102,0,True,0
loc_01038,Difficult,Fés-Meknés,33.90555277777778,-4.027030555555555,200.83932164968368,7.736933598318186,3.75603759765625,876.13525390625,0.35,36127.7783562956,Difficult,original_733,0.74083155405096,1,False,0
loc_00212,Easy,Rabat-Salé-Kénitra,33.39418611111111,-6.580788888888889,72.95205593115334,4.49880831711727,6.043435341070507,663.9046020507812,0.15,60715.526333693015,Easy,original_733,0.5394423445329812,1,True,1
loc_00215,Difficult,Rabat-Salé-Kénitra,33.418055555555554,-6.1025,2934.7080112215344,9.260121288228264,12.3679390899406,1094.5390625,0.15,45921.543124997785,Difficult,original_733,0.5111392511327373,1,False,0
loc_00216,Difficult,Rabat-Salé-Kénitra,33.4225,-6.101944444444444,3314.9803800653053,14.85193425768101,15.642600319602272,1090.9998779296875,0.15,45425.142427931845,Difficult,original_733,0.46335760889202726,0,True,0
loc_00213,Moderate,Rabat-Salé-Kénitra,33.441111111111105,-6.0525,383.703742020012,9.770978255625971,10.299477821539256,1057.6158447265625,0.15,43314.39369054656,Moderate,original_733,0.3150138560798892,0,True,0
loc_00214,Moderate,Rabat-Salé-Kénitra,33.441111111111105,-6.0525,383.703742020012,9.770978255625971,10.299477821539256,1057.6158447265625,0.15,43314.39369054656,Moderate,original_733,0.3150138560798892,0,True,0
loc_00224,Moderate,Rabat-Salé-Kénitra,33.48583333333333,-6.158333333333334,25.06700932051426,8.407937950893986,11.69063599641658,966.596923828125,0.15,39114.71660600604,Moderate,original_733,0.3649370255936314,0,True,0
loc_00211,Moderate,Rabat-Salé-Kénitra,33.52388888888889,-6.256388888888889,0.5709634743400596,20.046784764531846,21.15651179542226,660.7017211914062,0.15,38078.45411526079,Moderate,original_733,0.6877262366111582,1,False,0
loc_00210,Easy,Rabat-Salé-Kénitra,33.52833333333333,-6.251666666666667,2.190064083243175,21.21919430792612,15.589568839585484,635.47900390625,0.15,37441.325634026405,Easy,original_733,0.6160569935275783,1,True,1
loc_00205,Moderate,Rabat-Salé-Kénitra,33.54575277777778,-6.007341666666667,5.661709784780889,5.556494651297465,6.160515399018595,1070.009521484375,0.2,32209.813095178008,Moderate,original_733,0.44327849860664964,0,True,0
loc_00208,Moderate,Rabat-Salé-Kénitra,33.545833333333334,-6.0075,5.581808355508264,5.24675434150337,6.475165248902376,1067.983642578125,0.2,32198.270257948785,Moderate,original_733,0.4601715150606949,0,True,0
loc_00207,Moderate,Rabat-Salé-Kénitra,33.54856111111111,-6.030172222222222,258.6879037775353,11.490284717562034,12.061248527085484,1011.2996215820312,0.35,31571.53097189196,Moderate,original_733,0.420494417085855,0,True,0
loc_00209,Moderate,Rabat-Salé-Kénitra,33.55333333333333,-6.070277777777777,245.71801974237928,16.379841052853482,12.895450308303202,827.38720703125,0.15,30796.59530720215,Moderate,original_733,0.38622897181791616,0,True,0
loc_00206,Moderate,Rabat-Salé-Kénitra,33.556780555555555,-6.039383333333333,297.6730525734667,20.928065071545408,16.832032763268337,902.5297241210938,0.15,30567.4419893282,Moderate,original_733,0.3567912259463067,0,True,0
loc_00222,Easy,Rabat-Salé-Kénitra,33.565216666666664,-6.749641666666666,1.6949319878538958,28.495191909957573,33.90506183214424,370.12109375,0.15,51470.22509740384,Easy,original_733,0.8334219902548571,1,True,1
loc_00218,Moderate,Rabat-Salé-Kénitra,33.57888888888889,-6.270833333333333,72.85062324192181,6.196516039786277,7.525026179542226,459.6910705566406,0.2,33431.706962358294,Moderate,original_733,0.6029423589438473,1,False,0
loc_00204,Easy,Rabat-Salé-Kénitra,33.599044444444445,-6.110261111111111,2.391769284105284,16.860323383144852,15.28032488862345,766.760986328125,0.55,25947.81554378532,Easy,original_733,0.6341701539278313,1,True,1
loc_00223,Easy,Rabat-Salé-Kénitra,33.61027777777778,-6.405,1452.1428009939073,6.376587451304848,12.05689409744641,305.7875366210937,0.2,32587.847713081694,Easy,original_733,0.24820624395807075,0,False,1
loc_00221,Easy,Rabat-Salé-Kénitra,33.621944444444445,-6.416666666666667,95.01997152646516,5.605332461834372,4.567215722454481,236.5865631103516,0.2,31631.48179600992,Easy,original_733,0.427261167952123,0,False,1
loc_00219,Easy,Rabat-Salé-Kénitra,33.64218611111111,-6.135827777777778,4.703701814417141,10.633240768210394,10.385490480533315,506.6870727539063,0.15,21717.539465801623,Easy,original_733,0.4950906261615299,0,False,1
loc_00217,Easy,Rabat-Salé-Kénitra,33.644644444444445,-6.143858333333334,0.5971327671255368,18.999313546700787,19.11281566777505,456.5656433105469,0.55,21668.50630404574,Easy,original_733,0.5280126586322914,1,True,1
loc_00220,Moderate,Rabat-Salé-Kénitra,33.686030555555554,-6.443472222222223,1.2892714245305898,10.551808625190333,13.20045307254003,429.4542541503906,0.2,25922.984866413182,Moderate,original_733,0.639605294485512,1,False,0
loc_00106,Moderate,Souss-Massa,29.06027,-8.925848,4139.968955424041,0.8771481501016923,0.7460352369576446,543.4288940429688,0.1,105493.02169167464,Moderate,original_733,0.29811484608447003,0,True,0
loc_00105,Moderate,Souss-Massa,29.086675,-8.85169,2772.605326220272,0.752924066313655,0.3279065849367252,532.5695190429688,0.1,109049.70301424002,Moderate,original_733,0.35124343154807525,0,True,0
loc_00131,Difficult,Souss-Massa,29.167098,-8.958087,55.25841346497987,17.673320572633347,20.60880197572314,684.3395385742188,0.1,95393.27965284909,Difficult,original_733,0.5389320035740393,1,False,0
loc_00133,Moderate,Souss-Massa,29.21444444444444,-8.233055555555556,9500.309283786615,10.60281612870176,12.926857435998835,496.9561767578125,0.1,64412.89380571784,Moderate,original_733,0.3461938066647188,0,True,0
loc_00129,Moderate,Souss-Massa,29.254602,-8.694864,63.11248821405194,25.56594265965004,26.830497300329288,589.399169921875,0.1,88976.98098486787,Moderate,original_733,0.7485697048775284,1,False,0
loc_00092,Moderate,Souss-Massa,29.270107,-8.678496,2227.558329098932,32.48429056559153,35.3710579359827,731.8260498046875,0.1,86664.52585776061,Moderate,original_733,0.2715062094617143,0,True,0
loc_00095,Moderate,Souss-Massa,29.270107,-8.678496,2227.558329098932,32.48429056559153,35.3710579359827,731.8260498046875,0.1,86664.52585776061,Moderate,original_733,0.2715062094617143,0,True,0
loc_00139,Moderate,Souss-Massa,29.32638888888889,-8.531111111111112,2857.5015722555013,22.16652854937555,25.21187824848269,851.4248657226562,0.1,71637.99555993568,Moderate,original_733,0.21923679601421162,0,True,0
loc_00096,Easy,Souss-Massa,29.442398,-8.264208,594.1015242518711,23.01795212932434,30.47660487151343,614.5865478515625,0.1,44204.01319685871,Easy,original_733,0.4710591778174517,0,False,1
loc_00097,Easy,Souss-Massa,29.442398,-8.264208,594.1015242518711,23.01795212932434,30.47660487151343,614.5865478515625,0.1,44204.01319685871,Easy,original_733,0.4710591778174517,0,False,1
loc_00135,Moderate,Souss-Massa,29.47055555555556,-8.293055555555556,2440.609655592564,2.2216868585441016,1.9429623942729848,574.3182983398438,0.1,43801.09328790528,Moderate,original_733,0.4516040805969994,0,True,0
loc_00103,Easy,Souss-Massa,29.475754,-8.277655,1018.9133494132022,2.306984839941124,1.8974569021177683,579.6940307617188,0.1,42337.579747520926,Easy,original_733,0.7694431836883866,1,True,1
loc_00088,Moderate,Souss-Massa,29.483864,-8.295043,2734.4029633338378,3.486324251041411,2.383620585291838,579.846923828125,0.1,42917.02094782206,Moderate,original_733,0.45128786962834866,0,True,0
loc_00089,Moderate,Souss-Massa,29.483864,-8.295043,2734.4029633338378,3.486324251041411,2.383620585291838,579.846923828125,0.1,42917.02094782206,Moderate,original_733,0.45128786962834866,0,True,0
loc_00090,Moderate,Souss-Massa,29.603338,-8.251098,413.9818941990295,18.33481131104658,17.14321268885589,770.0392456054688,0.1,31505.89505847208,Moderate,original_733,0.458792850560362,0,True,0
loc_00137,Moderate,Souss-Massa,29.61583333333333,-8.261111111111111,725.9648893951098,6.327861822444092,10.140965485375776,776.7150268554688,0.1,31682.85720386229,Moderate,original_733,0.43027802363994283,0,True,0
loc_00102,Easy,Souss-Massa,29.705037,-7.986517,578.940300659856,0.9649669112691428,0.9674218548230888,631.6235961914062,0.2,4879.833080778235,Easy,original_733,0.7674891263756496,1,True,1
loc_00125,Moderate,Souss-Massa,29.732906,-8.189294,4887.783750300063,9.629127835856108,13.825940344944474,948.2532958984376,0.1,21263.74252699825,Moderate,original_733,0.362645596238913,0,True,0
loc_00126,Moderate,Souss-Massa,29.734488,-8.261025,6602.731461462558,10.491992966549876,14.140487797004132,975.6331176757812,0.55,28167.267822138285,Moderate,original_733,0.3009068557421137,0,True,0
loc_00117,Moderate,Souss-Massa,29.751482,-8.161377,5799.9395459677735,30.71713166770392,43.678281169292354,1531.5142822265625,0.1,18522.369114854995,Moderate,original_733,0.09356653808292066,0,True,0
loc_00138,Moderate,Souss-Massa,29.84722222222222,-8.516944444444444,779.4634670165038,13.185011390292324,14.69758542904184,1238.672119140625,0.1,53991.93989689765,Moderate,original_733,0.37135753774118535,0,True,0
loc_00093,Moderate,Souss-Massa,29.850649,-8.512572,1323.552277545519,21.895878364173857,35.38970896823347,1341.591796875,0.1,53659.44616492296,Moderate,original_733,0.316377295176367,0,True,0
loc_00091,Moderate,Souss-Massa,29.854611,-8.533996,462.8707566984186,3.1260740200288675,3.16756521177686,1131.458251953125,0.1,55772.00239851437,Moderate,original_733,0.4421649892148728,0,True,0
loc_00132,Easy,Souss-Massa,29.888118,-6.827353,16007.485861134071,29.37609952730305,36.243154982889976,694.3156127929688,0.1,107082.71865803836,Easy,original_733,0.6231361110239183,1,True,1
loc_00100,Easy,Souss-Massa,29.91642,-7.374716,2909.414155702192,5.20687268704095,8.004744600658574,621.0863037109375,0.1,60417.7006086088,Easy,original_733,0.40665838860126485,0,False,1
loc_00111,Moderate,Souss-Massa,30.089514,-6.910584,3161.294997623536,13.260041691885515,21.62759727288869,818.7493896484375,0.1,92367.2961797405,Moderate,original_733,0.2770532885398359,0,True,0
loc_00134,Easy,Souss-Massa,30.09611111111111,-6.887499999999999,1046.684086463323,17.853081606431704,26.24224349092846,938.107421875,0.1,91661.19509400873,Easy,original_733,0.411857864660738,0,False,1
loc_00099,Easy,Souss-Massa,30.140782,-6.877585,16.553922878181726,1.65072685623932,1.3149232470299588,677.3510131835938,0.1,86725.34864337214,Easy,original_733,0.6316270133658344,1,True,1
loc_00123,Difficult,Souss-Massa,30.195719,-7.540216,223.7292736883057,7.72601520562961,9.68513829254907,1114.17529296875,0.55,64861.542316545136,Difficult,original_733,0.42053239427831834,0,True,0
loc_00121,Moderate,Souss-Massa,30.308991,-6.837444,717.2975858751397,1.1312669676933715,1.177775233245093,809.2957153320312,0.1,68325.34361178312,Moderate,original_733,0.7905107425311608,1,False,0
loc_00263,Moderate,Eddakhla-Oued Eddahab,22.55027777777778,-14.317222222222222,197.2961000529725,0.7922918861089138,0.8448534248288998,309.59716796875,0.1,209330.8512233057,Moderate,original_733,0.6332736339653479,1,False,0
loc_00264,Moderate,Eddakhla-Oued Eddahab,22.55027777777778,-14.317222222222222,197.2961000529725,0.7922918861089138,0.8448534248288998,309.59716796875,0.1,209330.8512233057,Moderate,original_733,0.6332736339653479,1,False,0
loc_00265,Moderate,Eddakhla-Oued Eddahab,22.59777777777777,-14.4025,211.4617554889434,5.346308889928751,7.196027014866348,298.3929138183594,0.1,199176.76486551567,Moderate,original_733,0.5168171864431955,1,False,0
loc_00267,Moderate,Eddakhla-Oued Eddahab,22.612222222222226,-14.4825,5142.072689349501,23.40587610820144,28.309610414110924,343.8375244140625,0.1,191755.49901570767,Moderate,original_733,0.4496157418014375,0,True,0
loc_00266,Very Difficult,Eddakhla-Oued Eddahab,22.627222222222223,-14.408055555555556,1992.6529320346424,0.9240577017454727,1.0599143288352273,312.7580261230469,0.1,196722.91204771047,Difficult,original_733,0.38556689111410963,0,True,0
loc_00261,Moderate,Eddakhla-Oued Eddahab,23.2075,-15.088333333333331,785.0323550682352,0.516905594132378,0.3731265737990702,165.50787353515625,0.1,102618.70945102922,Moderate,original_733,0.6252916928920675,1,False,0
loc_00262,Moderate,Eddakhla-Oued Eddahab,23.2075,-15.088333333333331,785.0323550682352,0.516905594132378,0.3731265737990702,165.50787353515625,0.1,102618.70945102922,Moderate,original_733,0.6252916928920675,1,False,0
loc_00260,Moderate,Eddakhla-Oued Eddahab,23.326666666666668,-15.23277777777778,495.97656295104014,3.979556238821704,2.145162282896436,179.62554931640625,0.1,83156.9963596243,Moderate,original_733,0.7166806952923914,1,False,0
loc_00256,Moderate,Eddakhla-Oued Eddahab,23.59083333333333,-15.698055555555555,2.195355310905034,2.2174620736693926,1.484307911770403,74.04351806640625,0.1,27476.20506766814,Moderate,original_733,0.6612189508623998,1,False,0
loc_00257,Moderate,Eddakhla-Oued Eddahab,23.59083333333333,-15.698055555555555,2.195355310905034,2.2174620736693926,1.484307911770403,74.04351806640625,0.1,27476.20506766814,Moderate,original_733,0.6612189508623998,1,False,0
loc_00258,Moderate,Eddakhla-Oued Eddahab,23.59083333333333,-15.698055555555555,2.195355310905034,2.2174620736693926,1.484307911770403,74.04351806640625,0.1,27476.20506766814,Moderate,original_733,0.6612189508623998,1,False,0
loc_00259,Moderate,Eddakhla-Oued Eddahab,23.59083333333333,-15.698055555555555,2.195355310905034,2.2174620736693926,1.484307911770403,74.04351806640625,0.1,27476.20506766814,Moderate,original_733,0.6612189508623998,1,False,0
loc_00251,Moderate,Eddakhla-Oued Eddahab,23.75555555555556,-15.925,31.31178826164368,3.1794252686017423,2.5911170278698945,5.2284321784973145,0.1,7081.935521931108,Moderate,original_733,0.7878660373966377,1,False,0
loc_00252,Moderate,Eddakhla-Oued Eddahab,23.91027777777778,-15.71861111111111,1118.3502386886637,0.9614659874186248,0.4684742472388528,3.2029595375061035,0.1,33162.319799433135,Moderate,original_733,0.5963139241734216,1,False,0
loc_00253,Moderate,Eddakhla-Oued Eddahab,23.91027777777778,-15.71861111111111,1118.3502386886637,0.9614659874186248,0.4684742472388528,3.2029595375061035,0.1,33162.319799433135,Moderate,original_733,0.5963139241734216,1,False,0
loc_00254,Moderate,Eddakhla-Oued Eddahab,23.91027777777778,-15.71861111111111,1118.3502386886637,0.9614659874186248,0.4684742472388528,3.2029595375061035,0.1,33162.319799433135,Moderate,original_733,0.5963139241734216,1,False,0
loc_00255,Moderate,Eddakhla-Oued Eddahab,23.91027777777778,-15.71861111111111,1118.3502386886637,0.9614659874186248,0.4684742472388528,3.2029595375061035,0.1,33162.319799433135,Moderate,original_733,0.5963139241734216,1,False,0
loc_00155,Difficult,Laayoune-Sakia El Hamra,27.666666666666668,-12.216666666666669,23001.253588876403,0.4917044309782763,0.2866407662383781,203.6791229248047,0.1,112146.00924541747,Difficult,original_733,0.22536535003613034,0,True,0
loc_00154,Easy,Laayoune-Sakia El Hamra,27.9,-12.333333333333334,25.571905498765243,0.4450265989444568,0.5715048923965328,29.947938919067383,0.1,118731.1569133048,Easy,original_733,0.5393718589376499,1,True,1
loc_00150,Moderate,Laayoune-Sakia El Hamra,28.05,-12.1,3262.678058779013,0.9895367152054474,1.3829726227058852,26.58604621887207,0.1,146851.23808423846,Moderate,original_733,0.15417740270695596,0,True,0
loc_00153,Moderate,Laayoune-Sakia El Hamra,28.05,-12.116666666666667,2771.6125256438872,0.9112629551274584,0.95876608604242,18.98323631286621,0.1,145648.40933354862,Moderate,original_733,0.1494587702513243,0,True,0
loc_00152,Difficult,Laayoune-Sakia El Hamra,28.05,-12.266666666666667,5605.625441331597,1.6176626985874936,1.6105622279742533,0.0,0.1,135239.5973191155,Difficult,original_733,0.2248602509572183,0,True,0
loc_00163,Easy,Guelmim-Oued Noun,29.074,-9.432,199.2320151595684,1.2141127236937257,1.7644759249096074,599.0620727539062,0.1,61583.24184739601,Easy,original_733,0.545281552435134,1,True,1
loc_00160,Easy,Guelmim-Oued Noun,29.093,-10.019,181.5404095124613,3.0628580545428448,2.293175815550749,410.3265380859375,0.35,12429.926047728462,Easy,original_733,0.7284932647435144,1,True,1
loc_00159,Moderate,Guelmim-Oued Noun,29.23933333333333,-9.168466666666667,2441.466970221474,41.460871048506846,58.14011048876549,1004.4431762695312,0.1,74678.3030231196,Moderate,original_733,0.21944245625261002,0,True,0
loc_00158,Moderate,Guelmim-Oued Noun,29.23935,-9.168466666666667,2441.2644799413706,41.460871627163165,58.14011048876549,1004.4431762695312,0.1,74677.03238866819,Moderate,original_733,0.21944245625261002,0,True,0
loc_00161,Easy,Guelmim-Oued Noun,29.3,-9.695,3277.7288000692483,14.736049673434932,13.97467999418905,1149.3814697265625,0.15,44463.82679497507,Easy,original_733,0.20702040505746921,0,False,1
loc_00005,Moderate,Marrakech-Safi,31.1145,-8.982833333333334,6.790714537726675,11.24240767449567,12.079244818569215,1100.656982421875,0.1,72290.66520219891,Moderate,original_733,0.7474843851993629,1,False,0
loc_00077,Difficult,Marrakech-Safi,31.142222222222223,-9.707777777777777,52.06645733258384,7.210997754611064,9.64733911939889,430.5691528320313,0.35,41420.80998277794,Difficult,original_733,0.5900719875074213,1,False,0
loc_00065,Moderate,Marrakech-Safi,32.03777777777778,-9.340555555555556,640.9512162024633,2.291736652263597,2.425270387949037,11.194884300231934,0.05,30608.183720969308,Moderate,original_733,0.6823505231787191,1,False,0
loc_00275,Difficult,Marrakech-Safi,32.13,-8.5,1124.075472779325,0.943489630906766,1.144283326204158,510.0801086425781,0.2,13233.390047459305,Difficult,original_733,0.6351374379366688,1,False,0
loc_00066,Difficult,Marrakech-Safi,32.157777777777774,-8.865277777777777,1082.830115001884,20.08525852384037,20.674009717200413,335.76287841796875,0.1,32810.84803642279,Difficult,original_733,0.4589603066081834,0,True,0
loc_00067,Moderate,Marrakech-Safi,32.18,-9.26,43.376201603436975,33.85200349910861,31.703385225012283,46.47063446044922,0.15,13418.135851445651,Moderate,original_733,0.7483035154199255,1,False,0
loc_00058,Easy,Marrakech-Safi,32.30027777777777,-9.251111111111111,718.711401326425,0.0,0.0,0.0,0.9,1092.3481218454056,Easy,original_733,0.9378698654587848,1,True,1
loc_00069,Easy,Marrakech-Safi,32.30027777777777,-9.251111111111111,718.711401326425,0.0,0.0,0.0,0.9,1092.3481218454056,Easy,original_733,0.9378698654587848,1,True,1
loc_00059,Moderate,Marrakech-Safi,32.30277777777778,-9.230833333333331,351.83993746845465,12.903740604452636,14.99053740698444,24.019086837768555,0.55,898.6890501224395,Moderate,original_733,0.7276467923548267,1,False,0
loc_00061,Easy,Marrakech-Safi,32.323888888888895,-9.180277777777777,369.9045200371728,0.0,0.120706857728564,73.5,0.9,6197.569218559435,Easy,original_733,0.9362233920862002,1,True,1
loc_00060,Moderate,Marrakech-Safi,32.3325,-9.176666666666666,480.1483759964575,5.691311732770572,7.723564652371998,84.00806427001953,0.1,6958.997709863657,Moderate,original_733,0.7301473429965301,1,False,0
loc_00062,Moderate,Marrakech-Safi,32.3875,-9.265,338.3994223278452,1.7349064671771348,3.009353007166838,103.58576202392578,0.2,10081.595725987292,Moderate,original_733,0.7452650492855072,1,False,0
loc_00270,Moderate,Marrakech-Safi,32.398375,-9.262372222222222,319.1953696417934,7.548429215801579,12.139175215043313,0.0,0.1,11210.073194867233,Moderate,original_733,0.6598575471158568,1,False,0
loc_00064,Difficult,Marrakech-Safi,32.5575,-9.254166666666666,138.50511842562184,5.463482067130809,6.387559685825316,48.8121452331543,0.15,28729.590112721675,Difficult,original_733,0.7505729911040444,1,False,0
loc_00273,Moderate,Grand Casablanca-Settat,32.86666666666667,-8.851388888888888,22.38291991150042,1.4771076492978632,1.804351806640625,70.09602355957031,0.2,53233.02668784939,Moderate,original_733,0.8000517875638845,1,False,0
loc_00269,Difficult,Grand Casablanca-Settat,33.009166666666665,-8.002222222222223,175.72560582061425,0.4881636700737152,0.603247524293001,208.83653259277344,0.2,35662.473821049214,Difficult,original_733,0.4342157817147729,0,True,0
loc_00272,Moderate,Grand Casablanca-Settat,33.156844444444445,-8.623055555555556,20.848288950448893,8.809599062765475,15.656714857117205,40.64453125,0.15,15035.274985774606,Moderate,original_733,0.5499001562117399,1,False,0
loc_00271,Difficult,Grand Casablanca-Settat,33.15685,-8.62353888888889,65.28819657522371,21.291259972644152,22.66835550040253,41.14682769775391,0.15,15069.476914728177,Difficult,original_733,0.7339663886935331,1,False,0
loc_00268,Moderate,Grand Casablanca-Settat,33.233333333333334,-8.5,82.56784536021244,2.506683007265805,1.3795942196176072,41.22566986083984,0.05,1116.901252403013,Moderate,original_733,0.7408327567435744,1,False,0
loc_01184,Moderate,Eddakhla-Oued Eddahab,23.812833333333334,-15.892722222222222,690.9467215141011,0.661347243407683,0.2352635192871093,10.376712799072266,0.1,14167.67592195321,Moderate,original_733,0.858466664682664,1,False,0
loc_01185,Moderate,Eddakhla-Oued Eddahab,23.92295,-15.719727777777775,2321.669061124604,1.604533605013722,1.0702632862329482,1.771447777748108,0.1,34121.121291937605,Moderate,original_733,0.5881148075522722,1,False,0
loc_01186,Moderate,Eddakhla-Oued Eddahab,23.47686111111111,-15.94618611111111,141.8767568833711,0.5197956634622148,0.3268031311035156,47.96494674682617,0.1,24154.126331541363,Moderate,original_733,0.6101383261355867,1,False,0
loc_01187,Moderate,Eddakhla-Oued Eddahab,23.791772222222225,-15.67058611111111,4042.901739146404,0.6766162865229253,0.3815193176269531,52.80573272705078,0.1,29791.84726407764,Moderate,original_733,0.2835216062537499,0,True,0
loc_01188,Difficult,Eddakhla-Oued Eddahab,23.504219444444445,-15.081366666666666,23950.265300178657,0.6484001952164542,0.3433160400390625,241.6957244873047,0.1,90311.2473919484,Difficult,original_733,0.18413584391384796,0,True,0
loc_01189,Difficult,Eddakhla-Oued Eddahab,23.12788611111111,-14.65530277777778,22429.79571121443,0.7070891094198374,0.3719207763671875,236.2509002685547,0.1,145712.26398431195,Difficult,original_733,0.16485803521748688,0,True,0
loc_01192,Difficult,Eddakhla-Oued Eddahab,22.712541666666667,-14.368130555555556,6828.2761517413865,0.906884172931036,0.396246337890625,325.9266052246094,0.1,194474.6455843028,Difficult,original_733,0.25469885766631745,0,True,0
loc_01193,Difficult,Eddakhla-Oued Eddahab,22.590333333333334,-14.535102777777778,10457.8377695777,0.9066243614259352,0.476510009765625,263.4624328613281,0.1,189176.6465880055,Difficult,original_733,0.1973594648926722,0,True,0
loc_00402,Easy,Marrakech-Safi,32.55083333333333,-9.272777777777778,306.2546866780887,6.631785225860408,2.806850471496582,11.86017608642578,0.1,28129.043672929147,Easy,original_733,0.5953347499059639,1,True,1
loc_00403,Easy,Grand Casablanca-Settat,33.22591944444444,-8.555186111111112,210.32595282187933,3.00676456072625,0.7773285102844238,0.0,0.9,5586.782223275792,Easy,original_733,0.9513458229494618,1,True,1
loc_00404,Easy,Marrakech-Safi,32.31843333333334,-9.25405,346.6768487242137,0.0,0.0,0.0,0.9,2515.794311624218,Easy,original_733,0.9791032923222187,1,True,1
loc_00405,Easy,Marrakech-Safi,32.32473055555556,-9.28336388888889,1227.9583053189583,0.0,0.0,0.0,0.9,4988.493583657566,Easy,original_733,0.9676636362301991,1,True,1
loc_00413,Easy,Marrakech-Safi,31.098191666666665,-9.822580555555556,71.39399882608672,14.204003470871106,7.679365005493164,44.27710723876953,0.15,46351.919300204056,Easy,original_733,0.760515093950835,1,True,1
loc_00414,Easy,Marrakech-Safi,31.09722777777778,-9.824833333333332,173.16817718265557,10.564291111957164,9.994418334960937,10.163599014282228,0.15,46485.23825201117,Easy,original_733,0.7908735208066828,1,True,1
loc_00418,Easy,Marrakech-Safi,31.15208055555556,-9.705341666666666,32.192483380297155,6.171238214821642,3.408128662109375,441.0716552734375,0.15,40363.59042232605,Easy,original_733,0.6922743983775691,1,True,1
loc_00420,Easy,Marrakech-Safi,31.192766666666667,-9.65986111111111,10.828921353417195,17.781481300059614,10.64741455078125,365.2033996582031,0.35,36782.134844993205,Easy,original_733,0.7103395365419386,1,True,1
loc_00423,Easy,Marrakech-Safi,31.20817222222222,-9.703027777777775,34.7200619781668,9.64938439951962,5.026954345703125,274.30841064453125,0.05,34227.54351253357,Easy,original_733,0.7156410931655619,1,True,1
loc_00424,Easy,Marrakech-Safi,31.09843333333333,-9.813108333333334,27.51019962353808,13.410289336252122,6.585305786132812,89.40814971923828,0.15,46222.23996803106,Easy,original_733,0.7663152982041754,1,True,1
loc_00179,Easy,Tanger-Tétouan-Al Hoceima,35.24979614976434,-5.183912408238101,71.55553178626235,9.21536701007198,14.42386570449703,460.27142333984375,0.15,11832.487650789515,Easy,original_733,0.2749459090818923,0,False,1
loc_00173,Easy,Tanger-Tétouan-Al Hoceima,35.45561402078408,-5.096308659865039,105.24776219071666,4.675145506422752,4.235805186358365,6.734507083892822,0.05,24140.3224906506,Easy,original_733,0.6801255999501129,1,True,1
loc_00176,Easy,Tanger-Tétouan-Al Hoceima,35.52732169189336,-5.194990926733846,140.82363285227868,26.896264014242817,24.542275137152554,83.80628967285156,0.15,12315.825108475325,Easy,original_733,0.7229315192137938,1,True,1
loc_00166,Easy,Tanger-Tétouan-Al Hoceima,35.24709269284413,-5.183919234627224,184.97380156614744,21.02755319906341,28.85275646871772,422.3938598632813,0.15,11604.91599891473,Easy,original_733,0.5721795166399508,1,True,1
loc_00193,Moderate,Tanger-Tétouan-Al Hoceima,35.31806624622103,-5.372840869212867,209.1697513027761,16.482144436310897,14.459128639914772,687.8427124023438,0.15,19121.39835989796,Moderate,original_733,0.4051143865145872,0,True,0
loc_00340,Easy,Tanger-Tétouan-Al Hoceima,35.10315343199355,-4.987769151671308,10.038067163366277,19.430249551139504,28.189938379713325,800.1776123046875,0.15,26536.795685066507,Easy,original_733,0.7793062359715551,1,True,1
loc_00180,Moderate,Tanger-Tétouan-Al Hoceima,35.282857705057545,-5.230557221259563,275.0337694770054,11.256918099934008,8.67860223439114,313.0013122558594,0.55,13141.612227593683,Moderate,original_733,0.44315714867592404,0,True,0
loc_00182,Easy,Tanger-Tétouan-Al Hoceima,35.21833195677501,-5.318756095870113,284.6485410197762,7.30668623892886,7.293627021726498,287.26763916015625,0.15,7165.847587408349,Easy,original_733,0.37808802206422065,0,False,1
loc_00202,Moderate,Tanger-Tétouan-Al Hoceima,35.23326080094855,-5.301047739972288,463.1234138131641,0.4459035357179375,0.4811310571087293,264.75506591796875,0.15,7761.788935358738,Moderate,original_733,0.8309015077883941,1,False,0
loc_00181,Moderate,Tanger-Tétouan-Al Hoceima,35.206791028756705,-5.310092889130856,543.3438216709716,4.668733111095802,5.356681634571927,285.540771484375,0.15,5680.016418494818,Moderate,original_733,0.5462415430034403,1,False,0
loc_00203,Moderate,Tanger-Tétouan-Al Hoceima,35.25047137989931,-5.325119157861406,703.9176731679961,7.051470649769116,11.884030176588327,461.96234130859375,0.15,10446.450427522648,Moderate,original_733,0.3926888117892889,0,True,0
loc_00183,Easy,Tanger-Tétouan-Al Hoceima,35.2793230292996,-5.442327293994906,802.4207440095581,8.722146051993192,12.464724706224173,876.2575073242188,0.15,20021.503634025004,Easy,original_733,0.33176041161662634,0,False,1
loc_00178,Moderate,Tanger-Tétouan-Al Hoceima,35.27923536008803,-5.217673993338394,1354.4118016626344,7.457651250337794,10.697714056850463,882.8930053710938,0.55,13116.74482506506,Moderate,original_733,0.36156919692394984,0,True,0
loc_00328,Moderate,Tanger-Tétouan-Al Hoceima,35.25514905973631,-5.194830135719653,660.8828611840682,16.799601930772464,22.869668503438145,507.9841918945313,0.15,11698.3023575052,Moderate,original_733,0.40991258790213203,0,True,0
loc_00192,Moderate,Tanger-Tétouan-Al Hoceima,35.299406646993035,-5.411120390022425,1728.4856267147773,7.587224814526551,11.199743854112862,550.3638305664062,0.2,19471.696082244816,Moderate,original_733,0.4390011363141391,0,True,0
loc_00171,Easy,Tanger-Tétouan-Al Hoceima,35.3746530740449,-5.024382099022211,1815.3255213234545,4.384727262016444,7.857941840305801,52.41385269165039,0.15,31852.5027527608,Easy,original_733,0.2973901128731269,0,False,1
loc_00198,Moderate,Tanger-Tétouan-Al Hoceima,35.23181859593759,-5.279753047641164,1867.5405629093048,17.127058831983526,19.280079486941503,470.8674011230469,0.15,7086.366098738293,Moderate,original_733,0.17606015524516255,0,True,0
loc_00200,Moderate,Tanger-Tétouan-Al Hoceima,35.28091801260875,-5.266496643168397,2110.23503645083,20.172995585176487,30.5786180732664,588.593505859375,0.55,12470.887016524795,Moderate,original_733,0.16186145032412708,0,True,0
loc_00168,Moderate,Tanger-Tétouan-Al Hoceima,35.24543329036464,-5.15818572568217,2253.3086349465843,31.78709800081213,40.48563454367898,1031.305419921875,0.35,13146.446868584377,Moderate,original_733,0.06563816356407043,0,True,0
loc_00191,Moderate,Tanger-Tétouan-Al Hoceima,35.3952673598756,-5.43976561160645,2550.9957239238965,22.09568716172704,29.867470228967587,397.982666015625,0.35,20281.423481146405,Moderate,original_733,0.19637945013511668,0,True,0
loc_00164,Moderate,Tanger-Tétouan-Al Hoceima,35.181758358106,-5.239428901052023,2721.3257837215856,26.62379869575148,42.6433488830062,1169.5313720703125,0.35,2998.6386842025463,Moderate,original_733,0.18325326728061497,0,True,0
loc_00165,Moderate,Tanger-Tétouan-Al Hoceima,35.17831677014425,-5.226483300457814,3535.1765563325603,36.48261900049809,48.31392751646436,1488.55712890625,0.55,3950.093264468839,Moderate,original_733,0.09262025522137043,0,True,0
loc_00196,Difficult,Tanger-Tétouan-Al Hoceima,35.36118505312328,-5.418168222746441,4068.347176254003,20.42786817401771,21.725206107147468,688.643798828125,0.15,23528.255405547054,Difficult,original_733,0.09560485037324157,0,True,0
loc_00185,Difficult,Tanger-Tétouan-Al Hoceima,35.36118505312328,-5.418168222746441,4068.347176254003,20.42786817401771,21.725206107147468,688.643798828125,0.15,23528.255405547054,Difficult,original_733,0.09560485037324157,0,True,0
loc_00184,Moderate,Tanger-Tétouan-Al Hoceima,35.313233448135364,-5.438441306152264,4197.509039466295,14.910861604891616,14.062167080965908,492.4430541992188,0.15,22285.58675304184,Moderate,original_733,0.27885339794059893,0,True,0
loc_00201,Difficult,Tanger-Tétouan-Al Hoceima,35.3196662940637,-5.266656014410412,4406.046898855246,27.589606526359347,32.53058617962294,1465.2049560546875,0.55,16779.070009158753,Difficult,original_733,0.0682916169448512,0,True,0
loc_00194,Difficult,Tanger-Tétouan-Al Hoceima,35.21666666666667,-5.25,4450.001231683393,18.72286272371955,23.397899280894887,778.6937866210938,0.15,5580.165059603281,Difficult,original_733,0.09658426837176268,0,True,0
loc_00189,Moderate,Tanger-Tétouan-Al Hoceima,35.36131919122874,-5.424328138081956,4609.436478666806,22.36104209911967,22.54141008361312,743.1312866210938,0.15,23613.37221867005,Moderate,original_733,0.0806114393932873,0,True,0
loc_00188,Moderate,Tanger-Tétouan-Al Hoceima,35.361319189135315,-5.424339137879596,4610.412496947271,22.361042098609325,22.54141008361312,743.1312866210938,0.15,23613.56211158121,Moderate,original_733,0.0806114393932873,0,True,0
loc_00197,Difficult,Tanger-Tétouan-Al Hoceima,35.21636688344947,-5.05173898180192,5233.476765535206,34.13303820389416,42.851700711841424,933.5994262695312,0.35,20382.156236964867,Difficult,original_733,0.057779566684930325,0,True,0
loc_00195,Difficult,Tanger-Tétouan-Al Hoceima,35.25584836067911,-5.048941605258649,5326.048218197195,26.68768006922461,34.04293848463326,891.3261108398438,0.15,22159.626224163683,Difficult,original_733,0.09841954845469926,0,True,0
loc_00187,Moderate,Tanger-Tétouan-Al Hoceima,35.3618211825068,-5.435482141506588,5569.909229666247,20.478567525949604,20.833189404700413,794.2662353515625,0.2,23772.01255775299,Moderate,original_733,0.05867385927070384,0,True,0
loc_00169,Moderate,Tanger-Tétouan-Al Hoceima,35.28305489894164,-5.130659902793731,5909.976284085333,28.700618767838936,39.75584726885331,1589.019775390625,0.55,17829.413928821614,Moderate,original_733,0.05252720340160485,0,True,0
loc_00170,Moderate,Tanger-Tétouan-Al Hoceima,35.2710502173657,-5.12157746130065,5960.987270640443,13.137888816472827,15.818619657153926,1685.966064453125,0.55,17523.897687032488,Moderate,original_733,0.13690436083792082,0,True,0
loc_00186,Moderate,Tanger-Tétouan-Al Hoceima,35.340635355491365,-5.440158153083255,6360.242097355588,25.94698968777752,30.696421473479468,496.0736999511719,0.35,24669.35589409388,Moderate,original_733,0.17297453956451375,0,True,0
loc_00199,Difficult,Tanger-Tétouan-Al Hoceima,35.16939288330852,-5.084877527601663,8747.813527846985,37.05495566514106,48.84736267594266,1231.6953125,0.35,16676.80734725978,Difficult,original_733,0.044875807781412695,0,True,0
loc_00543,Moderate,Tanger-Tétouan-Al Hoceima,35.761002,-5.441038,3246.7443121020574,29.63421271404326,19.99313720703125,264.9482421875,0.55,11277.265949338984,Moderate,original_733,0.2576899289121297,0,True,0
loc_00544,Moderate,Tanger-Tétouan-Al Hoceima,35.745521,-5.432185,5128.95859666348,23.17127078499721,15.506571044921875,227.16407775878903,0.55,12023.448689186607,Moderate,original_733,0.32021249054240103,0,True,0
loc_00545,Moderate,Tanger-Tétouan-Al Hoceima,35.714694,-5.430446,6773.259169217353,11.92287944106273,5.155154418945313,168.85401916503906,0.15,10290.715800607382,Moderate,original_733,0.27384973799825957,0,True,0
loc_00546,Moderate,Tanger-Tétouan-Al Hoceima,35.664804,-5.441151,5257.537207137896,1.6486549590332844,0.73788330078125,587.7177734375,0.15,10850.906685611177,Moderate,original_733,0.5448198126124681,1,False,0
loc_00552,Moderate,Tanger-Tétouan-Al Hoceima,35.60087,-5.390362,1720.1699553931105,2.7529439577744608,1.686810302734375,432.1781921386719,0.15,3734.577224817384,Moderate,original_733,0.6897567747616636,1,False,0
loc_00553,Moderate,Tanger-Tétouan-Al Hoceima,35.594108,-5.379917,677.6603356896011,8.235753667031695,4.39281494140625,463.4529113769531,0.15,2744.379839836787,Moderate,original_733,0.6297728188908385,1,False,0
loc_00555,Easy,Tanger-Tétouan-Al Hoceima,35.312201,-5.203304,898.8923043881842,27.272809246162627,16.21881866455078,92.85731506347656,0.15,17007.005203924255,Easy,original_733,0.6313186255987151,1,True,1
loc_00556,Moderate,Tanger-Tétouan-Al Hoceima,35.304508,-5.195604,71.44397757855512,6.191226510145497,3.442685546875,359.1605224609375,0.15,16475.416395412198,Moderate,original_733,0.7167333729741596,1,False,0
loc_00561,Moderate,Tanger-Tétouan-Al Hoceima,35.543071,-5.24645,757.9250301402747,7.976093037969202,4.061575546264648,36.37749862670898,0.2,8640.764647456059,Moderate,original_733,0.7619260120566078,1,False,0
loc_00562,Moderate,Tanger-Tétouan-Al Hoceima,35.2448045,-5.314465,963.1667595227432,13.563341381182344,7.398623046875,377.389892578125,0.15,9435.557332749246,Moderate,original_733,0.6212548156805849,1,False,0
loc_00568,Moderate,Tanger-Tétouan-Al Hoceima,35.300705,-5.238901,1121.6696213801322,38.845043876390285,27.552301025390623,488.6954956054688,0.55,14911.725452783992,Moderate,original_733,0.14906591274936914,0,True,0
loc_00570,Moderate,Tanger-Tétouan-Al Hoceima,35.299126,-5.21998,143.54180360623874,12.953512622027434,8.916936950683594,116.1525650024414,0.55,15145.418323388283,Moderate,original_733,0.7234912812525791,1,False,0
loc_00571,Moderate,Tanger-Tétouan-Al Hoceima,35.297071,-5.233062,455.3555390297559,30.256984538977925,19.61426025390625,242.26809692382807,0.55,14621.394671476148,Moderate,original_733,0.33448307894207546,0,True,0
loc_00440,Moderate,Tanger-Tétouan-Al Hoceima,35.40295890834344,-5.016487943783649,1036.5838571111135,4.819587773176032,2.467520930469036,-0.9190643429756165,0.9,33357.48878318234,Moderate,original_733,0.704432386322036,1,False,0
loc_00441,Easy,Tanger-Tétouan-Al Hoceima,35.318247912237204,-4.932783085516994,233.22822977115163,24.016769270763128,15.32809814453125,182.9826812744141,0.55,34711.479665877625,Easy,original_733,0.511291527003171,1,True,1
loc_00442,Moderate,Tanger-Tétouan-Al Hoceima,35.333329499968634,-4.941882588174127,800.5743515326036,0.7238797026836816,0.2915492665767669,1.032764911651611,0.15,34836.756565029886,Moderate,original_733,0.6897245805221928,1,False,0
