Locality ID,Geological Domain,Region,Geosite Name,Geosite Type,Reference,Title,Latitude,Longitude,Accessibility Class,
loc_00001,Anti-Atlas ,Drâa-Tafilalet,Eburnian-Proterozoic Unconformity,SG,,,30.5470181,-7.122467385,Easy,
loc_00002,Anti-Atlas ,Drâa-Tafilalet,Bou Offroh ophiolit,PT,,,30.54671314,-6.971048118,Moderate,
loc_00003,Anti-Atlas ,Drâa-Tafilalet,Oceanic Moho rocks,PT,,,30.49099289,-6.61242995,Moderate,
loc_00004,Anti-Atlas ,Drâa-Tafilalet,Bleida granodiorite,PT,,,30.36890537,-6.462239946,Difficult,
loc_00005,Western High Atlas,Marrakech-Safi,Sauropod tracksite,S & PL,,,31.1145,-8.982833333,Moderate,
loc_00006,Central High Atlas,Drâa-Tafilalet,Tension joints & veins,SG,,,32.59281111,-4.504277778,Difficult,
loc_00007,Central High Atlas,Drâa-Tafilalet,Fault mirror,SG,,,32.59246944,-4.504686111,Difficult,
loc_00008,Central High Atlas,Drâa-Tafilalet,Turbidite/tempesitie,S,,,32.59108611,-4.504991667,Difficult,
loc_00009,Central High Atlas,Drâa-Tafilalet,Synsedimentary Fd,SG,,,32.59086944,-4.504938889,Difficult,
loc_00010,Central High Atlas,Drâa-Tafilalet,Bioclastic limestone,PL,,,32.59060278,-4.505005556,Difficult,
loc_00011,Central High Atlas,Drâa-Tafilalet,Current ripples,S,,,32.59029722,-4.505063889,Difficult,
loc_00012,Central High Atlas,Drâa-Tafilalet,Th. Burrows,PL,,,32.59028056,-4.504902778,Difficult,
loc_00013,Central High Atlas,Drâa-Tafilalet,Limestone-marls  seq.,S,,,32.59005,-4.504761111,Difficult,
loc_00014,Central High Atlas,Drâa-Tafilalet,Horst-graben structures,SG,,,32.590025,-4.504727778,Difficult,
loc_00015,Central High Atlas,Drâa-Tafilalet,Rhizocorallium burrows,PL,,,32.58986389,-4.504866667,Difficult,
loc_00016,Central High Atlas,Drâa-Tafilalet,Tridactyl footpreints,PL,,,32.58935,-4.504527778,Difficult,
loc_00017,Central High Atlas,Drâa-Tafilalet,Lac Tislit,H,,,32.19583333,-5.636666667,Moderate,
loc_00018,Central High Atlas,Drâa-Tafilalet,Imelouan Folds,SG,,,32.15583333,-5.598333333,Easy,
loc_00019,Central High Atlas,Drâa-Tafilalet,"Ait Ali Ou-Ikkou ""Red beds""",S,,,32.14472222,-5.557777778,Difficult,
loc_00020,Central High Atlas,Drâa-Tafilalet,Todgha Gorges,SG&H,,,31.58444444,-5.590833333,Easy,
loc_00021,Central High Atlas,Drâa-Tafilalet,Tamlalet Monkey’s fingers structures,G,,,31.44333333,-5.978055556,Easy,
loc_00022,Central High Atlas,Drâa-Tafilalet,Tissadrine Folds,SG,,,31.52944444,-5.925833333,Moderate,
loc_00023,Central High Atlas,Drâa-Tafilalet,"Msemrir ""Red Beds""",S&PL,,,31.72,-5.826666667,Moderate,
loc_00024,Central High Atlas,Drâa-Tafilalet,Ait Aritane Panoramic view,G,,,31.54222222,-5.566944444,Easy,
loc_00025,Central High Atlas,Drâa-Tafilalet,Ait Snan Fault,SG,,,31.39527778,-5.5975,Moderate,
loc_00026,Central High Atlas,Drâa-Tafilalet,"Tamtetoucht ""Red beds""",PL,,,31.71722222,-5.507777778,Moderate,
loc_00027,Central High Atlas,Drâa-Tafilalet,Ait Hani Triassic salt cave,G,,,31.86416667,-5.470555556,Difficult,
loc_00028,Central High Atlas,Drâa-Tafilalet,Ighrem N’Ougdal Middle Jurassic strata,G,,,32.00916667,-5.490833333,Easy,
loc_00029,Central High Atlas,Drâa-Tafilalet,Tinghir Paleozoic-Cretaceous unconformity,SG,,,31.48305556,-5.539444444,Moderate,
loc_00030,Central High Atlas,Drâa-Tafilalet,Foum El Kouss Basalts,PT,,,31.43527778,-5.655,Moderate,
loc_00031,Central High Atlas,Drâa-Tafilalet,Timaderouine Cretaceous-Tertiary strata,S,,,31.41166667,-5.722222222,Easy,
loc_00032,Central High Atlas,Drâa-Tafilalet,Imider Tertiary strata,S,,,31.375,-5.790833333,Moderate,
loc_00033,Central High Atlas,Drâa-Tafilalet,Anou N’Izm Tertiary strata,S,,,31.33944444,-5.838611111,Easy,
loc_00034,Central High Atlas,Drâa-Tafilalet,Ait Youl Basalts,PT,,,31.425,-6.011388889,Moderate,
loc_00035,Central High Atlas,Drâa-Tafilalet,Ait Ibriren Quaternary deposits,S,,,31.44194444,-6.010833333,Easy,
loc_00036,Central High Atlas,Drâa-Tafilalet,Ait Ouglef Allochthonous limestones,SG,,,31.45472222,-5.959722222,Easy,
loc_00037,Central High Atlas,Drâa-Tafilalet,Taghia N’Ait Hammou Gorges,SG,,,31.53666667,-5.919444444,Easy,
loc_00038,Central High Atlas,Drâa-Tafilalet,Tilmi Folds,S,,,31.80138889,-5.926111111,Difficult,
loc_00039,Central High Atlas,Drâa-Tafilalet,Ait Attou Oumoussa Jurassic strata,SG&S,,,31.86166667,-5.708055556,Moderate,
loc_00040,Central High Atlas,Drâa-Tafilalet,Redbeds,S,,,32.166,-5.523,Easy,
loc_00041,Central High Atlas,Drâa-Tafilalet,Intraformational unc,H,,,32.193,-5.639,Easy,
loc_00042,Central High Atlas,Drâa-Tafilalet,Isli Lake,H,,,32.222,-5.55,Difficult,
loc_00043,Central High Atlas,Drâa-Tafilalet,Tisli Lake,PL,,,32.199,-5.629,Moderate,
loc_00044,Central High Atlas,Drâa-Tafilalet,Dolerite dykes and sills,G,,,32.153,-5.64,Difficult,
loc_00045,Central High Atlas,Drâa-Tafilalet,Fairy chimneys,G,,,32.176,-5.599,Easy,
loc_00046,Central High Atlas,Drâa-Tafilalet,Meandering Melloul river,S,,,32.159,-5.603,Moderate,
loc_00047,Central High Atlas,Drâa-Tafilalet,Sedimentary patterns,S,,,32.167,-5.545,Easy,
loc_00048,Central High Atlas,Drâa-Tafilalet,Msadrid ridge,S,,,32.153,-5.593,Difficult,
loc_00049,Central High Atlas,Drâa-Tafilalet,Ait Ali Ou Ikkou's diapirsm,PL,,,32.153,-5.593,Difficult,
loc_00050,Central High Atlas,Drâa-Tafilalet,Late Jurassic theropod tracks,PL,,,32.142,-5.57,Moderate,
loc_00051,Central High Atlas,Drâa-Tafilalet,Vertebrate tracks in the Isli Formation,PL,,,32.157,-5.562,Moderate,
loc_00052,Central High Atlas,Drâa-Tafilalet,Traces of Selenichnites- Tilmi syncline,PL,,,32.163,-5.546,Moderate,
loc_00053,Central High Atlas,Drâa-Tafilalet,Traces of Crocodylopodus meijidei,S,,,32.183,-5.458,Moderate,
loc_00054,Central High Atlas,Drâa-Tafilalet,Tassent ridge,G,,,32.15,-5.55,Difficult,
loc_00055,Central High Atlas,Drâa-Tafilalet,Akhiam cave,S,,,31.958,-5.696,Moderate,
loc_00056,Central High Atlas,Béni Mellal-Khénifra,The cliff granaries of Aoujgal,C,,,32,-6.333333333,Difficult,
loc_00057,Central High Atlas,Marrakech-Safi,Archaeoctic limestone,G,,,31.875,-8.866666667,Easy,
loc_00058,Central High Atlas,Marrakech-Safi,Sidi Bouzid escarpment,G,,,32.30027778,-9.251111111,Easy,
loc_00059,Central High Atlas,Marrakech-Safi,Chaâba valley,PL,,,32.30277778,-9.230833333,Moderate,
loc_00060,Central High Atlas,Marrakech-Safi,Sidi Abderrahmane clayquarry,PL,,,32.3325,-9.176666667,Moderate,
loc_00061,Central High Atlas,Marrakech-Safi,Sidi Abderrahmane dam,C,,,32.32388889,-9.180277778,Easy,
loc_00062,Central High Atlas,Marrakech-Safi,Escarpment of Lalla Fatna,S,,,32.3875,-9.265,Moderate,
loc_00064,Central High Atlas,Marrakech-Safi,El Goraan cave,PL,,,32.5575,-9.254166667,Difficult,
loc_00065,Central High Atlas,Marrakech-Safi,Souira Lgdima,S,,,32.03777778,-9.340555556,Moderate,
loc_00066,Central High Atlas,Marrakech-Safi,Sidi Tiji Gypsum quarry,S,,,32.15777778,-8.865277778,Difficult,
loc_00067,Central High Atlas,Marrakech-Safi,Jorf Lihoudi,S,,,32.18,-9.26,Moderate,
loc_00069,Central High Atlas,Marrakech-Safi,Panoramic view of the cliff,R,,,32.30027778,-9.251111111,Easy,
loc_00070,Central High Atlas,Fés-Meknés,Lake Afourgagh- charophytes tufas & gyrogonites,SG,,,33.61666667,-4.883333333,Moderate,
loc_00071,Central High Atlas,Fés-Meknés,Lake Aoua (Dayet Aoua),PL,,,33.65555556,-5.333333333,Easy,
loc_00072,Central High Atlas,Fés-Meknés,Lake Ifrah (Dayet Ifrah),C,,,33.5625,-4.916666667,Easy,
loc_00073,Central High Atlas,Drâa-Tafilalet,Lake Aguelmame Sidi Ali,C,,,33.07611111,-5.003611111,Moderate,
loc_00074,Central High Atlas,Béni Mellal-Khénifra,Frasnian-Famennian Kellwasser black limestones of Bou Ounabdou,PL,,,33.14283333,-5.518,Moderate,
loc_00075,Central High Atlas,Béni Mellal-Khénifra,Famennian Griottes limestones of Bou Ounabdou,PL,,,33.14266667,-5.5175,Moderate,
loc_00076,Central High Atlas,Béni Mellal-Khénifra,Famennian Zebra griottes limestones of Ziyar,SG&S,,,33.0425,-5.738666667,Moderate,
loc_00077,Central High Atlas,Marrakech-Safi,Arich OuzellaFm,En,,,31.14222222,-9.707777778,Difficult,
loc_00078,Jbilet Massif,Fés-Meknés,Chiker polje,PL&S,,,34.11861111,-4.040555556,Moderate,
loc_00079,Jbilet Massif,Fés-Meknés,Chiker cave,S&S,,,34.12166667,-4.038333333,Moderate,
loc_00080,Jbilet Massif,Fés-Meknés,Dolines of Ademame,S,,,34.04361111,-4.095,Difficult,
loc_00081,Jbilet Massif,Fés-Meknés,Ras El Oued cave,S&M,,,33.95916667,-4,Moderate,
loc_00082,Jbilet Massif,Fés-Meknés,Chaâra lapiaz,Pt,,,33.97361111,-4.224722222,Difficult,
loc_00083,Jbilet Massif,Fés-Meknés,Chaâra cave,S,,,33.95583333,-4.246111111,Difficult,
loc_00084,Jbilet Massif,Fés-Meknés,GueltaTameda Lake,S,,,33.81777778,-4.081666667,Difficult,
loc_00085,Meseta,Fés-Meknés,Taffert canyons,"S,St&PL",,,33.72138889,-4.2275,Moderate,
loc_00086,Meseta,Fés-Meknés,Aïn Sebou,S/St,,,33.73694444,-4.532777778,Moderate,
loc_00087,Meseta,Souss-Massa,Addan onion peels,H,,,29.213335,-8.203033,Moderate,
loc_00088,Meseta,Souss-Massa,Akka badlands,"S,PL&St",,,29.483864,-8.295043,Moderate,
loc_00089,Meseta,Souss-Massa,Tata hearts,S/St/G,,,29.483864,-8.295043,Moderate,
loc_00090,Meseta,Souss-Massa,Imitek Karsts,G,,,29.603338,-8.251098,Moderate,
loc_00091,Meseta,Souss-Massa,Issafenflat-irons,"S,St&G",,,29.854611,-8.533996,Moderate,
loc_00092,Meseta,Souss-Massa,Tadakoust Pyramids,S&St,,,29.270107,-8.678496,Moderate,
loc_00093,Meseta,Souss-Massa,Issafen chevrons,"S,St&PL",,,29.850649,-8.512572,Moderate,
loc_00094,Meseta,Souss-Massa,Ait Ouabelli chasms,G,,,29.213335,-8.203033,Easy,
loc_00095,Meseta,Souss-Massa,Tagmout mask,H,,,29.270107,-8.678496,Moderate,
loc_00096,Meseta,Souss-Massa,Alougoum Pyramid,G,,,29.442398,-8.264208,Easy,
loc_00097,Tabular Middle Atlas,Souss-Massa,Messalite cave,SG&H,,,29.442398,-8.264208,Easy,
loc_00098,Tabular Middle Atlas,Souss-Massa,Tamzrart Petrified waterfall,G,,,29.339495,-8.52788,Easy,
loc_00099,Tabular Middle Atlas,Souss-Massa,Foum Zguid water gap,G,,,30.140782,-6.877585,Easy,
loc_00100,Central Hight Atlas,Souss-Massa,Tissint water gap,G,,,29.91642,-7.374716,Easy,
loc_00101,Central Hight Atlas,Souss-Massa,Sidi Rezzoug water gap,"S,St&PL",,,29.748743,-7.659674,Easy,
loc_00102,Central Hight Atlas,Souss-Massa,Tata water gap,"S,St&PL",,,29.705037,-7.986517,Easy,
loc_00103,Central Hight Atlas,Souss-Massa,Akka water gap,S&St,,,29.475754,-8.277655,Easy,
loc_00104,The Great Moroccan Atlantic Basin (MAP),Souss-Massa,Ait Ouabelli water gap,S&PL,,,29.240173,-8.53858,Easy,
loc_00105,The Great Moroccan Atlantic Basin (MAP),Souss-Massa,Icht water gap,S,,,29.086675,-8.85169,Moderate,
loc_00106,The Great Moroccan Atlantic Basin (MAP),Souss-Massa,Fam El Hisn water gap,S&PL,,,29.06027,-8.925848,Moderate,
loc_00107,The Great Moroccan Atlantic Basin (MAP),Souss-Massa,Tizgui Ida Ou Baloul water gap,G,,,29.741683,-8.50205,Easy,
loc_00108,The Great Moroccan Atlantic Basin (MAP),Souss-Massa,Ibn Yaakoub water gap,S,,,30.068945,-7.954123,Moderate,
loc_00109,The Great Moroccan Atlantic Basin (MAP),Souss-Massa,Rokan water gap,S,,,29.983764,-7.95061,Moderate,
loc_00110,The Great Moroccan Atlantic Basin (MAP),Souss-Massa,Targant water gap,S,,,29.912618,-7.684191,Easy,
loc_00111,The Great Moroccan Atlantic Basin (MAP),Souss-Massa,Alougoum water gap,S,,,30.089514,-6.910584,Moderate,
loc_00112,The Great Moroccan Atlantic Basin (MAP),Souss-Massa,Desert mermaid,S,,,29.646508,-7.756531,Moderate,
loc_00113,The Great Moroccan Atlantic Basin (MAP),Souss-Massa,Tata oyster,S,,,29.646508,-7.756531,Moderate,
loc_00114,The Great Moroccan Atlantic Basin (MAP),Souss-Massa,Akka Phillyrea,PL,,,29.646508,-7.756531,Easy,
loc_00115,The Great Moroccan Atlantic Basin (MAP),Souss-Massa,Draa double winged eye,PL,,,29.028776,-8.591492,Easy,
loc_00116,The Great Moroccan Atlantic Basin (MAP),Souss-Massa,Tagragra of Tata inlier,S,,,29.899215,-7.94165,Moderate,
loc_00117,The Great Moroccan Atlantic Basin (MAP),Souss-Massa,Agouliz inlier,S,,,29.751482,-8.161377,Moderate,
loc_00118,The Great Moroccan Atlantic Basin (MAP),Souss-Massa,Aigou inlier,S,,,29.737174,-8.320678,Moderate,
loc_00119,The Great Moroccan Atlantic Basin (MAP),Souss-Massa,Tanmrout inlier,S,,,29.737174,-8.320678,Moderate,
loc_00120,The Great Moroccan Atlantic Basin (MAP),Souss-Massa,Tagragra of Akka inlier,S,,,29.460147,-8.677734,Moderate,
loc_00121,Middle Atlas,Souss-Massa,Alougoum gorge,K&S,,,30.308991,-6.837444,Moderate,
loc_00122,Middle Atlas,Souss-Massa,Tlit gorge,K,,,30.278531,-7.062836,Easy,
loc_00123,Middle Atlas,Souss-Massa,Aguinane gorge,K,,,30.195719,-7.540216,Difficult,
loc_00124,Middle Atlas,Souss-Massa,Tagmout gorge,K,,,29.971009,-8.257101,Easy,
loc_00125,Middle Atlas,Souss-Massa,Agouliz gorge,K,,,29.732906,-8.189294,Moderate,
loc_00126,Middle Atlas,Souss-Massa,Aygou gorge,K,,,29.734488,-8.261025,Moderate,
loc_00127,Middle Atlas,Souss-Massa,Targant gorge,K,,,29.481527,-8.375144,Easy,
loc_00128,Middle Atlas,Souss-Massa,Tamzrart gorge,K,,,29.361629,-8.518739,Easy,
loc_00129,Middle Atlas,Souss-Massa,Tadakoust gorge,K,,,29.254602,-8.694864,Moderate,
loc_00130,Anti-Atlas ,Souss-Massa,Ighir Ighnain gorge,G,,,29.227937,-8.924098,Moderate,
loc_00131,Anti-Atlas ,Souss-Massa,Tamanart canyon,G,,,29.167098,-8.958087,Difficult,
loc_00132,Anti-Atlas ,Souss-Massa,Foum Zguid mesa,G,,,29.888118,-6.827353,Easy,
loc_00133,Anti-Atlas ,Souss-Massa,Addana Onion Peels,G,,,29.21444444,-8.233055556,Moderate,
loc_00134,Anti-Atlas ,Souss-Massa,Foum Zguid stream,G,,,30.09611111,-6.8875,Easy,
loc_00135,Anti-Atlas ,Souss-Massa,"Badlands of Akka (glaciofluvial,
 fluviomarine, & stream alluviums)",G,,,29.47055556,-8.293055556,Moderate,
loc_00136,Anti-Atlas ,Souss-Massa,Hearts of Tata,G,,,29.36722222,-8.321944444,Moderate,
loc_00137,Anti-Atlas ,Souss-Massa,Karsts of Imitek,G,,,29.61583333,-8.261111111,Moderate,
loc_00138,Anti-Atlas ,Souss-Massa,ssafen’s Flatiron,G,,,29.84722222,-8.516944444,Moderate,
loc_00139,Anti-Atlas ,Souss-Massa,Pyramids of Tadakoust,G,,,29.32638889,-8.531111111,Moderate,
loc_00140,Anti-Atlas ,Tanger-Tétouan-Al Hoceima,Jbel Younech Ruiniform aspects,G,,,35.896051,-5.390169,Moderate,
loc_00141,Anti-Atlas ,Tanger-Tétouan-Al Hoceima,Abdessamad cave,G,,,35.896051,-5.390169,Moderate,
loc_00142,Anti-Atlas ,Tanger-Tétouan-Al Hoceima,Mujer Muerta,G,,,35.908787,-5.389026,Easy,
loc_00145,Anti-Atlas ,Tanger-Tétouan-Al Hoceima,Jbel Chendir,G,,,35.906329,-5.38799,Easy,
loc_00146,Anti-Atlas ,Tanger-Tétouan-Al Hoceima,Socio-cultural complex,G,,,35.90611111,-5.388055556,Easy,
loc_00147,Anti-Atlas ,Tanger-Tétouan-Al Hoceima,The travertine terraces of Bel Younech,G,,,35.907023,-5.393334,Easy,
loc_00148,Anti-Atlas ,Tanger-Tétouan-Al Hoceima,Low coast of the SBEI of Jbel Moussa and islands,G,,,35.909169,-5.393398,Moderate,
loc_00150,Anti-Atlas ,Laayoune-Sakia El Hamra,Naїla Lagoon,G,,,28.05,-12.1,Moderate,
loc_00152,Anti-Atlas ,Laayoune-Sakia El Hamra,Steady dunes,G,,,28.05,-12.26666667,Difficult,
loc_00153,Anti-Atlas ,Laayoune-Sakia El Hamra,Tinouchad daya,G,,,28.05,-12.11666667,Moderate,
loc_00154,Anti-Atlas ,Laayoune-Sakia El Hamra,Tazgha salt Flats,G,,,27.9,-12.33333333,Easy,
loc_00155,Anti-Atlas ,Laayoune-Sakia El Hamra,Khaoui Naàm Wadi,G,,,27.66666667,-12.21666667,Difficult,
loc_00156,Anti-Atlas ,Laayoune-Sakia El Hamra,Echguiguen Site,G,,,27.98,-12.26666667,Easy,
loc_00158,Anti-Atlas ,Guelmim-Oued Noun,Amtoudi travertines,G,,,29.23935,-9.168466667,Moderate,
loc_00159,Anti-Atlas ,Guelmim-Oued Noun,Amtoudi waterfall and Bougaa source,G,,,29.23933333,-9.168466667,Moderate,
loc_00160,Anti-Atlas ,Guelmim-Oued Noun,Abaynou station,G,,,29.093,-10.019,Easy,
loc_00161,Anti-Atlas ,Guelmim-Oued Noun,Pigeon cave,G,,,29.3,-9.695,Easy,
loc_00162,Anti-Atlas ,Guelmim-Oued Noun,Assaka Basin,G,,,29.11666667,-10.41666667,Moderate,
loc_00163,Anti-Atlas ,Guelmim-Oued Noun,Asrir Oasis,G,,,29.074,-9.432,Easy,
loc_00164,Anti-Atlas ,Tanger-Tétouan-Al Hoceima,Ali Thilat Dam,G,,,35.18175836,-5.239428901,Moderate,
loc_00165,Anti-Atlas ,Tanger-Tétouan-Al Hoceima,Quarry of blocks,G,,,35.17831677,-5.2264833,Moderate,
loc_00166,Anti-Atlas ,Tanger-Tétouan-Al Hoceima,Talâat Adrhosse Klippe,G,,,35.24709269,-5.183919235,Easy,
loc_00168,Anti-Atlas ,Tanger-Tétouan-Al Hoceima,Ibouharen Fold,G,,,35.24543329,-5.158185726,Moderate,
loc_00169,Anti-Atlas ,Tanger-Tétouan-Al Hoceima,Tirinesse Basin,G,,,35.2830549,-5.130659903,Moderate,
loc_00170,Anti-Atlas ,Tanger-Tétouan-Al Hoceima,Koudiat Achacha,G,,,35.27105022,-5.121577461,Moderate,
loc_00171,Anti-Atlas ,Tanger-Tétouan-Al Hoceima,"Dune,beachand cliffs of Kaâ Asrascoast",G,,,35.37465307,-5.024382099,Easy,
loc_00173,Anti-Atlas ,Tanger-Tétouan-Al Hoceima,Stehat gneiss,G,,,35.45561402,-5.09630866,Easy,
loc_00176,Anti-Atlas ,Tanger-Tétouan-Al Hoceima,BeniBousera Peridotitic Complex,G,,,35.52732169,-5.194990927,Easy,
loc_00178,Anti-Atlas ,Tanger-Tétouan-Al Hoceima,Talambote Thrusting,G,,,35.27923536,-5.217673993,Moderate,
loc_00179,Anti-Atlas ,Tanger-Tétouan-Al Hoceima,Akchour landslide,G,,,35.24979615,-5.183912408,Easy,
loc_00180,Anti-Atlas ,Tanger-Tétouan-Al Hoceima,Akchour Gorge,G,,,35.28285771,-5.230557221,Moderate,
loc_00181,Anti-Atlas ,Tanger-Tétouan-Al Hoceima,Sidi Abdel Hamid,G,,,35.20679103,-5.310092889,Moderate,
loc_00182,Anti-Atlas ,Tanger-Tétouan-Al Hoceima,Ras Ma Spring,G,,,35.21833196,-5.318756096,Easy,
loc_00183,Anti-Atlas ,Tanger-Tétouan-Al Hoceima,BabTazaPhtanites,G&H,,,35.27932303,-5.442327294,Easy,
loc_00184,Anti-Atlas ,Tanger-Tétouan-Al Hoceima,Bouhala Landslice,S,,,35.31323345,-5.438441306,Moderate,
loc_00185,Anti-Atlas ,Tanger-Tétouan-Al Hoceima,Chrafate Spring,G,,,35.36118505,-5.418168223,Easy,
loc_00186,Anti-Atlas ,Tanger-Tétouan-Al Hoceima,Chrafate Alluvial Fan,En,,,35.34063536,-5.440158153,Moderate,
loc_00187,Anti-Atlas ,Tanger-Tétouan-Al Hoceima,Beni Derkoul Radiolarites,En,,,35.36182118,-5.435482142,Moderate,
loc_00188,Anti-Atlas ,Tanger-Tétouan-Al Hoceima,Jbel Chrafate,G,,,35.36131919,-5.424339138,Moderate,
loc_00189,Rif,Tanger-Tétouan-Al Hoceima,Ametrasse rocks fall,G,,,35.36131919,-5.424328138,Moderate,
loc_00191,Rif,Tanger-Tétouan-Al Hoceima,Kodiat Sbaâ,G&SG,,,35.39526736,-5.439765612,Moderate,
loc_00192,Rif,Tanger-Tétouan-Al Hoceima,Raghdat Southern,"SG,Hi",,,35.29940665,-5.41112039,Moderate,
loc_00193,Rif,Tanger-Tétouan-Al Hoceima,Jbel Bou Sliman,SG,,,35.31806625,-5.372840869,Moderate,
loc_00194,Rif,Tanger-Tétouan-Al Hoceima,Jbel Lakraa,S&SG,,,35.21666667,-5.25,Difficult,
loc_00195,Rif,Tanger-Tétouan-Al Hoceima,Oued Tassikisste Gorge,"S,PL&C",,,35.25584836,-5.048941605,Difficult,
loc_00196,Rif,Tanger-Tétouan-Al Hoceima,Jbel Kelti,G&C,,,35.36118505,-5.418168223,Difficult,
loc_00197,Sahara,Tanger-Tétouan-Al Hoceima,Khzanat Spring,SG,,,35.21636688,-5.051738982,Difficult,
loc_00198,Sahara,Tanger-Tétouan-Al Hoceima,Jbel Tellouja karst,H,,,35.2318186,-5.279753048,Moderate,
loc_00199,Sahara,Tanger-Tétouan-Al Hoceima,Raghdat Arimlal,G,,,35.16939288,-5.084877528,Difficult,
loc_00200,Sahara,Tanger-Tétouan-Al Hoceima,Pont de Dieu and Farda River,G,,,35.28091801,-5.266496643,Moderate,
loc_00201,Sahara,Tanger-Tétouan-Al Hoceima,Oued ElKelaa Gorge and waterfall,H,,,35.31966629,-5.266656014,Difficult,
loc_00202,Sahara,Tanger-Tétouan-Al Hoceima,Tissimlane cherty limestone,M,,,35.2332608,-5.30104774,Moderate,
loc_00203,Sahara,Tanger-Tétouan-Al Hoceima,Jbel Tissouka,H,,,35.25047138,-5.325119158,Moderate,
loc_00204,Sahara,Rabat-Salé-Kénitra,Upper Ordovician Quartzite slump balls,Sp,,,33.59904444,-6.110261111,Easy,
loc_00205,Sahara,Rabat-Salé-Kénitra,Givetian reefal lime stones Stromatoporas,S,,,33.54575278,-6.007341667,Moderate,
loc_00206,Sahara,Rabat-Salé-Kénitra,Givetian reefal lime stones Algal laminitis,H,,,33.55678056,-6.039383333,Moderate,
loc_00207,Sahara,Rabat-Salé-Kénitra,Givetian reefal lime stones Slump balls,H,,,33.54856111,-6.030172222,Moderate,
loc_00208,Rif,Rabat-Salé-Kénitra,Famenno-Tournai sian calcareous (Mid Devonian reef limestones) rocks falls of Tiliouine,H&G,,,33.54583333,-6.0075,Moderate,
loc_00209,Rif,Rabat-Salé-Kénitra,Middle Devonian reefal limestone olistoliths within the Tournisian turbid ites West of Tiliouine,SG,,,33.55333333,-6.070277778,Moderate,
loc_00210,Rif,Rabat-Salé-Kénitra,Tournaisian reefal limestones Olistoliths of Tiddas,PL,,,33.52833333,-6.251666667,Easy,
loc_00211,Rif,Rabat-Salé-Kénitra,Westphalian red conglomerates,PL,,,33.52388889,-6.256388889,Moderate,
loc_00212,Rif,Rabat-Salé-Kénitra,Granite of Zaer,G,,,33.39418611,-6.580788889,Easy,
loc_00213,Rif,Rabat-Salé-Kénitra,Variscan synoro genic Granite of Oulmes,SG,,,33.44111111,-6.0525,Moderate,
loc_00214,Rif,Rabat-Salé-Kénitra,Oulmes Granite and metamorphism aureole contact,,,,33.44111111,-6.0525,Moderate,
loc_00215,Rif,Rabat-Salé-Kénitra,The El Karit mine: fillonien complex with the Tin and tungsten,H,,,33.41805556,-6.1025,Difficult,
loc_00216,Rif,Rabat-Salé-Kénitra,The El Karit mine: giant andalusite,GM,,,33.4225,-6.101944444,Difficult,
loc_00217,Rif,Rabat-Salé-Kénitra,Autunian fluviatile channels volcano-detritic Red serie of Souk Sebt,SG,,,33.64464444,-6.143858333,Easy,
loc_00218,Rif,Rabat-Salé-Kénitra,Autunian Trachy andesite of Tiddas,G,,,33.57888889,-6.270833333,Moderate,
loc_00219,Rif,Rabat-Salé-Kénitra,Permian Rhyolite of Souk Sebt,SG,,,33.64218611,-6.135827778,Easy,
loc_00220,Rif,Rabat-Salé-Kénitra,Triassic Basalts of Jbel Merzaga-Maaziz,S,,,33.68603056,-6.443472222,Moderate,
loc_00221,Rif,Rabat-Salé-Kénitra,Upper Trias sic evaporate (gypsum) of Khemisset,SG,,,33.62194444,-6.416666667,Easy,
loc_00222,Rif,Rabat-Salé-Kénitra,Visean-Miocene uncon,S,,,33.56521667,-6.749641667,Easy,
loc_00223,Rif,Rabat-Salé-Kénitra,Triassic-Miocene uncon of Maaziz,PT,,,33.61027778,-6.405,Easy,
loc_00224,Rif,Rabat-Salé-Kénitra,Quaternary Basal tic flow of El Harcha,PT,,,33.48583333,-6.158333333,Moderate,
loc_00225,Rif,Béni Mellal-Khénifra,Gabroic Intrusion of Idemrane,PT,,,32.20277778,-6.12,Easy,
loc_00226,Rif,Béni Mellal-Khénifra,Sills of Idemrane,G,,,32.275,-6.258888889,Easy,
loc_00227,Rif,Béni Mellal-Khénifra,Folded marly limstones of the Bine El OuidaneII  Fm,PT,,,32.26083333,-6.262777778,Moderate,
loc_00228,Rif,Béni Mellal-Khénifra,Fossil wood of the Azilal Fm,G,,,32.27,-6.263888889,Moderate,
loc_00229,Rif,Béni Mellal-Khénifra,Chaos alteration of gabbros,SG,,,32.26972222,-6.258611111,Moderate,
loc_00230,Rif,Béni Mellal-Khénifra,Red facies of the Guettioua Fm,SG,,,32.21472222,-6.222777778,Moderate,
loc_00231,Rif,Béni Mellal-Khénifra,Dinosaur bone deposi tat Agard-n-Sgat,G,,,32.23861111,-6.228333333,Moderate,
loc_00232,Rif,Béni Mellal-Khénifra,Dinosaur footprints of Ait wissadane,SG,,,32.22777778,-6.248611111,Moderate,
loc_00233,Rif,Béni Mellal-Khénifra,Basaltic flow B1,H,,,32.20722222,-6.256666667,Moderate,
loc_00234,Rif,Béni Mellal-Khénifra,Karstic landscapes Taghia-n-Ait Boulmane,GM,,,32.23664444,-6.119233333,Moderate,
loc_00235,Rif,Béni Mellal-Khénifra,Gabbroic intrusion of Taghia-n-Ait Boulmane,G,,,32.23664444,-6.119233333,Moderate,
loc_00236,Rif,Béni Mellal-Khénifra,Dyke of Taguelft,G,,,32.20916667,-6.118888889,Moderate,
loc_00237,Rif,Béni Mellal-Khénifra,Fault-fold associated with the magmatic intrusion of Ait Boulmane,S,,,32.19388889,-6.101944444,Moderate,
loc_00238,Rif,Béni Mellal-Khénifra,Taghia-n-Ait Boulmane gorges,S,,,32.23664444,-6.119233333,Moderate,
loc_00239,Rif,Béni Mellal-Khénifra,Folded structures Taghia-n-Ait Boulmane,G,,,32.23664444,-6.119233333,Moderate,
loc_00240,Rif,Béni Mellal-Khénifra,"Watercourse, river, lake, dam",S,,,32.10894444,-6.463341667,Easy,
loc_00241,Rif,Béni Mellal-Khénifra,Dinosaur footprints,G,,,32.10691389,-6.458327778,Easy,
loc_00242,Rif,Béni Mellal-Khénifra,Panoramic view of the Ouaouizaght Syncline,G,,,32.13167778,-6.397130556,Moderate,
loc_00243,Rif,Béni Mellal-Khénifra,Assif Assemssil Bridge,G,,,32.10832778,-6.472758333,Easy,
loc_00244,Rif,Béni Mellal-Khénifra,Oued Ahençal river,G,,,32.06994722,-6.424030556,Moderate,
loc_00245,Rif,Béni Mellal-Khénifra,Oued el Abid Bridge,SG,,,32.13381667,-6.311780556,Moderate,
loc_00246,Rif,Béni Mellal-Khénifra,Panoramic view of badlands and cuesta,H,,,32.09181944,-6.331558333,Easy,
loc_00247,Rif,Béni Mellal-Khénifra,Ain Asserdoune-Tamgnounte,G,,,32.3241,-6.3375,Easy,
loc_00248,Rif,Béni Mellal-Khénifra,Moudj Canyon,G,,,32.280556,-6.2975,Moderate,
loc_00249,Rif,Béni Mellal-Khénifra,Taghbaloute- n- Ouhlima,G,,,32.55341501,-6.01361989,Easy,
loc_00250,Rif,Drâa-Tafilalet,Jurassic tabular structures,G,,,32.36833333,-4.987777778,,
loc_00251,Rif,Eddakhla-Oued Eddahab,Typical coastal cliff of the Dakhla peninsula,S,,,23.75555556,-15.925,Moderate,
loc_00252,Rif,Eddakhla-Oued Eddahab,North border of the Dakhla lagoon north of the artesian well,S,,,23.91027778,-15.71861111,Moderate,
loc_00253,Central Massif,Eddakhla-Oued Eddahab,Sphinx Rock,S&SG,,,23.91027778,-15.71861111,Moderate,
loc_00254,Central Massif,Eddakhla-Oued Eddahab,"Outcrops of Eocene for
mations beneath Miocene deposits",S&PL,,,23.91027778,-15.71861111,Moderate,
loc_00255,Central Massif,Eddakhla-Oued Eddahab,Lower Eocene Izik Formation with chert nodules,S&PL,,,23.91027778,-15.71861111,Moderate,
loc_00256,Central Massif,Eddakhla-Oued Eddahab,Dewatering fold,S,,,23.59083333,-15.69805556,Moderate,
loc_00257,Central Massif,Eddakhla-Oued Eddahab,Neptunian dyke in the Izik deposits,S,,,23.59083333,-15.69805556,Moderate,
loc_00258,Central Massif,Eddakhla-Oued Eddahab,Shark tooth,SG,,,23.59083333,-15.69805556,Moderate,
loc_00259,Central Massif,Eddakhla-Oued Eddahab,Miocene-Pliocene succession,SG,,,23.59083333,-15.69805556,Moderate,
loc_00260,Central Massif,Eddakhla-Oued Eddahab,Neolithic engravings on Lower Cretaceous sandstones,SG,,,23.32666667,-15.23277778,Moderate,
loc_00261,Central Massif,Eddakhla-Oued Eddahab,Metabasite,SG,,,23.2075,-15.08833333,Moderate,
loc_00262,Central Massif,Eddakhla-Oued Eddahab,Metagabbro of the Adrar Souttouf massif,SG,,,23.2075,-15.08833333,Moderate,
loc_00263,Central Massif,Eddakhla-Oued Eddahab,Rounded hills of nepheline syenite,SG,,,22.55027778,-14.31722222,Moderate,
loc_00264,Central Massif,Eddakhla-Oued Eddahab,Magmatic lineation,SG,,,22.55027778,-14.31722222,Moderate,
loc_00265,Central Massif,Eddakhla-Oued Eddahab,Dliyat N’sour migmatite with large basic blocks crosscut by granite veins,SG,,,22.59777778,-14.4025,Moderate,
loc_00266,Central Massif,Eddakhla-Oued Eddahab,Awsard panorama,S,,,22.62722222,-14.40805556,Difficult,
loc_00267,Central Massif,Eddakhla-Oued Eddahab,Laglat mica-schists showing superimposed structures,SG,,,22.61222222,-14.4825,Moderate,
loc_00268,Central Massif,Grand Casablanca-Settat,Late Precambrian rhyolites of Sidi Daoui,SG,,,33.23333333,-8.5,Moderate,
loc_00269,Central Massif,Grand Casablanca-Settat,Sidi Saïd Mâachou Basin,SG,,,33.00916667,-8.002222222,Difficult,
loc_00270,Central Massif,Marrakech-Safi,Lalla Fatna escarpment,SG,,,32.398375,-9.262372222,Moderate,
loc_00271,Central Massif,Grand Casablanca-Settat,Jorf Lasfar escarpment,SG,,,33.15685,-8.623538889,Difficult,
loc_00272,Central Massif,Grand Casablanca-Settat,ElKhénzira cave,SG,,,33.15684444,-8.623055556,Moderate,
loc_00273,High Atlas,Grand Casablanca-Settat,Sidi Moussa Lagoon,PT,,,32.86666667,-8.851388889,Moderate,
loc_00274,High Atlas,Marrakech-Safi,Zima Lake,S,,,32.08,-8.66,Moderate,
loc_00275,High Atlas,Marrakech-Safi,Phosphate de posit of Ganntour,H,,,32.13,-8.5,Difficult,
loc_00276,High Atlas,Tanger-Tétouan-Al Hoceima,The flute casts of Punta Cires,G,,,35.9,-5.416666667,Difficult,
loc_00277,High Atlas,Tanger-Tétouan-Al Hoceima,Current patterns and inverted series of the Tizirène nappe at Ksar Sghir,SG&S,,,35.84888889,-5.566388889,Easy,
loc_00278,High Atlas,Tanger-Tétouan-Al Hoceima,The sandstone-mica flysch of the Oued Ledian coast,R,,,35.84888889,-5.566388889,Easy,
loc_00279,High Atlas,Tanger-Tétouan-Al Hoceima,Cap Malabata,PT,,,35.78333333,-5.7133,Moderate,
loc_00280,High Atlas,Béni Mellal-Khénifra,"Ain Asserdoune,  Béni Mellal city",H,,,32.3241,-6.3375,Easy,
loc_00281,Central High Atlas,Béni Mellal-Khénifra,"Taghbaloute-n- Ouhlima, El Ksiba city",PT,,,32.55341501,-6.01361989,Easy,
loc_00282,Central High Atlas,Béni Mellal-Khénifra,"Ain Tamda,  Zaouit Cheikh city",PT,,,32.64057778,-5.91269444,Easy,
loc_00283,Central High Atlas,Béni Mellal-Khénifra,"Sources d’Ouchrah, Tagzirte",SG,,,32.42897599,-6.170837578,Moderate,
loc_00284,Central High Atlas,Béni Mellal-Khénifra,"Jbel Taçmit, Foum El Ancer",PL,,,32.29302956,-6.214958909,Difficult,
loc_00285,Central High Atlas,Béni Mellal-Khénifra,"Canyon Moudj, Foum El Ancer",S,,,32.280556,-6.2975,Moderate,
loc_00286,Central High Atlas,Béni Mellal-Khénifra,Bine El Ouidane dam anchored in massive oncolithic limestones of the Fm BI,S,,,32.10894444,-6.463341667,Easy,
loc_00287,Central High Atlas,Béni Mellal-Khénifra,"Panoramic view on the Tadla plain and the Afourer
 pumped storage power station (PSPS)",PL,,,32.10894444,-6.463341667,Easy,
loc_00288,Central High Atlas,Béni Mellal-Khénifra,"Rhynchonella-type brachiopods and big gasteropds ( marl-limestones of Fm
 BII)",PL,,,32.10691389,-6.458327778,Easy,
loc_00289,Central High Atlas,Béni Mellal-Khénifra,"Overfold affecting the marl-limestones of Fm
 BII",PT,,,32.10691389,-6.458327778,Easy,
loc_00290,Central High Atlas,Béni Mellal-Khénifra,"Large lamellibranchs, gasteropods, and polypiers  (marl-limestones of Fm BII)",Mg,,,32.10691389,-6.458327778,Easy,
loc_00291,Central High Atlas,Béni Mellal-Khénifra,Massive oncolitic limestones of Fm BIII ( beginning of Middle-Upper regression),G,,,32.10641111,-6.451858333,Easy,
loc_00292,Central High Atlas,Béni Mellal-Khénifra,"Black limestone beds of Fm BII with large ammonites  lamellibranchs, gasteropods, and polypiers",Mg,,,32.10691389,-6.458327778,Easy,
loc_00293,Central High Atlas,Béni Mellal-Khénifra,Passage of the marine carbonate deposits from FmBIII to the red layers (Middle and Upper Jurassic regression),Mg,,,32.10690278,-6.447197222,Easy,
loc_00294,Central High Atlas,Béni Mellal-Khénifra,Footprints of Theropod & Sauropod dinosaurs ( Saurischia dinosaurs) in silt beds of Bathonian-age (165 Ma),SG,,,32.10690278,-6.447197222,Moderate,
loc_00295,Central High Atlas,Béni Mellal-Khénifra,YellowishTilouguite Fm of Upper Bajocian-Lower Bathonian age,K,,,32.10690278,-6.447197222,Easy,
loc_00296,Central High Atlas,Béni Mellal-Khénifra,The first basalt flow (the major effusive event of Middle Jurassic),G,,,32.11295556,-6.416583333,Moderate,
loc_00297,Central High Atlas,Béni Mellal-Khénifra,Panoramic view of the Ouaouizaght syncline (Cretaceous formation),SG,,,32.13167778,-6.397130556,Moderate,
loc_00298,Central High Atlas,Béni Mellal-Khénifra,Gypsum of the Iouaridene Fm of Lower Barremian (sabkha environment),C,,,32.13381667,-6.311780556,Moderate,
loc_00299,Central High Atlas,Béni Mellal-Khénifra,Euphorbia resinifiera (in Arabic Zakoum) couvering  the Iouardene Fm,H,,,32.13381667,-6.311780556,Moderate,
loc_00300,Central High Atlas,Béni Mellal-Khénifra,The basaltic flow B2  (The Major effusive Upper Barremian event),PL,,,32.13381667,-6.311780556,Moderate,
loc_00301,Central High Atlas,Béni Mellal-Khénifra,Mio-Pliocene alluvial terraces,SG&S,,,32.13302222,-6.300258333,Moderate,
loc_00302,Central High Atlas,Béni Mellal-Khénifra,The acted conglomerates deposited by the ancient Oued El Abid River,H,,,32.13302222,-6.300258333,Moderate,
loc_00303,Central High Atlas,Béni Mellal-Khénifra,The spectacular land scapes overlooking the entire Bine El Ouidane dam are panoramic,H,,,32.09181944,-6.331558333,Easy,
loc_00304,Central High Atlas,Béni Mellal-Khénifra,"Beautiful views of the lake, the outlet and the meanders of Ahansal river",S,,,32.06994722,-6.424030556,Moderate,
loc_00305,Central High Atlas,Béni Mellal-Khénifra,Panoramic view of the meanders,G,,,32.06994722,-6.424030556,Moderate,
loc_00306,Central High Atlas,Béni Mellal-Khénifra,Continental Guettioua Fm on the marine Fm BIII with a gap in the Tilougite Fm,"H,K&C",,,32.06994722,-6.424030556,Moderate,
loc_00307,Central High Atlas,Béni Mellal-Khénifra,Coffee built on the massive limestone of BIII,"H,K&E",,,32.06994722,-6.424030556,Moderate,
loc_00308,Central High Atlas,Béni Mellal-Khénifra,"Hotels, chalets and guest houses, coffee shop, and restaurants","H,K,C&E",,,32.10832778,-6.472758333,Easy,
loc_00309,Central High Atlas,Béni Mellal-Khénifra,Cavities and caves  on the left bank of the Assif Assemsil,G,,,32.10832778,-6.472758333,Easy,
loc_00310,Central High Atlas,Béni Mellal-Khénifra,Deep gorges in Fm BIII limestones from the Assif Assemssil river,G,,,32.08027778,-6.46,Moderate,
loc_00311,Central High Atlas,Béni Mellal-Khénifra,Well-distinguished fault making contact between the Fm m. BIII & the Guettioua Fm,G,,,32.07277778,-6.445277778,Moderate,
loc_00312,Central High Atlas,Béni Mellal-Khénifra,"Oblique, cross-stratification, bioclasts of brachiopods & lamellibranchs on granary stone",G,,,32.07277778,-6.445277778,Moderate,
loc_00313,Central High Atlas,Béni Mellal-Khénifra,"Limestone banks rich in fossils of gastropods, lamellibranch, brachio pods, ammonites, & places polypiers in the Ouaouizaght syncline",G,,,32.07277778,-6.445277778,Moderate,
loc_00314,Central High Atlas,Béni Mellal-Khénifra,Spring of Ain Asserdoune,G,,,32.38333333,-5.916666667,Moderate,
loc_00318,Meseta,Tanger-Tétouan-Al Hoceima,Oued Laou Gorge,M,,,35.27997831,-5.233760828,Easy,
loc_00328,Meseta,Tanger-Tétouan-Al Hoceima,Talambote bad lands,,,,35.25514906,-5.194830136,Moderate,
loc_00340,Middle Atlas,Tanger-Tétouan-Al Hoceima,AmetrasseTertiary Fm Succession,SG,,,35.10315343,-4.987769152,Easy,
loc_00353,Meseta,Fés-Meknés,Accident of Izelfane,G,,,33.35705556,-4.04425,Difficult,
loc_00354,Meseta,Fés-Meknés,Fossils of Ighzer Izelfane,GM,,,33.35788889,-4.029638889,Difficult,
loc_00355,Meseta,Fés-Meknés,Diapir of Tittaouine,E,,,33.36786111,-4.016694444,Difficult,
loc_00356,Meseta,Fés-Meknés,Salt mine of Tittaouine,E,,,33.373,-4.017944444,Easy,
loc_00357,Meseta,Fés-Meknés,Tittaouine Spring,E,,,33.37461111,-4.021222222,Difficult,
loc_00358,Middle Atlas,Fés-Meknés,Jbel Aghanja’s fold,G&SG,,,33.37886111,-4.010527778,Moderate,
loc_00359,Middle Atlas,Fés-Meknés,Kardoud and Abdel Ali springs,G&St,,,33.32016667,-3.916833333,Moderate,
loc_00360,Middle Atlas,Fés-Meknés,Calcite quarry,Pt,,,33.47083333,-3.963638889,Easy,
loc_00361,Middle Atlas,Fés-Meknés,Sauropod footprints,G&I,,,33.48022222,-4.02375,Difficult,
loc_00362,Middle Atlas,Fés-Meknés,Jbel Bou Naceur,"G,St&SG",,,33.57075,-3.888,Difficult,
loc_00363,Middle Atlas,Fés-Meknés,Ain Jdid,PL,,,33.48630556,-3.817138889,Moderate,
loc_00366,Middle Atlas,Fés-Meknés,Boulemane,PL&I,,,33.36444444,-4.7225,Easy,
loc_00367,Rif,Fés-Meknés,Guigou valley,S,,,33.40472222,-4.721111111,Moderate,
loc_00369,Rif,Fés-Meknés,Taferdoust,S,,,33.47361111,-4.654444444,Moderate,
loc_00370,Rif,Fés-Meknés,Taghrout,S&SG,,,33.48305556,-4.6075,Moderate,
loc_00371,Rif,Fés-Meknés,Anchrif,GeC,,,33.48222222,-4.618888889,Moderate,
loc_00372,Rif,Fés-Meknés,Skoura,S,,,33.51611111,-4.539722222,Moderate,
loc_00373,Rif,Fés-Meknés,Tadaout,G,,,33.51916667,-4.055555556,Difficult,
loc_00374,Rif,Fés-Meknés,El Mers,G,,,33.44444444,-4.45,Moderate,
loc_00375,Middle Atlas,Tanger-Tétouan-Al Hoceima,Fahs-Anjra (Melloussa),"H,G,K, C&Ec",,,35.725,-5.6685,Moderate,
loc_00376,Middle Atlas,Béni Mellal-Khénifra,The architectural heritage of Zaouiat Ahansal,"H,K,C&E",Elkaichi et al.2021,"Quantitative assessment of the geodiversity of M’Goun UNESCO Geopark, Central High Atlas (Morocco)",31.83156111,-6.100886111,Easy,
loc_00377,Middle Atlas,Béni Mellal-Khénifra,Panorama of Zaouiat Ahansal,"K,H,C&A",Elkaichi et al.2021,"Quantitative assessment of the geodiversity of M’Goun UNESCO Geopark, Central High Atlas (Morocco)",31.82883889,-6.098708333,Moderate,
loc_00378,Middle Atlas,Béni Mellal-Khénifra,The natural bridge of Imin Ifri,"G,K,H,E,C&R",Elkaichi et al.2021,"Quantitative assessment of the geodiversity of M’Goun UNESCO Geopark, Central High Atlas (Morocco)",31.72419167,-6.971397222,Easy,
loc_00379,Middle Atlas,Béni Mellal-Khénifra,The dinosaur geosites of Iouaridène,"H,K&C",Elkaichi et al.2021,"Quantitative assessment of the geodiversity of M’Goun UNESCO Geopark, Central High Atlas (Morocco)",31.72577778,-6.906922222,Easy,
loc_00380,Middle Atlas,Béni Mellal-Khénifra,Aït Blal Rock engravings,"H,K&E",Elkaichi et al.2021,"Quantitative assessment of the geodiversity of M’Goun UNESCO Geopark, Central High Atlas (Morocco)",31.75061667,-6.32005,Moderate,
loc_00381,Central High Atlas,Béni Mellal-Khénifra,Tizi-n-Tighist Geo landscape,H,Elkaichi et al.2021,"Quantitative assessment of the geodiversity of M’Goun UNESCO Geopark, Central High Atlas (Morocco)",31.74980278,-6.320194444,Moderate,
loc_00382,Central High Atlas,Béni Mellal-Khénifra,Paleo-dam of Tizi-n-Tighza,H,Elkaichi et al.2021,"Quantitative assessment of the geodiversity of M’Goun UNESCO Geopark, Central High Atlas (Morocco)",31.73096389,-6.307902778,Moderate,
loc_00383,Central High Atlas,Béni Mellal-Khénifra,Ibaqualliwn Lamellibranches of Tizi-n-Tighist,PL,Elkaichi et al.2021,"Quantitative assessment of the geodiversity of M’Goun UNESCO Geopark, Central High Atlas (Morocco)",31.73308889,-6.324652778,Easy,
loc_00384,Central High Atlas,Béni Mellal-Khénifra,Jbel Azoukri Ait Attab synclinal (1),SG,Elkaichi et al.2021,"Quantitative assessment of the geodiversity of M’Goun UNESCO Geopark, Central High Atlas (Morocco)",31.75718889,-6.248361111,Difficult,
loc_00385,Central High Atlas,Béni Mellal-Khénifra,"Ait Attab synclinal, Bougal (Taghia)",PL,Elkaichi et al.2021,"Quantitative assessment of the geodiversity of M’Goun UNESCO Geopark, Central High Atlas (Morocco)",31.78695833,-6.072663889,Difficult,
loc_00386,Central High Atlas,Béni Mellal-Khénifra,"The Bin El Ouidane dam ""Chocolate Marls""",PL,Elkaichi et al.2021,"Quantitative assessment of the geodiversity of M’Goun UNESCO Geopark, Central High Atlas (Morocco)",32.10878333,-6.436002778,Easy,
loc_00387,Central High Atlas,Béni Mellal-Khénifra,The Ouzoud waterfalls,PL,Elkaichi et al.2021,"Quantitative assessment of the geodiversity of M’Goun UNESCO Geopark, Central High Atlas (Morocco)",32.01501111,-6.719669444,Easy,
loc_00388,Central High Atlas,Béni Mellal-Khénifra,The “Cathedral” Mastfrane,S,Elkaichi et al.2021,"Quantitative assessment of the geodiversity of M’Goun UNESCO Geopark, Central High Atlas (Morocco)",31.98071944,-6.137377778,Moderate,
loc_00389,Central High Atlas,Béni Mellal-Khénifra,Talmst Ride,PL,Elkaichi et al.2021,"Quantitative assessment of the geodiversity of M’Goun UNESCO Geopark, Central High Atlas (Morocco)",31.90668333,-6.154858333,Difficult,
loc_00390,Central High Atlas,Béni Mellal-Khénifra,Collective granary of Sidi Moussa,S,Elkaichi et al.2023,"Evaluation of Geotouristic Station Suitability Using GIS‑Based Multi‑criteria Decision Analysis: a Case Study of the M’Goun UNESCO Geopark, High Atlas (Morocco)",32.39897222,-6.027358333,Difficult,
loc_00391,Central High Atlas,Béni Mellal-Khénifra,"Granary, Ighrem",St,Elkaichi et al.2023,"Evaluation of Geotouristic Station Suitability Using GIS‑Based Multi‑criteria Decision Analysis: a Case Study of the M’Goun UNESCO Geopark, High Atlas (Morocco)",32.20402222,-6.603461111,Moderate,
loc_00392,Central High Atlas,Béni Mellal-Khénifra,Footprints of the carnivorous dinosaur (Tridactyl),S&St,Elkaichi et al.2023,"Evaluation of Geotouristic Station Suitability Using GIS‑Based Multi‑criteria Decision Analysis: a Case Study of the M’Goun UNESCO Geopark, High Atlas (Morocco)",32.19611111,-6.5825,Moderate,
loc_00393,Central High Atlas,Béni Mellal-Khénifra,Herbivorous dinosaur footprints,S,Elkaichi et al.2023,"Evaluation of Geotouristic Station Suitability Using GIS‑Based Multi‑criteria Decision Analysis: a Case Study of the M’Goun UNESCO Geopark, High Atlas (Morocco)",32.10611111,-6.510025,Difficult,
loc_00394,Central High Atlas,Béni Mellal-Khénifra,Izourar plateaus,S,Elkaichi et al.2023,"Evaluation of Geotouristic Station Suitability Using GIS‑Based Multi‑criteria Decision Analysis: a Case Study of the M’Goun UNESCO Geopark, High Atlas (Morocco)",31.95200556,-6.55725,Easy,
loc_00395,Central High Atlas,Béni Mellal-Khénifra,Rock engravings of Tizi-n-Tighist,Mg,Elkaichi et al.2023,"Evaluation of Geotouristic Station Suitability Using GIS‑Based Multi‑criteria Decision Analysis: a Case Study of the M’Goun UNESCO Geopark, High Atlas (Morocco)",32.00996944,-6.719222222,Easy,
loc_00396,Central High Atlas,Marrakech-Safi,Sandstone-fault families,H,El Hamidy et al.2024,"Jbel Irhoud Geosite, the Cradle of Humanity (Youssoufia Province, 
Marrakech‑Safi region, Morocco): Evaluation and Valorization 
of the Geological Heritage for Geoeducation and Geotourism Purposes",31.89700833,-8.860261111,Easy,
loc_00397,Central High Atlas,Marrakech-Safi,"Faiult mirror-gradin 
crystallization",H,El Hamidy et al.2024,"Jbel Irhoud Geosite, the Cradle of Humanity (Youssoufia Province, 
Marrakech‑Safi region, Morocco): Evaluation and Valorization 
of the Geological Heritage for Geoeducation and Geotourism Purposes",31.89871389,-8.863727778,Easy,
loc_00398,Central High Atlas,Marrakech-Safi,Karst networks of barite,H,El Hamidy et al.2024,"Jbel Irhoud Geosite, the Cradle of Humanity (Youssoufia Province, 
Marrakech‑Safi region, Morocco): Evaluation and Valorization 
of the Geological Heritage for Geoeducation and Geotourism Purposes",31.90764167,-8.850891667,Easy,
loc_00399,Central High Atlas,Marrakech-Safi,Calcite crystals,S&Mg,El Hamidy et al.2024,"Jbel Irhoud Geosite, the Cradle of Humanity (Youssoufia Province, 
Marrakech‑Safi region, Morocco): Evaluation and Valorization 
of the Geological Heritage for Geoeducation and Geotourism Purposes",31.91326389,-8.841913889,Easy,
loc_00400,Central High Atlas,Marrakech-Safi,"Cambrian sandstone & shale,Gray massive Cambrian limestones",C&Ar,El Hamidy et al.2024,"Jbel Irhoud Geosite, the Cradle of Humanity (Youssoufia Province, 
Marrakech‑Safi region, Morocco): Evaluation and Valorization 
of the Geological Heritage for Geoeducation and Geotourism Purposes",31.91762778,-8.835375,Easy,
loc_00401,Central High Atlas,Marrakech-Safi,The western tip of the Cambrian crest,St&PL,El Hamidy et al.2024,"Jbel Irhoud Geosite, the Cradle of Humanity (Youssoufia Province, 
Marrakech‑Safi region, Morocco): Evaluation and Valorization 
of the Geological Heritage for Geoeducation and Geotourism Purposes",31.93024722,-8.828119444,Easy,
loc_00402,Central High Atlas,Marrakech-Safi,Cap Beddouza,S,El Hamidy et al.2025,"The geosites of Safi province (Marrakech-Safi region, Morocco): Inventory and assessment for geoconservation, geotourism, geoeducation, geoparks, and local sustainable development",32.55083333,-9.272777778,Easy,
loc_00403,Central High Atlas,Marrakech-Safi,beach of Sidi Bouzide,,El Hamidy et al.2025,"Proposed geo-educational activities at the Sidi Bouzid geosite, Safi Province, Marrakech-Safi region, Morocco",33.22591944,-8.555186111,Easy,
loc_00404,Central High Atlas,Marrakech-Safi,The source Lalla Mira,,El Hamidy et al.2025,"Proposed geo-educational activities at the Sidi Bouzid geosite, Safi Province, Marrakech-Safi region, Morocco",32.31843333,-9.25405,Easy,
loc_00405,Central High Atlas,Marrakech-Safi,The wave of Saf,St,El Hamidy et al.2025,"Proposed geo-educational activities at the Sidi Bouzid geosite, Safi Province, Marrakech-Safi region, Morocco",32.32473056,-9.283363889,Easy,
loc_00406,Central High Atlas,Draa-Tafilalet & Fès-Méknès,The caldera of the Michliffen,Ar,El Wartiti et al.2007, Geosites inventory of the northwestern Tabular Middle Atlasof Morocco,33.41329722,-5.079908333,Easy,
loc_00407,Central High Atlas,Draa-Tafilalet & Fès-Méknès,Ruiniform landscape,Ar,El Wartiti et al.2007, Geosites inventory of the northwestern Tabular Middle Atlasof Morocco,33.28799722,-4.847411111,Difficult,
loc_00408,Central High Atlas,Béni Mellal-Khénifra,Fairy chimneys of Assamar,K, Bouzekraoui et al.2018,"Mapping geoheritage for geotourism management, a case study of Aït Bou Oulli Valley in Central High-Atlas (Morocco)",31.68152222,-6.668716667,Difficult,
loc_00409,Central High Atlas,Marrakech-Safi,Amsittene Fm,, Arrad et.al 2020,"From geoheritage inventory to geoeducation and geotourism implications:
 Insight from Jbel Amsittene (Essaouira province, Morocco)",31.14655278,-9.743005556,Easy,
loc_00410,Central High Atlas,Marrakech-Safi,Id ou Moulid Fm,C&Ar, Arrad et.al 2020,"From geoheritage inventory to geoeducation and geotourism implications:
 Insight from Jbel Amsittene (Essaouira province, Morocco)",31.14300278,-9.739027778,Easy,
loc_00411,Central High Atlas,Marrakech-Safi,Arich Ouzella cave,"H,K&R", Arrad et.al 2020,"From geoheritage inventory to geoeducation and geotourism implications:
 Insight from Jbel Amsittene (Essaouira province, Morocco)",31.162775,-9.700344444,Moderate,
loc_00412,Central High Atlas,Marrakech-Safi,Subvertical strata,"H,K&R", Arrad et.al 2020,"From geoheritage inventory to geoeducation and geotourism implications:
 Insight from Jbel Amsittene (Essaouira province, Morocco)",31.14151389,-9.751880556,Easy,
loc_00413,Central High Atlas,Marrakech-Safi,Triassic-Quaternary contact,"H,K&R", Arrad et.al 2020,"From geoheritage inventory to geoeducation and geotourism implications:
 Insight from Jbel Amsittene (Essaouira province, Morocco)",31.09819167,-9.822580556,Easy,
loc_00414,Central High Atlas,Marrakech-Safi,Quaternary-Jurassic contact,, Arrad et.al 2020,"From geoheritage inventory to geoeducation and geotourism implications:
 Insight from Jbel Amsittene (Essaouira province, Morocco)",31.09722778,-9.824833333,Easy,
loc_00415,Central High Atlas,Marrakech-Safi,Fold hinge,, Arrad et.al 2020,"From geoheritage inventory to geoeducation and geotourism implications:
 Insight from Jbel Amsittene (Essaouira province, Morocco)",31.09916944,-9.828880556,Difficult,
loc_00416,Central High Atlas,Marrakech-Safi,Cretaceous Quaternary contact,, Arrad et.al 2020,"From geoheritage inventory to geoeducation and geotourism implications:
 Insight from Jbel Amsittene (Essaouira province, Morocco)",31.10043889,-9.833491667,Difficult,
loc_00417,Central High Atlas,Marrakech-Safi,Triple point,K, Arrad et.al 2020,"From geoheritage inventory to geoeducation and geotourism implications:
 Insight from Jbel Amsittene (Essaouira province, Morocco)",31.10076111,-9.839516667,Difficult,
loc_00418,Central High Atlas,Marrakech-Safi,Macrofossils,K, Arrad et.al 2020,"From geoheritage inventory to geoeducation and geotourism implications:
 Insight from Jbel Amsittene (Essaouira province, Morocco)",31.15208056,-9.705341667,Easy,
loc_00419,Central High Atlas,Marrakech-Safi,Fossiliferous dunes,K, Arrad et.al 2020,"From geoheritage inventory to geoeducation and geotourism implications:
 Insight from Jbel Amsittene (Essaouira province, Morocco)",31.16062778,-9.705713889,Easy,
loc_00420,Central High Atlas,Marrakech-Safi,Folded structure1,K, Arrad et.al 2020,"From geoheritage inventory to geoeducation and geotourism implications:
 Insight from Jbel Amsittene (Essaouira province, Morocco)",31.19276667,-9.659861111,Easy,
loc_00421,Central High Atlas,Marrakech-Safi,Folded structure 2,, Arrad et.al 2020,"From geoheritage inventory to geoeducation and geotourism implications:
 Insight from Jbel Amsittene (Essaouira province, Morocco)",31.15841111,-9.686902778,Moderate,
loc_00422,Central High Atlas,Marrakech-Safi,Folded structure 3,K, Arrad et.al 2020,"From geoheritage inventory to geoeducation and geotourism implications:
 Insight from Jbel Amsittene (Essaouira province, Morocco)",31.15719722,-9.697530556,Easy,
loc_00423,Central High Atlas,Marrakech-Safi,Amsittene folded structures,K, Arrad et.al 2020,"From geoheritage inventory to geoeducation and geotourism implications:
 Insight from Jbel Amsittene (Essaouira province, Morocco)",31.20817222,-9.703027778,Easy,
loc_00424,Central High Atlas,Marrakech-Safi,Alluvial cone,"H,K&R", Arrad et.al 2020,"From geoheritage inventory to geoeducation and geotourism implications:
 Insight from Jbel Amsittene (Essaouira province, Morocco)",31.09843333,-9.813108333,Easy,
loc_00425,Central High Atlas,Souss-Massa,The alluvial plain of Tadakoust,"H,K&R","Berred and Berred,2021","Climate Change Issues, Challenges, and Impacts in Terms of Rural Geo‑biological and Cultural Tourism Activity Development in Semiarid Areas: a Case Study from Tata, Bani Geopark (Anti‑Atlas, South Morocco)",29.25029167,-8.691086111,Easy,
loc_00426,Central High Atlas,Souss-Massa,Deflation phenomenon in the Drâa plain,"H,K&R","Berred and Berred,2021","Climate Change Issues, Challenges, and Impacts in Terms of Rural Geo‑biological and Cultural Tourism Activity Development in Semiarid Areas: a Case Study from Tata, Bani Geopark (Anti‑Atlas, South Morocco)",29.22623611,-7.874097222,Difficult,
loc_00427,Central High Atlas,Souss-Massa,Engravings in Tamzrart region,G,"Berred and Berred,2021","Climate Change Issues, Challenges, and Impacts in Terms of Rural Geo‑biological and Cultural Tourism Activity Development in Semiarid Areas: a Case Study from Tata, Bani Geopark (Anti‑Atlas, South Morocco)",29.31243056,-8.493838889,Easy,
loc_00428,Central High Atlas,Souss-Massa,engravings in Tadakous,K,"Berred and Berred,2021","Climate Change Issues, Challenges, and Impacts in Terms of Rural Geo‑biological and Cultural Tourism Activity Development in Semiarid Areas: a Case Study from Tata, Bani Geopark (Anti‑Atlas, South Morocco)",29.264425,-8.709041667,Moderate,
loc_00429,Central High Atlas,Tanger-Tétouan-Al Hoceima,Laila Island,K,Ben Ali et al.2023,"Inventory and Quantitative Assessment of Belyounech Commune Geosites (East of the Site of Biological and Ecological Interest of Jbel Moussa, Northern Moroccan Rif)",35.916551,-5.406037,Easy,
loc_00430,Central High Atlas,Laayoune-Dakhla,Akhfénir Cliff,K,Mirari et al.2020,"Geosites for Geotourism, Geoheritage,
 and Geoconservation of the Khnefiss National Park, Southern Morocco",28.15,-12.06666667,Easy,
loc_00431,Sahara and Meseta,Laayoune-Dakhla,Sand dunes,,Mirari et al.2020,"Geosites for Geotourism, Geoheritage,
 and Geoconservation of the Khnefiss National Park, Southern Morocco",28.15,-12.1,Easy,
loc_00432,Sahara and Meseta,Laayoune-Dakhla,Akhfennir Sinkhole,,Mirari et al.2020,"Geosites for Geotourism, Geoheritage,
 and Geoconservation of the Khnefiss National Park, Southern Morocco",28.16666667,-12.05,Easy,
loc_00433,Sahara and Meseta,Tanger-Tétouan-Al Hoceima,Water spring,,AbdelMaksoud et al.2025,"Preserving Geoheritage in Chefchaouen-Morocco, After a Well Accident: A Focus on Sustainability",34.88909167,-4.948152778,Moderate,
loc_00434,Sahara and Meseta,Tanger-Tétouan-Al Hoceima,Panoramic view to the folded mountains,,AbdelMaksoud et al.2025,"Preserving Geoheritage in Chefchaouen-Morocco, After a Well Accident: A Focus on Sustainability",34.92726111,-4.86625,Difficult,
loc_00435,Sahara and Meseta,Tanger-Tétouan-Al Hoceima,Petrified wood intruded by iron deposits,,AbdelMaksoud et al.2025,"Preserving Geoheritage in Chefchaouen-Morocco, After a Well Accident: A Focus on Sustainability",34.88933611,-4.895605556,Easy,
loc_00436,Sahara and Meseta,Tanger-Tétouan-Al Hoceima,Stromatolites,,AbdelMaksoud et al.2025,"Preserving Geoheritage in Chefchaouen-Morocco, After a Well Accident: A Focus on Sustainability",34.93650556,-4.911755556,Moderate,
loc_00437,Sahara and Meseta,Tanger-Tétouan-Al Hoceima,Caristified cave stalactite,,AbdelMaksoud et al.2025,"Preserving Geoheritage in Chefchaouen-Morocco, After a Well Accident: A Focus on Sustainability",34.91381389,-4.814366667,Easy,
loc_00438,Sahara and Meseta,Tanger-Tétouan-Al Hoceima,Karastified limestone rocks eroded,,AbdelMaksoud et al.2025,"Preserving Geoheritage in Chefchaouen-Morocco, After a Well Accident: A Focus on Sustainability",34.90966111,-4.75915,Easy,
loc_00439,Sahara and Meseta,Tanger-Tétouan-Al Hoceima,Hill shades of limestone rocks,,AbdelMaksoud et al.2025,"Preserving Geoheritage in Chefchaouen-Morocco, After a Well Accident: A Focus on Sustainability",34.95929444,-4.832261111,Easy,
loc_00440,Sahara and Meseta,Tanger-Tétouan-Al Hoceima,Targha mica-shist,,Aoulad Sidi-Mhend et al.2019,The Geological Heritage of the Talassemtane National Park and the Ghomara coast Natural Area (NW of Morocco),35.40295891,-5.016487944,Moderate,
loc_00441,Sahara and Meseta,Tanger-Tétouan-Al Hoceima,Beni Bousera Kinzigites,,Aoulad Sidi-Mhend et al.2019,The Geological Heritage of the Talassemtane National Park and the Ghomara coast Natural Area (NW of Morocco),35.31824791,-4.932783086,Easy,
loc_00442,Sahara and Meseta,Tanger-Tétouan-Al Hoceima,Tihissasse fan delta,,Aoulad Sidi-Mhend et al.2019,The Geological Heritage of the Talassemtane National Park and the Ghomara coast Natural Area (NW of Morocco),35.3333295,-4.941882588,Moderate,
loc_00443,Sahara and Meseta,Béni Mellal-Khénifra,Thedolerite sill of Ouzoud,,Louz et al.2022,"Inventory and Enhancement of Geological Heritage in the Ouzoud Syncline (M’Goun UNESCOGeopark, Central High Atlas, Morocco): First Step for Promoting Geotourism and Sustainable Development †",32.03553889,-6.705880556,Easy,
loc_00444,Sahara and Meseta,Béni Mellal-Khénifra,Ouzoud travertines,,Louz et al.2022,"Inventory and Enhancement of Geological Heritage in the Ouzoud Syncline (M’Goun UNESCOGeopark, Central High Atlas, Morocco): First Step for Promoting Geotourism and Sustainable Development †",32.01728611,-6.722075,Moderate,
loc_00445,Rif,Béni Mellal-Khénifra,Estuary of Oued Tassakht,,Louz et al.2022,"Inventory and Enhancement of Geological Heritage in the Ouzoud Syncline (M’Goun UNESCOGeopark, Central High Atlas, Morocco): First Step for Promoting Geotourism and Sustainable Development †",31.98703889,-6.702097222,Moderate,
loc_00446,Rif,Béni Mellal-Khénifra,Oued EL Abid gorges and caves,,Louz et al.2022,"Inventory and Enhancement of Geological Heritage in the Ouzoud Syncline (M’Goun UNESCOGeopark, Central High Atlas, Morocco): First Step for Promoting Geotourism and Sustainable Development †",32.16708611,-6.259005556,Moderate,
loc_00447,Rif,Béni Mellal-Khénifra,Azilal formation intruded by Tanaghmelt sill,,Louz et al.2022,"Inventory and Enhancement of Geological Heritage in the Ouzoud Syncline (M’Goun UNESCOGeopark, Central High Atlas, Morocco): First Step for Promoting Geotourism and Sustainable Development †",32.01875278,-6.744566667,Moderate,
loc_00448,Rif,Béni Mellal-Khénifra,Zaouit Tanaghmelt,,Louz et al.2022,"Inventory and Enhancement of Geological Heritage in the Ouzoud Syncline (M’Goun UNESCOGeopark, Central High Atlas, Morocco): First Step for Promoting Geotourism and Sustainable Development †",32.01884722,-6.736566667,Moderate,
loc_00449,Rif,Béni Mellal-Khénifra,Basaltic flows of Ouzoud,,Louz et al.2022,"Inventory and Enhancement of Geological Heritage in the Ouzoud Syncline (M’Goun UNESCOGeopark, Central High Atlas, Morocco): First Step for Promoting Geotourism and Sustainable Development †",32.00188611,-6.746133333,Moderate,
loc_00450,Rif,Béni Mellal-Khénifra,Ouzoud springs,,Louz et al.2022,"Inventory and Enhancement of Geological Heritage in the Ouzoud Syncline (M’Goun UNESCOGeopark, Central High Atlas, Morocco): First Step for Promoting Geotourism and Sustainable Development †",31.9898,-6.71375,Moderate,
loc_00451,Rif,Béni Mellal-Khénifra,Radiating dykes Taghia-n-Ait Boulmane,,Louz et al.2022a,"Geological heritage of the Taguelft syncline (M'Goun Geopark): Inventory, assessment, and promotion for geotourism development (Central High Atlas, Morocco)",32.20174444,-6.117430556,Moderate,
loc_00452,Rif,Béni Mellal-Khénifra,Travertines of Tighalghalt,,Louz et al.2022a,"Geological heritage of the Taguelft syncline (M'Goun Geopark): Inventory, assessment, and promotion for geotourism development (Central High Atlas, Morocco)",32.24314444,-6.237083333,Moderate,
loc_00453,Rif,Béni Mellal-Khénifra,The community granaries of Taghia-n-Ait Boulmane,,Louz et al.2022a,"Geological heritage of the Taguelft syncline (M'Goun Geopark): Inventory, assessment, and promotion for geotourism development (Central High Atlas, Morocco)",32.18385278,-6.095055556,Moderate,
loc_00454,Rif,Drâa-Tafilalet,wadi Ziz canyon,,Manaouch et al.2025,Enhancing Geotourism in Southeastern Morocco through Machine Learning‑Based Geomorphosite Identification,32.15258333,-4.374058333,Easy,
loc_00455,Rif,Drâa-Tafilalet,Hammat Moulay Ali Cherif,,Manaouch et al.2025,Enhancing Geotourism in Southeastern Morocco through Machine Learning‑Based Geomorphosite Identification,32.18263333,-4.367130556,Easy,
loc_00456,Rif,Drâa-Tafilalet,Hassan Addakhil Dam Lake,,Manaouch et al.2025,Enhancing Geotourism in Southeastern Morocco through Machine Learning‑Based Geomorphosite Identification,32.02576111,-4.463383333,Easy,
loc_00457,Rif,Drâa-Tafilalet,Tunnel Zaabel,,Manaouch et al.2025,Enhancing Geotourism in Southeastern Morocco through Machine Learning‑Based Geomorphosite Identification,32.17190278,-4.367847222,Easy,
loc_00458,Western High Atlas,Drâa-Tafilalet,Ziz Valley Ait Atmane,,Manaouch et al.2025,Enhancing Geotourism in Southeastern Morocco through Machine Learning‑Based Geomorphosite Identification,32.08546944,-4.383705556,Easy,
loc_00459,Western High Atlas,Drâa-Tafilalet,Waterfall,,Manaouch et al.2025,Enhancing Geotourism in Southeastern Morocco through Machine Learning‑Based Geomorphosite Identification,32.07975278,-4.375116667,Easy,
loc_00460,Western High Atlas,Marrakech-Safi,Panoramic view from the Kettara intrusion,,Kaid Rassou et.2019,THE VULGARIZATION FOR THE PATRIMONIALIZATION OF THE KETTARA GEODIVERSITY (CENTRAL JBILET) MOROCCO,31.87369722,-8.168141667,Moderate,
loc_00461,Western High Atlas,Marrakech-Safi,Mineralized quartz-chlorite vein cutting the schists at a low angle in the Kettara gossan,,Kaid Rassou et.2019,THE VULGARIZATION FOR THE PATRIMONIALIZATION OF THE KETTARA GEODIVERSITY (CENTRAL JBILET) MOROCCO,31.86613611,-8.177069444,Easy,
loc_00462,Western High Atlas,Marrakech-Safi,"Mineralized quartz-chlorite vein cutting the schists at a 
low angle in the Kettara gossan",,Kaid Rassou et.2019,THE VULGARIZATION FOR THE PATRIMONIALIZATION OF THE KETTARA GEODIVERSITY (CENTRAL JBILET) MOROCCO,31.87674167,-8.143633333,Difficult,
loc_00463,Western High Atlas,Marrakech-Safi,"Specimen from the drill core showing a mineralized quartz-chlorite 
vein crosscut by a carbonate (CC) vein",,Kaid Rassou et.2019,THE VULGARIZATION FOR THE PATRIMONIALIZATION OF THE KETTARA GEODIVERSITY (CENTRAL JBILET) MOROCCO,31.87757222,-8.187175,Easy,
loc_00464,Western High Atlas,Marrakech-Safi,Intrusion affected by subvertical schistosity,,Kaid Rassou et.2019,THE VULGARIZATION FOR THE PATRIMONIALIZATION OF THE KETTARA GEODIVERSITY (CENTRAL JBILET) MOROCCO,31.85823889,-8.164880556,Moderate,
loc_00465,Western High Atlas,Marrakech-Safi,Panorama of a geological succession with several uncon formities (Tahannaout; Douar Sour),, Wakass et al.2023,"Geosites of High Atlas of Marrakech (Morocco): Geological Characterization, Accessibility, and Potential Interests for Sustainable Tourism",31.34398889,-7.951219444,Easy,
loc_00466,Western High Atlas,Marrakech-Safi,Normal faults with tilted blocks (Zawyat bou houta),, Wakass et al.2023,"Geosites of High Atlas of Marrakech (Morocco): Geological Characterization, Accessibility, and Potential Interests for Sustainable Tourism",31.33067222,-7.954158333,Esay,
loc_00467,Western High Atlas,Marrakech-Safi,"Syn-sedimentary tectonic geosite: Hemigraben perched on visean basement, graben, tilted block and normal faults (Tibizzit)",, Wakass et al.2023,"Geosites of High Atlas of Marrakech (Morocco): Geological Characterization, Accessibility, and Potential Interests for Sustainable Tourism",31.32345278,-7.955347222,Easy,
loc_00468,Rif,Marrakech-Safi,"Syn-sedimentary tectonic geosite of a 
normal fault (Aghzane",, Wakass et al.2023,"Geosites of High Atlas of Marrakech (Morocco): Geological Characterization, Accessibility, and Potential Interests for Sustainable Tourism",31.306475,-7.971997222,Moderate,
loc_00469,Rif,Marrakech-Safi,Moulay Brahim landscape,, Wakass et al.2023,"Geosites of High Atlas of Marrakech (Morocco): Geological Characterization, Accessibility, and Potential Interests for Sustainable Tourism",31.29238611,-7.965736111,Easy,
loc_00470,Rif,Marrakech-Safi,Asni anticlinorium,, Wakass et al.2023,"Geosites of High Atlas of Marrakech (Morocco): Geological Characterization, Accessibility, and Potential Interests for Sustainable Tourism",31.25712778,-7.980569444,Moderate,
loc_00471,Rif,Marrakech-Safi,Imlil landscape,, Wakass et al.2023,"Geosites of High Atlas of Marrakech (Morocco): Geological Characterization, Accessibility, and Potential Interests for Sustainable Tourism",31.13441111,-7.920894444,Easy,
loc_00472,Rif,Marrakech-Safi,Aerial courses and B tree climbing in Terre d’Amanar tourist site (Tahannaout),, Wakass et al.2023,"Geosites of High Atlas of Marrakech (Morocco): Geological Characterization, Accessibility, and Potential Interests for Sustainable Tourism",31.34532778,-7.9461,Easy,
loc_00473,Rif,Doukkala-Abda,Jbel Irhoud,,Enniouar et al.2015,The Geoheritage of the Doukkala-Abda Region (Morocco): An Opportunity for Local Socio-Economic Sustainable Development,31.91383333,-8.838466667,Easy,
loc_00474,Rif,Doukkala-Abda,Consolidated and unconsolidated dunes,,Enniouar et al.2015,The Geoheritage of the Doukkala-Abda Region (Morocco): An Opportunity for Local Socio-Economic Sustainable Development,32.71849167,-9.061522222,Easy,
loc_00475,Rif,Doukkala-Abda,Oualidia caves,,Enniouar et al.2015,The Geoheritage of the Doukkala-Abda Region (Morocco): An Opportunity for Local Socio-Economic Sustainable Development,32.75201389,-9.012411111,Easy,
loc_00476,Rif,Doukkala-Abda,Oualidia Lagoon,,Enniouar et al.2015,The Geoheritage of the Doukkala-Abda Region (Morocco): An Opportunity for Local Socio-Economic Sustainable Development,32.73180556,-8.961111111,easy,
loc_00477,Rif,Tanger-Tétouan-Al Hoceima,Talaat Lakraa mixed flysch,,Ben Ali et al.2025,From inventory and quantitative assessment of geosites to sustainable development: Case study of the Flyshs georoad of the Tangier Peninsula,35.8294,-5.715833333,Moderate,
loc_00478,Rif,Tanger-Tétouan-Al Hoceima,Beni Ider of Sidi Kankouch,,Ben Ali et al.2025,From inventory and quantitative assessment of geosites to sustainable development: Case study of the Flyshs georoad of the Tangier Peninsula,35.83153056,-5.704813889,Easy,
loc_00479,Rif,Tanger-Tétouan-Al Hoceima,The Upper Cretaceous of the Beni Ider nappe and the Italian Castle,,Ben Ali et al.2025,From inventory and quantitative assessment of geosites to sustainable development: Case study of the Flyshs georoad of the Tangier Peninsula,35.79333056,-5.826141667,Easy,
loc_00480,Rif,Tanger-Tétouan-Al Hoceima,Phoenician Necropolises and the Numidian,,Ben Ali et al.2025,From inventory and quantitative assessment of geosites to sustainable development: Case study of the Flyshs georoad of the Tangier Peninsula,35.78498611,-5.929822222,Easy,
loc_00481,Rif,Tanger-Tétouan-Al Hoceima,The Numidian of Cap Spartel,,Ben Ali et al.2025,From inventory and quantitative assessment of geosites to sustainable development: Case study of the Flyshs georoad of the Tangier Peninsula,35.79096111,-5.923911111,Easy,
loc_00482,Rif,Tanger-Tétouan-Al Hoceima,Achakar calcarenites,,Ben Ali et al.2025,From inventory and quantitative assessment of geosites to sustainable development: Case study of the Flyshs georoad of the Tangier Peninsula,35.77959722,-5.930925,Easy,
loc_00483,Rif,Tanger-Tétouan-Al Hoceima,Grotte Hercule,,Ben Ali et al.2025,From inventory and quantitative assessment of geosites to sustainable development: Case study of the Flyshs georoad of the Tangier Peninsula,35.75993611,-5.939444444,Easy,
loc_00484,Rif,Béni Mellal-Khénifra,"Red layers, layers of gypsum, interstratified basalt flow B2",,Rais et al.2021,"Geological heritage in the M'Goun geopark: A proposal of geo-itineraries around the Bine El Ouidane dam (Central High Atlas, Morocco)",32.13644722,-6.303011111,Moderate,
loc_00485,Rif,Béni Mellal-Khénifra,Houses and the granaries cover the sum mits of the red brick hills surrounding the lake,,Rais et al.2021,"Geological heritage in the M'Goun geopark: A proposal of geo-itineraries around the Bine El Ouidane dam (Central High Atlas, Morocco)",32.13279722,-6.330252778,Moderate,
loc_00486,Rif,Béni Mellal-Khénifra,Silty and sandstone strata tracks of footprints of theropod and sauropod dinosaurs,,Rais et al.2021,"Geological heritage in the M'Goun geopark: A proposal of geo-itineraries around the Bine El Ouidane dam (Central High Atlas, Morocco)",32.11234167,-6.340222222,Moderate,
loc_00487,Rif,Béni Mellal-Khénifra,Cross-stratification and current ripples) of Guettioua and Jbel Sidal Fms,,Rais et al.2021,"Geological heritage in the M'Goun geopark: A proposal of geo-itineraries around the Bine El Ouidane dam (Central High Atlas, Morocco)",32.08373333,-6.307263889,Moderate,
loc_00488,Rif,Béni Mellal-Khénifra,Troglodyte construction of the Ait Aloui and Ait Izza douars,,Rais et al.2021,"Geological heritage in the M'Goun geopark: A proposal of geo-itineraries around the Bine El Ouidane dam (Central High Atlas, Morocco)",32.08524444,-6.443269444,Difficult,
loc_00489,Rif,Béni Mellal-Khénifra,Spring of Ain El Ghazi,,Ait Barka et al.2022,THE KARST LANDSCAPES OF BENI MELLAL ATLAS (CENTRAL MOROCCO): IDENTIFICATION FOR PROMOTING GEOCONSERVATION AND TOURISM,32.32443056,-6.316886111,Easy,
loc_00490,Rif,Béni Mellal-Khénifra,Canyon of Hansala,,Ait Barka et al.2022,THE KARST LANDSCAPES OF BENI MELLAL ATLAS (CENTRAL MOROCCO): IDENTIFICATION FOR PROMOTING GEOCONSERVATION AND TOURISM,32.37435833,-6.143083333,Difficult,
loc_00491,Rif,Béni Mellal-Khénifra,Timskar Waterfalls,,Louz et al.2024,"Identification of Potential Areas for the Development of Geotourism 
in the Northern Part of the M’goun Geopark (Morocco) Using 
Multi‑Criteria Analysis and Sig",32.28123611,-6.265222222,Moderate,
loc_00492,Rif,Béni Mellal-Khénifra,Tazerkount ruiniformes landscapes,,Louz et al.2024,"Identification of Potential Areas for the Development of Geotourism 
in the Northern Part of the M’goun Geopark (Morocco) Using 
Multi‑Criteria Analysis and Sig",32.19077778,-6.517761111,Moderate,
loc_00493,Rif,Béni Mellal-Khénifra,Ruiniformes Landscapes of Oribaa,,Ait Barka et al.2022,THE KARST LANDSCAPES OF BENI MELLAL ATLAS (CENTRAL MOROCCO): IDENTIFICATION FOR PROMOTING GEOCONSERVATION AND TOURISM,32.30911667,-6.353455556,Moderate,
loc_00494,Rif,Béni Mellal-Khénifra,Caves of Orbiaa,,Louz et al.2024,"Identification of Potential Areas for the Development of Geotourism 
in the Northern Part of the M’goun Geopark (Morocco) Using 
Multi‑Criteria Analysis and Sig",32.30671389,-6.336480556,Moderate,
loc_00495,Rif,Béni Mellal-Khénifra,Caves of Ain El ghazi,,Ait Barka et al.2022,THE KARST LANDSCAPES OF BENI MELLAL ATLAS (CENTRAL MOROCCO): IDENTIFICATION FOR PROMOTING GEOCONSERVATION AND TOURISM,32.33271389,-6.310772222,Moderate,
loc_00496,Rif,Béni Mellal-Khénifra,Ain Orbiaa,,Louz et al.2024,"Identification of Potential Areas for the Development of Geotourism 
in the Northern Part of the M’goun Geopark (Morocco) Using 
Multi‑Criteria Analysis and Sig",32.30702222,-6.350052778,Easy,
loc_00497,Rif,Béni Mellal-Khénifra,Ruiniformes Landscapes of Tassemit,,Ait Barka et al.2022,THE KARST LANDSCAPES OF BENI MELLAL ATLAS (CENTRAL MOROCCO): IDENTIFICATION FOR PROMOTING GEOCONSERVATION AND TOURISM,32.29003056,-6.271786111,Moderate,
loc_00498,Rif,Béni Mellal-Khénifra,Travertines of El Ksiba,,Louz et al.2024,"Identification of Potential Areas for the Development of Geotourism 
in the Northern Part of the M’goun Geopark (Morocco) Using 
Multi‑Criteria Analysis and Sig",32.56476389,-6.017641667,Easy,
loc_00499,Rif,Béni Mellal-Khénifra,Panoramic view of rurate,,Louz et al.2024,"Identification of Potential Areas for the Development of Geotourism 
in the Northern Part of the M’goun Geopark (Morocco) Using 
Multi‑Criteria Analysis and Sig",32.18103056,-6.519197222,Easy,
loc_00500,Rif,Béni Mellal-Khénifra,Spring of Tamoudjout,,Ait Barka et al.2022,THE KARST LANDSCAPES OF BENI MELLAL ATLAS (CENTRAL MOROCCO): IDENTIFICATION FOR PROMOTING GEOCONSERVATION AND TOURISM,32.49888056,-6.146663889,Moderate,
loc_00501,Rif,Béni Mellal-Khénifra,Spring of Ouchrah,,Ait Barka et al.2022,THE KARST LANDSCAPES OF BENI MELLAL ATLAS (CENTRAL MOROCCO): IDENTIFICATION FOR PROMOTING GEOCONSERVATION AND TOURISM,32.42920556,-6.170663889,Moderate,
loc_00502,Rif,Béni Mellal-Khénifra,Panoramic view of   Beni Mellal city,,Ait Barka et al.2022,THE KARST LANDSCAPES OF BENI MELLAL ATLAS (CENTRAL MOROCCO): IDENTIFICATION FOR PROMOTING GEOCONSERVATION AND TOURISM,32.32462778,-6.337727778,Easy,
loc_00503,Rif,Béni Mellal-Khénifra,Caves of the cliffs of Timoulilte,,Ait Barka et al.2022,THE KARST LANDSCAPES OF BENI MELLAL ATLAS (CENTRAL MOROCCO): IDENTIFICATION FOR PROMOTING GEOCONSERVATION AND TOURISM,32.20083611,-6.430713889,Difficult,
loc_00504,Rif,Béni Mellal-Khénifra,Cave of the cliffs of Tanougha,,Ait Barka et al.2022,THE KARST LANDSCAPES OF BENI MELLAL ATLAS (CENTRAL MOROCCO): IDENTIFICATION FOR PROMOTING GEOCONSERVATION AND TOURISM,32.49078889,-6.135119444,Moderate,
loc_00505,Rif,Béni Mellal-Khénifra,Cave of Foum El Ancer,,Ait Barka et al.2022,THE KARST LANDSCAPES OF BENI MELLAL ATLAS (CENTRAL MOROCCO): IDENTIFICATION FOR PROMOTING GEOCONSERVATION AND TOURISM,32.37069722,-6.248286111,Moderate,
loc_00506,Rif,,Sebkha Talaklekt,,"Regragui et al., 2026","An overview of North African sebkhas: diversity, resources, and environmental challenges",21.57818056,-15.65790556,Difficult,
loc_00507,Rif,,Sebkhet Dkhayla,,"Regragui et al., 2026","An overview of North African sebkhas: diversity, resources, and environmental challenges",21.75364444,-16.87659722,Moderate,
loc_00508,Rif,,Sebkhat Fares,,"Regragui et al., 2026","An overview of North African sebkhas: diversity, resources, and environmental challenges",22.41135833,-16.41094722,Difficult,
loc_00509,Rif,,Sebkha of Imili,,"Regragui et al., 2026","An overview of North African sebkhas: diversity, resources, and environmental challenges",23.11620556,-16.09349167,Moderate,
loc_00510,Rif,,Sebkhat Ad-Dam,,"Regragui et al., 2026","An overview of North African sebkhas: diversity, resources, and environmental challenges",23.863325,-15.67668056,Easy,
loc_00511,Rif,,Sebkha of Skaymate,,"Regragui et al., 2026","An overview of North African sebkhas: diversity, resources, and environmental challenges",24.54140556,-14.96067222,Difficult,
loc_00512,Rif,,Sebkhat Aridal,,"Regragui et al., 2026","An overview of North African sebkhas: diversity, resources, and environmental challenges",26.26896667,-14.19548611,Moderate,
loc_00513,Rif,,Sebkha Oum Dba,,"Regragui et al., 2026","An overview of North African sebkhas: diversity, resources, and environmental challenges",27.8315,-12.93711389,Moderate,
loc_00514,Rif,,Sebkha Tizfourine,,"Regragui et al., 2026","An overview of North African sebkhas: diversity, resources, and environmental challenges",27.87375278,-12.78620278,Moderate,
loc_00515,Rif,,Sebkha Tah,,"Regragui et al., 2026","An overview of North African sebkhas: diversity, resources, and environmental challenges",27.7551,-12.71916389,Easy,
loc_00516,Rif,,Sebkha Tazgha,,"Regragui et al., 2026","An overview of North African sebkhas: diversity, resources, and environmental challenges",27.99401944,-12.26803056,Easy,
loc_00517,Rif,,Sebkha Lahmira,,"Regragui et al., 2026","An overview of North African sebkhas: diversity, resources, and environmental challenges",28.13802222,-11.808975,Difficult,
loc_00518,Rif,,Sebkha Zima,,"Regragui et al., 2026","An overview of North African sebkhas: diversity, resources, and environmental challenges",31.91809444,-9.111813889,Moderate,
loc_00519,Rif,,Sebkha Lamhaguen,,"Regragui et al., 2026","An overview of North African sebkhas: diversity, resources, and environmental challenges",27.85493056,-12.64991389,Difficult,
loc_00520,Rif,Tanger-Tétouan-Al Hoceima,Akchour Dam,,"Aoulad-Sidi-Mhend et al., 2019b","A quantitative approach to geosites assessment of
the Talassemtane National Park (NW of Morocco)",35.238167,-5.176274938,Easy,
loc_00521,Rif,Tanger-Tétouan-Al Hoceima,Sidi Abdel Hamid Ecomuseum,,"Aoulad-Sidi-Mhend et al., 2019b","A quantitative approach to geosites assessment of
the Talassemtane National Park (NW of Morocco)",35.1723294,-5.268751287,Moderate,
loc_00522,Rif,Tanger-Tétouan-Al Hoceima,Sidi Abdel Hamid Lookout,,"Aoulad-Sidi-Mhend et al., 2019b","A quantitative approach to geosites assessment of
the Talassemtane National Park (NW of Morocco)",35.17314094,-5.269189069,Moderate,
loc_00523,Rif,Tanger-Tétouan-Al Hoceima,Bab Taza Phtanites,,"Aoulad-Sidi-Mhend et al., 2019b","A quantitative approach to geosites assessment of
the Talassemtane National Park (NW of Morocco)",35.06451014,-5.181156471,Easy,
loc_00524,Rif,Tanger-Tétouan-Al Hoceima,Ametrasse fallen blocks,,"Aoulad-Sidi-Mhend et al., 2019b","A quantitative approach to geosites assessment of
the Talassemtane National Park (NW of Morocco)",35.07907971,-5.081361119,Moderate,
loc_00525,Rif,Tanger-Tétouan-Al Hoceima,Jbel Chrafate Panorama,,"Aoulad-Sidi-Mhend et al., 2019b","A quantitative approach to geosites assessment of
the Talassemtane National Park (NW of Morocco)",35.07907069,-5.081361153,Easy,
loc_00526,Rif,Tanger-Tétouan-Al Hoceima,Koudiat Sbaâ Panorama,,"Aoulad-Sidi-Mhend et al., 2019b","A quantitative approach to geosites assessment of
the Talassemtane National Park (NW of Morocco)",35.06633353,-5.040103522,Easy,
loc_00527,Rif,Tanger-Tétouan-Al Hoceima,Raghdat Southern entry of TNP,,"Aoulad-Sidi-Mhend et al., 2019b","A quantitative approach to geosites assessment of
the Talassemtane National Park (NW of Morocco)",35.09006161,-5.156661161,Easy,
loc_00528,Rif,Tanger-Tétouan-Al Hoceima,Jbel Bou Slimane Panorama,,"Aoulad-Sidi-Mhend et al., 2019b","A quantitative approach to geosites assessment of
the Talassemtane National Park (NW of Morocco)",35.12139745,-5.133855305,Moderate,
loc_00529,Rif,Tanger-Tétouan-Al Hoceima,Jbel Kelti Panorama,,"Aoulad-Sidi-Mhend et al., 2019b","A quantitative approach to geosites assessment of
the Talassemtane National Park (NW of Morocco)",35.08412718,-5.08150683,Easy,
loc_00530,Rif,Tanger-Tétouan-Al Hoceima,Oued El Kelaa Gorge and waterfall,,"Aoulad-Sidi-Mhend et al., 2019b","A quantitative approach to geosites assessment of
the Talassemtane National Park (NW of Morocco)",35.20843181,-5.131553454,Difficult,
loc_00531,Rif,Tanger-Tétouan-Al Hoceima,Jbel Tissouka Panorama,,"Aoulad-Sidi-Mhend et al., 2019b","A quantitative approach to geosites assessment of
the Talassemtane National Park (NW of Morocco)",35.16071046,-5.216027759,Difficult,
loc_00532,Rif,Souss-Massa,Ammonites from Alma,,"Contribution to the inventory of Morocco’s geological heritage: The coastal geosites of Agadir Ida-Outanane (western High Atlas, Morocco)","A quantitative study of the geosites in the hinterland of Agadir Ida-Outanane (Western High Atlas, Morocco)",30.51041667,-9.590416667,Moderate,
loc_00533,Rif,Souss-Massa,The anticlinal fold of the Paradis Valley,,"Contribution to the inventory of Morocco’s geological heritage: The coastal geosites of Agadir Ida-Outanane (western High Atlas, Morocco)","A quantitative study of the geosites in the hinterland of Agadir Ida-Outanane (Western High Atlas, Morocco)",30.58777778,-9.528083333,Moderate,
loc_00534,Rif,Souss-Massa,The gorges of the Paradise Valley,,"Contribution to the inventory of Morocco’s geological heritage: The coastal geosites of Agadir Ida-Outanane (western High Atlas, Morocco)","A quantitative study of the geosites in the hinterland of Agadir Ida-Outanane (Western High Atlas, Morocco)",30.58908333,-9.524611111,Moderate,
loc_00535,Rif,Souss-Massa,Imouzzer Ida-Outanane faults and fold,,"Contribution to the inventory of Morocco’s geological heritage: The coastal geosites of Agadir Ida-Outanane (western High Atlas, Morocco)","A quantitative study of the geosites in the hinterland of Agadir Ida-Outanane (Western High Atlas, Morocco)",30.69122222,-9.6215,Moderate,
loc_00536,Rif,Souss-Massa,Imouzzer Ida-Outanane waterfalls,,"Contribution to the inventory of Morocco’s geological heritage: The coastal geosites of Agadir Ida-Outanane (western High Atlas, Morocco)","A quantitative study of the geosites in the hinterland of Agadir Ida-Outanane (Western High Atlas, Morocco)",30.67741667,-9.480111111,Easy,
loc_00537,Rif,Souss-Massa,The Moulay Abd Allah dam,,"Contribution to the inventory of Morocco’s geological heritage: The coastal geosites of Agadir Ida-Outanane (western High Atlas, Morocco)","A quantitative study of the geosites in the hinterland of Agadir Ida-Outanane (Western High Atlas, Morocco)",30.77252778,-9.675916667,Easy,
loc_00538,Rif,Souss-Massa,Imi Ouggoug cave,,"Contribution to the inventory of Morocco’s geological heritage: The coastal geosites of Agadir Ida-Outanane (western High Atlas, Morocco)","A quantitative study of the geosites in the hinterland of Agadir Ida-Outanane (Western High Atlas, Morocco)",30.61472222,-9.468666667,Difficult,
loc_00539,Rif,Souss-Massa,Assif n’El Had cave,,"Contribution to the inventory of Morocco’s geological heritage: The coastal geosites of Agadir Ida-Outanane (western High Atlas, Morocco)","A quantitative study of the geosites in the hinterland of Agadir Ida-Outanane (Western High Atlas, Morocco)",30.74697222,-9.476666667,Easy,
loc_00540,Rif,Souss-Massa,The Birfichou chasm,,"Contribution to the inventory of Morocco’s geological heritage: The coastal geosites of Agadir Ida-Outanane (western High Atlas, Morocco)","A quantitative study of the geosites in the hinterland of Agadir Ida-Outanane (Western High Atlas, Morocco)",30.69477778,-9.402555556,Moderate,
loc_00541,Rif,Souss-Massa,The Win Timdwin cave,,"Contribution to the inventory of Morocco’s geological heritage: The coastal geosites of Agadir Ida-Outanane (western High Atlas, Morocco)","A quantitative study of the geosites in the hinterland of Agadir Ida-Outanane (Western High Atlas, Morocco)",30.68044444,-9.344833333,Difficult,
loc_00542,Rif,Tanger-Tétouan-Al Hoceima,Beni Moussa spring,,"Salhi et al., 2026",Assessment of Geosites in Northern Morocco_Diversity and Richness with Potential for Socioeconomic Development,35.318922,-5.342704,Easy,
loc_00543,Rif,Tanger-Tétouan-Al Hoceima,Boujmil spring,,"Salhi et al., 2026",Assessment of Geosites in Northern Morocco_Diversity and Richness with Potential for Socioeconomic Development,35.761002,-5.441038,Moderate,
loc_00544,Rif,Tanger-Tétouan-Al Hoceima,Zarjoun spring,,"Salhi et al., 2026",Assessment of Geosites in Northern Morocco_Diversity and Richness with Potential for Socioeconomic Development,35.745521,-5.432185,Moderate,
loc_00545,Rif,Tanger-Tétouan-Al Hoceima,Al Kouf spring,,"Salhi et al., 2026",Assessment of Geosites in Northern Morocco_Diversity and Richness with Potential for Socioeconomic Development,35.714694,-5.430446,Moderate,
loc_00546,Rif,Tanger-Tétouan-Al Hoceima,Polje of Fahs Lamhar,,"Salhi et al., 2026",Assessment of Geosites in Northern Morocco_Diversity and Richness with Potential for Socioeconomic Development,35.664804,-5.441151,Moderate,
loc_00547,Rif,Tanger-Tétouan-Al Hoceima,Onsar spring,,"Salhi et al., 2026",Assessment of Geosites in Northern Morocco_Diversity and Richness with Potential for Socioeconomic Development,35.648108,-5.431448,Moderate,
loc_00548,Rif,Tanger-Tétouan-Al Hoceima,Azeroual spring,,"Salhi et al., 2026",Assessment of Geosites in Northern Morocco_Diversity and Richness with Potential for Socioeconomic Development,35.611045,-5.389665,Easy,
loc_00549,Rif,Tanger-Tétouan-Al Hoceima,Al Mashar cave,,"Salhi et al., 2026",Assessment of Geosites in Northern Morocco_Diversity and Richness with Potential for Socioeconomic Development,35.664627,-5.426957,Difficult,
loc_00550,Rif,Tanger-Tétouan-Al Hoceima,Alouiya spring,,"Salhi et al., 2026",Assessment of Geosites in Northern Morocco_Diversity and Richness with Potential for Socioeconomic Development,35.641148,-5.443133,Moderate,
loc_00551,Rif,Tanger-Tétouan-Al Hoceima,Al Keddane spring,,"Salhi et al., 2026",Assessment of Geosites in Northern Morocco_Diversity and Richness with Potential for Socioeconomic Development,35.654769,-5.456236,Moderate,
loc_00552,Rif,Tanger-Tétouan-Al Hoceima,Limestone pavement of Bhar Nazef,,"Salhi et al., 2026",Assessment of Geosites in Northern Morocco_Diversity and Richness with Potential for Socioeconomic Development,35.60087,-5.390362,Moderate,
loc_00553,Rif,Tanger-Tétouan-Al Hoceima,Doline of Dersa Mountain,,"Salhi et al., 2026",Assessment of Geosites in Northern Morocco_Diversity and Richness with Potential for Socioeconomic Development,35.594108,-5.379917,Moderate,
loc_00554,Rif,Tanger-Tétouan-Al Hoceima,Torreta spring,,"Salhi et al., 2026",Assessment of Geosites in Northern Morocco_Diversity and Richness with Potential for Socioeconomic Development,35.548847,-5.355334,Moderate,
loc_00555,Rif,Tanger-Tétouan-Al Hoceima,Zarka spring,,"Salhi et al., 2026",Assessment of Geosites in Northern Morocco_Diversity and Richness with Potential for Socioeconomic Development,35.312201,-5.203304,Easy,
loc_00556,Rif,Tanger-Tétouan-Al Hoceima,Taht Lghar cave,,"Salhi et al., 2026",Assessment of Geosites in Northern Morocco_Diversity and Richness with Potential for Socioeconomic Development,35.304508,-5.195604,Moderate,
loc_00557,Rif,Tanger-Tétouan-Al Hoceima,Uvala of Dar Akhanous,,"Salhi et al., 2026",Assessment of Geosites in Northern Morocco_Diversity and Richness with Potential for Socioeconomic Development,35.501247,-5.34851,Difficult,
loc_00558,Rif,Tanger-Tétouan-Al Hoceima,Al Hamma cave,,"Salhi et al., 2026",Assessment of Geosites in Northern Morocco_Diversity and Richness with Potential for Socioeconomic Development,35.27706,-5.18095,Moderate,
loc_00559,Rif,Tanger-Tétouan-Al Hoceima,Moukdassen spring,,"Salhi et al., 2026",Assessment of Geosites in Northern Morocco_Diversity and Richness with Potential for Socioeconomic Development,35.536092,-5.334538,Moderate,
loc_00560,Rif,Tanger-Tétouan-Al Hoceima,Limestone pavement of Jebala,,"Salhi et al., 2026",Assessment of Geosites in Northern Morocco_Diversity and Richness with Potential for Socioeconomic Development,35.373907,-5.265274,Moderate,
loc_00561,Rif,Tanger-Tétouan-Al Hoceima,Spring of Mountain Moussa,,"Salhi et al., 2026",Assessment of Geosites in Northern Morocco_Diversity and Richness with Potential for Socioeconomic Development,35.543071,-5.24645,Moderate,
loc_00562,Rif,Tanger-Tétouan-Al Hoceima,Knadel cave,,"Salhi et al., 2026",Assessment of Geosites in Northern Morocco_Diversity and Richness with Potential for Socioeconomic Development,35.2448045,-5.314465,Moderate,
loc_00563,Rif,Tanger-Tétouan-Al Hoceima,Complex of cavities of Mountain Kelti,,"Salhi et al., 2026",Assessment of Geosites in Northern Morocco_Diversity and Richness with Potential for Socioeconomic Development,35.373904,-5.265272,Moderate,
loc_00564,Rif,Tanger-Tétouan-Al Hoceima,Achakrade spring,,"Salhi et al., 2026",Assessment of Geosites in Northern Morocco_Diversity and Richness with Potential for Socioeconomic Development,35.305593,-5.334694,Moderate,
loc_00565,Rif,Tanger-Tétouan-Al Hoceima,Kelti spring,,"Salhi et al., 2026",Assessment of Geosites in Northern Morocco_Diversity and Richness with Potential for Socioeconomic Development,35.348393,-5.269338,Moderate,
loc_00566,Rif,Tanger-Tétouan-Al Hoceima,Bouattou spring,,"Salhi et al., 2026",Assessment of Geosites in Northern Morocco_Diversity and Richness with Potential for Socioeconomic Development,35.3471335,-5.325466,Moderate,
loc_00567,Rif,Tanger-Tétouan-Al Hoceima,Avens of Kayat,,"Salhi et al., 2026",Assessment of Geosites in Northern Morocco_Diversity and Richness with Potential for Socioeconomic Development,35.286726,-5.229632,Moderate,
loc_00568,Rif,Tanger-Tétouan-Al Hoceima,Ifahssa old cave,,"Salhi et al., 2026",Assessment of Geosites in Northern Morocco_Diversity and Richness with Potential for Socioeconomic Development,35.300705,-5.238901,Moderate,
loc_00569,Rif,Tanger-Tétouan-Al Hoceima,Block of Limestone Rocks,,"Salhi et al., 2026",Assessment of Geosites in Northern Morocco_Diversity and Richness with Potential for Socioeconomic Development,35.299242,-5.239654,Moderate,
loc_00570,Rif,Tanger-Tétouan-Al Hoceima,Travertine of Ifahsa,,"Salhi et al., 2026",Assessment of Geosites in Northern Morocco_Diversity and Richness with Potential for Socioeconomic Development,35.299126,-5.21998,Moderate,
loc_00571,Rif,Tanger-Tétouan-Al Hoceima,Ifahsa spring,,"Salhi et al., 2026",Assessment of Geosites in Northern Morocco_Diversity and Richness with Potential for Socioeconomic Development,35.297071,-5.233062,Moderate,
loc_00572,Rif,Tanger-Tétouan-Al Hoceima,Oued Adelmane cave,,"Salhi et al., 2026",Assessment of Geosites in Northern Morocco_Diversity and Richness with Potential for Socioeconomic Development,35.21421,-5.035252,Difficult,
loc_00573,Rif,Tanger-Tétouan-Al Hoceima,Al Kalaa spring,,"Salhi et al., 2026",Assessment of Geosites in Northern Morocco_Diversity and Richness with Potential for Socioeconomic Development,35.219337,-5.138959,Difficult,
loc_00574,Rif,Tanger-Tétouan-Al Hoceima,Ruiniform Chaos of Bab Al Arz,,"Salhi et al., 2026",Assessment of Geosites in Northern Morocco_Diversity and Richness with Potential for Socioeconomic Development,35.332065,-5.558865,Moderate,
loc_00575,Rif,Tanger-Tétouan-Al Hoceima,Lkhoujja spring,,"Salhi et al., 2026",Assessment of Geosites in Northern Morocco_Diversity and Richness with Potential for Socioeconomic Development,35.260086,-5.260401,Moderate,
loc_00576,Rif,Tanger-Tétouan-Al Hoceima,Tazroute springs,,"Salhi et al., 2026",Assessment of Geosites in Northern Morocco_Diversity and Richness with Potential for Socioeconomic Development,35.318987,-5.498023,Moderate,
loc_00577,Rif,Tanger-Tétouan-Al Hoceima,Monte spring,,"Salhi et al., 2026",Assessment of Geosites in Northern Morocco_Diversity and Richness with Potential for Socioeconomic Development,35.271547,-5.505652,Difficult,
loc_00578,Rif,Tanger-Tétouan-Al Hoceima,Souyah spring,,"Salhi et al., 2026",Assessment of Geosites in Northern Morocco_Diversity and Richness with Potential for Socioeconomic Development,35.207925,-5.045195,Difficult,
loc_00579,Rif,Tanger-Tétouan-Al Hoceima,Talassemtane spring,,"Salhi et al., 2026",Assessment of Geosites in Northern Morocco_Diversity and Richness with Potential for Socioeconomic Development,35.127342,-5.069507,Difficult,
loc_00580,Rif,Tanger-Tétouan-Al Hoceima,Ruiniform landscape of Afaska,,"Salhi et al., 2026",Assessment of Geosites in Northern Morocco_Diversity and Richness with Potential for Socioeconomic Development,35.184135,-5.213966,Moderate,
loc_00581,Rif,Tanger-Tétouan-Al Hoceima,Imezzar spring,,"Salhi et al., 2026",Assessment of Geosites in Northern Morocco_Diversity and Richness with Potential for Socioeconomic Development,35.188157,-5.178,Moderate,
loc_00582,Rif,Tanger-Tétouan-Al Hoceima,Kaf Lahmam cave,,"Salhi et al., 2026",Assessment of Geosites in Northern Morocco_Diversity and Richness with Potential for Socioeconomic Development,35.183612,-5.196393,Moderate,
loc_00583,Rif,Tanger-Tétouan-Al Hoceima,Tizi cave,,"Salhi et al., 2026",Assessment of Geosites in Northern Morocco_Diversity and Richness with Potential for Socioeconomic Development,35.185283,-5.194535,Difficult,
loc_00584,Rif,Tanger-Tétouan-Al Hoceima,Azilane spring,,"Salhi et al., 2026",Assessment of Geosites in Northern Morocco_Diversity and Richness with Potential for Socioeconomic Development,35.179224,-5.246292,Difficult,
loc_00585,Rif,Tanger-Tétouan-Al Hoceima,Assifane cavities,,"Salhi et al., 2026",Assessment of Geosites in Northern Morocco_Diversity and Richness with Potential for Socioeconomic Development,35.112876,-4.967752,Moderate,
loc_00586,Rif,Tanger-Tétouan-Al Hoceima,Limestone pavement of Bouhalla,,"Salhi et al., 2026",Assessment of Geosites in Northern Morocco_Diversity and Richness with Potential for Socioeconomic Development,35.09254,-5.149741,Moderate,
loc_00587,Rif,Tanger-Tétouan-Al Hoceima,Polje Al Malaab,,"Salhi et al., 2026",Assessment of Geosites in Northern Morocco_Diversity and Richness with Potential for Socioeconomic Development,35.601983,-5.388492,Moderate,
loc_00588,Rif,Tanger-Tétouan-Al Hoceima,Limestone pavement of Tissemlal,,"Salhi et al., 2026",Assessment of Geosites in Northern Morocco_Diversity and Richness with Potential for Socioeconomic Development,35.178221,-5.246293,Easy,
loc_00589,Rif,Tanger-Tétouan-Al Hoceima,Karst complex of Mountain Lakraa,,"Salhi et al., 2026",Assessment of Geosites in Northern Morocco_Diversity and Richness with Potential for Socioeconomic Development,35.132726,-5.136942,Easy,
loc_00590,Rif,Tanger-Tétouan-Al Hoceima,Doline of Tissouka,,"Salhi et al., 2026",Assessment of Geosites in Northern Morocco_Diversity and Richness with Potential for Socioeconomic Development,35.186232,-5.138926,Difficult,
loc_00591,Rif,Tanger-Tétouan-Al Hoceima,Taghobayt cave,,"Salhi et al., 2026",Assessment of Geosites in Northern Morocco_Diversity and Richness with Potential for Socioeconomic Development,35.092642,-5.149841,Moderate,
loc_00592,Rif,Tanger-Tétouan-Al Hoceima,Ketama spring,,"Salhi et al., 2026",Assessment of Geosites in Northern Morocco_Diversity and Richness with Potential for Socioeconomic Development,34.875649,-4.626438,Moderate,
loc_00593,Rif,Tanger-Tétouan-Al Hoceima,Ruiniform Chaos of Bou Slimane,,"Salhi et al., 2026",Assessment of Geosites in Northern Morocco_Diversity and Richness with Potential for Socioeconomic Development,35.086438,-5.142154,Difficult,
loc_00594,Rif,Tanger-Tétouan-Al Hoceima,Al Khattabi undersea cavities,,"Salhi et al., 2026",Assessment of Geosites in Northern Morocco_Diversity and Richness with Potential for Socioeconomic Development,35.213251,-4.65117,Moderate,
loc_00595,Rif,Tanger-Tétouan-Al Hoceima,Oulassen spring,,"Salhi et al., 2026",Assessment of Geosites in Northern Morocco_Diversity and Richness with Potential for Socioeconomic Development,35.015721,-4.908043,Difficult,
loc_00596,Rif,Tanger-Tétouan-Al Hoceima,Lamouassif spring,,"Salhi et al., 2026",Assessment of Geosites in Northern Morocco_Diversity and Richness with Potential for Socioeconomic Development,34.988318,-4.820548,Moderate,
loc_00597,Rif,Tanger-Tétouan-Al Hoceima,Charika spring,,"Salhi et al., 2026",Assessment of Geosites in Northern Morocco_Diversity and Richness with Potential for Socioeconomic Development,34.957309,-4.678067,Moderate,
loc_00598,Rif,Tanger-Tétouan-Al Hoceima,Complex of cavities of Badis,,"Salhi et al., 2026",Assessment of Geosites in Northern Morocco_Diversity and Richness with Potential for Socioeconomic Development,35.154371,-4.225422,Easy,
loc_00599,Rif,Tanger-Tétouan-Al Hoceima,Ksar Seghir beach,,"Salhi et al., 2026",Assessment of Geosites in Northern Morocco_Diversity and Richness with Potential for Socioeconomic Development,35.844381,-5.553495,Easy,
loc_00600,Rif,Tanger-Tétouan-Al Hoceima,Dalia beach,,"Salhi et al., 2026",Assessment of Geosites in Northern Morocco_Diversity and Richness with Potential for Socioeconomic Development,35.905462,-5.473829,Easy,
loc_00601,Rif,Tanger-Tétouan-Al Hoceima,Oued Lmarsa beach,,"Salhi et al., 2026",Assessment of Geosites in Northern Morocco_Diversity and Richness with Potential for Socioeconomic Development,35.904153,-5.446488,Easy,
loc_00602,Rif,Tanger-Tétouan-Al Hoceima,Laila small island,,"Salhi et al., 2026",Assessment of Geosites in Northern Morocco_Diversity and Richness with Potential for Socioeconomic Development,35.511708,-5.466257,Moderate,
loc_00603,Rif,Tanger-Tétouan-Al Hoceima,Sebta peninsula,,"Salhi et al., 2026",Assessment of Geosites in Northern Morocco_Diversity and Richness with Potential for Socioeconomic Development,35.898229,-5.326348,Easy,
loc_00604,Rif,Tanger-Tétouan-Al Hoceima,Rifiyin beach,,"Salhi et al., 2026",Assessment of Geosites in Northern Morocco_Diversity and Richness with Potential for Socioeconomic Development,35.837834,-5.35421,Easy,
loc_00605,Rif,Tanger-Tétouan-Al Hoceima,Tres Pierdas beach,,"Salhi et al., 2026",Assessment of Geosites in Northern Morocco_Diversity and Richness with Potential for Socioeconomic Development,35.772728,-5.345322,Easy,
loc_00606,Rif,Tanger-Tétouan-Al Hoceima,Smir lagoon,,"Salhi et al., 2026",Assessment of Geosites in Northern Morocco_Diversity and Richness with Potential for Socioeconomic Development,35.32247,-5.447082,Moderate,
loc_00607,Rif,Tanger-Tétouan-Al Hoceima,Mdiq beach,,"Salhi et al., 2026",Assessment of Geosites in Northern Morocco_Diversity and Richness with Potential for Socioeconomic Development,35.695322,-5.327791,Easy,
loc_00608,Rif,Tanger-Tétouan-Al Hoceima,Negro Cape beach,,"Salhi et al., 2026",Assessment of Geosites in Northern Morocco_Diversity and Richness with Potential for Socioeconomic Development,35.663249,-5.283808,Easy,
loc_00609,Rif,Tanger-Tétouan-Al Hoceima,Swamp of Oued Al Mallah,,"Salhi et al., 2026",Assessment of Geosites in Northern Morocco_Diversity and Richness with Potential for Socioeconomic Development,35.591054,-5.260202,Easy,
loc_00610,Rif,Tanger-Tétouan-Al Hoceima,Martil beach,,"Salhi et al., 2026",Assessment of Geosites in Northern Morocco_Diversity and Richness with Potential for Socioeconomic Development,35.624365,-5.271424,Easy,
loc_00611,Rif,Tanger-Tétouan-Al Hoceima,Coastal erosion of Sidi Abdeslam,,"Salhi et al., 2026",Assessment of Geosites in Northern Morocco_Diversity and Richness with Potential for Socioeconomic Development,35.571666,-5.253896,Easy,
loc_00612,Rif,Tanger-Tétouan-Al Hoceima,Azla beach,,"Salhi et al., 2026",Assessment of Geosites in Northern Morocco_Diversity and Richness with Potential for Socioeconomic Development,35.550158,-5.2403,Easy,
loc_00613,Rif,Tanger-Tétouan-Al Hoceima,Amsa beach,,"Salhi et al., 2026",Assessment of Geosites in Northern Morocco_Diversity and Richness with Potential for Socioeconomic Development,35.540827,-5.217951,Easy,
loc_00614,Rif,Tanger-Tétouan-Al Hoceima,Tamrabet beach,,"Salhi et al., 2026",Assessment of Geosites in Northern Morocco_Diversity and Richness with Potential for Socioeconomic Development,35.533503,-5.193817,Easy,
loc_00615,Rif,Tanger-Tétouan-Al Hoceima,Tamernout beach,,"Salhi et al., 2026",Assessment of Geosites in Northern Morocco_Diversity and Richness with Potential for Socioeconomic Development,35.524625,-5.169756,Easy,
loc_00616,Rif,Tanger-Tétouan-Al Hoceima,Ouachtam beach,,"Salhi et al., 2026",Assessment of Geosites in Northern Morocco_Diversity and Richness with Potential for Socioeconomic Development,35.505256,-5.154237,Easy,
loc_00617,Rif,Tanger-Tétouan-Al Hoceima,Cape of Mekkad,,"Salhi et al., 2026",Assessment of Geosites in Northern Morocco_Diversity and Richness with Potential for Socioeconomic Development,35.475134,-5.108713,Easy,
loc_00618,Rif,Tanger-Tétouan-Al Hoceima,Oued Laou beach,,"Salhi et al., 2026",Assessment of Geosites in Northern Morocco_Diversity and Richness with Potential for Socioeconomic Development,35.311751,-5.411482,Easy,
loc_00619,Rif,Tanger-Tétouan-Al Hoceima,Targha beach,,"Salhi et al., 2026",Assessment of Geosites in Northern Morocco_Diversity and Richness with Potential for Socioeconomic Development,35.394421,-5.020287,Easy,
loc_00620,Rif,Tanger-Tétouan-Al Hoceima,Stihat beach,,"Salhi et al., 2026",Assessment of Geosites in Northern Morocco_Diversity and Richness with Potential for Socioeconomic Development,35.337057,-4.944453,Easy,
loc_00621,Rif,Tanger-Tétouan-Al Hoceima,Sidi Yahya Aarab beach,,"Salhi et al., 2026",Assessment of Geosites in Northern Morocco_Diversity and Richness with Potential for Socioeconomic Development,35.299876,-4.878001,Easy,
loc_00622,Rif,Tanger-Tétouan-Al Hoceima,Jnane Enich beach,,"Salhi et al., 2026",Assessment of Geosites in Northern Morocco_Diversity and Richness with Potential for Socioeconomic Development,35.304252,-4.895643,Easy,
loc_00623,Rif,Tanger-Tétouan-Al Hoceima,Amtar beach,,"Salhi et al., 2026",Assessment of Geosites in Northern Morocco_Diversity and Richness with Potential for Socioeconomic Development,35.245279,-4.795919,Easy,
loc_00624,Rif,Tanger-Tétouan-Al Hoceima,Monica beach,,"Salhi et al., 2026",Assessment of Geosites in Northern Morocco_Diversity and Richness with Potential for Socioeconomic Development,35.212507,-4.653219,Easy,
loc_00625,Rif,Tanger-Tétouan-Al Hoceima,Lhwad beach,,"Salhi et al., 2026",Assessment of Geosites in Northern Morocco_Diversity and Richness with Potential for Socioeconomic Development,35.211957,-4.64893,Easy,
loc_00626,Rif,Tanger-Tétouan-Al Hoceima,Cala Iris beach,,"Salhi et al., 2026",Assessment of Geosites in Northern Morocco_Diversity and Richness with Potential for Socioeconomic Development,35.117838,-5.145054,Easy,
loc_00627,Rif,Tanger-Tétouan-Al Hoceima,Badis small island,,"Salhi et al., 2026",Assessment of Geosites in Northern Morocco_Diversity and Richness with Potential for Socioeconomic Development,35.170472,-4.296347,Moderate,
loc_00628,Rif,Tanger-Tétouan-Al Hoceima,Taoussert beach,,"Salhi et al., 2026",Assessment of Geosites in Northern Morocco_Diversity and Richness with Potential for Socioeconomic Development,35.188456,-4.21334,Easy,
loc_00629,Rif,Tanger-Tétouan-Al Hoceima,Bousikour beach,,"Salhi et al., 2026",Assessment of Geosites in Northern Morocco_Diversity and Richness with Potential for Socioeconomic Development,35.233504,-4.033563,Easy,
loc_00630,Rif,Tanger-Tétouan-Al Hoceima,Boumehdi beach,,"Salhi et al., 2026",Assessment of Geosites in Northern Morocco_Diversity and Richness with Potential for Socioeconomic Development,35.238055,-3.975661,Easy,
loc_00631,Rif,Tanger-Tétouan-Al Hoceima,Tala Youssef beach,,"Salhi et al., 2026",Assessment of Geosites in Northern Morocco_Diversity and Richness with Potential for Socioeconomic Development,35.236105,-3.981783,Easy,
loc_00632,Rif,Tanger-Tétouan-Al Hoceima,Rmod beach,,"Salhi et al., 2026",Assessment of Geosites in Northern Morocco_Diversity and Richness with Potential for Socioeconomic Development,35.242967,-3.9673,Easy,
loc_00633,Rif,Tanger-Tétouan-Al Hoceima,Isri beach,,"Salhi et al., 2026",Assessment of Geosites in Northern Morocco_Diversity and Richness with Potential for Socioeconomic Development,35.218844,-3.911254,Easy,
loc_00634,Rif,Tanger-Tétouan-Al Hoceima,Cliff of Al Hoceima,,"Salhi et al., 2026",Assessment of Geosites in Northern Morocco_Diversity and Richness with Potential for Socioeconomic Development,35.223953,-4.050532,Easy,
loc_00635,Central High Atlas,Tanger-Tétouan-Al Hoceima,Quemado beach,,"Salhi et al., 2026",Assessment of Geosites in Northern Morocco_Diversity and Richness with Potential for Socioeconomic Development,35.244087,-3.92618,Easy,
loc_00636,Central High Atlas,Tanger-Tétouan-Al Hoceima,Cara Bonita beach,,"Salhi et al., 2026",Assessment of Geosites in Northern Morocco_Diversity and Richness with Potential for Socioeconomic Development,35.234276,-3.922583,Easy,
loc_00637,Central High Atlas,Tanger-Tétouan-Al Hoceima,Maktoa beach,,"Salhi et al., 2026",Assessment of Geosites in Northern Morocco_Diversity and Richness with Potential for Socioeconomic Development,35.229936,-3.919097,Easy,
loc_00638,Central High Atlas,Tanger-Tétouan-Al Hoceima,Small islands of Al Hoceima,,"Salhi et al., 2026",Assessment of Geosites in Northern Morocco_Diversity and Richness with Potential for Socioeconomic Development,35.216773,-3.901165,Easy,
loc_00639,Central High Atlas,Tanger-Tétouan-Al Hoceima,Sfiha beach,,"Salhi et al., 2026",Assessment of Geosites in Northern Morocco_Diversity and Richness with Potential for Socioeconomic Development,35.2062,-3.88821,Easy,
loc_00640,Central High Atlas,Tanger-Tétouan-Al Hoceima,Al Hoceima Bay,,"Salhi et al., 2026",Assessment of Geosites in Northern Morocco_Diversity and Richness with Potential for Socioeconomic Development,35.211857,-3.831492,Easy,
loc_00641,Central High Atlas,Tanger-Tétouan-Al Hoceima,Strait of Gibraltar,,"Salhi et al., 2026",Assessment of Geosites in Northern Morocco_Diversity and Richness with Potential for Socioeconomic Development,35.929746,-5.438324,Easy,
loc_00642,Central High Atlas,Tanger-Tétouan-Al Hoceima,Hill of Taifour,,"Salhi et al., 2026",Assessment of Geosites in Northern Morocco_Diversity and Richness with Potential for Socioeconomic Development,35.676276,-5.298678,Easy,
loc_00643,Central High Atlas,Tanger-Tétouan-Al Hoceima,Fault of Samsa,,"Salhi et al., 2026",Assessment of Geosites in Northern Morocco_Diversity and Richness with Potential for Socioeconomic Development,35.598793,-5.413419,Moderate,
loc_00644,Western High Atlas,Tanger-Tétouan-Al Hoceima,Cluse of Tetouan,PL,"Salhi et al., 2026",Assessment of Geosites in Northern Morocco_Diversity and Richness with Potential for Socioeconomic Development,35.54326,-5.443002,Easy,
loc_00645,Western High Atlas,Tanger-Tétouan-Al Hoceima,Anticline of Nator cliff,PL,"Salhi et al., 2026",Assessment of Geosites in Northern Morocco_Diversity and Richness with Potential for Socioeconomic Development,35.52956,-5.372524,Moderate,
loc_00646,Western High Atlas,Tanger-Tétouan-Al Hoceima,Synclinal of Tazarine,H,"Salhi et al., 2026",Assessment of Geosites in Northern Morocco_Diversity and Richness with Potential for Socioeconomic Development,35.50192,-5.368411,Moderate,
loc_00647,Western High Atlas,Tanger-Tétouan-Al Hoceima,Chefchaouen furrow,G,"Salhi et al., 2026",Assessment of Geosites in Northern Morocco_Diversity and Richness with Potential for Socioeconomic Development,35.178822,-5.256485,Moderate,
loc_00648,Middle Atlas,Tanger-Tétouan-Al Hoceima,Fault escarpment of Mizlafene,,"Salhi et al., 2026",Assessment of Geosites in Northern Morocco_Diversity and Richness with Potential for Socioeconomic Development,35.267876,-5.22021,Moderate,
loc_00649,Meseta,Tanger-Tétouan-Al Hoceima,Cliff of Imezar,,"Salhi et al., 2026",Assessment of Geosites in Northern Morocco_Diversity and Richness with Potential for Socioeconomic Development,35.180251,-5.197536,Difficult,
loc_00650,Meseta,Tanger-Tétouan-Al Hoceima,Folds of Sidi Abdelhamid,,"Salhi et al., 2026",Assessment of Geosites in Northern Morocco_Diversity and Richness with Potential for Socioeconomic Development,35.179166,-5.246346,Difficult,
loc_00651,Meseta,Tanger-Tétouan-Al Hoceima,Klippes of Soukna,,"Salhi et al., 2026",Assessment of Geosites in Northern Morocco_Diversity and Richness with Potential for Socioeconomic Development,35.115764,-5.411627,Difficult,
loc_00652,Meseta,Tanger-Tétouan-Al Hoceima,Folds and fault of Amtar,,"Salhi et al., 2026",Assessment of Geosites in Northern Morocco_Diversity and Richness with Potential for Socioeconomic Development,35.082901,-4.192447,Difficult,
loc_00653,Meseta,Tanger-Tétouan-Al Hoceima,Cirque of Jebha,,"Salhi et al., 2026",Assessment of Geosites in Northern Morocco_Diversity and Richness with Potential for Socioeconomic Development,35.211084,-4.661205,Easy,
loc_00654,Meseta,Tanger-Tétouan-Al Hoceima,Fauld of Mtioua,,"Salhi et al., 2026",Assessment of Geosites in Northern Morocco_Diversity and Richness with Potential for Socioeconomic Development,35.31734,-4.92847,Easy,
loc_00655,Meseta,Tanger-Tétouan-Al Hoceima,Bar of Tizirene,,"Salhi et al., 2026",Assessment of Geosites in Northern Morocco_Diversity and Richness with Potential for Socioeconomic Development,35.009775,-4.918015,Difficult,
loc_00656,Meseta,Tanger-Tétouan-Al Hoceima,Oued Rmel dam,,"Salhi et al., 2026",Assessment of Geosites in Northern Morocco_Diversity and Richness with Potential for Socioeconomic Development,35.872707,-5.476005,Difficult,
loc_00657,High Atlas,Tanger-Tétouan-Al Hoceima,Al Raouz dam,,"Salhi et al., 2026",Assessment of Geosites in Northern Morocco_Diversity and Richness with Potential for Socioeconomic Development,35.711,-5.498116,Easy,
loc_00658,High Atlas,Tanger-Tétouan-Al Hoceima,Smir dam,,"Salhi et al., 2026",Assessment of Geosites in Northern Morocco_Diversity and Richness with Potential for Socioeconomic Development,35.402013,-5.2355,Easy,
loc_00659,High Atlas,Tanger-Tétouan-Al Hoceima,Ajras dam,,"Salhi et al., 2026",Assessment of Geosites in Northern Morocco_Diversity and Richness with Potential for Socioeconomic Development,35.564636,-5.494865,Easy,
loc_00660,High Atlas,Tanger-Tétouan-Al Hoceima,Martil dam,,"Salhi et al., 2026",Assessment of Geosites in Northern Morocco_Diversity and Richness with Potential for Socioeconomic Development,35.477117,-5.428091,Easy,
loc_00661,High Atlas,Tanger-Tétouan-Al Hoceima,Nakhla dam,,"Salhi et al., 2026",Assessment of Geosites in Northern Morocco_Diversity and Richness with Potential for Socioeconomic Development,35.441739,-5.396691,Moderate,
loc_00662,High Atlas,Tanger-Tétouan-Al Hoceima,Prissa dam,,"Salhi et al., 2026",Assessment of Geosites in Northern Morocco_Diversity and Richness with Potential for Socioeconomic Development,35.364628,-5.17617,Easy,
loc_00663,High Atlas,Tanger-Tétouan-Al Hoceima,Oued Laou dam,,"Salhi et al., 2026",Assessment of Geosites in Northern Morocco_Diversity and Richness with Potential for Socioeconomic Development,35.246227,-5.291671,Easy,
loc_00664,High Atlas,Tanger-Tétouan-Al Hoceima,Moulay Bouchta dam,,"Salhi et al., 2026",Assessment of Geosites in Northern Morocco_Diversity and Richness with Potential for Socioeconomic Development,35.264187,-5.351637,Easy,
loc_00665,High Atlas,Tanger-Tétouan-Al Hoceima,Jaber lake,,"Salhi et al., 2026",Assessment of Geosites in Northern Morocco_Diversity and Richness with Potential for Socioeconomic Development,35.31665,-5.496082,Moderate,
loc_00666,High Atlas,Tanger-Tétouan-Al Hoceima,Bouhachem lake,,"Salhi et al., 2026",Assessment of Geosites in Northern Morocco_Diversity and Richness with Potential for Socioeconomic Development,35.56615,-5.226447,Easy,
loc_00667,High Atlas,Tanger-Tétouan-Al Hoceima,Al Houmar lake,,"Salhi et al., 2026",Assessment of Geosites in Northern Morocco_Diversity and Richness with Potential for Socioeconomic Development,35.07728,-5.26288,Moderate,
loc_00668,High Atlas,Tanger-Tétouan-Al Hoceima,Laarays lake,,"Salhi et al., 2026",Assessment of Geosites in Northern Morocco_Diversity and Richness with Potential for Socioeconomic Development,35.07686,-5.26586,Moderate,
loc_00669,High Atlas,Tanger-Tétouan-Al Hoceima,Al Mhad lake,,"Salhi et al., 2026",Assessment of Geosites in Northern Morocco_Diversity and Richness with Potential for Socioeconomic Development,35.07556,-5.26466,Easy,
loc_00670,Central High Atlas,Tanger-Tétouan-Al Hoceima,Al Garn lake,,"Salhi et al., 2026",Assessment of Geosites in Northern Morocco_Diversity and Richness with Potential for Socioeconomic Development,35.022547,-5.205902,Moderate,
loc_00671,Central High Atlas,Tanger-Tétouan-Al Hoceima,Ifrat Fouden lake,,"Salhi et al., 2026",Assessment of Geosites in Northern Morocco_Diversity and Richness with Potential for Socioeconomic Development,35.0163612,-4.904481,Moderate,
loc_00672,Central High Atlas,Tanger-Tétouan-Al Hoceima,Al Jomoaa dam,,"Salhi et al., 2026",Assessment of Geosites in Northern Morocco_Diversity and Richness with Potential for Socioeconomic Development,34.933095,-4.319152,Easy,
loc_00673,Central High Atlas,Tanger-Tétouan-Al Hoceima,Mujer dormida mountain,,"Salhi et al., 2026",Assessment of Geosites in Northern Morocco_Diversity and Richness with Potential for Socioeconomic Development,35.402279,-5.322191,Difficult,
loc_00674,Central High Atlas,Tanger-Tétouan-Al Hoceima,Gully of Tamghart,,"Salhi et al., 2026",Assessment of Geosites in Northern Morocco_Diversity and Richness with Potential for Socioeconomic Development,35.488401,-5.130791,Easy,
loc_00675,Central High Atlas,Tanger-Tétouan-Al Hoceima,Rockfall niche of Azenti,,"Salhi et al., 2026",Assessment of Geosites in Northern Morocco_Diversity and Richness with Potential for Socioeconomic Development,35.375224,-4.994033,Easy,
loc_00676,Central High Atlas,Tanger-Tétouan-Al Hoceima,Scree cone of Mountain Kelti,,"Salhi et al., 2026",Assessment of Geosites in Northern Morocco_Diversity and Richness with Potential for Socioeconomic Development,35.372808,-5.265224,Moderate,
loc_00677,Central High Atlas,Tanger-Tétouan-Al Hoceima,Rockfall niche of Ametras,,"Salhi et al., 2026",Assessment of Geosites in Northern Morocco_Diversity and Richness with Potential for Socioeconomic Development,35.083446,-5.079801,Easy,
loc_00678,Anti-Atlas,Tanger-Tétouan-Al Hoceima,Badlands of Idsoulyene,,"Salhi et al., 2026",Assessment of Geosites in Northern Morocco_Diversity and Richness with Potential for Socioeconomic Development,35.001798,-5.370017,Easy,
loc_00679,Anti-Atlas,Tanger-Tétouan-Al Hoceima,Slippage of Cara Bonita,,"Salhi et al., 2026",Assessment of Geosites in Northern Morocco_Diversity and Richness with Potential for Socioeconomic Development,35.232057,-3.922928,Easy,
loc_00680,Anti-Atlas,Tanger-Tétouan-Al Hoceima,Plain of Restinga,,"Salhi et al., 2026",Assessment of Geosites in Northern Morocco_Diversity and Richness with Potential for Socioeconomic Development,35.789824,-5.361532,Easy,
loc_00681,Anti-Atlas,Tanger-Tétouan-Al Hoceima,Alluvial plain of Martil,,"Salhi et al., 2026",Assessment of Geosites in Northern Morocco_Diversity and Richness with Potential for Socioeconomic Development,35.593329,-5.288213,Easy,
loc_00682,Anti-Atlas,Tanger-Tétouan-Al Hoceima,Cascades of Ezarka,,"Salhi et al., 2026",Assessment of Geosites in Northern Morocco_Diversity and Richness with Potential for Socioeconomic Development,35.520043,-5.340233,Moderate,
loc_00683,Anti-Atlas,Tanger-Tétouan-Al Hoceima,Cascades of Akherkhour,,"Salhi et al., 2026",Assessment of Geosites in Northern Morocco_Diversity and Richness with Potential for Socioeconomic Development,35.300691,-5.20585,Moderate,
loc_00684,Anti-Atlas,Tanger-Tétouan-Al Hoceima,Alluvial plain of Amsa,,"Salhi et al., 2026",Assessment of Geosites in Northern Morocco_Diversity and Richness with Potential for Socioeconomic Development,35.537348,-5.22077,Easy,
loc_00685,Anti-Atlas,Tanger-Tétouan-Al Hoceima,Alluvial plain of Oued Laou,,"Salhi et al., 2026",Assessment of Geosites in Northern Morocco_Diversity and Richness with Potential for Socioeconomic Development,35.082902,-4.192445,Moderate,
loc_00686,Anti-Atlas,Tanger-Tétouan-Al Hoceima,Meander of Oued Laou,,"Salhi et al., 2026",Assessment of Geosites in Northern Morocco_Diversity and Richness with Potential for Socioeconomic Development,35.429939,-5.098185,Moderate,
loc_00687,Anti-Atlas,Tanger-Tétouan-Al Hoceima,Cascades of Talembote,,"Salhi et al., 2026",Assessment of Geosites in Northern Morocco_Diversity and Richness with Potential for Socioeconomic Development,35.296245,-5.22719,Moderate,
loc_00688,Anti-Atlas,Tanger-Tétouan-Al Hoceima,Alluvial plain of Bouhmed,,"Salhi et al., 2026",Assessment of Geosites in Northern Morocco_Diversity and Richness with Potential for Socioeconomic Development,35.330213,-4.952795,Easy,
loc_00689,Anti-Atlas,Tanger-Tétouan-Al Hoceima,Sidi Yahya Aarab valley,,"Salhi et al., 2026",Assessment of Geosites in Northern Morocco_Diversity and Richness with Potential for Socioeconomic Development,35.273273,-4.900421,Difficult,
loc_00690,Anti-Atlas,Tanger-Tétouan-Al Hoceima,Cascade of Oued Al Kalaa,,"Salhi et al., 2026",Assessment of Geosites in Northern Morocco_Diversity and Richness with Potential for Socioeconomic Development,35.242975,-5.158297,Difficult,
loc_00691,Anti-Atlas,Tanger-Tétouan-Al Hoceima,Cascades of Akchour,,"Salhi et al., 2026",Assessment of Geosites in Northern Morocco_Diversity and Richness with Potential for Socioeconomic Development,35.185251,-5.194523,Difficult,
loc_00692,Anti-Atlas,Tanger-Tétouan-Al Hoceima,Cascades of Taourart,,"Salhi et al., 2026",Assessment of Geosites in Northern Morocco_Diversity and Richness with Potential for Socioeconomic Development,35.218905,-5.139681,Difficult,
loc_00693,Anti-Atlas,Tanger-Tétouan-Al Hoceima,River terrace of Issaguen,,"Salhi et al., 2026",Assessment of Geosites in Northern Morocco_Diversity and Richness with Potential for Socioeconomic Development,34.918387,-4.565299,Easy,
loc_00694,Anti-Atlas,Tanger-Tétouan-Al Hoceima,Alluvial plain of Nekor,,"Salhi et al., 2026",Assessment of Geosites in Northern Morocco_Diversity and Richness with Potential for Socioeconomic Development,35.190059,-3.877818,Easy,
loc_00695,Anti-Atlas,Tanger-Tétouan-Al Hoceima,Canyon of Laou river,,"Salhi et al., 2026",Assessment of Geosites in Northern Morocco_Diversity and Richness with Potential for Socioeconomic Development,35.280073,-5.233774,Easy,
loc_00696,High Atlas,Tanger-Tétouan-Al Hoceima,Natural bridge of Akchour,,"Salhi et al., 2026",Assessment of Geosites in Northern Morocco_Diversity and Richness with Potential for Socioeconomic Development,35.195231,-5.178878,Difficult,
loc_00697,High Atlas,Tanger-Tétouan-Al Hoceima,Canyon of Farda river,,"Salhi et al., 2026",Assessment of Geosites in Northern Morocco_Diversity and Richness with Potential for Socioeconomic Development,35.195315,-5.178814,Difficult,
loc_00698,High Atlas,Tanger-Tétouan-Al Hoceima,Canyon of Adelmane river,,"Salhi et al., 2026",Assessment of Geosites in Northern Morocco_Diversity and Richness with Potential for Socioeconomic Development,35.211334,-5.04086,Difficult,
loc_00699,High Atlas,Tanger-Tétouan-Al Hoceima,Natural bridge and travertine of Assifane,,"Salhi et al., 2026",Assessment of Geosites in Northern Morocco_Diversity and Richness with Potential for Socioeconomic Development,35.074391,-4.564801,Moderate,
loc_00700,High Atlas,Tanger-Tétouan-Al Hoceima,Cascades of Imlil canyon,,"Salhi et al., 2026",Assessment of Geosites in Northern Morocco_Diversity and Richness with Potential for Socioeconomic Development,35.08114,-4.104749,Easy,
loc_00701,High Atlas,Tanger-Tétouan-Al Hoceima,Snow niche of Mountain Lakraa,,"Salhi et al., 2026",Assessment of Geosites in Northern Morocco_Diversity and Richness with Potential for Socioeconomic Development,35.122193,-5.08885,Difficult,
loc_00702,High Atlas,Tanger-Tétouan-Al Hoceima,Accumulation glaze of Soukna,,"Salhi et al., 2026",Assessment of Geosites in Northern Morocco_Diversity and Richness with Potential for Socioeconomic Development,35.106971,-5.387428,Difficult,
loc_00703,High Atlas & Anti-Atlas,Tanger-Tétouan-Al Hoceima,Dunes of Al Hoceima,,"Salhi et al., 2026",Assessment of Geosites in Northern Morocco_Diversity and Richness with Potential for Socioeconomic Development,35.182938,-3.934226,Easy,
loc_00704,High Atlas & Anti-Atlas,Béni Mellal-Khénifra,Izourhar lake,,"ElKaichi et al., 2024","Canyons as potential geotourism attractions of Central High Atlas, Morocco: Comparative analysis of Aït Bouguemaz Valley and Zaouiat Ahansal-Taghia Valley by using GAM model",31.70484722,-6.260811111,Difficult,
loc_00705,High Atlas & Anti-Atlas,Béni Mellal-Khénifra,Ibakliwn 1,,"ElKaichi et al., 2024","Canyons as potential geotourism attractions of Central High Atlas, Morocco: Comparative analysis of Aït Bouguemaz Valley and Zaouiat Ahansal-Taghia Valley by using GAM model",31.66330833,-6.36565,Moderate,
loc_00706,High Atlas & Anti-Atlas,Béni Mellal-Khénifra,Ibakilwn 2,,"ElKaichi et al., 2024","Canyons as potential geotourism attractions of Central High Atlas, Morocco: Comparative analysis of Aït Bouguemaz Valley and Zaouiat Ahansal-Taghia Valley by using GAM model",31.65986667,-6.387611111,Moderate,
loc_00707,High Atlas & Anti-Atlas,Béni Mellal-Khénifra,Oued Rbat,,"ElKaichi et al., 2024","Canyons as potential geotourism attractions of Central High Atlas, Morocco: Comparative analysis of Aït Bouguemaz Valley and Zaouiat Ahansal-Taghia Valley by using GAM model",31.65869722,-6.409952778,Moderate,
loc_00708,High Atlas & Anti-Atlas,Béni Mellal-Khénifra,Tabant,,"ElKaichi et al., 2024","Canyons as potential geotourism attractions of Central High Atlas, Morocco: Comparative analysis of Aït Bouguemaz Valley and Zaouiat Ahansal-Taghia Valley by using GAM model",31.65948611,-6.425027778,Easy,
loc_00709,High Atlas & Anti-Atlas,Béni Mellal-Khénifra,Grenier Sidi Moussa,,"ElKaichi et al., 2024","Canyons as potential geotourism attractions of Central High Atlas, Morocco: Comparative analysis of Aït Bouguemaz Valley and Zaouiat Ahansal-Taghia Valley by using GAM model",31.65757778,-6.432652778,Easy,
loc_00710,High Atlas & Anti-Atlas,Béni Mellal-Khénifra,Site Sidi Moussa,,"ElKaichi et al., 2024","Canyons as potential geotourism attractions of Central High Atlas, Morocco: Comparative analysis of Aït Bouguemaz Valley and Zaouiat Ahansal-Taghia Valley by using GAM model",31.65786111,-6.436194444,Easy,
loc_00711,Middle Atlas,Béni Mellal-Khénifra,Aguered N'Ouzrou,,"ElKaichi et al., 2024","Canyons as potential geotourism attractions of Central High Atlas, Morocco: Comparative analysis of Aït Bouguemaz Valley and Zaouiat Ahansal-Taghia Valley by using GAM model",31.653125,-6.438833333,Moderate,
loc_00712,Middle Atlas,Béni Mellal-Khénifra,Ait Bouguemez,,"ElKaichi et al., 2024","Canyons as potential geotourism attractions of Central High Atlas, Morocco: Comparative analysis of Aït Bouguemaz Valley and Zaouiat Ahansal-Taghia Valley by using GAM model",31.64741944,-6.451566667,Easy,
loc_00713,Middle Atlas,Souss-Massa,Kimmeridgian Reef of Cap Ghir,,"Boukfaoui et al., 2026","Contribution to the inventory of Morocco’s geological heritage: The coastal geosites of Agadir Ida-Outanane (western High Atlas, Morocco)",30.62583333,-9.865,Easy,
loc_00714,Middle Atlas,Souss-Massa,Reef of the main fossils at Cap Ghir,,"Boukfaoui et al., 2026","Contribution to the inventory of Morocco’s geological heritage: The coastal geosites of Agadir Ida-Outanane (western High Atlas, Morocco)",30.63305556,-9.887777778,Moderate,
loc_00715,Middle Atlas,Souss-Massa,The Tamri estuary,,"Boukfaoui et al., 2026","Contribution to the inventory of Morocco’s geological heritage: The coastal geosites of Agadir Ida-Outanane (western High Atlas, Morocco)",30.71111111,-9.854722222,Easy,
loc_00716,Middle Atlas,Souss-Massa,The Timlaline gorges,,"Boukfaoui et al., 2026","Contribution to the inventory of Morocco’s geological heritage: The coastal geosites of Agadir Ida-Outanane (western High Atlas, Morocco)",30.76666667,-9.8275,Easy,
loc_00717,Middle Atlas,,Dayet Aoua,,"Sayad et al., 2020","Dayet Aoua, a threatened mountain geomorphosite for sustainable development",33.652,-5.032997222,Moderate,
loc_00718,Middle Atlas,Marrakech-Safi,Cambrian Gres-Quartzitic Facies,,"Eddifai et al., 2025",Degradation risk of geosites analysis in the Rehamna region (Morocco): Inventory and quantitative assessment,32.718325,-7.937405556,Moderate,
loc_00719,Middle Atlas,Marrakech-Safi,Conglomerates of Machraâ Ben Abbou,,"Eddifai et al., 2025",Degradation risk of geosites analysis in the Rehamna region (Morocco): Inventory and quantitative assessment,32.62585556,-7.80965,Moderate,
loc_00720,Middle Atlas,Marrakech-Safi,Conglomerates of Sidi Abdelah,,"Eddifai et al., 2025",Degradation risk of geosites analysis in the Rehamna region (Morocco): Inventory and quantitative assessment,32.54581389,-7.831752778,Moderate,
loc_00721,Middle Atlas,Marrakech-Safi,Conglomerates of Kef El Mounib,,"Eddifai et al., 2025",Degradation risk of geosites analysis in the Rehamna region (Morocco): Inventory and quantitative assessment,32.44246111,-7.944344444,Easy,
loc_00722,Middle Atlas,Marrakech-Safi,Granite of Sebt Brikiine,,"Eddifai et al., 2025",Degradation risk of geosites analysis in the Rehamna region (Morocco): Inventory and quantitative assessment,32.29926944,-8.038086111,Easy,
loc_00723,Middle Atlas,Marrakech-Safi,Micashiste of Lalla Titaf,,"Eddifai et al., 2025",Degradation risk of geosites analysis in the Rehamna region (Morocco): Inventory and quantitative assessment,32.24940556,-7.97335,Easy,
loc_00724,Middle Atlas,Marrakech-Safi,Pegmatite of Sidi Bouathmane,,"Eddifai et al., 2025",Degradation risk of geosites analysis in the Rehamna region (Morocco): Inventory and quantitative assessment,31.89772778,-7.953302778,Easy,
loc_00725,Middle Atlas,Marrakech-Safi,Pyrrhotites of Kettara,,"Eddifai et al., 2025",Degradation risk of geosites analysis in the Rehamna region (Morocco): Inventory and quantitative assessment,30.94788333,-8.265052778,Easy,
loc_00726,Middle Atlas,Béni Mellal-Khénifra,Imi-n-Ifri natural bridge,,"Kchikach et al., 2024","Digital Promotion of Geoheritage along a Tourist Route in M’Goun UNESCO Geopark (Central High Atlas, Morocco) and Visitor Typology Analysis",31.73014444,-6.969363889,Easy,
loc_00727,Middle Atlas,Béni Mellal-Khénifra,"Dinosaur footprints, Iwariden",,"Kchikach et al., 2024","Digital Promotion of Geoheritage along a Tourist Route in M’Goun UNESCO Geopark (Central High Atlas, Morocco) and Visitor Typology Analysis",31.72624167,-6.867927778,Easy,
loc_00728,Middle Atlas,Béni Mellal-Khénifra,Jbel Rat ascension,,"Kchikach et al., 2024","Digital Promotion of Geoheritage along a Tourist Route in M’Goun UNESCO Geopark (Central High Atlas, Morocco) and Visitor Typology Analysis",31.57226389,-6.635019444,Difficult,
loc_00729,Middle Atlas,Béni Mellal-Khénifra,Jbel M'Goun ascension,,"Kchikach et al., 2024","Digital Promotion of Geoheritage along a Tourist Route in M’Goun UNESCO Geopark (Central High Atlas, Morocco) and Visitor Typology Analysis",31.63596111,-6.529952778,Difficult,
loc_00730,Middle Atlas,Béni Mellal-Khénifra,Ait Bouguemez valley trek,,"Kchikach et al., 2024","Digital Promotion of Geoheritage along a Tourist Route in M’Goun UNESCO Geopark (Central High Atlas, Morocco) and Visitor Typology Analysis",31.65081111,-6.461511111,Moderate,
loc_00731,Middle Atlas,Béni Mellal-Khénifra,"Dinosaur footprints, Ibakaliwine",,"Kchikach et al., 2024","Digital Promotion of Geoheritage along a Tourist Route in M’Goun UNESCO Geopark (Central High Atlas, Morocco) and Visitor Typology Analysis",31.6842,-6.371152778,Easy,
loc_00732,Middle Atlas,Béni Mellal-Khénifra,Hiking lake Izoughar,,"Kchikach et al., 2024","Digital Promotion of Geoheritage along a Tourist Route in M’Goun UNESCO Geopark (Central High Atlas, Morocco) and Visitor Typology Analysis",31.736925,-6.314761111,Moderate,
loc_00733,Middle Atlas,Béni Mellal-Khénifra,Jbel Azourki ascension,,"Kchikach et al., 2024","Digital Promotion of Geoheritage along a Tourist Route in M’Goun UNESCO Geopark (Central High Atlas, Morocco) and Visitor Typology Analysis",31.79435833,-6.1931,Difficult,
loc_00734,Middle Atlas,Béni Mellal-Khénifra,Taghia sources,,"Kchikach et al., 2024","Digital Promotion of Geoheritage along a Tourist Route in M’Goun UNESCO Geopark (Central High Atlas, Morocco) and Visitor Typology Analysis",31.82161389,-6.089266667,Difficult,
loc_00735,Middle Atlas,Béni Mellal-Khénifra,Cliffs of Ait Abdi Plateau,,"Kchikach et al., 2024","Digital Promotion of Geoheritage along a Tourist Route in M’Goun UNESCO Geopark (Central High Atlas, Morocco) and Visitor Typology Analysis",31.94306389,-6.076766667,Moderate,
loc_00736,Middle Atlas,Béni Mellal-Khénifra,Hiking around Imsfran Cathedral,,"Kchikach et al., 2024","Digital Promotion of Geoheritage along a Tourist Route in M’Goun UNESCO Geopark (Central High Atlas, Morocco) and Visitor Typology Analysis",31.98318056,-6.121394444,Moderate,
loc_00737,Middle Atlas,Béni Mellal-Khénifra,Panoramic view of the Bin El Ouidane dam,,"Kchikach et al., 2024","Digital Promotion of Geoheritage along a Tourist Route in M’Goun UNESCO Geopark (Central High Atlas, Morocco) and Visitor Typology Analysis",32.10298611,-6.296983333,Easy,
loc_00738,Middle Atlas,Béni Mellal-Khénifra,Panoramic view of the Tadla plain,,"Kchikach et al., 2024","Digital Promotion of Geoheritage along a Tourist Route in M’Goun UNESCO Geopark (Central High Atlas, Morocco) and Visitor Typology Analysis",32.18390833,-6.511016667,Easy,
loc_00739,Middle Atlas,Drâa-Tafilalet,Panorama of the Atlas Front,,"Si Mhamdi et al., 2023","Enhancing the Geological Heritage of the Errachidia Area in the High Atlas, Morocco: Inventory and a Proposal for a Pedagogic and Geotouristic Trail",31.95245556,-4.472580556,Easy,
loc_00740,Middle Atlas,Drâa-Tafilalet,South Atlas Fault,,"Si Mhamdi et al., 2023","Enhancing the Geological Heritage of the Errachidia Area in the High Atlas, Morocco: Inventory and a Proposal for a Pedagogic and Geotouristic Trail",31.97707778,-4.483280556,Easy,
loc_00741,Middle Atlas,Drâa-Tafilalet,Jbel Hamdoun Anticline Structure,,"Si Mhamdi et al., 2023","Enhancing the Geological Heritage of the Errachidia Area in the High Atlas, Morocco: Inventory and a Proposal for a Pedagogic and Geotouristic Trail",31.98295,-4.500036111,Easy,
loc_00742,Middle Atlas,Drâa-Tafilalet,Jurassic/Cretaceous Contact,,"Si Mhamdi et al., 2023","Enhancing the Geological Heritage of the Errachidia Area in the High Atlas, Morocco: Inventory and a Proposal for a Pedagogic and Geotouristic Trail",31.99959722,-4.492863889,Easy,
loc_00743,Middle Atlas,Drâa-Tafilalet,Perched Syncline Between Two Atlassic Faults,,"Si Mhamdi et al., 2023","Enhancing the Geological Heritage of the Errachidia Area in the High Atlas, Morocco: Inventory and a Proposal for a Pedagogic and Geotouristic Trail",32.02611111,-4.467666667,Easy,
loc_00744,Middle Atlas,Drâa-Tafilalet,Ait Atmane Fault (Amzouj Fault),,"Si Mhamdi et al., 2023","Enhancing the Geological Heritage of the Errachidia Area in the High Atlas, Morocco: Inventory and a Proposal for a Pedagogic and Geotouristic Trail",32.02828889,-4.441061111,Easy,
loc_00745,Central Hight Atlas,Drâa-Tafilalet,Panorama of El Hassan Addakhil Dam,"S,St&G","Si Mhamdi et al., 2023","Enhancing the Geological Heritage of the Errachidia Area in the High Atlas, Morocco: Inventory and a Proposal for a Pedagogic and Geotouristic Trail",32.04982778,-4.404466667,Easy,
loc_00746,Central Hight Atlas,Drâa-Tafilalet,Dermchane Waterfall,S&St,"Si Mhamdi et al., 2023","Enhancing the Geological Heritage of the Errachidia Area in the High Atlas, Morocco: Inventory and a Proposal for a Pedagogic and Geotouristic Trail",32.05456944,-4.483105556,Moderate,
loc_00747,Central Hight Atlas,Drâa-Tafilalet,Plainof Fezouata Shales,PL,"Lahmidi et al., 2020","First inventory and assessment of the Geoheritage of Zagora province
from the project Bani Geopark (South-Eastern Morocco)",30.42605556,-5.644177778,Easy,
loc_00748,Central Hight Atlas,Drâa-Tafilalet,Fossiliferous outcropof Fezouata Shales 1,PL&S,"Lahmidi et al., 2020","First inventory and assessment of the Geoheritage of Zagora province
from the project Bani Geopark (South-Eastern Morocco)",30.44685278,-5.616483333,Moderate,
loc_00749,Central Hight Atlas,Drâa-Tafilalet,Fossiliferous outcropof Fezouata Shales 2,"S,S&PL","Lahmidi et al., 2020","First inventory and assessment of the Geoheritage of Zagora province
from the project Bani Geopark (South-Eastern Morocco)",30.426875,-5.626283333,Easy,
loc_00750,Central Hight Atlas,Drâa-Tafilalet,Fossiliferous outcropof Fezouata Shales 3,PL&S,"Lahmidi et al., 2020","First inventory and assessment of the Geoheritage of Zagora province
from the project Bani Geopark (South-Eastern Morocco)",30.46266111,-5.639013889,Moderate,
loc_00751,Middle Atlas,Drâa-Tafilalet,Block1: Condensed series Block 2: Hardground,,"Lahmidi et al., 2020","First inventory and assessment of the Geoheritage of Zagora province
from the project Bani Geopark (South-Eastern Morocco)",30.43414167,-5.606144444,Moderate,
loc_00752,Middle Atlas,Drâa-Tafilalet,Desert landforms 1,,"Lahmidi et al., 2020","First inventory and assessment of the Geoheritage of Zagora province
from the project Bani Geopark (South-Eastern Morocco)",30.31458889,-5.568783333,Moderate,
loc_00753,Middle Atlas,Drâa-Tafilalet,Desert landforms 2,,"Lahmidi et al., 2020","First inventory and assessment of the Geoheritage of Zagora province
from the project Bani Geopark (South-Eastern Morocco)",30.22558889,-5.555236111,Moderate,
loc_00754,Middle Atlas,Drâa-Tafilalet,The members of the first Bani are horizontal,,"Lahmidi et al., 2020","First inventory and assessment of the Geoheritage of Zagora province
from the project Bani Geopark (South-Eastern Morocco)",29.9411,-5.583391667,Easy,
loc_00755,Middle Atlas,Drâa-Tafilalet,The first Bani constitutes a naturalbar that blocks sand deposits,,"Lahmidi et al., 2020","First inventory and assessment of the Geoheritage of Zagora province
from the project Bani Geopark (South-Eastern Morocco)",30.39215,-5.767797222,Easy,
loc_00756,Middle Atlas,Drâa-Tafilalet,Ediacaran dyke structures,,"El Ouali et al., 2026a","Geoeducation,geotourism,andgeoconservationoftheTimaderouineEdiacaran-Ordoviciangeosites,westernTinghir(EasternAnti-Atlas,Morocco)",31.35299167,-5.718,Moderate,
loc_00757,Middle Atlas,Drâa-Tafilalet,Ediacaran-Lower Cambrian contact,,"El Ouali et al., 2026a","Geoeducation,geotourism,andgeoconservationoftheTimaderouineEdiacaran-Ordoviciangeosites,westernTinghir(EasternAnti-Atlas,Morocco)",31.35544722,-5.719055556,Moderate,
loc_00758,Middle Atlas,Drâa-Tafilalet,Lower Cambrian “Brèche à Micmacca”,,"El Ouali et al., 2026a","Geoeducation,geotourism,andgeoconservationoftheTimaderouineEdiacaran-Ordoviciangeosites,westernTinghir(EasternAnti-Atlas,Morocco)",31.35539722,-5.719816667,Moderate,
loc_00759,Middle Atlas,Drâa-Tafilalet,Middle Cambrian Paradoxides-type trilobites,,"El Ouali et al., 2026a","Geoeducation,geotourism,andgeoconservationoftheTimaderouineEdiacaran-Ordoviciangeosites,westernTinghir(EasternAnti-Atlas,Morocco)",31.35589444,-5.718358333,Moderate,
loc_00760,Middle Atlas,Drâa-Tafilalet,Middle Cambrian regression sequences,,"El Ouali et al., 2026a","Geoeducation,geotourism,andgeoconservationoftheTimaderouineEdiacaran-Ordoviciangeosites,westernTinghir(EasternAnti-Atlas,Morocco)",31.36165556,-5.734269444,Moderate,
loc_00761,Middle Atlas,Drâa-Tafilalet,Lower Ordovician oncolite structures,,"El Ouali et al., 2026a","Geoeducation,geotourism,andgeoconservationoftheTimaderouineEdiacaran-Ordoviciangeosites,westernTinghir(EasternAnti-Atlas,Morocco)",31.36876389,-5.735255556,Moderate,
loc_00762,Middle Atlas,Drâa-Tafilalet,Middle Ordovician burrows and oolitic iron,,"El Ouali et al., 2026a","Geoeducation,geotourism,andgeoconservationoftheTimaderouineEdiacaran-Ordoviciangeosites,westernTinghir(EasternAnti-Atlas,Morocco)",31.37255,-5.733369444,Moderate,
loc_00763,Middle Atlas,Drâa-Tafilalet,Upper Ordovician bioturbation and karstification,,"El Ouali et al., 2026a","Geoeducation,geotourism,andgeoconservationoftheTimaderouineEdiacaran-Ordoviciangeosites,westernTinghir(EasternAnti-Atlas,Morocco)",31.38072778,-5.732627778,Moderate,
loc_00764,Middle Atlas,Drâa-Tafilalet,Upper Ordovician sequences and faults,,"El Ouali et al., 2026a","Geoeducation,geotourism,andgeoconservationoftheTimaderouineEdiacaran-Ordoviciangeosites,westernTinghir(EasternAnti-Atlas,Morocco)",31.37605,-5.735016667,Moderate,
loc_00765,Middle Atlas,Drâa-Tafilalet,Visean–Infra-Cenomanian unconformity,,"El Ouali et al., 2026b","From the Visean to the Quaternary: Geoheritage Asssessment of Geosites for Science, Education, and Tourism in the Imlil-Tizi n’Tazoult District, West of Tinghir (Morocco)",31.43416667,-5.645,Easy,
loc_00766,Middle Atlas,Drâa-Tafilalet,Quaternary fluvial terraces,,"El Ouali et al., 2026b","From the Visean to the Quaternary: Geoheritage Asssessment of Geosites for Science, Education, and Tourism in the Imlil-Tizi n’Tazoult District, West of Tinghir (Morocco)",31.43638889,-5.645555556,Easy,
loc_00767,Middle Atlas,Drâa-Tafilalet,Infra-Cenomanian gypsum & Quaternary travertine,,"El Ouali et al., 2026b","From the Visean to the Quaternary: Geoheritage Asssessment of Geosites for Science, Education, and Tourism in the Imlil-Tizi n’Tazoult District, West of Tinghir (Morocco)",31.44083333,-5.647777778,Easy,
loc_00768,Middle Atlas,Drâa-Tafilalet,Cenomanian–Turonian lithified and flint-rich limestone,,"El Ouali et al., 2026b","From the Visean to the Quaternary: Geoheritage Asssessment of Geosites for Science, Education, and Tourism in the Imlil-Tizi n’Tazoult District, West of Tinghir (Morocco)",31.44416667,-5.654722222,Easy,
loc_00769,Middle Atlas,Drâa-Tafilalet,Senonian–Neogene basalt unconformity,,"El Ouali et al., 2026b","From the Visean to the Quaternary: Geoheritage Asssessment of Geosites for Science, Education, and Tourism in the Imlil-Tizi n’Tazoult District, West of Tinghir (Morocco)",31.44833333,-5.6625,Easy,
loc_00770,Middle Atlas,Drâa-Tafilalet,Neogene volcano-sedimentary deposits,,"El Ouali et al., 2026b","From the Visean to the Quaternary: Geoheritage Asssessment of Geosites for Science, Education, and Tourism in the Imlil-Tizi n’Tazoult District, West of Tinghir (Morocco)",31.45555556,-5.662777778,Easy,
loc_00771,Middle Atlas,Drâa-Tafilalet,Paleocene fossiliferous limestone,,"El Ouali et al., 2026b","From the Visean to the Quaternary: Geoheritage Asssessment of Geosites for Science, Education, and Tourism in the Imlil-Tizi n’Tazoult District, West of Tinghir (Morocco)",31.45166667,-5.664722222,Easy,
loc_00772,Middle Atlas,Drâa-Tafilalet,Geosite 1,,"Milu et al., 2019",GEOHERITAGE OF THE ANTI-ATLAS (MOROCCO): A NATURAL TREASURE IN SUPPORT OF SUSTAINABLE DEVELOPMENT,31.33616667,-5.593294444,Easy,
loc_00773,Middle Atlas,Drâa-Tafilalet,Geosite 2,,"Milu et al., 2019",GEOHERITAGE OF THE ANTI-ATLAS (MOROCCO): A NATURAL TREASURE IN SUPPORT OF SUSTAINABLE DEVELOPMENT,31.43456111,-5.989994444,Easy,
loc_00774,Middle Atlas,Drâa-Tafilalet,Geosite 3,,"Milu et al., 2019",GEOHERITAGE OF THE ANTI-ATLAS (MOROCCO): A NATURAL TREASURE IN SUPPORT OF SUSTAINABLE DEVELOPMENT,31.52831944,-5.924694444,Easy,
loc_00775,Middle Atlas,Drâa-Tafilalet,Geosite 4,,"Milu et al., 2019",GEOHERITAGE OF THE ANTI-ATLAS (MOROCCO): A NATURAL TREASURE IN SUPPORT OF SUSTAINABLE DEVELOPMENT,30.85414167,-6.802416667,Moderate,
loc_00776,Middle Atlas,Drâa-Tafilalet,Geosite 5,,"Milu et al., 2019",GEOHERITAGE OF THE ANTI-ATLAS (MOROCCO): A NATURAL TREASURE IN SUPPORT OF SUSTAINABLE DEVELOPMENT,30.75893056,-6.642613889,Easy,
loc_00777,Middle Atlas,Drâa-Tafilalet,Geosite 6,,"Milu et al., 2019",GEOHERITAGE OF THE ANTI-ATLAS (MOROCCO): A NATURAL TREASURE IN SUPPORT OF SUSTAINABLE DEVELOPMENT,30.52488056,-6.443355556,Difficult,
loc_00778,Middle Atlas,Drâa-Tafilalet,Geosite 8,,"Milu et al., 2019",GEOHERITAGE OF THE ANTI-ATLAS (MOROCCO): A NATURAL TREASURE IN SUPPORT OF SUSTAINABLE DEVELOPMENT,30.28378611,-6.432008333,Easy,
loc_00779,Middle Atlas,Drâa-Tafilalet,Geosite 9,,"Milu et al., 2019",GEOHERITAGE OF THE ANTI-ATLAS (MOROCCO): A NATURAL TREASURE IN SUPPORT OF SUSTAINABLE DEVELOPMENT,30.52151111,-7.246663889,Easy,
loc_00780,Middle Atlas,Béni Mellal-Khénifra,Kerrouchène,,"Baadi et al., 2023",Paleozoic-Lower and Middle Lias Lithostratigraphic and Sedimentological Geosites of the Middle Atlas (Morocco): Inventory and Valorization,32.81226111,-5.319172222,Moderate,
loc_00781,Middle Atlas,Béni Mellal-Khénifra,Aghbaloun Assounane,,"Baadi, 2023d",Hydric Geosites of Middle Atlas: A Natural Heritage Under Threat,32.91218611,-5.335925,Easy,
loc_00782,Middle Atlas,Béni Mellal-Khénifra,Aguelmam Admar Izam,,"Baadi, 2023d",Hydric Geosites of Middle Atlas: A Natural Heritage Under Threat,33.10306389,-5.394455556,Easy,
loc_00783,Middle Atlas,Béni Mellal-Khénifra,Aguelmam Almis Guigou,,"Baadi, 2023d",Hydric Geosites of Middle Atlas: A Natural Heritage Under Threat,32.97318333,-5.443508333,Easy,
loc_00784,Middle Atlas,Béni Mellal-Khénifra,Aguelmam Dial Tachnkourt,,"Baadi, 2023d",Hydric Geosites of Middle Atlas: A Natural Heritage Under Threat,33.14556111,-5.386361111,Easy,
loc_00785,Middle Atlas,Béni Mellal-Khénifra,Aguelmam Miammi,,"Baadi, 2023d",Hydric Geosites of Middle Atlas: A Natural Heritage Under Threat,32.90421944,-5.373591667,Moderate,
loc_00786,Middle Atlas,Béni Mellal-Khénifra,Aguelmam n’Harcha,,"Baadi, 2023d",Hydric Geosites of Middle Atlas: A Natural Heritage Under Threat,33.13122222,-5.351230556,Moderate,
loc_00787,Middle Atlas,Béni Mellal-Khénifra,Aguelmam Ou Houli,,"Baadi, 2023d",Hydric Geosites of Middle Atlas: A Natural Heritage Under Threat,33.12961667,-5.359891667,Moderate,
loc_00788,Middle Atlas,Béni Mellal-Khénifra,Aguelmam Sidi Abderahman Ou Said,,"Baadi, 2023d",Hydric Geosites of Middle Atlas: A Natural Heritage Under Threat,33.08541111,-5.400916667,Moderate,
loc_00789,Middle Atlas,Béni Mellal-Khénifra,Lac Ajdir,,"Baadi, 2023d",Hydric Geosites of Middle Atlas: A Natural Heritage Under Threat,32.96297222,-5.434805556,Easy,
loc_00790,Middle Atlas,Béni Mellal-Khénifra,Oum Er-Rbiaa,,"Baadi, 2023d",Hydric Geosites of Middle Atlas: A Natural Heritage Under Threat,33.05158889,-5.412147222,Easy,
loc_00791,Middle Atlas,Béni Mellal-Khénifra,Taguelmant Yéj,,"Baadi, 2023d",Hydric Geosites of Middle Atlas: A Natural Heritage Under Threat,32.97243889,-5.569052778,Easy,
loc_00792,Middle Atlas,Béni Mellal-Khénifra,Tiguelmamines,,"Baadi, 2023d",Hydric Geosites of Middle Atlas: A Natural Heritage Under Threat,32.90577222,-5.343172222,Moderate,
loc_00793,Middle Atlas,Béni Mellal-Khénifra,Aghbal,,"Baadi, 2023e",Fluvial Heritage of the Middle Atlas (Morocco): An Essential Element for Regional Sustainable Development,33.04495833,-5.480861111,Moderate,
loc_00794,Middle Atlas,Béni Mellal-Khénifra,Aït Ou Hammou,,"Baadi, 2023e",Fluvial Heritage of the Middle Atlas (Morocco): An Essential Element for Regional Sustainable Development,33.05758333,-5.379052778,Difficult,
loc_00795,Middle Atlas,Béni Mellal-Khénifra,Aferrane,,"Baadi and Lebreton, 2023",Exo- and Endokarst of the Middle Atlas (Morocco): From Inventory to Promotion,33.026,-5.460927778,Moderate,
loc_00796,Middle Atlas,Béni Mellal-Khénifra,Ahoussal,,"Baadi and Lebreton, 2023",Exo- and Endokarst of the Middle Atlas (Morocco): From Inventory to Promotion,32.96416944,-5.316977778,Moderate,
loc_00797,Middle Atlas,Béni Mellal-Khénifra,Ajdir,,"Baadi and Lebreton, 2023",Exo- and Endokarst of the Middle Atlas (Morocco): From Inventory to Promotion,32.96297222,-5.434805556,Moderate,
loc_00798,Middle Atlas,Béni Mellal-Khénifra,Al Maarad,,"Baadi and Lebreton, 2023",Exo- and Endokarst of the Middle Atlas (Morocco): From Inventory to Promotion,33.00576667,-5.501008333,Moderate,
loc_00799,Middle Atlas,Béni Mellal-Khénifra,Azegza,,"Baadi and Lebreton, 2023",Exo- and Endokarst of the Middle Atlas (Morocco): From Inventory to Promotion,32.99203333,-5.471388889,Moderate,
loc_00800,Middle Atlas,Béni Mellal-Khénifra,Iferaoun,,"Baadi and Lebreton, 2023",Exo- and Endokarst of the Middle Atlas (Morocco): From Inventory to Promotion,33.14539444,-5.383291667,Moderate,
loc_00801,Middle Atlas,Béni Mellal-Khénifra,Ifrennta,,"Baadi and Lebreton, 2023",Exo- and Endokarst of the Middle Atlas (Morocco): From Inventory to Promotion,33.15681111,-5.365311111,Moderate,
loc_00802,Middle Atlas,Béni Mellal-Khénifra,Kssouatène,,"Baadi and Lebreton, 2023",Exo- and Endokarst of the Middle Atlas (Morocco): From Inventory to Promotion,33.12797778,-5.385097222,Moderate,
loc_00803,Middle Atlas,Béni Mellal-Khénifra,Mirssa,,"Baadi and Lebreton, 2023",Exo- and Endokarst of the Middle Atlas (Morocco): From Inventory to Promotion,32.95245,-5.291522222,Difficult,
loc_00804,Middle Atlas,Béni Mellal-Khénifra,Missartène,,"Baadi and Lebreton, 2023",Exo- and Endokarst of the Middle Atlas (Morocco): From Inventory to Promotion,32.99635556,-5.447777778,Moderate,
loc_00805,Middle Atlas,Béni Mellal-Khénifra,Ouaousseguerna,,"Baadi and Lebreton, 2023",Exo- and Endokarst of the Middle Atlas (Morocco): From Inventory to Promotion,33.15630278,-5.429877778,Moderate,
loc_00806,Middle Atlas,Béni Mellal-Khénifra,Ouiouane,,"Baadi and Lebreton, 2023",Exo- and Endokarst of the Middle Atlas (Morocco): From Inventory to Promotion,33.12708333,-5.345638889,Easy,
loc_00807,Middle Atlas,Béni Mellal-Khénifra,Ounane,,"Baadi and Lebreton, 2023",Exo- and Endokarst of the Middle Atlas (Morocco): From Inventory to Promotion,33.15134444,-5.408222222,Moderate,
loc_00808,Middle Atlas,Béni Mellal-Khénifra,Taboughout,,"Baadi and Lebreton, 2023",Exo- and Endokarst of the Middle Atlas (Morocco): From Inventory to Promotion,32.94426667,-5.483897222,Moderate,
loc_00809,Middle Atlas,Béni Mellal-Khénifra,Taboughout Nord,,"Baadi and Lebreton, 2023",Exo- and Endokarst of the Middle Atlas (Morocco): From Inventory to Promotion,32.95751389,-5.494613889,Moderate,
loc_00810,Middle Atlas,Béni Mellal-Khénifra,Tigouyal,,"Baadi and Lebreton, 2023",Exo- and Endokarst of the Middle Atlas (Morocco): From Inventory to Promotion,32.96931944,-5.374294444,Moderate,
loc_00811,Middle Atlas,Béni Mellal-Khénifra,Tizaraght,,"Baadi and Lebreton, 2023",Exo- and Endokarst of the Middle Atlas (Morocco): From Inventory to Promotion,32.96166667,-5.471636111,Moderate,
loc_00812,Middle Atlas,Béni Mellal-Khénifra,Tizaraght Est,,"Baadi and Lebreton, 2023",Exo- and Endokarst of the Middle Atlas (Morocco): From Inventory to Promotion,32.95620278,-5.456361111,Moderate,
loc_00813,Middle Atlas,Béni Mellal-Khénifra,Tizerghine,,"Baadi and Lebreton, 2023",Exo- and Endokarst of the Middle Atlas (Morocco): From Inventory to Promotion,32.96671944,-5.397927778,Moderate,
loc_00814,Middle Atlas,Fés-Meknés,Lower Devonian quartzite bars of Bou Trou-Al Aççama,,Akhlidej et al.2024,"Inventory and quantitative assessment of Devonian geosites in the Azrou-Khenifra Basin (eastern band of the Central Hercynian Massif, Morocco)",33.36733333,-5.490166667,Easy,
loc_00815,Middle Atlas,Fés-Meknés,Lower Devonian paleosol of Bou Trou-Al Aççama,,Akhlidej et al.2024,"Inventory and quantitative assessment of Devonian geosites in the Azrou-Khenifra Basin (eastern band of the Central Hercynian Massif, Morocco)",33.35933333,-5.491833333,Moderate,
loc_00816,Middle Atlas,Fés-Meknés,Lower Devonian dwarf brachiopods of Bou Trou Al Aççama,,Akhlidej et al.2024,"Inventory and quantitative assessment of Devonian geosites in the Azrou-Khenifra Basin (eastern band of the Central Hercynian Massif, Morocco)",33.3595,-5.490833333,Moderate,
loc_00817,Middle Atlas,Fés-Meknés,Emsien crinoids grassland of Bab Al Ari,,Akhlidej et al.2024,"Inventory and quantitative assessment of Devonian geosites in the Azrou-Khenifra Basin (eastern band of the Central Hercynian Massif, Morocco)",33.4605,-5.1865,Moderate,
loc_00818,Middle Atlas,Fés-Meknés,Givetian calciturbidites of Ben Aarab,,Akhlidej et al.2024,"Inventory and quantitative assessment of Devonian geosites in the Azrou-Khenifra Basin (eastern band of the Central Hercynian Massif, Morocco)",33.50133333,-5.4015,Easy,
loc_00819,Middle Atlas,Fés-Meknés,Givetian-Famennian paleolapiaz of Bab Al Ari,,Akhlidej et al.2024,"Inventory and quantitative assessment of Devonian geosites in the Azrou-Khenifra Basin (eastern band of the Central Hercynian Massif, Morocco)",33.4605,-5.1865,Moderate,
loc_00820,Middle Atlas,Fés-Meknés,Askour,,"Baadi et al., 2023",Paleozoic-Lower and Middle Lias Lithostratigraphic and Sedimentological Geosites of the Middle Atlas (Morocco): Inventory and Valorization,33.63040833,-4.182608333,Difficult,
loc_00821,Middle Atlas,Fés-Meknés,Azzaba,,"Baadi et al., 2023",Paleozoic-Lower and Middle Lias Lithostratigraphic and Sedimentological Geosites of the Middle Atlas (Morocco): Inventory and Valorization,33.81390833,-4.675672222,Moderate,
loc_00822,Middle Atlas,Fés-Meknés,Bab Azhar,,"Baadi et al., 2023",Paleozoic-Lower and Middle Lias Lithostratigraphic and Sedimentological Geosites of the Middle Atlas (Morocco): Inventory and Valorization,34.06423889,-4.265394444,Difficult,
loc_00823,Middle Atlas,Fés-Meknés,Ben Smime,,"Baadi et al., 2023",Paleozoic-Lower and Middle Lias Lithostratigraphic and Sedimentological Geosites of the Middle Atlas (Morocco): Inventory and Valorization,33.49503889,-5.189722222,Moderate,
loc_00824,Middle Atlas,Fés-Meknés,Beni Mkoud,,"Baadi et al., 2023",Paleozoic-Lower and Middle Lias Lithostratigraphic and Sedimentological Geosites of the Middle Atlas (Morocco): Inventory and Valorization,33.89700833,-4.344252778,Difficult,
loc_00825,Middle Atlas,Fés-Meknés,Bhalil,,"Baadi et al., 2023",Paleozoic-Lower and Middle Lias Lithostratigraphic and Sedimentological Geosites of the Middle Atlas (Morocco): Inventory and Valorization,33.86452778,-4.890405556,Difficult,
loc_00826,Middle Atlas,Fés-Meknés,Bled Ech Chrif,,"Baadi et al., 2023",Paleozoic-Lower and Middle Lias Lithostratigraphic and Sedimentological Geosites of the Middle Atlas (Morocco): Inventory and Valorization,33.97019722,-4.049877778,Moderate,
loc_00827,Middle Atlas,Fés-Meknés,Bon Massaoud,,"Baadi et al., 2023",Paleozoic-Lower and Middle Lias Lithostratigraphic and Sedimentological Geosites of the Middle Atlas (Morocco): Inventory and Valorization,34.10189444,-4.083633333,Difficult,
loc_00828,Middle Atlas,Fés-Meknés,Bou Tazzert,,"Baadi et al., 2023",Paleozoic-Lower and Middle Lias Lithostratigraphic and Sedimentological Geosites of the Middle Atlas (Morocco): Inventory and Valorization,33.430075,-4.946205556,Difficult,
loc_00829,Middle Atlas,Fés-Meknés,Bsabis,,"Baadi et al., 2023",Paleozoic-Lower and Middle Lias Lithostratigraphic and Sedimentological Geosites of the Middle Atlas (Morocco): Inventory and Valorization,33.69928611,-4.693583333,Difficult,
loc_00830,Middle Atlas,Fés-Meknés,Col de Touaher,,"Baadi et al., 2023",Paleozoic-Lower and Middle Lias Lithostratigraphic and Sedimentological Geosites of the Middle Atlas (Morocco): Inventory and Valorization,34.19276389,-4.166980556,Easy,
loc_00831,Middle Atlas,Fés-Meknés,Diapir de Mellaha,,"Baadi et al., 2023",Paleozoic-Lower and Middle Lias Lithostratigraphic and Sedimentological Geosites of the Middle Atlas (Morocco): Inventory and Valorization,33.77836667,-4.562041667,Difficult,
loc_00832,Middle Atlas,Fés-Meknés,El Ghar,,"Baadi et al., 2023",Paleozoic-Lower and Middle Lias Lithostratigraphic and Sedimentological Geosites of the Middle Atlas (Morocco): Inventory and Valorization,33.88885556,-4.262888889,Moderate,
loc_00833,Middle Atlas,Fés-Meknés,El Harira,,"Baadi et al., 2023",Paleozoic-Lower and Middle Lias Lithostratigraphic and Sedimentological Geosites of the Middle Atlas (Morocco): Inventory and Valorization,33.92054167,-4.363547222,Moderate,
loc_00834,Middle Atlas,Fés-Meknés,Ic h Amellal,,"Baadi et al., 2023",Paleozoic-Lower and Middle Lias Lithostratigraphic and Sedimentological Geosites of the Middle Atlas (Morocco): Inventory and Valorization,33.5172,-4.913855556,Difficult,
loc_00835,Middle Atlas,Fés-Meknés,Ic h Bab El Mansour,,"Baadi et al., 2023",Paleozoic-Lower and Middle Lias Lithostratigraphic and Sedimentological Geosites of the Middle Atlas (Morocco): Inventory and Valorization,33.66533333,-4.196561111,Difficult,
loc_00836,Middle Atlas,Fés-Meknés,Ic h Maalem,,"Baadi et al., 2023",Paleozoic-Lower and Middle Lias Lithostratigraphic and Sedimentological Geosites of the Middle Atlas (Morocco): Inventory and Valorization,33.70490556,-4.166080556,Difficult,
loc_00837,Middle Atlas,Fés-Meknés,Ic h n’Tili,,"Baadi et al., 2023",Paleozoic-Lower and Middle Lias Lithostratigraphic and Sedimentological Geosites of the Middle Atlas (Morocco): Inventory and Valorization,33.59842778,-4.2674,Difficult,
loc_00838,Middle Atlas,Fés-Meknés,Ic h Ouarich,,"Baadi et al., 2023",Paleozoic-Lower and Middle Lias Lithostratigraphic and Sedimentological Geosites of the Middle Atlas (Morocco): Inventory and Valorization,33.49328611,-4.916116667,Difficult,
loc_00839,Middle Atlas,Fés-Meknés,Issouka,,"Baadi et al., 2023",Paleozoic-Lower and Middle Lias Lithostratigraphic and Sedimentological Geosites of the Middle Atlas (Morocco): Inventory and Valorization,33.44167778,-4.334855556,Moderate,
loc_00840,Middle Atlas,Fés-Meknés,It Ougmar,,"Baadi et al., 2023",Paleozoic-Lower and Middle Lias Lithostratigraphic and Sedimentological Geosites of the Middle Atlas (Morocco): Inventory and Valorization,33.41066944,-4.873538889,Difficult,
loc_00841,Middle Atlas,Fés-Meknés,Ito,,"Baadi et al., 2023",Paleozoic-Lower and Middle Lias Lithostratigraphic and Sedimentological Geosites of the Middle Atlas (Morocco): Inventory and Valorization,33.59500556,-5.358744444,Easy,
loc_00842,Middle Atlas,Fés-Meknés,Jbel Bouslama,,"Baadi et al., 2023",Paleozoic-Lower and Middle Lias Lithostratigraphic and Sedimentological Geosites of the Middle Atlas (Morocco): Inventory and Valorization,33.92851389,-4.261708333,Difficult,
loc_00843,Middle Atlas,Fés-Meknés,Jbel Hamda,,"Baadi et al., 2023",Paleozoic-Lower and Middle Lias Lithostratigraphic and Sedimentological Geosites of the Middle Atlas (Morocco): Inventory and Valorization,33.76776944,-4.508608333,Difficult,
loc_00844,Middle Atlas,Fés-Meknés,Jbel Messassa,,"Baadi et al., 2023",Paleozoic-Lower and Middle Lias Lithostratigraphic and Sedimentological Geosites of the Middle Atlas (Morocco): Inventory and Valorization,33.89837778,-4.388580556,Difficult,
loc_00845,Middle Atlas,Fés-Meknés,Jbel Nerkibat,,"Baadi et al., 2023",Paleozoic-Lower and Middle Lias Lithostratigraphic and Sedimentological Geosites of the Middle Atlas (Morocco): Inventory and Valorization,33.83624444,-4.089855556,Difficult,
loc_00846,Middle Atlas,Fés-Meknés,Jbel Sehrij,,"Baadi et al., 2023",Paleozoic-Lower and Middle Lias Lithostratigraphic and Sedimentological Geosites of the Middle Atlas (Morocco): Inventory and Valorization,33.92944167,-3.992011111,Difficult,
loc_00847,Middle Atlas,Fés-Meknés,Jbel Tazrakht,,"Baadi et al., 2023",Paleozoic-Lower and Middle Lias Lithostratigraphic and Sedimentological Geosites of the Middle Atlas (Morocco): Inventory and Valorization,33.74353611,-4.613408333,Difficult,
loc_00848,Middle Atlas,Fés-Meknés,Jbel Tichaou,,"Baadi et al., 2023",Paleozoic-Lower and Middle Lias Lithostratigraphic and Sedimentological Geosites of the Middle Atlas (Morocco): Inventory and Valorization,33.91208889,-4.409205556,Difficult,
loc_00849,Middle Atlas,Fés-Meknés,Jbel Tnidilt,,"Baadi et al., 2023",Paleozoic-Lower and Middle Lias Lithostratigraphic and Sedimentological Geosites of the Middle Atlas (Morocco): Inventory and Valorization,33.92292778,-4.298558333,Difficult,
loc_00850,Middle Atlas,Fés-Meknés,Jerf EI Gaz,,"Baadi et al., 2023",Paleozoic-Lower and Middle Lias Lithostratigraphic and Sedimentological Geosites of the Middle Atlas (Morocco): Inventory and Valorization,33.42416667,-4.342222222,Difficult,
loc_00851,Middle Atlas,Fés-Meknés,Kandar,,"Baadi et al., 2023",Paleozoic-Lower and Middle Lias Lithostratigraphic and Sedimentological Geosites of the Middle Atlas (Morocco): Inventory and Valorization,33.77978056,-5.065452778,Easy,
loc_00852,Middle Atlas,Fés-Meknés,Koudiat Ech Chham,,"Baadi et al., 2023",Paleozoic-Lower and Middle Lias Lithostratigraphic and Sedimentological Geosites of the Middle Atlas (Morocco): Inventory and Valorization,33.45149167,-4.929327778,Easy,
loc_00853,Middle Atlas,Fés-Meknés,Laârouch,,"Baadi et al., 2023",Paleozoic-Lower and Middle Lias Lithostratigraphic and Sedimentological Geosites of the Middle Atlas (Morocco): Inventory and Valorization,33.92948056,-4.256008333,Moderate,
loc_00854,Middle Atlas,Fés-Meknés,Mâafa Tamekrant,,"Baadi et al., 2023",Paleozoic-Lower and Middle Lias Lithostratigraphic and Sedimentological Geosites of the Middle Atlas (Morocco): Inventory and Valorization,33.48015833,-4.928294444,Moderate,
loc_00855,Middle Atlas,Fés-Meknés,Maafa Tamezian,,"Baadi et al., 2023",Paleozoic-Lower and Middle Lias Lithostratigraphic and Sedimentological Geosites of the Middle Atlas (Morocco): Inventory and Valorization,33.49139167,-4.932941667,Moderate,
loc_00856,Middle Atlas,Fés-Meknés,Merzidki,,"Baadi et al., 2023",Paleozoic-Lower and Middle Lias Lithostratigraphic and Sedimentological Geosites of the Middle Atlas (Morocco): Inventory and Valorization,33.44587222,-4.871861111,Easy,
loc_00857,Middle Atlas,Fés-Meknés,Mou Aguerbez,,"Baadi et al., 2023",Paleozoic-Lower and Middle Lias Lithostratigraphic and Sedimentological Geosites of the Middle Atlas (Morocco): Inventory and Valorization,33.46251111,-4.945358333,Easy,
loc_00858,Middle Atlas,Fés-Meknés,Pontde Sebou,,"Baadi et al., 2023",Paleozoic-Lower and Middle Lias Lithostratigraphic and Sedimentological Geosites of the Middle Atlas (Morocco): Inventory and Valorization,33.83229722,-4.646211111,Easy,
loc_00859,Middle Atlas,Fés-Meknés,Tamezziant,,"Baadi et al., 2023",Paleozoic-Lower and Middle Lias Lithostratigraphic and Sedimentological Geosites of the Middle Atlas (Morocco): Inventory and Valorization,33.44653889,-4.89125,Easy,
loc_00860,Middle Atlas,Fés-Meknés,Tichoukt,,"Baadi et al., 2023",Paleozoic-Lower and Middle Lias Lithostratigraphic and Sedimentological Geosites of the Middle Atlas (Morocco): Inventory and Valorization,33.394725,-4.6585,Difficult,
loc_00861,Middle Atlas,Fés-Meknés,Tizi Bou-Zaabel,,Baadi et al.2020,"Methodological Proposal for Assessment Geosites: its Application
 in Bou-Iblane Region (Middle Atlas, Morocco)",33.64558889,-4.1551,Easy,
loc_00862,Middle Atlas,Fés-Meknés,Tizi Oughmari,,"Baadi et al., 2023",Paleozoic-Lower and Middle Lias Lithostratigraphic and Sedimentological Geosites of the Middle Atlas (Morocco): Inventory and Valorization,33.46958889,-5.165063889,Moderate,
loc_00863,Middle Atlas,Fés-Meknés,Tleta Zerarda,,"Baadi et al., 2023",Paleozoic-Lower and Middle Lias Lithostratigraphic and Sedimentological Geosites of the Middle Atlas (Morocco): Inventory and Valorization,33.99356944,-4.383002778,Moderate,
loc_00864,Middle Atlas,Fés-Meknés,Zitounat,,"Baadi et al., 2023",Paleozoic-Lower and Middle Lias Lithostratigraphic and Sedimentological Geosites of the Middle Atlas (Morocco): Inventory and Valorization,33.40253611,-5.020261111,Easy,
loc_00865,Middle Atlas,Fés-Meknés,Jbel Shala,,"Baadi et al., 2023","of Lithostratigraphic, Paleogeographic and Paleontological Importance",33.68775556,-4.305622222,Difficult,
loc_00866,Middle Atlas,Fés-Meknés,Cave of Tamezguid n’Rbi,,"Baadi et al., 2023","of Lithostratigraphic, Paleogeographic and Paleontological Importance",33.66263611,-4.289038889,Difficult,
loc_00867,Middle Atlas,Fés-Meknés,Aderj Plateau,,"Baadi and Sabaoui, 2023",Cenozoic Sites of the Middle Atlas (Morocco): An Alpine Heritage to Be Preserved,33.62390556,-4.447261111,Easy,
loc_00868,Middle Atlas,Fés-Meknés,Aghram Amellal,,"Baadi and Sabaoui, 2023",Cenozoic Sites of the Middle Atlas (Morocco): An Alpine Heritage to Be Preserved,33.68239167,-4.457058333,Easy,
loc_00869,Middle Atlas,Fés-Meknés,Aghram Iroumine,,"Baadi and Sabaoui, 2023",Cenozoic Sites of the Middle Atlas (Morocco): An Alpine Heritage to Be Preserved,33.645875,-4.472341667,Easy,
loc_00870,Middle Atlas,Fés-Meknés,Bel Jeraf,,"Baadi and Sabaoui, 2023",Cenozoic Sites of the Middle Atlas (Morocco): An Alpine Heritage to Be Preserved,33.82606944,-4.846188889,Difficult,
loc_00871,Middle Atlas,Fés-Meknés,Beni Mghora,,"Baadi and Sabaoui, 2023",Cenozoic Sites of the Middle Atlas (Morocco): An Alpine Heritage to Be Preserved,33.69641111,-4.353727778,Moderate,
loc_00872,Middle Atlas,Fés-Meknés,El Karia,,"Baadi and Sabaoui, 2023",Cenozoic Sites of the Middle Atlas (Morocco): An Alpine Heritage to Be Preserved,33.77083889,-4.319133333,Easy,
loc_00873,Middle Atlas,Fés-Meknés,Foum Khneg,,"Baadi and Sabaoui, 2023",Cenozoic Sites of the Middle Atlas (Morocco): An Alpine Heritage to Be Preserved,33.15085,-5.053672222,Easy,
loc_00874,Middle Atlas,Fés-Meknés,Gara Tazouta,,"Baadi and Sabaoui, 2023",Cenozoic Sites of the Middle Atlas (Morocco): An Alpine Heritage to Be Preserved,33.64585833,-4.650772222,Moderate,
loc_00875,Middle Atlas,Fés-Meknés,Ich n’Bouk,,"Baadi and Sabaoui, 2023",Cenozoic Sites of the Middle Atlas (Morocco): An Alpine Heritage to Be Preserved,33.64894444,-4.417163889,Difficult,
loc_00876,Middle Atlas,Fés-Meknés,Laazib,,"Baadi and Sabaoui, 2023",Cenozoic Sites of the Middle Atlas (Morocco): An Alpine Heritage to Be Preserved,33.73292222,-4.382358333,Moderate,
loc_00877,Middle Atlas,Fés-Meknés,Lebbouaddis,,"Baadi and Sabaoui, 2023",Cenozoic Sites of the Middle Atlas (Morocco): An Alpine Heritage to Be Preserved,33.82904444,-4.649525,Difficult,
loc_00878,Middle Atlas,Fés-Meknés,Miocene of Bizi,,"Baadi and Sabaoui, 2023",Cenozoic Sites of the Middle Atlas (Morocco): An Alpine Heritage to Be Preserved,33.93231944,-3.987136111,Difficult,
loc_00879,Middle Atlas,Fés-Meknés,Oued Mdez,,"Baadi and Sabaoui, 2023",Cenozoic Sites of the Middle Atlas (Morocco): An Alpine Heritage to Be Preserved,33.65264722,-4.565633333,Easy,
loc_00880,Middle Atlas,Fés-Meknés,Oued Zra,,"Baadi and Sabaoui, 2023",Cenozoic Sites of the Middle Atlas (Morocco): An Alpine Heritage to Be Preserved,33.70815556,-4.641630556,Easy,
loc_00881,Middle Atlas,Fés-Meknés,Ribat al Khayr,,"Baadi and Sabaoui, 2023",Cenozoic Sites of the Middle Atlas (Morocco): An Alpine Heritage to Be Preserved,33.81769444,-4.421363889,Easy,
loc_00882,Middle Atlas,Fés-Meknés,Sidi Yahya,,"Baadi and Sabaoui, 2023",Cenozoic Sites of the Middle Atlas (Morocco): An Alpine Heritage to Be Preserved,33.74138889,-4.326219444,Moderate,
loc_00883,Middle Atlas,Fés-Meknés,Silt of Sefrou,,"Baadi and Sabaoui, 2023",Cenozoic Sites of the Middle Atlas (Morocco): An Alpine Heritage to Be Preserved,33.85794722,-4.850958333,Easy,
loc_00884,Middle Atlas,Fés-Meknés,Skoura Travertines,,"Baadi and Sabaoui, 2023",Cenozoic Sites of the Middle Atlas (Morocco): An Alpine Heritage to Be Preserved,33.58542222,-4.531686111,Easy,
loc_00885,Middle Atlas,Fés-Meknés,Tannint ou Moudou,,"Baadi and Sabaoui, 2023",Cenozoic Sites of the Middle Atlas (Morocco): An Alpine Heritage to Be Preserved,33.6672,-4.486122222,Easy,
loc_00886,Middle Atlas,Fés-Meknés,Timahdite limestones,,"Baadi and Sabaoui, 2023",Cenozoic Sites of the Middle Atlas (Morocco): An Alpine Heritage to Be Preserved,33.23932778,-5.05505,Moderate,
loc_00887,Middle Atlas,Fés-Meknés,Aïn ou N’Jourh,,"Baadi, 2023b",The Palaeontological Heritage of Vertebrates in the Middle Atlas (Morocco): Initiatives of Inventory and Assessment for a Rare Heritage Threatened with Degradation,33.47506667,-4.453991667,Moderate,
loc_00888,Middle Atlas,Fés-Meknés,Aït Abdellah,,"Baadi, 2023b",The Palaeontological Heritage of Vertebrates in the Middle Atlas (Morocco): Initiatives of Inventory and Assessment for a Rare Heritage Threatened with Degradation,33.41758333,-4.443222222,Moderate,
loc_00889,Middle Atlas,Fés-Meknés,Aït Bazza,,"Baadi, 2023b",The Palaeontological Heritage of Vertebrates in the Middle Atlas (Morocco): Initiatives of Inventory and Assessment for a Rare Heritage Threatened with Degradation,33.40993056,-4.309961111,Moderate,
loc_00890,Middle Atlas,Fés-Meknés,Botane,,"Baadi, 2023b",The Palaeontological Heritage of Vertebrates in the Middle Atlas (Morocco): Initiatives of Inventory and Assessment for a Rare Heritage Threatened with Degradation,33.48017222,-4.465558333,Moderate,
loc_00891,Middle Atlas,Fés-Meknés,Botane Sud,,"Baadi, 2023b",The Palaeontological Heritage of Vertebrates in the Middle Atlas (Morocco): Initiatives of Inventory and Assessment for a Rare Heritage Threatened with Degradation,33.47431667,-4.462652778,Moderate,
loc_00892,Middle Atlas,Fés-Meknés,Bou Ifraoun,,"Baadi, 2023b",The Palaeontological Heritage of Vertebrates in the Middle Atlas (Morocco): Initiatives of Inventory and Assessment for a Rare Heritage Threatened with Degradation,33.41518611,-4.376255556,Moderate,
loc_00893,Middle Atlas,Fés-Meknés,Bou Ifraoun Ouest,,"Baadi, 2023b",The Palaeontological Heritage of Vertebrates in the Middle Atlas (Morocco): Initiatives of Inventory and Assessment for a Rare Heritage Threatened with Degradation,33.415525,-4.3809,Moderate,
loc_00894,Middle Atlas,Fés-Meknés,Boulahfa,,"Baadi, 2023b",The Palaeontological Heritage of Vertebrates in the Middle Atlas (Morocco): Initiatives of Inventory and Assessment for a Rare Heritage Threatened with Degradation,33.29682222,-4.703822222,Difficult,
loc_00895,Middle Atlas,Fés-Meknés,Darak,,"Baadi, 2023b",The Palaeontological Heritage of Vertebrates in the Middle Atlas (Morocco): Initiatives of Inventory and Assessment for a Rare Heritage Threatened with Degradation,33.42342778,-4.452688889,Moderate,
loc_00896,Middle Atlas,Fés-Meknés,Djmila,,"Baadi, 2023b",The Palaeontological Heritage of Vertebrates in the Middle Atlas (Morocco): Initiatives of Inventory and Assessment for a Rare Heritage Threatened with Degradation,33.51165833,-4.435205556,Moderate,
loc_00897,Middle Atlas,Fés-Meknés,Jbel Oudiksou,,"Baadi, 2023b",The Palaeontological Heritage of Vertebrates in the Middle Atlas (Morocco): Initiatives of Inventory and Assessment for a Rare Heritage Threatened with Degradation,33.24940556,-4.829572222,Easy,
loc_00898,Middle Atlas,Fés-Meknés,Ksar Aït Moulay (Tisfoula Tasra),,"Baadi, 2023b",The Palaeontological Heritage of Vertebrates in the Middle Atlas (Morocco): Initiatives of Inventory and Assessment for a Rare Heritage Threatened with Degradation,33.44374444,-4.391513889,Moderate,
loc_00899,Middle Atlas,Fés-Meknés,Oued Boukamouche,,"Baadi, 2023c",The Palaeontological Heritage of Vertebrates in the Middle Atlas (Morocco): Initiatives of Inventory and Assessment for a Rare Heritage Threatened with Degradation,33.44686667,-4.422569444,Moderate,
loc_00900,Middle Atlas,Fés-Meknés,Oued Mers,,"Baadi, 2023c",The Palaeontological Heritage of Vertebrates in the Middle Atlas (Morocco): Initiatives of Inventory and Assessment for a Rare Heritage Threatened with Degradation,33.44502778,-4.315963889,Moderate,
loc_00901,Middle Atlas,Fés-Meknés,Oued Tamemchet,,"Baadi, 2023c",The Palaeontological Heritage of Vertebrates in the Middle Atlas (Morocco): Initiatives of Inventory and Assessment for a Rare Heritage Threatened with Degradation,33.42992778,-4.3973,Moderate,
loc_00902,Middle Atlas,Fés-Meknés,Oued Tamghilt,,"Baadi, 2023c",The Palaeontological Heritage of Vertebrates in the Middle Atlas (Morocco): Initiatives of Inventory and Assessment for a Rare Heritage Threatened with Degradation,33.44323056,-4.317419444,Moderate,
loc_00903,Middle Atlas,Fés-Meknés,Oulad Ali,,"Baadi, 2023c",The Palaeontological Heritage of Vertebrates in the Middle Atlas (Morocco): Initiatives of Inventory and Assessment for a Rare Heritage Threatened with Degradation,33.46462778,-3.971455556,Moderate,
loc_00904,Middle Atlas,Fés-Meknés,Selghert,,"Baadi, 2023c",The Palaeontological Heritage of Vertebrates in the Middle Atlas (Morocco): Initiatives of Inventory and Assessment for a Rare Heritage Threatened with Degradation,33.147,-4.980333333,Easy,
loc_00905,Middle Atlas,Fés-Meknés,Taghit,,"Baadi, 2023c",The Palaeontological Heritage of Vertebrates in the Middle Atlas (Morocco): Initiatives of Inventory and Assessment for a Rare Heritage Threatened with Degradation,33.45751944,-4.459761111,Moderate,
loc_00906,Middle Atlas,Fés-Meknés,Taghit Aït Youssef,,"Baadi, 2023c",The Palaeontological Heritage of Vertebrates in the Middle Atlas (Morocco): Initiatives of Inventory and Assessment for a Rare Heritage Threatened with Degradation,33.45613611,-4.453475,Moderate,
loc_00907,Middle Atlas,Fés-Meknés,Taghit Tissenflet,,"Baadi, 2023c",The Palaeontological Heritage of Vertebrates in the Middle Atlas (Morocco): Initiatives of Inventory and Assessment for a Rare Heritage Threatened with Degradation,33.45088333,-4.423069444,Moderate,
loc_00908,Middle Atlas,Fés-Meknés,Tamgert Iktaaïn (Tizi N’Julierh),,"Baadi, 2023c",The Palaeontological Heritage of Vertebrates in the Middle Atlas (Morocco): Initiatives of Inventory and Assessment for a Rare Heritage Threatened with Degradation,33.46710556,-4.449630556,Moderate,
loc_00909,Middle Atlas,Fés-Meknés,Tamgert N’Tarit,,"Baadi, 2023c",The Palaeontological Heritage of Vertebrates in the Middle Atlas (Morocco): Initiatives of Inventory and Assessment for a Rare Heritage Threatened with Degradation,33.46763889,-4.434291667,Moderate,
loc_00910,Middle Atlas,Fés-Meknés,Tamgert N’Tarit Nord,,"Baadi, 2023c",The Palaeontological Heritage of Vertebrates in the Middle Atlas (Morocco): Initiatives of Inventory and Assessment for a Rare Heritage Threatened with Degradation,33.46708333,-4.433444444,Moderate,
loc_00911,Middle Atlas,Fés-Meknés,Tamguert N’rate,,"Baadi, 2023c",The Palaeontological Heritage of Vertebrates in the Middle Atlas (Morocco): Initiatives of Inventory and Assessment for a Rare Heritage Threatened with Degradation,33.45396389,-4.312311111,Moderate,
loc_00912,Middle Atlas,Fés-Meknés,Tasra,,"Baadi, 2023c",The Palaeontological Heritage of Vertebrates in the Middle Atlas (Morocco): Initiatives of Inventory and Assessment for a Rare Heritage Threatened with Degradation,33.45984167,-4.393072222,Moderate,
loc_00913,Middle Atlas,Fés-Meknés,Tasra Est,,"Baadi, 2023c",The Palaeontological Heritage of Vertebrates in the Middle Atlas (Morocco): Initiatives of Inventory and Assessment for a Rare Heritage Threatened with Degradation,33.45956389,-4.386308333,Moderate,
loc_00914,Middle Atlas,Fés-Meknés,Tichniouine,,"Baadi, 2023c",The Palaeontological Heritage of Vertebrates in the Middle Atlas (Morocco): Initiatives of Inventory and Assessment for a Rare Heritage Threatened with Degradation,33.42688889,-4.419608333,Moderate,
loc_00915,Middle Atlas,Fés-Meknés,Tichou Moulay Said,,"Baadi, 2023c",The Palaeontological Heritage of Vertebrates in the Middle Atlas (Morocco): Initiatives of Inventory and Assessment for a Rare Heritage Threatened with Degradation,33.44114167,-4.395372222,Moderate,
loc_00916,Middle Atlas,Fés-Meknés,Tirardine,,"Baadi, 2023c",The Palaeontological Heritage of Vertebrates in the Middle Atlas (Morocco): Initiatives of Inventory and Assessment for a Rare Heritage Threatened with Degradation,33.43595278,-4.359125,Difficult,
loc_00917,Middle Atlas,Fés-Meknés,Aari Aguelmam,,"Baadi, 2023d",Hydric Geosites of Middle Atlas: A Natural Heritage Under Threat,33.16810556,-5.14145,Easy,
loc_00918,Middle Atlas,Fés-Meknés,Aghbalou Abrechane,,"Baadi, 2023d",Hydric Geosites of Middle Atlas: A Natural Heritage Under Threat,33.13965,-5.056938889,Easy,
loc_00919,Middle Atlas,Fés-Meknés,Aghbalou n’Brahim,,"Baadi, 2023d",Hydric Geosites of Middle Atlas: A Natural Heritage Under Threat,33.1894,-5.085630556,Easy,
loc_00920,Middle Atlas,Fés-Meknés,Aghbalou n’Talouat,,"Baadi, 2023d",Hydric Geosites of Middle Atlas: A Natural Heritage Under Threat,33.14028611,-5.051758333,Easy,
loc_00921,Middle Atlas,Fés-Meknés,Aghbalou Ou Mançour,,"Baadi, 2023d",Hydric Geosites of Middle Atlas: A Natural Heritage Under Threat,33.22733056,-5.093702778,Easy,
loc_00922,Middle Atlas,Fés-Meknés,Aghbalou Taddat,,"Baadi, 2023d",Hydric Geosites of Middle Atlas: A Natural Heritage Under Threat,33.26463889,-5.365325,Easy,
loc_00923,Middle Atlas,Fés-Meknés,Aghbalou Tagma,,"Baadi, 2023d",Hydric Geosites of Middle Atlas: A Natural Heritage Under Threat,33.23162778,-4.971713889,Easy,
loc_00924,Middle Atlas,Fés-Meknés,Aguelmam Abekhane,,"Baadi, 2023d",Hydric Geosites of Middle Atlas: A Natural Heritage Under Threat,33.18963611,-5.141980556,Easy,
loc_00925,Middle Atlas,Fés-Meknés,Aguelmam Afiroua,,"Baadi, 2023d",Hydric Geosites of Middle Atlas: A Natural Heritage Under Threat,33.22733056,-5.093702778,Easy,
loc_00926,Middle Atlas,Fés-Meknés,Aguelmam Aghbalou Oumlil,,"Baadi, 2023d",Hydric Geosites of Middle Atlas: A Natural Heritage Under Threat,33.24329167,-4.651375,Easy,
loc_00927,Middle Atlas,Fés-Meknés,Aguelmam Ait Said,,"Baadi, 2023d",Hydric Geosites of Middle Atlas: A Natural Heritage Under Threat,33.37261944,-4.847152778,Easy,
loc_00928,Middle Atlas,Fés-Meknés,Aguelmam Azegza,,"Baadi, 2023d",Hydric Geosites of Middle Atlas: A Natural Heritage Under Threat,33.02415833,-5.091247222,Easy,
loc_00929,Middle Atlas,Fés-Meknés,Aguelmam Azougouarh,,"Baadi, 2023d",Hydric Geosites of Middle Atlas: A Natural Heritage Under Threat,33.76129444,-5.296888889,Easy,
loc_00930,Middle Atlas,Fés-Meknés,Aguelmam Bou Youssef,,"Baadi, 2023d",Hydric Geosites of Middle Atlas: A Natural Heritage Under Threat,33.26079444,-5.156238889,Easy,
loc_00931,Middle Atlas,Fés-Meknés,Aguelmam Boucherouidene,,"Baadi, 2023d",Hydric Geosites of Middle Atlas: A Natural Heritage Under Threat,33.49388611,-5.120933333,Easy,
loc_00932,Middle Atlas,Fés-Meknés,Aguelmam Ifrighraoune,,"Baadi, 2023d",Hydric Geosites of Middle Atlas: A Natural Heritage Under Threat,33.28836111,-5.179252778,Moderate,
loc_00933,Middle Atlas,Fés-Meknés,Aguelmam Nad′Adim,,"Baadi, 2023d",Hydric Geosites of Middle Atlas: A Natural Heritage Under Threat,33.17880278,-5.080147222,Moderate,
loc_00934,Middle Atlas,Fés-Meknés,Aguelmam n’Tghallouine,,"Baadi, 2023d",Hydric Geosites of Middle Atlas: A Natural Heritage Under Threat,33.38611944,-5.095947222,Easy,
loc_00935,Middle Atlas,Fés-Meknés,Aguelmam Ntifounassine,,"Baadi, 2023d",Hydric Geosites of Middle Atlas: A Natural Heritage Under Threat,33.15417778,-5.093830556,Moderate,
loc_00936,Middle Atlas,Fés-Meknés,Aguelmam Ticharat,,"Baadi, 2023d",Hydric Geosites of Middle Atlas: A Natural Heritage Under Threat,33.00381667,-5.131633333,Easy,
loc_00937,Middle Atlas,Fés-Meknés,Aguelmam Tidouit,,"Baadi, 2023d",Hydric Geosites of Middle Atlas: A Natural Heritage Under Threat,33.24382778,-5.096116667,Easy,
loc_00938,Middle Atlas,Fés-Meknés,Ain Aberchaou,,"Baadi, 2023d",Hydric Geosites of Middle Atlas: A Natural Heritage Under Threat,33.89761111,-4.014505556,Easy,
loc_00939,Middle Atlas,Fés-Meknés,Ain Ait Meziane,,"Baadi, 2023d",Hydric Geosites of Middle Atlas: A Natural Heritage Under Threat,33.66658611,-5.006430556,Easy,
loc_00940,Middle Atlas,Fés-Meknés,Ain Ajaabou,,"Baadi, 2023d",Hydric Geosites of Middle Atlas: A Natural Heritage Under Threat,33.27228333,-5.341147222,Easy,
loc_00941,Middle Atlas,Fés-Meknés,Ain Akadous,,"Baadi, 2023d",Hydric Geosites of Middle Atlas: A Natural Heritage Under Threat,33.30856667,-5.312166667,Easy,
loc_00942,Middle Atlas,Fés-Meknés,Ain Amernoud,,"Baadi, 2023d",Hydric Geosites of Middle Atlas: A Natural Heritage Under Threat,33.68457222,-4.644205556,Difficult,
loc_00943,Middle Atlas,Fés-Meknés,Ain Atshernat,,"Baadi, 2023d",Hydric Geosites of Middle Atlas: A Natural Heritage Under Threat,33.860025,-4.071272222,Difficult,
loc_00944,Middle Atlas,Fés-Meknés,Ain Ben Smime,,"Baadi, 2023d",Hydric Geosites of Middle Atlas: A Natural Heritage Under Threat,33.490525,-5.158630556,Easy,
loc_00945,Middle Atlas,Fés-Meknés,Ain Dem,,"Baadi, 2023d",Hydric Geosites of Middle Atlas: A Natural Heritage Under Threat,33.65043333,-4.676088889,Difficult,
loc_00946,Middle Atlas,Fés-Meknés,Ain El Aouda,,"Baadi, 2023d",Hydric Geosites of Middle Atlas: A Natural Heritage Under Threat,34.09748889,-4.037113889,Easy,
loc_00947,Middle Atlas,Fés-Meknés,Aïn Erreha,,"Baadi, 2023d",Hydric Geosites of Middle Atlas: A Natural Heritage Under Threat,34.00441944,-4.204813889,Easy,
loc_00948,Middle Atlas,Fés-Meknés,Ain Guenaz,,"Baadi, 2023d",Hydric Geosites of Middle Atlas: A Natural Heritage Under Threat,33.82399444,-4.127375,Difficult,
loc_00949,Middle Atlas,Fés-Meknés,Ain Ighlfoun,,"Baadi, 2023d",Hydric Geosites of Middle Atlas: A Natural Heritage Under Threat,33.86443333,-4.025452778,Difficult,
loc_00950,Middle Atlas,Fés-Meknés,Ain Ighoul,,"Baadi, 2023d",Hydric Geosites of Middle Atlas: A Natural Heritage Under Threat,33.67649167,-4.528038889,Difficult,
loc_00951,Middle Atlas,Fés-Meknés,Ain Ighouzaz,,"Baadi, 2023d",Hydric Geosites of Middle Atlas: A Natural Heritage Under Threat,33.91289722,-4.002994444,Difficult,
loc_00952,Middle Atlas,Fés-Meknés,Ain Jerjoub,,"Baadi, 2023d",Hydric Geosites of Middle Atlas: A Natural Heritage Under Threat,34.03028333,-4.109444444,Difficult,
loc_00953,Middle Atlas,Fés-Meknés,Ain Jerrah,,"Baadi, 2023d",Hydric Geosites of Middle Atlas: A Natural Heritage Under Threat,33.74307222,-5.032669444,Easy,
loc_00954,Middle Atlas,Fés-Meknés,Ain Jorf,,"Baadi, 2023d",Hydric Geosites of Middle Atlas: A Natural Heritage Under Threat,33.61043333,-4.880102778,Easy,
loc_00955,Middle Atlas,Fés-Meknés,Ain Kahla,,"Baadi, 2023d",Hydric Geosites of Middle Atlas: A Natural Heritage Under Threat,33.237175,-5.216227778,Easy,
loc_00956,Middle Atlas,Fés-Meknés,Ain Kahla 2,,"Baadi, 2023d",Hydric Geosites of Middle Atlas: A Natural Heritage Under Threat,33.24341667,-4.96685,Easy,
loc_00957,Middle Atlas,Fés-Meknés,Aïn Khadem,,"Baadi, 2023d",Hydric Geosites of Middle Atlas: A Natural Heritage Under Threat,33.68907222,-5.3714,Easy,
loc_00958,Middle Atlas,Fés-Meknés,Ain Maarouf,,"Baadi, 2023d",Hydric Geosites of Middle Atlas: A Natural Heritage Under Threat,33.67733056,-5.492633333,Difficult,
loc_00959,Middle Atlas,Fés-Meknés,Ain Melzit,,"Baadi, 2023d",Hydric Geosites of Middle Atlas: A Natural Heritage Under Threat,33.81008611,-4.070302778,Difficult,
loc_00960,Middle Atlas,Fés-Meknés,Ain Mezdou,,"Baadi, 2023d",Hydric Geosites of Middle Atlas: A Natural Heritage Under Threat,33.76178611,-4.820505556,Difficult,
loc_00961,Middle Atlas,Fés-Meknés,Ain Mghirta,,"Baadi, 2023d",Hydric Geosites of Middle Atlas: A Natural Heritage Under Threat,33.68124722,-4.529213889,Difficult,
loc_00962,Middle Atlas,Fés-Meknés,Aïn n’Tislit,,"Baadi, 2023d",Hydric Geosites of Middle Atlas: A Natural Heritage Under Threat,33.94585556,-4.224586111,Difficult,
loc_00963,Middle Atlas,Fés-Meknés,Ain Ouamender,,"Baadi, 2023d",Hydric Geosites of Middle Atlas: A Natural Heritage Under Threat,33.74685833,-4.543055556,Difficult,
loc_00964,Middle Atlas,Fés-Meknés,Ain Regrag,,"Baadi, 2023d",Hydric Geosites of Middle Atlas: A Natural Heritage Under Threat,33.77913611,-4.732255556,Difficult,
loc_00965,Middle Atlas,Fés-Meknés,Ain Sidi Rached,,"Baadi, 2023d",Hydric Geosites of Middle Atlas: A Natural Heritage Under Threat,33.45830833,-5.150641667,Easy,
loc_00966,Middle Atlas,Fés-Meknés,Ain Skhounate,,"Baadi, 2023d",Hydric Geosites of Middle Atlas: A Natural Heritage Under Threat,33.44908333,-4.339016667,Difficult,
loc_00967,Middle Atlas,Fés-Meknés,Ain Sultane,,"Baadi, 2023d",Hydric Geosites of Middle Atlas: A Natural Heritage Under Threat,33.71784444,-5.003052778,Moderate,
loc_00968,Middle Atlas,Fés-Meknés,Ain Takeltount,,"Baadi, 2023d",Hydric Geosites of Middle Atlas: A Natural Heritage Under Threat,33.61148056,-4.884241667,Easy,
loc_00969,Middle Atlas,Fés-Meknés,Ain Takhouwat,,"Baadi, 2023d",Hydric Geosites of Middle Atlas: A Natural Heritage Under Threat,33.69269167,-4.587013889,Difficult,
loc_00970,Middle Atlas,Fés-Meknés,Ain Talghoulat,,"Baadi, 2023d",Hydric Geosites of Middle Atlas: A Natural Heritage Under Threat,33.37153889,-5.101211111,Moderate,
loc_00971,Middle Atlas,Fés-Meknés,Ain Tamzirt,,"Baadi, 2023d",Hydric Geosites of Middle Atlas: A Natural Heritage Under Threat,33.4929,-4.296519444,Difficult,
loc_00972,Middle Atlas,Fés-Meknés,Ain Tassiwine,,"Baadi, 2023d",Hydric Geosites of Middle Atlas: A Natural Heritage Under Threat,33.81586667,-4.068025,Difficult,
loc_00973,Middle Atlas,Fés-Meknés,Ain Tataw,,"Baadi, 2023d",Hydric Geosites of Middle Atlas: A Natural Heritage Under Threat,33.46128056,-4.295644444,Difficult,
loc_00974,Middle Atlas,Fés-Meknés,Ain Tidouit,,"Baadi, 2023d",Hydric Geosites of Middle Atlas: A Natural Heritage Under Threat,33.23746389,-5.097741667,Difficult,
loc_00975,Middle Atlas,Fés-Meknés,Ain Tifratine,,"Baadi, 2023d",Hydric Geosites of Middle Atlas: A Natural Heritage Under Threat,33.19843056,-5.196027778,Difficult,
loc_00976,Middle Atlas,Fés-Meknés,Ain Timedrine,,"Baadi, 2023d",Hydric Geosites of Middle Atlas: A Natural Heritage Under Threat,33.74890278,-4.550766667,Difficult,
loc_00977,Middle Atlas,Fés-Meknés,Ain Vital,,"Baadi, 2023d",Hydric Geosites of Middle Atlas: A Natural Heritage Under Threat,33.54643889,-5.112022222,Easy,
loc_00978,Middle Atlas,Fés-Meknés,Ain Zerrouka,,"Baadi, 2023d",Hydric Geosites of Middle Atlas: A Natural Heritage Under Threat,33.54390833,-5.094422222,Easy,
loc_00979,Middle Atlas,Fés-Meknés,Aioun Imettassene,,"Baadi, 2023d",Hydric Geosites of Middle Atlas: A Natural Heritage Under Threat,33.4994,-5.078819444,Easy,
loc_00980,Middle Atlas,Fés-Meknés,Aioun Ras El Ma,,"Baadi, 2023d",Hydric Geosites of Middle Atlas: A Natural Heritage Under Threat,33.46529167,-5.148561111,Easy,
loc_00981,Middle Atlas,Fés-Meknés,Ait Athia,,"Baadi, 2023d",Hydric Geosites of Middle Atlas: A Natural Heritage Under Threat,33.37675556,-4.430833333,Moderate,
loc_00982,Middle Atlas,Fés-Meknés,Amane Imellaline (Ain Joua),,"Baadi, 2023d",Hydric Geosites of Middle Atlas: A Natural Heritage Under Threat,33.65430278,-4.143988889,Difficult,
loc_00983,Middle Atlas,Fés-Meknés,Anzar Oufounas,,"Baadi, 2023d",Hydric Geosites of Middle Atlas: A Natural Heritage Under Threat,33.16446944,-5.145238889,Difficult,
loc_00984,Middle Atlas,Fés-Meknés,Cascade d’Aït smail,,"Baadi, 2023d",Hydric Geosites of Middle Atlas: A Natural Heritage Under Threat,33.88212778,-4.049886111,Difficult,
loc_00985,Middle Atlas,Fés-Meknés,Cascade des vierges,,"Baadi, 2023d",Hydric Geosites of Middle Atlas: A Natural Heritage Under Threat,33.53144444,-5.109008333,Difficult,
loc_00986,Middle Atlas,Fés-Meknés,Cascade d’Imouzar Marmoucha,,"Baadi, 2023d",Hydric Geosites of Middle Atlas: A Natural Heritage Under Threat,33.46691111,-4.2956,Moderate,
loc_00987,Middle Atlas,Fés-Meknés,Cascade d’Imouzer Kandar,,"Baadi, 2023d",Hydric Geosites of Middle Atlas: A Natural Heritage Under Threat,33.71819444,-5.014344444,Moderate,
loc_00988,Middle Atlas,Fés-Meknés,Cascade Hawai,,"Baadi, 2023d",Hydric Geosites of Middle Atlas: A Natural Heritage Under Threat,33.20070833,-5.389233333,Difficult,
loc_00989,Middle Atlas,Fés-Meknés,Cascade Ras El Ma,,"Baadi, 2023d",Hydric Geosites of Middle Atlas: A Natural Heritage Under Threat,34.14486944,-4.010294444,Easy,
loc_00990,Middle Atlas,Fés-Meknés,Cascade Sefrou,,"Baadi, 2023d",Hydric Geosites of Middle Atlas: A Natural Heritage Under Threat,33.82824444,-4.849566667,Easy,
loc_00991,Middle Atlas,Fés-Meknés,Cascade Sidi Bou Shaq,,"Baadi, 2023d",Hydric Geosites of Middle Atlas: A Natural Heritage Under Threat,33.05030833,-5.271638889,Difficult,
loc_00992,Middle Atlas,Fés-Meknés,Cascade Skoura,,"Baadi, 2023d",Hydric Geosites of Middle Atlas: A Natural Heritage Under Threat,33.51601667,-4.537730556,Easy,
loc_00993,Middle Atlas,Fés-Meknés,Cascade Tagoute,,"Baadi, 2023d",Hydric Geosites of Middle Atlas: A Natural Heritage Under Threat,33.48372222,-4.6104,Difficult,
loc_00994,Middle Atlas,Fés-Meknés,Dayet Aoua,,"Sayad et al., 2020","Dayet Aoua, a threatened mountain geomorphosite for sustainable development",33.65477778,-5.041138889,Easy,
loc_00995,Middle Atlas,Fés-Meknés,Dayet El Jerane,,"Baadi, 2023d",Hydric Geosites of Middle Atlas: A Natural Heritage Under Threat,33.56388056,-4.997213889,Easy,
loc_00996,Middle Atlas,Fés-Meknés,Dayet Hachlaf,,"Baadi, 2023d",Hydric Geosites of Middle Atlas: A Natural Heritage Under Threat,33.55094722,-4.999636111,Easy,
loc_00997,Middle Atlas,Fés-Meknés,Dayet Iffer,,"Baadi, 2023d",Hydric Geosites of Middle Atlas: A Natural Heritage Under Threat,33.60673611,-4.907886111,Easy,
loc_00998,Middle Atlas,Fés-Meknés,Dayet Lakbira,,"Baadi, 2023d",Hydric Geosites of Middle Atlas: A Natural Heritage Under Threat,33.45885,-4.864397222,Easy,
loc_00999,Middle Atlas,Fés-Meknés,Dayet Maasker,,"Baadi, 2023d",Hydric Geosites of Middle Atlas: A Natural Heritage Under Threat,33.64201389,-5.098416667,Easy,
loc_01000,Middle Atlas,Fés-Meknés,Dayet Moucherkour,,"Baadi, 2023d",Hydric Geosites of Middle Atlas: A Natural Heritage Under Threat,33.50289167,-5.106875,Easy,
loc_01001,Middle Atlas,Fés-Meknés,Dayet Tichout,,"Baadi, 2023d",Hydric Geosites of Middle Atlas: A Natural Heritage Under Threat,33.50989444,-5.137066667,Easy,
loc_01002,Middle Atlas,Fés-Meknés,Ifri Ou Berid,,"Baadi, 2023d",Hydric Geosites of Middle Atlas: A Natural Heritage Under Threat,33.25298889,-5.258861111,Moderate,
loc_01003,Middle Atlas,Fés-Meknés,Lac Afnourir,,"Baadi, 2023d",Hydric Geosites of Middle Atlas: A Natural Heritage Under Threat,33.28038889,-5.253027778,Easy,
loc_01004,Middle Atlas,Fés-Meknés,Lac Afourgagh,,"Baadi, 2023d",Hydric Geosites of Middle Atlas: A Natural Heritage Under Threat,33.61366389,-4.878188889,Easy,
loc_01005,Middle Atlas,Fés-Meknés,Lac Agoulmame,,"Baadi, 2023d",Hydric Geosites of Middle Atlas: A Natural Heritage Under Threat,33.66503889,-4.85215,Easy,
loc_01006,Middle Atlas,Fés-Meknés,Lac Tighboula-Laachoure,,"Baadi, 2023d",Hydric Geosites of Middle Atlas: A Natural Heritage Under Threat,33.17588333,-5.098941667,Easy,
loc_01007,Middle Atlas,Fés-Meknés,Ouoouchène,,"Baadi, 2023d",Hydric Geosites of Middle Atlas: A Natural Heritage Under Threat,33.40856111,-4.911777778,Difficult,
loc_01008,Middle Atlas,Fés-Meknés,Rabiaa-Bitit,,"Baadi, 2023d",Hydric Geosites of Middle Atlas: A Natural Heritage Under Threat,33.55803611,-5.23225,Easy,
loc_01009,Middle Atlas,Fés-Meknés,Ras Adrar Izem,,"Baadi, 2023d",Hydric Geosites of Middle Atlas: A Natural Heritage Under Threat,33.19446667,-5.161566667,Moderate,
loc_01010,Middle Atlas,Fés-Meknés,Ras El Ain,,"Baadi, 2023d",Hydric Geosites of Middle Atlas: A Natural Heritage Under Threat,33.47276667,-4.278886111,Difficult,
loc_01011,Middle Atlas,Fés-Meknés,Ras El Ma,,"Baadi, 2023d",Hydric Geosites of Middle Atlas: A Natural Heritage Under Threat,34.14486944,-4.010294444,Easy,
loc_01012,Middle Atlas,Fés-Meknés,Résurgence d’Ademame,,"Baadi, 2023d",Hydric Geosites of Middle Atlas: A Natural Heritage Under Threat,34.03153333,-4.154888889,Easy,
loc_01013,Middle Atlas,Fés-Meknés,Sabhab,,"Baadi, 2023d",Hydric Geosites of Middle Atlas: A Natural Heritage Under Threat,33.89850556,-4.045475,Difficult,
loc_01014,Middle Atlas,Fés-Meknés,Sidi Yahia,,"Baadi, 2023d",Hydric Geosites of Middle Atlas: A Natural Heritage Under Threat,33.740775,-4.192327778,Difficult,
loc_01015,Middle Atlas,Fés-Meknés,Tabhirte,,"Baadi, 2023d",Hydric Geosites of Middle Atlas: A Natural Heritage Under Threat,33.96127222,-4.247208333,Easy,
loc_01016,Middle Atlas,Fés-Meknés,Tibakhbakhine,,"Baadi, 2023d",Hydric Geosites of Middle Atlas: A Natural Heritage Under Threat,34.10235556,-4.004022222,Moderate,
loc_01017,Middle Atlas,Fés-Meknés,Tiguelmamine (El Hajeb),,"Baadi, 2023d",Hydric Geosites of Middle Atlas: A Natural Heritage Under Threat,33.74834167,-5.234116667,Easy,
loc_01018,Middle Atlas,Fés-Meknés,Tit-Zill,,"Baadi, 2023d",Hydric Geosites of Middle Atlas: A Natural Heritage Under Threat,33.33423333,-4.885155556,Easy,
loc_01019,Middle Atlas,Fés-Meknés,Zaouiat Ifrane,,"Baadi, 2023d",Hydric Geosites of Middle Atlas: A Natural Heritage Under Threat,33.19391389,-5.419166667,Easy,
loc_01020,Middle Atlas,Fés-Meknés,Assaka,,"Baadi, 2023e",Fluvial Heritage of the Middle Atlas (Morocco): An Essential Element for Regional Sustainable Development,33.47374722,-4.638691667,Difficult,
loc_01021,Middle Atlas,Fés-Meknés,Bizi,,"Baadi, 2023e",Fluvial Heritage of the Middle Atlas (Morocco): An Essential Element for Regional Sustainable Development,33.96036667,-3.96215,Difficult,
loc_01022,Middle Atlas,Fés-Meknés,El Aouinate,,"Baadi, 2023e",Fluvial Heritage of the Middle Atlas (Morocco): An Essential Element for Regional Sustainable Development,33.59868333,-4.774555556,Difficult,
loc_01023,Middle Atlas,Fés-Meknés,El Herahir,,"Baadi, 2023e",Fluvial Heritage of the Middle Atlas (Morocco): An Essential Element for Regional Sustainable Development,33.64166111,-4.991175,Easy,
loc_01024,Middle Atlas,Fés-Meknés,Fellat,,"Baadi, 2023e",Fluvial Heritage of the Middle Atlas (Morocco): An Essential Element for Regional Sustainable Development,33.05074722,-5.280627778,Difficult,
loc_01025,Middle Atlas,Fés-Meknés,Gorge d’Issouka,,"Baadi, 2023e",Fluvial Heritage of the Middle Atlas (Morocco): An Essential Element for Regional Sustainable Development,33.44948333,-4.338158333,Moderate,
loc_01026,Middle Atlas,Fés-Meknés,Gorges d’El Mahssere,,"Baadi, 2023e",Fluvial Heritage of the Middle Atlas (Morocco): An Essential Element for Regional Sustainable Development,33.54183056,-4.410194444,Difficult,
loc_01027,Middle Atlas,Fés-Meknés,Hayane,,"Baadi, 2023e",Fluvial Heritage of the Middle Atlas (Morocco): An Essential Element for Regional Sustainable Development,33.72211389,-4.227055556,Difficult,
loc_01028,Middle Atlas,Fés-Meknés,Issoumat,,"Baadi, 2023e",Fluvial Heritage of the Middle Atlas (Morocco): An Essential Element for Regional Sustainable Development,33.46336944,-4.682261111,Difficult,
loc_01029,Middle Atlas,Fés-Meknés,Jbel Lbghel,,"Baadi, 2023e",Fluvial Heritage of the Middle Atlas (Morocco): An Essential Element for Regional Sustainable Development,33.48104444,-4.7156,Difficult,
loc_01030,Middle Atlas,Fés-Meknés,Jider,,"Baadi, 2023e",Fluvial Heritage of the Middle Atlas (Morocco): An Essential Element for Regional Sustainable Development,33.72848611,-4.238280556,Difficult,
loc_01031,Middle Atlas,Fés-Meknés,Oudiksou,,"Baadi, 2023e",Fluvial Heritage of the Middle Atlas (Morocco): An Essential Element for Regional Sustainable Development,33.25000556,-4.836361111,Difficult,
loc_01032,Middle Atlas,Fés-Meknés,Qalaa,,"Baadi, 2023e",Fluvial Heritage of the Middle Atlas (Morocco): An Essential Element for Regional Sustainable Development,33.94078889,-3.992705556,Difficult,
loc_01033,Middle Atlas,Fés-Meknés,Taffert,,"Baadi, 2023e",Fluvial Heritage of the Middle Atlas (Morocco): An Essential Element for Regional Sustainable Development,33.73351667,-4.239438889,Difficult,
loc_01034,Middle Atlas,Fés-Meknés,Tazemmakt,,"Baadi, 2023e",Fluvial Heritage of the Middle Atlas (Morocco): An Essential Element for Regional Sustainable Development,33.16766944,-5.177058333,Difficult,
loc_01035,Middle Atlas,Fés-Meknés,Teminte,,"Baadi, 2023e",Fluvial Heritage of the Middle Atlas (Morocco): An Essential Element for Regional Sustainable Development,33.76223056,-5.143988889,Moderate,
loc_01036,Middle Atlas,Fés-Meknés,Tiguelmamine,,"Baadi, 2023e",Fluvial Heritage of the Middle Atlas (Morocco): An Essential Element for Regional Sustainable Development,33.77156389,-5.196016667,Difficult,
loc_01037,Middle Atlas,Fés-Meknés,Tijma,,"Baadi, 2023e",Fluvial Heritage of the Middle Atlas (Morocco): An Essential Element for Regional Sustainable Development,33.48793889,-4.806505556,Moderate,
loc_01038,Middle Atlas,Fés-Meknés,Tmourhout,,"Baadi, 2023e",Fluvial Heritage of the Middle Atlas (Morocco): An Essential Element for Regional Sustainable Development,33.90555278,-4.027030556,Difficult,
loc_01039,Middle Atlas,Fés-Meknés,Agouni Izguère,,"Baadi and Lebreton, 2023",Exo- and Endokarst of the Middle Atlas (Morocco): From Inventory to Promotion,33.43886389,-4.905830556,Moderate,
loc_01040,Middle Atlas,Fés-Meknés,Agrane,,"Baadi and Lebreton, 2023",Exo- and Endokarst of the Middle Atlas (Morocco): From Inventory to Promotion,34.01224722,-4.145655556,Moderate,
loc_01041,Middle Atlas,Fés-Meknés,Ain El Aouda,,"Baadi, 2023d",Hydric Geosites of Middle Atlas: A Natural Heritage Under Threat,34.09768889,-4.029902778,Easy,
loc_01042,Middle Atlas,Fés-Meknés,Ain Kahla,,"Baadi, 2023d",Hydric Geosites of Middle Atlas: A Natural Heritage Under Threat,33.23573611,-5.228925,Easy,
loc_01043,Middle Atlas,Fés-Meknés,Ait Ahmed,,"Baadi and Lebreton, 2023",Exo- and Endokarst of the Middle Atlas (Morocco): From Inventory to Promotion,33.86574444,-4.208452778,Difficult,
loc_01044,Middle Atlas,Fés-Meknés,Aoumchach I,,"Baadi and Lebreton, 2023",Exo- and Endokarst of the Middle Atlas (Morocco): From Inventory to Promotion,34.03093056,-4.130636111,Difficult,
loc_01045,Middle Atlas,Fés-Meknés,Aoumchach II,,"Baadi and Lebreton, 2023",Exo- and Endokarst of the Middle Atlas (Morocco): From Inventory to Promotion,34.02539722,-4.120247222,Difficult,
loc_01046,Middle Atlas,Fés-Meknés,Aven Koul,,"Baadi and Lebreton, 2023",Exo- and Endokarst of the Middle Atlas (Morocco): From Inventory to Promotion,33.79396667,-4.4853,Moderate,
loc_01047,Middle Atlas,Fés-Meknés,Bab Bou Idir,,"Baadi and Lebreton, 2023",Exo- and Endokarst of the Middle Atlas (Morocco): From Inventory to Promotion,34.08209444,-4.117308333,Difficult,
loc_01048,Middle Atlas,Fés-Meknés,Bab Tafertest,,"Baadi and Lebreton, 2023",Exo- and Endokarst of the Middle Atlas (Morocco): From Inventory to Promotion,34.11956111,-4.018397222,Moderate,
loc_01049,Middle Atlas,Fés-Meknés,Bir Yala,,"Baadi and Lebreton, 2023",Exo- and Endokarst of the Middle Atlas (Morocco): From Inventory to Promotion,33.74919444,-4.144863889,Difficult,
loc_01050,Middle Atlas,Fés-Meknés,Bled Nertène,,"Baadi and Lebreton, 2023",Exo- and Endokarst of the Middle Atlas (Morocco): From Inventory to Promotion,33.28416111,-5.319883333,Moderate,
loc_01051,Middle Atlas,Fés-Meknés,Bou Hyati,,"Baadi and Lebreton, 2023",Exo- and Endokarst of the Middle Atlas (Morocco): From Inventory to Promotion,34.07950278,-4.118461111,Moderate,
loc_01052,Middle Atlas,Fés-Meknés,Bou Imourdassane,,"Baadi and Lebreton, 2023",Exo- and Endokarst of the Middle Atlas (Morocco): From Inventory to Promotion,33.73885556,-4.822591667,Moderate,
loc_01053,Middle Atlas,Fés-Meknés,Bou Lebrrouj,,"Baadi and Lebreton, 2023",Exo- and Endokarst of the Middle Atlas (Morocco): From Inventory to Promotion,33.69368611,-5.193330556,Difficult,
loc_01054,Middle Atlas,Fés-Meknés,Bou Mennjel,,"Baadi and Lebreton, 2023",Exo- and Endokarst of the Middle Atlas (Morocco): From Inventory to Promotion,33.72825556,-5.148302778,Moderate,
loc_01055,Middle Atlas,Fés-Meknés,Bouslama,,"Baadi and Lebreton, 2023",Exo- and Endokarst of the Middle Atlas (Morocco): From Inventory to Promotion,34.09011944,-4.113386111,Moderate,
loc_01056,Middle Atlas,Fés-Meknés,Chaâra,,"Baadi and Lebreton, 2023",Exo- and Endokarst of the Middle Atlas (Morocco): From Inventory to Promotion,33.97953056,-4.226177778,Difficult,
loc_01057,Middle Atlas,Fés-Meknés,El Khars,,"Baadi and Lebreton, 2023",Exo- and Endokarst of the Middle Atlas (Morocco): From Inventory to Promotion,34.05381389,-4.128841667,Difficult,
loc_01058,Middle Atlas,Fés-Meknés,El Malekef,,"Baadi and Lebreton, 2023",Exo- and Endokarst of the Middle Atlas (Morocco): From Inventory to Promotion,33.74125556,-4.140458333,Difficult,
loc_01059,Middle Atlas,Fés-Meknés,El Oulja,,"Baadi and Lebreton, 2023",Exo- and Endokarst of the Middle Atlas (Morocco): From Inventory to Promotion,34.035275,-4.197847222,Difficult,
loc_01060,Middle Atlas,Fés-Meknés,El Qalaâ,,"Baadi and Lebreton, 2023",Exo- and Endokarst of the Middle Atlas (Morocco): From Inventory to Promotion,33.93088611,-3.990883333,Difficult,
loc_01061,Middle Atlas,Fés-Meknés,El-Malekef,,"Baadi and Lebreton, 2023",Exo- and Endokarst of the Middle Atlas (Morocco): From Inventory to Promotion,33.75816944,-4.120233333,Difficult,
loc_01062,Middle Atlas,Fés-Meknés,Feldi,,"Baadi and Lebreton, 2023",Exo- and Endokarst of the Middle Atlas (Morocco): From Inventory to Promotion,33.18620278,-4.955027778,Difficult,
loc_01063,Middle Atlas,Fés-Meknés,Ghar Bied,,"Baadi and Lebreton, 2023",Exo- and Endokarst of the Middle Atlas (Morocco): From Inventory to Promotion,34.09611389,-4.022816667,Difficult,
loc_01064,Middle Atlas,Fés-Meknés,Gouffre aux pigeons,,"Baadi and Lebreton, 2023",Exo- and Endokarst of the Middle Atlas (Morocco): From Inventory to Promotion,33.73023611,-4.999361111,Moderate,
loc_01065,Middle Atlas,Fés-Meknés,Gouffre Friouato,,"Baadi and Lebreton, 2023",Exo- and Endokarst of the Middle Atlas (Morocco): From Inventory to Promotion,34.10470833,-4.072527778,Difficult,
loc_01066,Middle Atlas,Fés-Meknés,Grotte Chaâra,,"Baadi and Lebreton, 2023",Exo- and Endokarst of the Middle Atlas (Morocco): From Inventory to Promotion,33.95571667,-4.246575,Moderate,
loc_01067,Middle Atlas,Fés-Meknés,Grotte El Kalaa,,"Baadi and Lebreton, 2023",Exo- and Endokarst of the Middle Atlas (Morocco): From Inventory to Promotion,33.93854722,-4.005055556,Difficult,
loc_01068,Middle Atlas,Fés-Meknés,Ich Maakel I,,"Baadi and Lebreton, 2023",Exo- and Endokarst of the Middle Atlas (Morocco): From Inventory to Promotion,34.00116111,-4.06465,Difficult,
loc_01069,Middle Atlas,Fés-Meknés,Ich Maakel II,,"Baadi and Lebreton, 2023",Exo- and Endokarst of the Middle Atlas (Morocco): From Inventory to Promotion,34.00245833,-4.065419444,Difficult,
loc_01070,Middle Atlas,Fés-Meknés,Ich Maakel III,,"Baadi and Lebreton, 2023",Exo- and Endokarst of the Middle Atlas (Morocco): From Inventory to Promotion,34.00396111,-4.072811111,Difficult,
loc_01071,Middle Atlas,Fés-Meknés,Ifrah,,"Baadi and Lebreton, 2023",Exo- and Endokarst of the Middle Atlas (Morocco): From Inventory to Promotion,33.55974444,-4.930127778,Easy,
loc_01072,Middle Atlas,Fés-Meknés,Ifri Ahnachen,,"Baadi and Lebreton, 2023",Exo- and Endokarst of the Middle Atlas (Morocco): From Inventory to Promotion,34.016525,-4.155694444,Difficult,
loc_01073,Middle Atlas,Fés-Meknés,Ifri Azeroual,,"Baadi and Lebreton, 2023",Exo- and Endokarst of the Middle Atlas (Morocco): From Inventory to Promotion,33.84382778,-4.382872222,Difficult,
loc_01074,Middle Atlas,Fés-Meknés,Ifri Broud,,"Baadi and Lebreton, 2023",Exo- and Endokarst of the Middle Atlas (Morocco): From Inventory to Promotion,33.69503611,-4.211777778,Difficult,
loc_01075,Middle Atlas,Fés-Meknés,Ifri Ichac,,"Baadi and Lebreton, 2023",Exo- and Endokarst of the Middle Atlas (Morocco): From Inventory to Promotion,33.43965278,-4.333786111,Difficult,
loc_01076,Middle Atlas,Fés-Meknés,Ifri Jider,,"Baadi and Lebreton, 2023",Exo- and Endokarst of the Middle Atlas (Morocco): From Inventory to Promotion,33.70168056,-4.101058333,Difficult,
loc_01077,Middle Atlas,Fés-Meknés,Ifri Ljahac,,"Baadi and Lebreton, 2023",Exo- and Endokarst of the Middle Atlas (Morocco): From Inventory to Promotion,33.62057222,-4.2511,Difficult,
loc_01078,Middle Atlas,Fés-Meknés,Ifri n′Oudey (gouffre du juif),,"Baadi and Lebreton, 2023",Exo- and Endokarst of the Middle Atlas (Morocco): From Inventory to Promotion,33.84540833,-4.400225,Easy,
loc_01079,Middle Atlas,Fés-Meknés,Ifri n′Tioutchilt,,"Baadi and Lebreton, 2023",Exo- and Endokarst of the Middle Atlas (Morocco): From Inventory to Promotion,33.47003889,-4.218186111,Difficult,
loc_01080,Middle Atlas,Fés-Meknés,Ifri Ouska,,"Baadi and Lebreton, 2023",Exo- and Endokarst of the Middle Atlas (Morocco): From Inventory to Promotion,33.30174167,-5.18895,Easy,
loc_01081,Middle Atlas,Fés-Meknés,Ighrenba,,"Baadi and Lebreton, 2023",Exo- and Endokarst of the Middle Atlas (Morocco): From Inventory to Promotion,33.19639167,-4.934025,Difficult,
loc_01082,Middle Atlas,Fés-Meknés,Jbel Aoua,,"Baadi and Lebreton, 2023",Exo- and Endokarst of the Middle Atlas (Morocco): From Inventory to Promotion,33.64745,-5.048152778,Difficult,
loc_01083,Middle Atlas,Fés-Meknés,Kef Admam,,"Baadi and Lebreton, 2023",Exo- and Endokarst of the Middle Atlas (Morocco): From Inventory to Promotion,34.02674444,-4.152305556,Difficult,
loc_01084,Middle Atlas,Fés-Meknés,Kef Aïn Hallouf,,"Baadi and Lebreton, 2023",Exo- and Endokarst of the Middle Atlas (Morocco): From Inventory to Promotion,34.01424722,-4.164633333,Difficult,
loc_01085,Middle Atlas,Fés-Meknés,Kef Anghara,,"Baadi and Lebreton, 2023",Exo- and Endokarst of the Middle Atlas (Morocco): From Inventory to Promotion,33.67386667,-4.196825,Difficult,
loc_01086,Middle Atlas,Fés-Meknés,Kef Bab Mfraj,,"Baadi and Lebreton, 2023",Exo- and Endokarst of the Middle Atlas (Morocco): From Inventory to Promotion,34.09526389,-4.111138889,Difficult,
loc_01087,Middle Atlas,Fés-Meknés,Kef Bou Hayati,,"Baadi and Lebreton, 2023",Exo- and Endokarst of the Middle Atlas (Morocco): From Inventory to Promotion,34.09401111,-4.098588889,Difficult,
loc_01088,Middle Atlas,Fés-Meknés,Kef Bou Hayati I,,"Baadi and Lebreton, 2023",Exo- and Endokarst of the Middle Atlas (Morocco): From Inventory to Promotion,34.09700278,-4.109327778,Difficult,
loc_01089,Middle Atlas,Fés-Meknés,Kef Bou Hayati II,,"Baadi and Lebreton, 2023",Exo- and Endokarst of the Middle Atlas (Morocco): From Inventory to Promotion,34.10054444,-4.103702778,Difficult,
loc_01090,Middle Atlas,Fés-Meknés,Kef dial R′Kam,,"Baadi and Lebreton, 2023",Exo- and Endokarst of the Middle Atlas (Morocco): From Inventory to Promotion,33.69868889,-4.108175,Difficult,
loc_01091,Middle Atlas,Fés-Meknés,Kef El Ahnach,,"Baadi and Lebreton, 2023",Exo- and Endokarst of the Middle Atlas (Morocco): From Inventory to Promotion,33.95576667,-4.229058333,Difficult,
loc_01092,Middle Atlas,Fés-Meknés,Kef El Bouk,,"Baadi and Lebreton, 2023",Exo- and Endokarst of the Middle Atlas (Morocco): From Inventory to Promotion,34.05961389,-4.130733333,Difficult,
loc_01093,Middle Atlas,Fés-Meknés,Kef El Fiss,,"Baadi and Lebreton, 2023",Exo- and Endokarst of the Middle Atlas (Morocco): From Inventory to Promotion,34.06856667,-3.999666667,Difficult,
loc_01094,Middle Atlas,Fés-Meknés,Kef El Hmam,,"Baadi and Lebreton, 2023",Exo- and Endokarst of the Middle Atlas (Morocco): From Inventory to Promotion,33.797325,-4.410802778,Difficult,
loc_01095,Middle Atlas,Fés-Meknés,Kef el Jnoun,,"Baadi and Lebreton, 2023",Exo- and Endokarst of the Middle Atlas (Morocco): From Inventory to Promotion,34.02441667,-4.149761111,Difficult,
loc_01096,Middle Atlas,Fés-Meknés,Kef El Ma,,"Baadi and Lebreton, 2023",Exo- and Endokarst of the Middle Atlas (Morocco): From Inventory to Promotion,34.08997778,-4.108769444,Difficult,
loc_01097,Middle Atlas,Fés-Meknés,Kef El Mohand,,"Baadi and Lebreton, 2023",Exo- and Endokarst of the Middle Atlas (Morocco): From Inventory to Promotion,33.957425,-4.230377778,Difficult,
loc_01098,Middle Atlas,Fés-Meknés,Kef El Sao,,"Baadi and Lebreton, 2023",Exo- and Endokarst of the Middle Atlas (Morocco): From Inventory to Promotion,34.13053611,-4.044863889,Difficult,
loc_01099,Middle Atlas,Fés-Meknés,Kef El Seroual,,"Baadi and Lebreton, 2023",Exo- and Endokarst of the Middle Atlas (Morocco): From Inventory to Promotion,33.98164722,-4.218966667,Difficult,
loc_01100,Middle Atlas,Fés-Meknés,Kef Hazar,,"Baadi and Lebreton, 2023",Exo- and Endokarst of the Middle Atlas (Morocco): From Inventory to Promotion,34.09831944,-4.045938889,Difficult,
loc_01101,Middle Atlas,Fés-Meknés,Kef Idra,,"Baadi and Lebreton, 2023",Exo- and Endokarst of the Middle Atlas (Morocco): From Inventory to Promotion,33.99099167,-4.143722222,Difficult,
loc_01102,Middle Atlas,Fés-Meknés,Kef Izoura,,"Baadi and Lebreton, 2023",Exo- and Endokarst of the Middle Atlas (Morocco): From Inventory to Promotion,34.09401111,-4.098588889,Difficult,
loc_01103,Middle Atlas,Fés-Meknés,Kef Kaouane,,"Baadi and Lebreton, 2023",Exo- and Endokarst of the Middle Atlas (Morocco): From Inventory to Promotion,33.96104722,-4.247527778,Difficult,
loc_01104,Middle Atlas,Fés-Meknés,Kef Karia,,"Baadi and Lebreton, 2023",Exo- and Endokarst of the Middle Atlas (Morocco): From Inventory to Promotion,34.14323056,-4.008675,Difficult,
loc_01105,Middle Atlas,Fés-Meknés,Kef Maakel El Tahtani,,"Baadi and Lebreton, 2023",Exo- and Endokarst of the Middle Atlas (Morocco): From Inventory to Promotion,34.008225,-4.074116667,Difficult,
loc_01106,Middle Atlas,Fés-Meknés,Kef Meghous,,"Baadi and Lebreton, 2023",Exo- and Endokarst of the Middle Atlas (Morocco): From Inventory to Promotion,33.96685556,-4.172941667,Difficult,
loc_01107,Middle Atlas,Fés-Meknés,Kef Targat,SG&Me,"Baadi and Lebreton, 2023",Exo- and Endokarst of the Middle Atlas (Morocco): From Inventory to Promotion,34.02358611,-4.139525,Moderate,
loc_01108,Middle Atlas,Fés-Meknés,Kef Toumat,SG&Me,"Baadi and Lebreton, 2023",Exo- and Endokarst of the Middle Atlas (Morocco): From Inventory to Promotion,33.84683611,-4.393052778,Difficult,
loc_01109,Middle Atlas,Fés-Meknés,Kef Zaarour,"S,G&PG","Baadi and Lebreton, 2023",Exo- and Endokarst of the Middle Atlas (Morocco): From Inventory to Promotion,33.84588889,-4.390769444,Moderate,
loc_01110,Middle Atlas,Fés-Meknés,Kef-El-Mers-Ahmed,"S,G&PG","Baadi and Lebreton, 2023",Exo- and Endokarst of the Middle Atlas (Morocco): From Inventory to Promotion,34.08272778,-4.04535,Difficult,
loc_01111,Middle Atlas,Fés-Meknés,Kef-Nahal-Tikhoubaï,"SG,Mo&PG","Baadi and Lebreton, 2023",Exo- and Endokarst of the Middle Atlas (Morocco): From Inventory to Promotion,34.00467222,-4.047447222,Difficult,
loc_01112,Middle Atlas,Fés-Meknés,Kissarite,SG,"Baadi and Lebreton, 2023",Exo- and Endokarst of the Middle Atlas (Morocco): From Inventory to Promotion,33.21616111,-5.353725,Moderate,
loc_01113,Middle Atlas,Fés-Meknés,Louta,St&SG,"Baadi and Lebreton, 2023",Exo- and Endokarst of the Middle Atlas (Morocco): From Inventory to Promotion,34.02670278,-4.110097222,Moderate,
loc_01114,Middle Atlas,Fés-Meknés,Meshoul,SG&Ec,"Baadi and Lebreton, 2023",Exo- and Endokarst of the Middle Atlas (Morocco): From Inventory to Promotion,34.05495,-4.098080556,Difficult,
loc_01115,Middle Atlas,Fés-Meknés,Meshoul I,SG&Ec,"Baadi and Lebreton, 2023",Exo- and Endokarst of the Middle Atlas (Morocco): From Inventory to Promotion,34.0603,-4.107436111,Difficult,
loc_01116,Middle Atlas,Fés-Meknés,Mimejad,SG&Ec,"Baadi and Lebreton, 2023",Exo- and Endokarst of the Middle Atlas (Morocco): From Inventory to Promotion,32.98783333,-5.266194444,Moderate,
loc_01117,Middle Atlas,Fés-Meknés,Moutferaoun,SG,"Baadi and Lebreton, 2023",Exo- and Endokarst of the Middle Atlas (Morocco): From Inventory to Promotion,33.64672222,-4.809791667,Moderate,
loc_01118,Middle Atlas,Fés-Meknés,Ouled-Ayach,SG,"Baadi and Lebreton, 2023",Exo- and Endokarst of the Middle Atlas (Morocco): From Inventory to Promotion,34.04631111,-4.037383333,Difficult,
loc_01119,Sahara,Fés-Meknés,Poljé Ain El Aouda,,"Baadi and Lebreton, 2023",Exo- and Endokarst of the Middle Atlas (Morocco): From Inventory to Promotion,34.10286667,-4.032969444,Difficult,
loc_01120,Sahara,Fés-Meknés,Poljé Beni Mkoud,,"Baadi and Lebreton, 2023",Exo- and Endokarst of the Middle Atlas (Morocco): From Inventory to Promotion,33.88270278,-4.301880556,Difficult,
loc_01121,Sahara,Fés-Meknés,Poljé Chaâra,,"Baadi and Lebreton, 2023",Exo- and Endokarst of the Middle Atlas (Morocco): From Inventory to Promotion,33.97953056,-4.226177778,Difficult,
loc_01122,Sahara,Fés-Meknés,Poljé El Ghar,,"Baadi and Lebreton, 2023",Exo- and Endokarst of the Middle Atlas (Morocco): From Inventory to Promotion,33.90261111,-4.279113889,Difficult,
loc_01123,Sahara,Fés-Meknés,Poljé Kaouane,,"Baadi and Lebreton, 2023",Exo- and Endokarst of the Middle Atlas (Morocco): From Inventory to Promotion,33.95137222,-4.268180556,Difficult,
loc_01124,Sahara,Fés-Meknés,Poljé Laarouch,,"Baadi and Lebreton, 2023",Exo- and Endokarst of the Middle Atlas (Morocco): From Inventory to Promotion,33.93301944,-4.264333333,Moderate,
loc_01125,Sahara,Fés-Meknés,Poljé Madegh,,"Baadi and Lebreton, 2023",Exo- and Endokarst of the Middle Atlas (Morocco): From Inventory to Promotion,33.94747778,-4.231369444,Moderate,
loc_01126,Sahara,Fés-Meknés,Ras El Oued (Oued el bared),,"Baadi and Lebreton, 2023",Exo- and Endokarst of the Middle Atlas (Morocco): From Inventory to Promotion,33.85398889,-4.002897222,Difficult,
loc_01127,Sahara,Fés-Meknés,Sidi Amar,,"Baadi and Lebreton, 2023",Exo- and Endokarst of the Middle Atlas (Morocco): From Inventory to Promotion,33.72283889,-4.261372222,Difficult,
loc_01128,Sahara,Fés-Meknés,Sidi Maanar,,"Baadi and Lebreton, 2023",Exo- and Endokarst of the Middle Atlas (Morocco): From Inventory to Promotion,33.73171667,-5.023344444,Moderate,
loc_01129,Sahara,Fés-Meknés,Sidi Majbar,,"Baadi and Lebreton, 2023",Exo- and Endokarst of the Middle Atlas (Morocco): From Inventory to Promotion,34.14473056,-4.023936111,Difficult,
loc_01130,Sahara,Fés-Meknés,Taffert Est,,"Baadi and Lebreton, 2023",Exo- and Endokarst of the Middle Atlas (Morocco): From Inventory to Promotion,33.67219722,-4.150244444,Difficult,
loc_01131,Sahara,Fés-Meknés,Taffert Nord,,"Baadi and Lebreton, 2023",Exo- and Endokarst of the Middle Atlas (Morocco): From Inventory to Promotion,33.67719722,-4.157125,Difficult,
loc_01132,Sahara,Fés-Meknés,Taffert Nord-Est,,"Baadi and Lebreton, 2023",Exo- and Endokarst of the Middle Atlas (Morocco): From Inventory to Promotion,33.67546389,-4.138188889,Easy,
loc_01133,Sahara,Fés-Meknés,Taffert Ouest,,"Baadi and Lebreton, 2023",Exo- and Endokarst of the Middle Atlas (Morocco): From Inventory to Promotion,33.67615278,-4.165661111,Difficult,
loc_01134,Sahara,Fés-Meknés,Tahfourt,,"Baadi and Lebreton, 2023",Exo- and Endokarst of the Middle Atlas (Morocco): From Inventory to Promotion,33.71246389,-4.173466667,Difficult,
loc_01135,Sahara,Fés-Meknés,Talghremte,,"Baadi and Lebreton, 2023",Exo- and Endokarst of the Middle Atlas (Morocco): From Inventory to Promotion,32.96511111,-5.264477778,Moderate,
loc_01136,Sahara,Fés-Meknés,Talou Ou Taachat,,"Baadi and Lebreton, 2023",Exo- and Endokarst of the Middle Atlas (Morocco): From Inventory to Promotion,33.73841111,-4.239441667,Difficult,
loc_01137,Sahara,Fés-Meknés,Tidrine,,"Baadi and Lebreton, 2023",Exo- and Endokarst of the Middle Atlas (Morocco): From Inventory to Promotion,33.495075,-5.065358333,Easy,
loc_01138,Morocco,Fés-Meknés,Tifratine,,"Baadi and Lebreton, 2023",Exo- and Endokarst of the Middle Atlas (Morocco): From Inventory to Promotion,33.69466111,-5.380022222,Difficult,
loc_01139,Morocco,Fés-Meknés,Timezouine,,"Baadi and Lebreton, 2023",Exo- and Endokarst of the Middle Atlas (Morocco): From Inventory to Promotion,34.04939722,-4.101877778,Difficult,
loc_01140,Morocco,Fés-Meknés,Timezouine,,"Baadi and Lebreton, 2023",Exo- and Endokarst of the Middle Atlas (Morocco): From Inventory to Promotion,34.043175,-4.109075,Difficult,
loc_01141,Morocco,Fés-Meknés,Tirardine,,"Baadi, 2023c",The Palaeontological Heritage of Vertebrates in the Middle Atlas (Morocco): Initiatives of Inventory and Assessment for a Rare Heritage Threatened with Degradation,33.44990556,-4.364108333,Difficult,
loc_01142,Morocco,Fés-Meknés,Tisfoula,,"Baadi and Lebreton, 2023",Exo- and Endokarst of the Middle Atlas (Morocco): From Inventory to Promotion,33.24468333,-5.347758333,Easy,
loc_01143,Meseta,Fés-Meknés,Tit Azourane,H,"Baadi and Lebreton, 2023",Exo- and Endokarst of the Middle Atlas (Morocco): From Inventory to Promotion,34.10053611,-4.020405556,Moderate,
loc_01144,Meseta,Fés-Meknés,Tlet fam,G,"Baadi and Lebreton, 2023",Exo- and Endokarst of the Middle Atlas (Morocco): From Inventory to Promotion,34.03856111,-4.091291667,Difficult,
loc_01145,Meseta,Fés-Meknés,Toughlamte,PL&S,"Baadi and Lebreton, 2023",Exo- and Endokarst of the Middle Atlas (Morocco): From Inventory to Promotion,34.12980278,-4.046383333,Difficult,
loc_01146,Meseta,Fés-Meknés,Trou Arhelouet,S&SG,"Baadi and Lebreton, 2023",Exo- and Endokarst of the Middle Atlas (Morocco): From Inventory to Promotion,33.67271944,-4.193761111,Moderate,
loc_01147,Meseta,Fés-Meknés,Trou de Panthère,R,"Baadi and Lebreton, 2023",Exo- and Endokarst of the Middle Atlas (Morocco): From Inventory to Promotion,33.28542222,-5.223811111,Moderate,
loc_01148,Meseta,Fés-Meknés,Bou-Teguerrouine,,"Baadi and Németh, 2023","Volcanic Landscape of the Middle Atlas: A Representative Heritage of Moroccan Geological History









",33.27884167,-5.094733333,Moderate,
loc_01149,Meseta,Fés-Meknés,El Koudiate,,"Baadi and Németh, 2023","Volcanic Landscape of the Middle Atlas: A Representative Heritage of Moroccan Geological History









",33.51963056,-5.164138889,Moderate,
loc_01150,Meseta,Fés-Meknés,Jbel Hébri,,"Baadi and Németh, 2023","Volcanic Landscape of the Middle Atlas: A Representative Heritage of Moroccan Geological History









",33.35566111,-5.154808333,Easy,
loc_01151,,Fés-Meknés,Taiissout,,"Baadi and Németh, 2023","Volcanic Landscape of the Middle Atlas: A Representative Heritage of Moroccan Geological History









",33.31989722,-5.111116667,Easy,
loc_01152,,Fés-Meknés,Lechmine Aït el Haj,,"Baadi and Németh, 2023","Volcanic Landscape of the Middle Atlas: A Representative Heritage of Moroccan Geological History









",33.38159722,-5.070113889,Moderate,
loc_01153,,Fés-Meknés,Bou-Ibalrhatène,,"Baadi and Németh, 2023","Volcanic Landscape of the Middle Atlas: A Representative Heritage of Moroccan Geological History









",33.33925278,-5.047933333,Moderate,
loc_01154,,Fés-Meknés,Lechmine n’Ikettane,,"Baadi and Németh, 2023","Volcanic Landscape of the Middle Atlas: A Representative Heritage of Moroccan Geological History









",33.37613333,-5.125405556,Easy,
loc_01155,,Fés-Meknés,Lechmine Izgar,,"Baadi and Németh, 2023","Volcanic Landscape of the Middle Atlas: A Representative Heritage of Moroccan Geological History









",33.26420278,-5.104872222,Moderate,
loc_01156,,Fés-Meknés,Ouest Hébri,,"Baadi and Németh, 2023","Volcanic Landscape of the Middle Atlas: A Representative Heritage of Moroccan Geological History









",33.36046944,-5.141663889,Easy,
loc_01157,,Fés-Meknés,Tahbrite,,"Baadi and Németh, 2023","Volcanic Landscape of the Middle Atlas: A Representative Heritage of Moroccan Geological History









",33.34624722,-5.130202778,Easy,
loc_01158,,Fés-Meknés,Timahdite,,"Baadi and Németh, 2023","Volcanic Landscape of the Middle Atlas: A Representative Heritage of Moroccan Geological History









",33.23072778,-5.066408333,Easy,
loc_01159,,Fés-Meknés,Lechmine Ait el Haj,,"Baadi and Németh, 2023","Volcanic Landscape of the Middle Atlas: A Representative Heritage of Moroccan Geological History









",33.38143889,-5.299227778,Moderate,
loc_01160,,Fés-Meknés,Michlifene,,"Baadi et al., 2023f","The Volcanism of the Plio-Quaternary of Azrou-Timahdite Plateau (Central Middle Atlas, Morocco): Potential for Geotourism Development",33.54006944,-5.155341667,Easy,
loc_01161,,Fés-Meknés,Lechmine Bou-Ibalrhatène,,"Baadi et al., 2023f","The Volcanism of the Plio-Quaternary of Azrou-Timahdite Plateau (Central Middle Atlas, Morocco): Potential for Geotourism Development",33.33996111,-5.061683333,Moderate,
loc_01162,,Fés-Meknés,Ouest Hébri,,"Baadi and Németh, 2023","Volcanic Landscape of the Middle Atlas: A Representative Heritage of Moroccan Geological History









",33.35552778,-5.154836111,Moderate,
loc_01163,,Guelmim-Oued Noun,Oued Chebeika estuary,,Saddiqi et al.2022," Recommandation de deux géoroutes au sud
 du Maroc: 3Ga entre le désert du Sahara et
 l'océan Atlantique",28.29555556,-11.525,Easy,
loc_01164,,Guelmim-Oued Noun,Cliffs of the west border of the Chebeika estuary,,Saddiqi et al.2022," Recommandation de deux géoroutes au sud
 du Maroc: 3Ga entre le désert du Sahara et
 l'océan Atlantique",28.29555556,-11.525,Easy,
loc_01165,,Guelmim-Oued Noun,Lower Cretaceous f luvial sandstones (“Tan-Tan sands”) beneath the Hamada Plateau,,Saddiqi et al.2022," Recommandation de deux géoroutes au sud
 du Maroc: 3Ga entre le désert du Sahara et
 l'océan Atlantique",28.47916667,-11.20416667,Easy,
loc_01166,,Guelmim-Oued Noun,"Cross-bedding in the fluvial
 sandstones  (“Tan-Tan sands”)",,Saddiqi et al.2022," Recommandation de deux géoroutes au sud
 du Maroc: 3Ga entre le désert du Sahara et
 l'océan Atlantique",28.47916667,-11.20416667,Moderate,
loc_01167,,Guelmim-Oued Noun,Transgression of the Lower Cretaceous redbeds on the Bas Draa Precambrian Massif,,Saddiqi et al.2022," Recommandation de deux géoroutes au sud
 du Maroc: 3Ga entre le désert du Sahara et
 l'océan Atlantique",28.39,-11.01694444,Easy,
loc_01168,,Guelmim-Oued Noun,Upper Precambrian  metaconglomerates (south-western tip of the Bas Draa inlier),,Saddiqi et al.2022," Recommandation de deux géoroutes au sud
 du Maroc: 3Ga entre le désert du Sahara et
 l'océan Atlantique",28.34611111,-10.93416667,Moderate,
loc_01169,,Guelmim-Oued Noun,Vertical Cambrian quartzites (“Barre de Goulimine”) crossed by directional fault,,Saddiqi et al.2022," Recommandation de deux géoroutes au sud
 du Maroc: 3Ga entre le désert du Sahara et
 l'océan Atlantique",28.27777778,-10.90194444,Moderate,
loc_01170,,Guelmim-Oued Noun,Lower Ordovician (Llanvirn) oolithic iron bed section,,Saddiqi et al.2022," Recommandation de deux géoroutes au sud
 du Maroc: 3Ga entre le désert du Sahara et
 l'océan Atlantique",28.05916667,-10.88861111,Moderate,
loc_01171,,Guelmim-Oued Noun,"Perched syncline formed by Rich 1 and Rich 2 
 Jbel Rich fold train)",,Saddiqi et al.2022," Recommandation de deux géoroutes au sud
 du Maroc: 3Ga entre le désert du Sahara et
 l'océan Atlantique",28.05916667,-10.88861111,Moderate,
loc_01172,,Guelmim-Oued Noun,Open folds  of Jbel Rich,,Saddiqi et al.2022," Recommandation de deux géoroutes au sud
 du Maroc: 3Ga entre le désert du Sahara et
 l'océan Atlantique",28.05916667,-10.88861111,Moderate,
loc_01173,,Guelmim-Oued Noun,Jbel Tazout cuesta (Tournaisian),,Saddiqi et al.2022," Recommandation de deux géoroutes au sud
 du Maroc: 3Ga entre le désert du Sahara et
 l'océan Atlantique",28.01611111,-10.81694444,Easy,
loc_01174,,Guelmim-Oued Noun,Jbel Ouarziz cuesta (Visean),,Saddiqi et al.2022," Recommandation de deux géoroutes au sud
 du Maroc: 3Ga entre le désert du Sahara et
 l'océan Atlantique",28.01611111,-10.81694444,Easy,
loc_01175,,Guelmim-Oued Noun,Bituminous marls & estuariarine morphology,,"Saddiqi et al., 2015 (In Errami et al., 2015)",Recommended Geoheritage Trails in Southern Morocco: A 3 Ga Record Between the Sahara Desert and the Atlantic Ocean,28.29171667,-11.53366111,Easy,
loc_01176,,Guelmim-Oued Noun,Marine terraces,,"Saddiqi et al., 2015 (In Errami et al., 2015)",Recommended Geoheritage Trails in Southern Morocco: A 3 Ga Record Between the Sahara Desert and the Atlantic Ocean,28.47613889,-11.20271944,Easy,
loc_01177,,Guelmim-Oued Noun,Lecture of a landscape & unconformity,,"Saddiqi et al., 2015 (In Errami et al., 2015)",Recommended Geoheritage Trails in Southern Morocco: A 3 Ga Record Between the Sahara Desert and the Atlantic Ocean,28.40788333,-11.06773611,Easy,
loc_01178,,Guelmim-Oued Noun,Basement-cover relationships,,"Saddiqi et al., 2015 (In Errami et al., 2015)",Recommended Geoheritage Trails in Southern Morocco: A 3 Ga Record Between the Sahara Desert and the Atlantic Ocean,28.355225,-10.93973056,Easy,
loc_01179,,Guelmim-Oued Noun,Cambrian quartzites & joint systems,,"Saddiqi et al., 2015 (In Errami et al., 2015)",Recommended Geoheritage Trails in Southern Morocco: A 3 Ga Record Between the Sahara Desert and the Atlantic Ocean,28.27864167,-10.89711667,Easy,
loc_01180,,Guelmim-Oued Noun,Ordovician glaciation deposit,,"Saddiqi et al., 2015 (In Errami et al., 2015)",Recommended Geoheritage Trails in Southern Morocco: A 3 Ga Record Between the Sahara Desert and the Atlantic Ocean,28.22173333,-10.88904167,Easy,
loc_01181,,Guelmim-Oued Noun,Cylindric anticline & oolithic iron,,"Saddiqi et al., 2015 (In Errami et al., 2015)",Recommended Geoheritage Trails in Southern Morocco: A 3 Ga Record Between the Sahara Desert and the Atlantic Ocean,28.12399722,-10.88910556,Moderate,
loc_01182,,Guelmim-Oued Noun,"Perched syncline & subsidence, basin infilling",,"Saddiqi et al., 2015 (In Errami et al., 2015)",Recommended Geoheritage Trails in Southern Morocco: A 3 Ga Record Between the Sahara Desert and the Atlantic Ocean,28.10719722,-10.89022778,Easy,
loc_01183,,Guelmim-Oued Noun,Cratonic basin versus fold belt,,"Saddiqi et al., 2015 (In Errami et al., 2015)",Recommended Geoheritage Trails in Southern Morocco: A 3 Ga Record Between the Sahara Desert and the Atlantic Ocean,28.02053056,-10.80904722,Easy,
loc_01184,,Eddakhla-Oued Eddahab,Continental uplift & coastal erosion,,"Saddiqi et al., 2015 (In Errami et al., 2015)",Recommended Geoheritage Trails in Southern Morocco: A 3 Ga Record Between the Sahara Desert and the Atlantic Ocean,23.81283333,-15.89272222,Moderate,
loc_01185,,Eddakhla-Oued Eddahab,Artesian well,,"Saddiqi et al., 2015 (In Errami et al., 2015)",Recommended Geoheritage Trails in Southern Morocco: A 3 Ga Record Between the Sahara Desert and the Atlantic Ocean,23.92295,-15.71972778,Moderate,
loc_01186,,Eddakhla-Oued Eddahab,Marine fossils & phosphate genesis,,"Saddiqi et al., 2015 (In Errami et al., 2015)",Recommended Geoheritage Trails in Southern Morocco: A 3 Ga Record Between the Sahara Desert and the Atlantic Ocean,23.47686111,-15.94618611,Moderate,
loc_01187,,Eddakhla-Oued Eddahab,Continental fossils & sedimentaion,,"Saddiqi et al., 2015 (In Errami et al., 2015)",Recommended Geoheritage Trails in Southern Morocco: A 3 Ga Record Between the Sahara Desert and the Atlantic Ocean,23.79177222,-15.67058611,Moderate,
loc_01188,,Eddakhla-Oued Eddahab,Continental sedimentation & unconformity,,"Saddiqi et al., 2015 (In Errami et al., 2015)",Recommended Geoheritage Trails in Southern Morocco: A 3 Ga Record Between the Sahara Desert and the Atlantic Ocean,23.50421944,-15.08136667,Difficult,
loc_01189,,Eddakhla-Oued Eddahab,Metagabbros,,"Saddiqi et al., 2015 (In Errami et al., 2015)",Recommended Geoheritage Trails in Southern Morocco: A 3 Ga Record Between the Sahara Desert and the Atlantic Ocean,23.12788611,-14.65530278,Difficult,
loc_01190,,Eddakhla-Oued Eddahab,Orthogenesis & dyke and pluton intrusions,,"Saddiqi et al., 2015 (In Errami et al., 2015)",Recommended Geoheritage Trails in Southern Morocco: A 3 Ga Record Between the Sahara Desert and the Atlantic Ocean,22.50559167,-14.30453889,Easy,
loc_01191,,Eddakhla-Oued Eddahab,Migmatites & deep petrogenesis,,"Saddiqi et al., 2015 (In Errami et al., 2015)",Recommended Geoheritage Trails in Southern Morocco: A 3 Ga Record Between the Sahara Desert and the Atlantic Ocean,22.59975,-14.35717778,Easy,
loc_01192,,Eddakhla-Oued Eddahab,Upper Ordovician glaciation & unconformity,,"Saddiqi et al., 2015 (In Errami et al., 2015)",Recommended Geoheritage Trails in Southern Morocco: A 3 Ga Record Between the Sahara Desert and the Atlantic Ocean,22.71254167,-14.36813056,Difficult,
loc_01193,,Eddakhla-Oued Eddahab,Nappe kinematics & metapelites,,"Saddiqi et al., 2015 (In Errami et al., 2015)",Recommended Geoheritage Trails in Southern Morocco: A 3 Ga Record Between the Sahara Desert and the Atlantic Ocean,22.59033333,-14.53510278,Difficult,
loc_01194,,Béni Mellal-Khénifra,Ouled Abdoun,,"Noubhani, 2015 (In Errami et al., 2015)",Late Cretaceous and Lower Paleogene Moroccan Phosphates: Geotourism Opportunities,32.76277778,-6.816944444,Difficult,
loc_01195,,Marrakech-Safi,Gantour,,"Noubhani, 2015 (In Errami et al., 2015)",Late Cretaceous and Lower Paleogene Moroccan Phosphates: Geotourism Opportunities,32.25930556,-7.826111111,Easy,
loc_01196,,Marrakech-Safi,Meskala,,"Noubhani, 2015 (In Errami et al., 2015)",Late Cretaceous and Lower Paleogene Moroccan Phosphates: Geotourism Opportunities,31.31609167,-9.352891667,Easy,
loc_01197,,Souss-Massa,Souss,,"Noubhani, 2015 (In Errami et al., 2015)",Late Cretaceous and Lower Paleogene Moroccan Phosphates: Geotourism Opportunities,30.45570278,-9.026147222,Easy,
loc_01198,,Laayoune-Sakia El Hamra,Oued Eddahab,,"Noubhani, 2015 (In Errami et al., 2015)",Late Cretaceous and Lower Paleogene Moroccan Phosphates: Geotourism Opportunities,26.28188611,-13.03391944,Moderate,
loc_01199,,Marrakech-Safi,The lagoon of Oualidia,,El Hamidy et al.2025,"The geosites of Safi province (Marrakech-Safi region, Morocco): Inventory and assessment for geoconservation, geotourism, geoeducation, geoparks, and local sustainable development",32.73916667,-8.559127778,Easy,
loc_01200,,Marrakech-Safi,Marine fauna of the lower limestone,,El Hamidy et al.2025,"Proposed geo-educational activities at the Sidi Bouzid geosite, Safi Province, Marrakech-Safi region, Morocco",33.21745278,-8.565969444,Moderate,
loc_01201,,Marrakech-Safi,Yellow dolomite lower limestone Contact,,El Hamidy et al.2025,"Proposed geo-educational activities at the Sidi Bouzid geosite, Safi Province, Marrakech-Safi region, Morocco",33.218075,-8.561588889,Easy,
loc_01202,,Marrakech-Safi,Marabout Sidi Bouzid,,El Hamidy et al.2025,"Proposed geo-educational activities at the Sidi Bouzid geosite, Safi Province, Marrakech-Safi region, Morocco",33.21928056,-8.560938889,Easy,
loc_01203,,Marrakech-Safi,Toubkal national Park,, Wakass et al.2023,"Geosites of High Atlas of Marrakech (Morocco): Geological Characterization, Accessibility, and Potential Interests for Sustainable Tourism",31.06326667,-7.937475,Difficult,
loc_01204,,Marrakech-Safi,Paradoxid Shale,,"Eddifai et al., 2025",Degradation risk of geosites analysis in the Rehamna region (Morocco): Inventory and quantitative assessment,32.67284444,-7.853861111,Moderate,
loc_01205,,Marrakech-Safi,Angular unconformity of Cambrian-Cretaceous,,"Eddifai et al., 2025",Degradation risk of geosites analysis in the Rehamna region (Morocco): Inventory and quantitative assessment,32.65006944,-7.798116667,Moderate,
loc_01206,Rif,Tanger-Al Hoceima,Playa Blanca Beach,,"El Kharraz et al., 2026",Geoheritage Assessment and Geotourism Planning in Tangier (Morocco),35.8243731,-5.7229291,Easy,
loc_01207,Rif,Tanger-Al Hoceima,Marisat Beach,,"El Kharraz et al., 2026",Geoheritage Assessment and Geotourism Planning in Tangier (Morocco),35.7998631,-5.7507168,Easy,
loc_01208,Rif,Tanger-Al Hoceima,Ghandouri Beach,,"El Kharraz et al., 2026",Geoheritage Assessment and Geotourism Planning in Tangier (Morocco),35.786932,-5.7633668,Easy,
loc_01209,Rif,Tanger-Al Hoceima,Malabata Beach,,"El Kharraz et al., 2026",Geoheritage Assessment and Geotourism Planning in Tangier (Morocco),35.7777695,-5.7775563,Easy,
loc_01210,Rif,Tanger-Al Hoceima,Merkala Beach,,"El Kharraz et al., 2026",Geoheritage Assessment and Geotourism Planning in Tangier (Morocco),35.7940544,-5.8344841,Easy,
loc_01211,Rif,Tanger-Al Hoceima,Bouhendia Beach,,"El Kharraz et al., 2026",Geoheritage Assessment and Geotourism Planning in Tangier (Morocco),35.7829225,-5.9307866,Easy,
loc_01212,Rif,Tanger-Al Hoceima,Achakar Beach,,"El Kharraz et al., 2026",Geoheritage Assessment and Geotourism Planning in Tangier (Morocco),35.776858,-5.9307889,Easy,
loc_01213,Rif,Tanger-Al Hoceima,Mickey Beach,,"El Kharraz et al., 2026",Geoheritage Assessment and Geotourism Planning in Tangier (Morocco),35.7723236,-5.9326896,Easy,
loc_01214,Rif,Tanger-Al Hoceima,Sidi Kacem Beach,,"El Kharraz et al., 2026",Geoheritage Assessment and Geotourism Planning in Tangier (Morocco),35.7379826,-5.9442736,Easy,
loc_01215,Rif,Tanger-Al Hoceima,Ba Kacem Beach,,"El Kharraz et al., 2026",Geoheritage Assessment and Geotourism Planning in Tangier (Morocco),35.7732541,-5.9331855,Easy,
loc_01216,Rif,Tanger-Al Hoceima,Houara Beach,,"El Kharraz et al., 2026",Geoheritage Assessment and Geotourism Planning in Tangier (Morocco),35.6329991,-5.9781537,Easy,
loc_01217,Rif,Tanger-Al Hoceima,Tahadart Beach,,"El Kharraz et al., 2026",Geoheritage Assessment and Geotourism Planning in Tangier (Morocco),35.5775096,-5.9895277,Easy,
loc_01218,Rif,Tanger-Al Hoceima,American Beach,,"El Kharraz et al., 2026",Geoheritage Assessment and Geotourism Planning in Tangier (Morocco),35.6798457,-5.9651715,Easy,
loc_01219,Rif,Tanger-Al Hoceima,Al Manar Forest,,"El Kharraz et al., 2026",Geoheritage Assessment and Geotourism Planning in Tangier (Morocco),35.8168801,-5.7486307,Easy,
loc_01220,Rif,Tanger-Al Hoceima,Marisat Forest,,"El Kharraz et al., 2026",Geoheritage Assessment and Geotourism Planning in Tangier (Morocco),35.7961267,-5.7491829,Easy,
loc_01221,Rif,Tanger-Al Hoceima,Tangier balya Forest,,"El Kharraz et al., 2026",Geoheritage Assessment and Geotourism Planning in Tangier (Morocco),35.7773448,-5.7711325,Moderate,
loc_01222,Rif,Tanger-Al Hoceima,Rmilat Forest,,"El Kharraz et al., 2026",Geoheritage Assessment and Geotourism Planning in Tangier (Morocco),35.7929606,-5.8624116,Easy,
loc_01223,Rif,Tanger-Al Hoceima,Rharha Forest,,"El Kharraz et al., 2026",Geoheritage Assessment and Geotourism Planning in Tangier (Morocco),35.7619967,-5.8731593,Easy,
loc_01224,Rif,Tanger-Al Hoceima,Mediouna Forest,,"El Kharraz et al., 2026",Geoheritage Assessment and Geotourism Planning in Tangier (Morocco),35.7821557,-5.8925229,Easy,
loc_01225,Rif,Tanger-Al Hoceima,Boubana Forest,,"El Kharraz et al., 2026",Geoheritage Assessment and Geotourism Planning in Tangier (Morocco),35.7719636,-5.8927079,Easy,
loc_01226,Rif,Tanger-Al Hoceima,Cape Spartel Reserve,,"El Kharraz et al., 2026",Geoheritage Assessment and Geotourism Planning in Tangier (Morocco),35.6759744,-5.9462552,Easy,
loc_01227,Rif,Tanger-Al Hoceima,Diplomatic Forest,,"El Kharraz et al., 2026",Geoheritage Assessment and Geotourism Planning in Tangier (Morocco),35.6759744,-5.9462552,Easy,
loc_01228,Rif,Tanger-Al Hoceima,Jumjum Rock,,"El Kharraz et al., 2026",Geoheritage Assessment and Geotourism Planning in Tangier (Morocco),35.7899743,-5.8497473,Moderate,
loc_01229,Rif,Tanger-Al Hoceima,Gherab Rock,,"El Kharraz et al., 2026",Geoheritage Assessment and Geotourism Planning in Tangier (Morocco),35.7946454,-5.85792,Moderate,
loc_01230,Rif,Tanger-Al Hoceima,Sutooh Rock,,"El Kharraz et al., 2026",Geoheritage Assessment and Geotourism Planning in Tangier (Morocco),35.7627783,-5.8885488,Easy,
loc_01231,Rif,Tanger-Al Hoceima,Bouhendia Rock,,"El Kharraz et al., 2026",Geoheritage Assessment and Geotourism Planning in Tangier (Morocco),35.788318,-5.9291816,Moderate,
loc_01232,Rif,Tanger-Al Hoceima,Ras Aghmat,,"El Kharraz et al., 2026",Geoheritage Assessment and Geotourism Planning in Tangier (Morocco),35.7974277,-5.8416951,Moderate,
loc_01233,Rif,Tanger-Al Hoceima,Hafa Rock,,"El Kharraz et al., 2026",Geoheritage Assessment and Geotourism Planning in Tangier (Morocco),35.7913075,-5.8203332,Moderate,
loc_01234,Rif,Tanger-Al Hoceima,Maghayir Lake,,"El Kharraz et al., 2026",Geoheritage Assessment and Geotourism Planning in Tangier (Morocco),35.7536291,-5.8957438,Easy,
loc_01235,Rif,Tanger-Al Hoceima,Sidi Hassain Lake,,"El Kharraz et al., 2026",Geoheritage Assessment and Geotourism Planning in Tangier (Morocco),35.6980445,-5.8249996,Moderate,
loc_01236,Rif,Tanger-Al Hoceima,Tahadart River,,"El Kharraz et al., 2026",Geoheritage Assessment and Geotourism Planning in Tangier (Morocco),35.6253683,-5.9412174,Easy,
loc_01237,Rif,Tanger-Al Hoceima,Rharha Lake,,"El Kharraz et al., 2026",Geoheritage Assessment and Geotourism Planning in Tangier (Morocco),35.7691304,-5.8578318,Easy,
loc_01238,Rif,Tanger-Al Hoceima,Al Manar Fortress,,"El Kharraz et al., 2026",Geoheritage Assessment and Geotourism Planning in Tangier (Morocco),35.814639,-5.7393475,Easy,
loc_01239,Rif,Tanger-Al Hoceima,Ghailan Fort,,"El Kharraz et al., 2026",Geoheritage Assessment and Geotourism Planning in Tangier (Morocco),35.7795848,-5.7715313,Easy,
loc_01240,Rif,Tanger-Al Hoceima,Villa Harris,,"El Kharraz et al., 2026",Geoheritage Assessment and Geotourism Planning in Tangier (Morocco),35.7830876,-5.7652395,Moderate,
loc_01241,Rif,Tanger-Al Hoceima,Dar El Baroud Tower,,"El Kharraz et al., 2026",Geoheritage Assessment and Geotourism Planning in Tangier (Morocco),35.7886196,-5.8081714,Easy,
loc_01242,Rif,Tanger-Al Hoceima,Bab Dar Debbagh,,"El Kharraz et al., 2026",Geoheritage Assessment and Geotourism Planning in Tangier (Morocco),35.7860073,-5.8094098,Moderate,
loc_01243,Rif,Tanger-Al Hoceima,Bab El Marsa,,"El Kharraz et al., 2026",Geoheritage Assessment and Geotourism Planning in Tangier (Morocco),35.7842141,-5.8085094,Moderate,
loc_01244,Rif,Tanger-Al Hoceima,Bab El Fahs,,"El Kharraz et al., 2026",Geoheritage Assessment and Geotourism Planning in Tangier (Morocco),35.7847304,-5.8129131,Easy,
loc_01245,Rif,Tanger-Al Hoceima,Bab El Kasbah,,"El Kharraz et al., 2026",Geoheritage Assessment and Geotourism Planning in Tangier (Morocco),35.788648,-5.815002,Easy,
loc_01246,Rif,Tanger-Al Hoceima,Bab El Bahr,,"El Kharraz et al., 2026",Geoheritage Assessment and Geotourism Planning in Tangier (Morocco),35.789007,-5.812113,Easy,
loc_01247,Rif,Tanger-Al Hoceima,Bab Lassa,,"El Kharraz et al., 2026",Geoheritage Assessment and Geotourism Planning in Tangier (Morocco),35.788119,-5.812018,Moderate,
loc_01248,Rif,Tanger-Al Hoceima,Bab El Hira,,"El Kharraz et al., 2026",Geoheritage Assessment and Geotourism Planning in Tangier (Morocco),35.78653,-5.809422,Easy,
loc_01249,Rif,Tanger-Al Hoceima,Bab American,,"El Kharraz et al., 2026",Geoheritage Assessment and Geotourism Planning in Tangier (Morocco),35.783817,-5.810501,Easy,
loc_01250,Rif,Tanger-Al Hoceima,Bab Haha,,"El Kharraz et al., 2026",Geoheritage Assessment and Geotourism Planning in Tangier (Morocco),35.788671,-5.811854,Easy,
loc_01251,Rif,Tanger-Al Hoceima,Bouanania Cemetery,,"El Kharraz et al., 2026",Geoheritage Assessment and Geotourism Planning in Tangier (Morocco),35.7908171,-5.8200251,Easy,
loc_01252,Rif,Tanger-Al Hoceima,Sour Al Maâkazine,,"El Kharraz et al., 2026",Geoheritage Assessment and Geotourism Planning in Tangier (Morocco),35.7810852,-5.8117345,Easy,
loc_01253,Rif,Tanger-Al Hoceima,Villa Perdicaris,,"El Kharraz et al., 2026",Geoheritage Assessment and Geotourism Planning in Tangier (Morocco),35.7921543,-5.8601788,Easy,
loc_01254,Rif,Tanger-Al Hoceima,Hercules Cave,,"El Kharraz et al., 2026",Geoheritage Assessment and Geotourism Planning in Tangier (Morocco),35.7599335,-5.9392319,Easy,
loc_01255,Rif,Tanger-Al Hoceima,Horse Cave,,"El Kharraz et al., 2026",Geoheritage Assessment and Geotourism Planning in Tangier (Morocco),35.7613313,-5.9355535,Easy,
loc_01256,Rif,Tanger-Al Hoceima,Marina Port,,"El Kharraz et al., 2026",Geoheritage Assessment and Geotourism Planning in Tangier (Morocco),35.79109,-5.810278,Easy,
loc_01257,Rif,Tanger-Al Hoceima,Continental Hotel,,"El Kharraz et al., 2026",Geoheritage Assessment and Geotourism Planning in Tangier (Morocco),35.787464,-5.809423,Easy,
loc_01258,Rif,Tanger-Al Hoceima,Old ‘Hafa’ Coffee shop,,"El Kharraz et al., 2026",Geoheritage Assessment and Geotourism Planning in Tangier (Morocco),35.791346,-5.821947,Easy,
loc_01259,Rif,Tanger-Al Hoceima,Souk Dakhel,,"El Kharraz et al., 2026",Geoheritage Assessment and Geotourism Planning in Tangier (Morocco),35.784726,-5.812676,Easy,
loc_01260,Rif,Tanger-Al Hoceima,Ibn Battuta Mausoleum,,"El Kharraz et al., 2026",Geoheritage Assessment and Geotourism Planning in Tangier (Morocco),35.787414,-5.813693,Easy,
loc_01261,Rif,Tanger-Al Hoceima,Bouarakiya Mausoleum,,"El Kharraz et al., 2026",Geoheritage Assessment and Geotourism Planning in Tangier (Morocco),35.783531,-5.81884,Easy,
loc_01262,Rif,Tanger-Al Hoceima,Sidi Hosni Mausoleum,,"El Kharraz et al., 2026",Geoheritage Assessment and Geotourism Planning in Tangier (Morocco),35.7884747,-5.8116093,Easy,
loc_01263,Rif,Tanger-Al Hoceima,Ben Raisoul Mausoleum,,"El Kharraz et al., 2026",Geoheritage Assessment and Geotourism Planning in Tangier (Morocco),35.7875783,-5.8116361,Easy,
loc_01264,Rif,Tanger-Al Hoceima,Wazzani Zawiya,,"El Kharraz et al., 2026",Geoheritage Assessment and Geotourism Planning in Tangier (Morocco),35.784618,-5.812035,Easy,
loc_01265,Rif,Tanger-Al Hoceima,Lalla Abla Mosque,,"El Kharraz et al., 2026",Geoheritage Assessment and Geotourism Planning in Tangier (Morocco),35.789479,-5.807049,Easy,
loc_01266,Rif,Tanger-Al Hoceima,Kasbah Mosque,,"El Kharraz et al., 2026",Geoheritage Assessment and Geotourism Planning in Tangier (Morocco),35.788222,-5.812673,Easy,
loc_01267,Rif,Tanger-Al Hoceima,Cathedral of the Holy,,"El Kharraz et al., 2026",Geoheritage Assessment and Geotourism Planning in Tangier (Morocco),35.782167,-5.817982,Easy,
loc_01268,Rif,Tanger-Al Hoceima,Andrew’s Anglican,,"El Kharraz et al., 2026",Geoheritage Assessment and Geotourism Planning in Tangier (Morocco),35.783351,-5.81439,Easy,
loc_01269,Rif,Tanger-Al Hoceima,Immaculate Conception,,"El Kharraz et al., 2026",Geoheritage Assessment and Geotourism Planning in Tangier (Morocco),35.783351,-5.811323,Easy,
loc_01270,Middle Atlas,Fez-Meknes,Karkoura Ordovician,,"Naouadir et al., 2026","Geoheritage, Geotourism, and Geodiversity of the El Menzel Causse (Middle Atlas Mountains, Morocco)",33.85611,-4.61389,Easy,
loc_01271,Middle Atlas,Fez-Meknes,Oued Sebou Ordovician,,"Naouadir et al., 2026","Geoheritage, Geotourism, and Geodiversity of the El Menzel Causse (Middle Atlas Mountains, Morocco)",33.84056,-4.64306,Easy,
loc_01272,Middle Atlas,Fez-Meknes,Oued Sebou Triassic,,"Naouadir et al., 2026","Geoheritage, Geotourism, and Geodiversity of the El Menzel Causse (Middle Atlas Mountains, Morocco)",33.83889,-4.64306,Moderate,
loc_01273,Middle Atlas,Fez-Meknes,Karkoura Triassic,,"Naouadir et al., 2026","Geoheritage, Geotourism, and Geodiversity of the El Menzel Causse (Middle Atlas Mountains, Morocco)",33.8575,-4.61889,Moderate,
loc_01274,Middle Atlas,Fez-Meknes,Mellaha Triassic,,"Naouadir et al., 2026","Geoheritage, Geotourism, and Geodiversity of the El Menzel Causse (Middle Atlas Mountains, Morocco)",33.77278,-4.58333,Moderate,
loc_01275,Middle Atlas,Fez-Meknes,El Menzel Jurassic,,"Naouadir et al., 2026","Geoheritage, Geotourism, and Geodiversity of the El Menzel Causse (Middle Atlas Mountains, Morocco)",33.845,-4.53778,Moderate,
loc_01276,Middle Atlas,Fez-Meknes,Taghit Ammonites,,"Naouadir et al., 2026","Geoheritage, Geotourism, and Geodiversity of the El Menzel Causse (Middle Atlas Mountains, Morocco)",33.76583,-4.52194,Easy,
loc_01277,Middle Atlas,Fez-Meknes,El Qualaa Travertines,,"Naouadir et al., 2026","Geoheritage, Geotourism, and Geodiversity of the El Menzel Causse (Middle Atlas Mountains, Morocco)",33.84139,-4.54778,Moderate,
loc_01278,Middle Atlas,Fez-Meknes,El Menzel Paleosols,,"Naouadir et al., 2026","Geoheritage, Geotourism, and Geodiversity of the El Menzel Causse (Middle Atlas Mountains, Morocco)",33.84667,-4.5425,Moderate,
loc_01279,Middle Atlas,Fez-Meknes,Beni Yazgha Thrust Fault,,"Naouadir et al., 2026","Geoheritage, Geotourism, and Geodiversity of the El Menzel Causse (Middle Atlas Mountains, Morocco)",33.84611,-4.60944,Easy,
loc_01280,Middle Atlas,Fez-Meknes,El Menzel Fault,,"Naouadir et al., 2026","Geoheritage, Geotourism, and Geodiversity of the El Menzel Causse (Middle Atlas Mountains, Morocco)",33.83306,-4.53306,Moderate,
loc_01281,Middle Atlas,Fez-Meknes,Taghit Thrust Fault,,"Naouadir et al., 2026","Geoheritage, Geotourism, and Geodiversity of the El Menzel Causse (Middle Atlas Mountains, Morocco)",33.76806,-4.51139,Easy,
loc_01282,Middle Atlas,Fez-Meknes,Quasbat Beni Yazgha Polje,,"Naouadir et al., 2026","Geoheritage, Geotourism, and Geodiversity of the El Menzel Causse (Middle Atlas Mountains, Morocco)",33.82833,-4.59361,Easy,
loc_01283,Middle Atlas,Fez-Meknes,Jbel Taferguicht,,"Naouadir et al., 2026","Geoheritage, Geotourism, and Geodiversity of the El Menzel Causse (Middle Atlas Mountains, Morocco)",33.81306,-4.62972,Moderate,
loc_01284,Middle Atlas,Fez-Meknes,Jbel El Knisiya,,"Naouadir et al., 2026","Geoheritage, Geotourism, and Geodiversity of the El Menzel Causse (Middle Atlas Mountains, Morocco)",33.81556,-4.62222,Moderate,
loc_01285,Middle Atlas,Fez-Meknes,Oued Sebou,,"Naouadir et al., 2026","Geoheritage, Geotourism, and Geodiversity of the El Menzel Causse (Middle Atlas Mountains, Morocco)",33.81139,-4.60917,Easy,
loc_01286,Middle Atlas,Fez-Meknes,Allal El Fassi Dam,,"Naouadir et al., 2026","Geoheritage, Geotourism, and Geodiversity of the El Menzel Causse (Middle Atlas Mountains, Morocco)",33.92278,-4.65083,Easy,
loc_01287,Middle Atlas,Beni Mellal-Khenifra,Ordovician plicative structures of Mrirt,,"Akhlidej et al., 2025",Geoheritage of the Azrou-Khenifra Basin (Moroccan Massif Central): Inventory and Quantitative Assessment of Geosites,33.1,-5.586833333,Easy,
loc_01288,Middle Atlas,Beni Mellal-Khenifra,Permian granitic dyke of Tighza,,"Akhlidej et al., 2025",Geoheritage of the Azrou-Khenifra Basin (Moroccan Massif Central): Inventory and Quantitative Assessment of Geosites,33.19783333,-5.617,Easy,
loc_01289,Middle Atlas,Beni Mellal-Khenifra,Clay matrix conglomerates of Permian in Khenifra,,"Akhlidej et al., 2025",Geoheritage of the Azrou-Khenifra Basin (Moroccan Massif Central): Inventory and Quantitative Assessment of Geosites,32.954,-5.685833333,Moderate,
loc_01290,Middle Atlas,Beni Mellal-Khenifra,Permian alternating clay and sand stonebeds of Khenifra,,"Akhlidej et al., 2025",Geoheritage of the Azrou-Khenifra Basin (Moroccan Massif Central): Inventory and Quantitative Assessment of Geosites,32.9605,-5.688,Moderate,
loc_01291,Middle Atlas,Beni Mellal-Khenifra,Permian/Ordovician unconformity of Iaarochen,,"Akhlidej et al., 2025",Geoheritage of the Azrou-Khenifra Basin (Moroccan Massif Central): Inventory and Quantitative Assessment of Geosites,33.02883333,-5.614333333,Moderate,
loc_01292,Middle Atlas,Beni Mellal-Khenifra,Permian/Ordovician unconformity of Assabera,,"Akhlidej et al., 2025",Geoheritage of the Azrou-Khenifra Basin (Moroccan Massif Central): Inventory and Quantitative Assessment of Geosites,33.0495,-5.614333333,Moderate,
loc_01293,Middle Atlas,Beni Mellal-Khenifra,Quaternary basalts of Oued Oum Er-Rbia,,"Akhlidej et al., 2025",Geoheritage of the Azrou-Khenifra Basin (Moroccan Massif Central): Inventory and Quantitative Assessment of Geosites,32.9955,-5.652,Easy,
loc_01294,High Atlas,Beni Mellal-Khenifra,Tasraft,,"Naitouacha et al., 2024",Geological Sites of the Anergui Region: Description and Place in the Alpine Geological History of the M'goun UNESCO Global Geopark (Morocco),32.16011389,-5.931113889,Easy,
loc_01295,High Atlas,Beni Mellal-Khenifra,Aftis,,"Naitouacha et al., 2024",Geological Sites of the Anergui Region: Description and Place in the Alpine Geological History of the M'goun UNESCO Global Geopark (Morocco),32.08293333,-5.938702778,Easy,
loc_01296,High Atlas,Beni Mellal-Khenifra,Moriq,,"Naitouacha et al., 2024",Geological Sites of the Anergui Region: Description and Place in the Alpine Geological History of the M'goun UNESCO Global Geopark (Morocco),32.10142222,-5.892983333,Moderate,
loc_01297,High Atlas,Beni Mellal-Khenifra,Tamekaste,,"Naitouacha et al., 2024",Geological Sites of the Anergui Region: Description and Place in the Alpine Geological History of the M'goun UNESCO Global Geopark (Morocco),32.07391389,-5.918491667,Moderate,
loc_01298,High Atlas,Beni Mellal-Khenifra,Anergui,,"Naitouacha et al., 2024",Geological Sites of the Anergui Region: Description and Place in the Alpine Geological History of the M'goun UNESCO Global Geopark (Morocco),32.06339444,-5.927097222,Moderate,
loc_01299,High Atlas,Beni Mellal-Khenifra,Taguentourte,,"Naitouacha et al., 2024",Geological Sites of the Anergui Region: Description and Place in the Alpine Geological History of the M'goun UNESCO Global Geopark (Morocco),32.04814444,-5.935125,Moderate,
loc_01300,High Atlas,Beni Mellal-Khenifra,Ouriz,,"Naitouacha et al., 2024",Geological Sites of the Anergui Region: Description and Place in the Alpine Geological History of the M'goun UNESCO Global Geopark (Morocco),32.03783056,-5.949066667,Moderate,
loc_01301,High Atlas,Beni Mellal-Khenifra,Tagount,,"Naitouacha et al., 2024",Geological Sites of the Anergui Region: Description and Place in the Alpine Geological History of the M'goun UNESCO Global Geopark (Morocco),32.01144722,-5.942555556,Diffcult,
loc_01302,High Atlas,Beni Mellal-Khenifra,Tizi N'Dari,,"Naitouacha et al., 2024",Geological Sites of the Anergui Region: Description and Place in the Alpine Geological History of the M'goun UNESCO Global Geopark (Morocco),32.01065556,-5.929797222,Moderate,
loc_01303,High Atlas,Beni Mellal-Khenifra,Batly,,"Naitouacha et al., 2024",Geological Sites of the Anergui Region: Description and Place in the Alpine Geological History of the M'goun UNESCO Global Geopark (Morocco),32.00361944,-5.923263889,Moderate,
loc_01304,High Atlas,Beni Mellal-Khenifra,Inoufigun,,"Naitouacha et al., 2024",Geological Sites of the Anergui Region: Description and Place in the Alpine Geological History of the M'goun UNESCO Global Geopark (Morocco),31.99865,-5.929397222,Moderate,
loc_01305,High Atlas,Beni Mellal-Khenifra,Imaouen N’Tfalouine,,"Naitouacha et al., 2024",Geological Sites of the Anergui Region: Description and Place in the Alpine Geological History of the M'goun UNESCO Global Geopark (Morocco),32.077875,-5.95465,Moderate,
loc_01306,High Atlas,Beni Mellal-Khenifra,Akhachane,,"Naitouacha et al., 2024",Geological Sites of the Anergui Region: Description and Place in the Alpine Geological History of the M'goun UNESCO Global Geopark (Morocco),32.05411667,-6.080561111,Moderate,
loc_01307,High Atlas,Beni Mellal-Khenifra,Igra,,"Naitouacha et al., 2024",Geological Sites of the Anergui Region: Description and Place in the Alpine Geological History of the M'goun UNESCO Global Geopark (Morocco),32.06207778,-6.065869444,Diffcult,
loc_01308,High Atlas,Beni Mellal-Khenifra,Ifri N'Khettab,,"Naitouacha et al., 2024",Geological Sites of the Anergui Region: Description and Place in the Alpine Geological History of the M'goun UNESCO Global Geopark (Morocco),32.01753889,-6.201827778,Diffcult,
loc_01309,High Atlas,Beni Mellal-Khenifra,Ait Abdi,,"Naitouacha et al., 2024",Geological Sites of the Anergui Region: Description and Place in the Alpine Geological History of the M'goun UNESCO Global Geopark (Morocco),31.86734167,-5.98155,Diffcult,
loc_01310,Meseta,Rabat-Sale-Kenitra,Sidi Boulknadel pipes,,"Berred et al., 2022",Inventorying Rabat‑Salé‑Kénitra Region’s Geological Heritage Within Central Morocco: a Useful Tool for Developing Regional Geotourism Activity,34.12653333,-6.755861111,Diffcult,
loc_01311,Meseta,Rabat-Sale-Kenitra,Carboniferous hills of Korifla river panorama,,"Berred et al., 2022",Inventorying Rabat‑Salé‑Kénitra Region’s Geological Heritage Within Central Morocco: a Useful Tool for Developing Regional Geotourism Activity,33.74092778,-6.746533333,Moderate,
loc_01312,Meseta,Rabat-Sale-Kenitra,Lower Devonian carbonate concretion east of Ezzehiliga,,"Berred et al., 2022",Inventorying Rabat‑Salé‑Kénitra Region’s Geological Heritage Within Central Morocco: a Useful Tool for Developing Regional Geotourism Activity,33.310025,-6.543025,Moderate,
loc_01313,Meseta,Rabat-Sale-Kenitra,Normal fault of El Malha river,,"Berred et al., 2022",Inventorying Rabat‑Salé‑Kénitra Region’s Geological Heritage Within Central Morocco: a Useful Tool for Developing Regional Geotourism Activity,34.57602222,-5.4805,Moderate,
loc_01314,Meseta,Rabat-Sale-Kenitra,Volcanic flow of Boulhmayl river,,"Berred et al., 2022",Inventorying Rabat‑Salé‑Kénitra Region’s Geological Heritage Within Central Morocco: a Useful Tool for Developing Regional Geotourism Activity,34.39325556,-6.469327778,Moderate,
loc_01315,Meseta,Rabat-Sale-Kenitra,Gayville beach potholes,,"Berred et al., 2022",Inventorying Rabat‑Salé‑Kénitra Region’s Geological Heritage Within Central Morocco: a Useful Tool for Developing Regional Geotourism Activity,33.93679444,-6.946277778,Moderate,
loc_01316,Meseta,Rabat-Sale-Kenitra,Koudiat Ech-Cherif,,"Berred et al., 2022",Inventorying Rabat‑Salé‑Kénitra Region’s Geological Heritage Within Central Morocco: a Useful Tool for Developing Regional Geotourism Activity,34.03132222,-6.843502778,Moderate,
loc_01317,Meseta,Rabat-Sale-Kenitra,Sebt-Merchouch plateau Angular Unconformity,,"Berred et al., 2022",Inventorying Rabat‑Salé‑Kénitra Region’s Geological Heritage Within Central Morocco: a Useful Tool for Developing Regional Geotourism Activity,33.84857222,-6.966044444,Moderate,
loc_01318,Meseta,Rabat-Sale-Kenitra,Jbel Moghrane's Westphalian Molasse,,"Berred et al., 2022",Inventorying Rabat‑Salé‑Kénitra Region’s Geological Heritage Within Central Morocco: a Useful Tool for Developing Regional Geotourism Activity,34.39001667,-6.469991667,Diffcult,
loc_01319,Meseta,Rabat-Sale-Kenitra,Stratotype GSSP Tortonian- Messinian Limit,,"Berred et al., 2022",Inventorying Rabat‑Salé‑Kénitra Region’s Geological Heritage Within Central Morocco: a Useful Tool for Developing Regional Geotourism Activity,33.9363,-6.788841667,Moderate,
loc_01320,Middle Atlas,Oriental,Jorf Lakhdar Geosite,,"Redouane et al., 2024",Volcanic Geoheritage at the Northeastern of Morocco: Selected Sites of Oujda and Guercif (Jorf Lakhdar and Guilliz),34.74076667,-2.044916667,Moderate,
loc_01321,Middle Atlas,Oriental,Guilliz Geosite,,"Redouane et al., 2024",Volcanic Geoheritage at the Northeastern of Morocco: Selected Sites of Oujda and Guercif (Jorf Lakhdar and Guilliz),34.47788611,-3.341997222,Moderate,
loc_01322,Western High Atlas,Souss-Massa,Dinosaur footprint site of Anza,,"Ouchkar et al., 2025","Valorization of the Geological Heritage of the Western High Atlas Coast (Agadir, Morocco)",30.44583333,-9.660833333,Easy,
loc_01323,Western High Atlas,Souss-Massa,sedimentary and tectonic type: Quaternary conglomerate formation of Taghazout,,"Ouchkar et al., 2025","Valorization of the Geological Heritage of the Western High Atlas Coast (Agadir, Morocco)",30.53523889,-9.676272222,Easy,
loc_01324,Western High Atlas,Souss-Massa,Karstic type geosite 3: Cap Ghir Cave,,"Ouchkar et al., 2025","Valorization of the Geological Heritage of the Western High Atlas Coast (Agadir, Morocco)",30.62918889,-9.833916667,Easy,
loc_01325,Western High Atlas,Souss-Massa,Stratigraphic-type geosite 4: Tiguert Formation,,"Ouchkar et al., 2025","Valorization of the Geological Heritage of the Western High Atlas Coast (Agadir, Morocco)",30.62953417,-9.834047222,Easy,
loc_01326,Western High Atlas,Souss-Massa,Stratigraphic Type: Oxfordian of Cap Ghir Reef,,"Ouchkar et al., 2025","Valorization of the Geological Heritage of the Western High Atlas Coast (Agadir, Morocco)",30.62832778,-9.836655556,Easy,
loc_01327,Western High Atlas,Souss-Massa,Imi Ouaddar sedimentary geosite type : black shale-Imi-Ouaddar,,"Ouchkar et al., 2025","Valorization of the Geological Heritage of the Western High Atlas Coast (Agadir, Morocco)",30.56222222,-9.742455556,Easy,
loc_01328,Anti-Atlas,Draa-Tafilalet,Cross‑Bedding Structures,,"Lahmidi et al., 2021",The Ordovician Foum Larjamme Tunnel Paleo‑valleys from Bani Geopark Project—Assessment of Geological Heritage for Geo‑education and Geotourism Purposes,29.941425,-5.625411111,Easy,
loc_01329,Anti-Atlas,Draa-Tafilalet,"Bioturbation, Trace Fossils, and Fossils",,"Lahmidi et al., 2021",The Ordovician Foum Larjamme Tunnel Paleo‑valleys from Bani Geopark Project—Assessment of Geological Heritage for Geo‑education and Geotourism Purposes,29.92570833,-5.614744444,Easy,
loc_01330,Anti-Atlas,Draa-Tafilalet,Wave Ripples,,"Lahmidi et al., 2021",The Ordovician Foum Larjamme Tunnel Paleo‑valleys from Bani Geopark Project—Assessment of Geological Heritage for Geo‑education and Geotourism Purposes,29.905975,-5.591533333,Easy,
loc_01331,Anti-Atlas,Draa-Tafilalet,Micro‑faulting and Hydrofracturing,,"Lahmidi et al., 2021",The Ordovician Foum Larjamme Tunnel Paleo‑valleys from Bani Geopark Project—Assessment of Geological Heritage for Geo‑education and Geotourism Purposes,29.89522778,-5.609219444,Easy,
loc_01332,Anti-Atlas,Draa-Tafilalet,Conglomerate and Conglomeratic Sandstone,,"Lahmidi et al., 2021",The Ordovician Foum Larjamme Tunnel Paleo‑valleys from Bani Geopark Project—Assessment of Geological Heritage for Geo‑education and Geotourism Purposes,29.89674444,-5.582991667,Easy,
loc_01333,Anti-Atlas,Draa-Tafilalet,Unconformities,,"Lahmidi et al., 2021",The Ordovician Foum Larjamme Tunnel Paleo‑valleys from Bani Geopark Project—Assessment of Geological Heritage for Geo‑education and Geotourism Purposes,29.9595,-5.637094444,Easy,
loc_01334,Anti-Atlas,Draa-Tafilalet,Joints and Rock Fall,,"Lahmidi et al., 2021",The Ordovician Foum Larjamme Tunnel Paleo‑valleys from Bani Geopark Project—Assessment of Geological Heritage for Geo‑education and Geotourism Purposes,29.98065,-5.651988889,Easy,
loc_01335,Anti-Atlas,Draa-Tafilalet,Exfoliation,,"Lahmidi et al., 2021",The Ordovician Foum Larjamme Tunnel Paleo‑valleys from Bani Geopark Project—Assessment of Geological Heritage for Geo‑education and Geotourism Purposes,29.87212222,-5.547361111,Moderate,
loc_01336,Meseta,Marrakech-Safi,Jbel Ardouz,,"Bouari et al., 2021",The Heritage Interest of the Koudiat Ferjane Outcrops of Jebel Ardouz in the M’zoudia Region and Their Protection,31.55853611,-8.631069444,Moderate,
loc_01337,Middle Atlas,Fez-Meknes,Tazekka,,"Mounir et al., 2019",The Middle Atlas Geological karsts forms: Towards Geosites characterization,34.18333333,-4.2,Moderate,
loc_01338,Middle Atlas,Fez-Meknes,Taza,,"Mounir et al., 2019",The Middle Atlas Geological karsts forms: Towards Geosites characterization,34.21666667,-4.016666667,Moderate,
loc_01339,Middle Atlas,Fez-Meknes,Chaara Chasm,,"Mounir et al., 2019",The Middle Atlas Geological karsts forms: Towards Geosites characterization,33.95682222,-4.247022222,Moderate,
loc_01340,Middle Atlas,Fez-Meknes,Iferouato Chasm,,"Mounir et al., 2019",The Middle Atlas Geological karsts forms: Towards Geosites characterization,34.10401667,-4.071858333,Moderate,
loc_01341,Middle Atlas,Fez-Meknes,Izoura Chasm,,"Mounir et al., 2019",The Middle Atlas Geological karsts forms: Towards Geosites characterization,34.08271389,-4.10775,Moderate,
loc_01342,Western High Atlas,Souss-Massa,Anza tracksite,,"Lkebir et al., 2020",Short report: The Anza tracksite: Ichnological heritage and geoeducational significance of dinosaur and pterosaur tracks in coastal Morocco,30.444925,-9.659819444,Moderate,
loc_01343,Rif,Tanger-Al Hoceima,Cascdes of Oued Laou,,"Aoulad-Sidi-Mhend et al., 2026",Strategic Framework to Reinforce the Application for the UNESCO Global Geopark Label: The Case of Chefchaouen Geopark (NW Morocco),35.27912222,-5.238088889,Moderate,
loc_01344,Rif,Tanger-Al Hoceima,Crenulations in the Targha micaschist,,"Aoulad-Sidi-Mhend et al., 2026",Strategic Framework to Reinforce the Application for the UNESCO Global Geopark Label: The Case of Chefchaouen Geopark (NW Morocco),35.282875,-4.914525,Moderate,
loc_01345,Rif,Tanger-Al Hoceima,Structural position of the geological units of the Internal Rif at Kodiat Achacha,,"Aoulad-Sidi-Mhend et al., 2026",Strategic Framework to Reinforce the Application for the UNESCO Global Geopark Label: The Case of Chefchaouen Geopark (NW Morocco),35.26586111,-5.234911111,Moderate,
loc_01346,Rif,Tanger-Al Hoceima,Exhumation of peridotites in the Aarabe Valley,,"Aoulad-Sidi-Mhend et al., 2026",Strategic Framework to Reinforce the Application for the UNESCO Global Geopark Label: The Case of Chefchaouen Geopark (NW Morocco),35.39636667,-5.0262,Difficult,
loc_01347,Anti-Atlas,Draa-Tafilalet,Foum Chena site,,"Abioui et al., 2018","Rock Art Conservation and Geotourism: A practical example from Foum Chenna engravings site, Morocco",30.48587778,-6.166716667,Moderate,
loc_01348,Anti-Atlas,Draa-Tafilalet,Ouigane site,,"Abioui et al., 2018","Rock Art Conservation and Geotourism: A practical example from Foum Chenna engravings site, Morocco",30.45646389,-6.099186111,Easy,
loc_01349,Anti-Atlas,Draa-Tafilalet,Cheaba Elbeida site,,"Abioui et al., 2018","Rock Art Conservation and Geotourism: A practical example from Foum Chenna engravings site, Morocco",30.43718333,-6.049980556,Easy,
loc_01350,Sahara,Guelmim-Oued Noun,Targua Wassai,,"Mirari, S., & Benmlih, A. (2020)",PROMOTION OF GEOTOURISM AND GEOHERITAGE AT THE OASES OF OUED NOUN,29.20731667,-10.092175,Easy,
loc_01351,Sahara,Guelmim-Oued Noun,Abeinou,,"Mirari, S., & Benmlih, A. (2020)",PROMOTION OF GEOTOURISM AND GEOHERITAGE AT THE OASES OF OUED NOUN,29.08107778,-9.974233333,Easy,
loc_01352,Sahara,Guelmim-Oued Noun,Atlas Ifrane Essaghir,,"Mirari, S., & Benmlih, A. (2020)",PROMOTION OF GEOTOURISM AND GEOHERITAGE AT THE OASES OF OUED NOUN,29.22500833,-9.702255556,Moderate,
loc_01353,Sahara,Guelmim-Oued Noun,Laksabi,,"Mirari, S., & Benmlih, A. (2020)",PROMOTION OF GEOTOURISM AND GEOHERITAGE AT THE OASES OF OUED NOUN,29.01348611,-10.2247,Easy,
loc_01354,Sahara,Guelmim-Oued Noun,Chatiaalabied,,"Mirari, S., & Benmlih, A. (2020)",PROMOTION OF GEOTOURISM AND GEOHERITAGE AT THE OASES OF OUED NOUN,28.90578611,-10.31612778,Moderate,
loc_01355,Sahara,Guelmim-Oued Noun,Ras Oumlil,,"Mirari, S., & Benmlih, A. (2020)",PROMOTION OF GEOTOURISM AND GEOHERITAGE AT THE OASES OF OUED NOUN,28.65871667,-10.48678333,Easy,
loc_01356,Sahara,Guelmim-Oued Noun,Aferket,,"Mirari, S., & Benmlih, A. (2020)",PROMOTION OF GEOTOURISM AND GEOHERITAGE AT THE OASES OF OUED NOUN,28.6385,-10.32559167,Moderate,
loc_01357,Sahara,Guelmim-Oued Noun,Tiglit,,"Mirari, S., & Benmlih, A. (2020)",PROMOTION OF GEOTOURISM AND GEOHERITAGE AT THE OASES OF OUED NOUN,28.45379722,-10.30540556,Difficult,
loc_01358,Sahara,Guelmim-Oued Noun,Labyar,,"Mirari, S., & Benmlih, A. (2020)",PROMOTION OF GEOTOURISM AND GEOHERITAGE AT THE OASES OF OUED NOUN,28.76225556,-10.22037222,Moderate,
loc_01359,Sahara,Guelmim-Oued Noun,Asrir-Tighmert,,"Mirari, S., & Benmlih, A. (2020)",PROMOTION OF GEOTOURISM AND GEOHERITAGE AT THE OASES OF OUED NOUN,28.88013333,-10.01283056,Easy,
loc_01360,Anti-Atlas,Draa-Tafilalet,Baryte deposits of Tarhoucht,,"Elfaiz et al., 2026","Perception of geological and cultural heritage to promote geotourism and geoconservation in Tinjdad, southeastern Morocco",31.302675,-5.021425,Easy,
loc_01361,Anti-Atlas,Draa-Tafilalet,Cambrian fossiliferous site of Tarhoucht,,"Elfaiz et al., 2026","Perception of geological and cultural heritage to promote geotourism and geoconservation in Tinjdad, southeastern Morocco",31.36791111,-5.017591667,Easy,
loc_01362,Anti-Atlas,Draa-Tafilalet,Columnar basalts,,"Elfaiz et al., 2026","Perception of geological and cultural heritage to promote geotourism and geoconservation in Tinjdad, southeastern Morocco",31.58719722,-4.834605556,Easy,
loc_01363,Anti-Atlas,Draa-Tafilalet,Ordovician tillites,,"Elfaiz et al., 2026","Perception of geological and cultural heritage to promote geotourism and geoconservation in Tinjdad, southeastern Morocco",31.47313056,-5.036347222,Easy,
loc_01364,Anti-Atlas,Draa-Tafilalet,Devonian formation of Oued Ferkla,,"Elfaiz et al., 2026","Perception of geological and cultural heritage to promote geotourism and geoconservation in Tinjdad, southeastern Morocco",31.43928889,-5.019838889,Easy,
loc_01365,Anti-Atlas,Draa-Tafilalet,ifr,,"Elfaiz et al., 2026","Perception of geological and cultural heritage to promote geotourism and geoconservation in Tinjdad, southeastern Morocco",31.52903889,-4.998469444,Easy,
loc_01366,Anti-Atlas,Draa-Tafilalet,Rock carvings of Taghia,,"Elfaiz et al., 2026","Perception of geological and cultural heritage to promote geotourism and geoconservation in Tinjdad, southeastern Morocco",31.535975,-5.009883333,Easy,
loc_01367,Anti-Atlas,Draa-Tafilalet,Khettara of Tinjdad,,"Elfaiz et al., 2026","Perception of geological and cultural heritage to promote geotourism and geoconservation in Tinjdad, southeastern Morocco",31.47904722,-5.256241667,Easy,
loc_01368,Anti-Atlas,Draa-Tafilalet,Ksour (fortified villages),,"Elfaiz et al., 2026","Perception of geological and cultural heritage to promote geotourism and geoconservation in Tinjdad, southeastern Morocco",31.49163611,-5.065388889,Easy,
loc_01369,Anti-Atlas,Draa-Tafilalet,Ordovician‑Cambrian Palaeontological Heritage of Zagora Province,,"Karmaoui, 2022","Ordovician‑Cambrian Palaeontological Heritage of Zagora Province: A Bibliometric Analysis from 1984 to 2020 (Anti‑Atlas, Morocco)",30.32475833,-5.796786111,Moderate,
loc_01370,Central High Atlas,Béni Mellal-Khénifra,Alluvial terraces of Aït Mallal,G,Bouzekraoui et al.2016,"Mapping geodiversity and cultural heritage; a case study: Aït Bou Oulli valley in central High-Atlas, Morocco",31.45520556,-6.982922222,Moderate,
loc_01371,Central High Atlas,Béni Mellal-Khénifra,Badlands of Igoulouane,G,Bouzekraoui et al.2016,"Mapping geodiversity and cultural heritage; a case study: Aït Bou Oulli valley in central High-Atlas, Morocco",31.46487222,-6.914383333,Moderate,
loc_01372,Central High Atlas,Béni Mellal-Khénifra,Arouss valley,G,Bouzekraoui et al.2016,"Mapping geodiversity and cultural heritage; a case study: Aït Bou Oulli valley in central High-Atlas, Morocco",31.44704167,-6.915677778,Moderate,
loc_01373,Central High Atlas,Béni Mellal-Khénifra,Canyon of High-Tessaout valley,G,Bouzekraoui et al.2016,"Mapping geodiversity and cultural heritage; a case study: Aït Bou Oulli valley in central High-Atlas, Morocco",31.43673333,-6.919366667,Moderate,
loc_01374,Central High Atlas,Béni Mellal-Khénifra,Canyon of Ikiss,G,Bouzekraoui et al.2016,"Mapping geodiversity and cultural heritage; a case study: Aït Bou Oulli valley in central High-Atlas, Morocco",31.470575,-6.8829,Moderate,
loc_01375,Central High Atlas,Béni Mellal-Khénifra,Canyon of Abachkou valley,G,Bouzekraoui et al.2016,"Mapping geodiversity and cultural heritage; a case study: Aït Bou Oulli valley in central High-Atlas, Morocco",31.53398333,-6.947044444,Moderate,
loc_01376,Central High Atlas,Béni Mellal-Khénifra,Canyon of Rougoult valley,G,Bouzekraoui et al.2016,"Mapping geodiversity and cultural heritage; a case study: Aït Bou Oulli valley in central High-Atlas, Morocco",31.430525,-6.895311111,Moderate,
loc_01377,Central High Atlas,Béni Mellal-Khénifra,Rat syncline,G,Bouzekraoui et al.2016,"Mapping geodiversity and cultural heritage; a case study: Aït Bou Oulli valley in central High-Atlas, Morocco",31.4321,-6.818516667,Moderate,
loc_01378,Central High Atlas,Béni Mellal-Khénifra,Peak and cliffs of Tarkeddid mountain,G,Bouzekraoui et al.2016,"Mapping geodiversity and cultural heritage; a case study: Aït Bou Oulli valley in central High-Atlas, Morocco",31.72493611,-6.964933333,Difficult,
loc_01379,Central High Atlas,Béni Mellal-Khénifra,Mount M’goun (4068 m),G,Bouzekraoui et al.2016,"Mapping geodiversity and cultural heritage; a case study: Aït Bou Oulli valley in central High-Atlas, Morocco",31.39565833,-6.793727778,Difficult,
loc_01380,Central High Atlas,Béni Mellal-Khénifra,The unconf Paleozoic basement-Mesozoic sedimentary cover of Aït Mallal,G,Bouzekraoui et al.2016,"Mapping geodiversity and cultural heritage; a case study: Aït Bou Oulli valley in central High-Atlas, Morocco",31.74145833,-6.851061111,Moderate,
loc_01381,Central High Atlas,Béni Mellal-Khénifra,Rougoult waterfall,G,Bouzekraoui et al.2016,"Mapping geodiversity and cultural heritage; a case study: Aït Bou Oulli valley in central High-Atlas, Morocco",31.736975,-6.869158333,Moderate,
loc_01382,Central High Atlas,Béni Mellal-Khénifra,Springs of Oued Lakhdar (green river),G,Bouzekraoui et al.2016,"Mapping geodiversity and cultural heritage; a case study: Aït Bou Oulli valley in central High-Atlas, Morocco",31.70828333,-6.853627778,Moderate,
loc_01383,Central High Atlas,Béni Mellal-Khénifra,Springs and waterfall of Ikiss,G,Bouzekraoui et al.2016,"Mapping geodiversity and cultural heritage; a case study: Aït Bou Oulli valley in central High-Atlas, Morocco",31.71771667,-6.815847222,Moderate,
loc_01384,Central High Atlas,Béni Mellal-Khénifra,Sinkholes of the Rat mountain,G,Bouzekraoui et al.2016,"Mapping geodiversity and cultural heritage; a case study: Aït Bou Oulli valley in central High-Atlas, Morocco",31.72513611,-6.970002778,Moderate,
loc_01385,Central High Atlas,Béni Mellal-Khénifra,Glacial cirques and U-shaped valleys of M’goun,G,Bouzekraoui et al.2016,"Mapping geodiversity and cultural heritage; a case study: Aït Bou Oulli valley in central High-Atlas, Morocco",31.53498611,-6.933286111,Difficult,
loc_01386,Central High Atlas,Béni Mellal-Khénifra,Glacial cirques and U-shaped valleys of Rat mountain,G,Bouzekraoui et al.2016,"Mapping geodiversity and cultural heritage; a case study: Aït Bou Oulli valley in central High-Atlas, Morocco",31.52438611,-6.942316667,Moderate,
loc_01387,Central High Atlas,Béni Mellal-Khénifra,Scree and talus deposits of Rat mountain,G,Bouzekraoui et al.2016,"Mapping geodiversity and cultural heritage; a case study: Aït Bou Oulli valley in central High-Atlas, Morocco",31.50797778,-6.934944444,Difficult,
loc_01388,Central High Atlas,Béni Mellal-Khénifra,Scree and talus deposits of Tarkeddid mountain,G,Bouzekraoui et al.2016,"Mapping geodiversity and cultural heritage; a case study: Aït Bou Oulli valley in central High-Atlas, Morocco",31.50014722,-6.926411111,Moderate,
loc_01389,Central High Atlas,Béni Mellal-Khénifra,Troglodyte caves of Igoulouane,G,Bouzekraoui et al.2016,"Mapping geodiversity and cultural heritage; a case study: Aït Bou Oulli valley in central High-Atlas, Morocco",31.54648333,-6.971002778,Moderate,
loc_01390,Central High Atlas,Béni Mellal-Khénifra,Lake sediment of Aït Bougmez valley,G,Bouzekraoui et al.2016,"Mapping geodiversity and cultural heritage; a case study: Aït Bou Oulli valley in central High-Atlas, Morocco",31.49284722,-6.917519444,Easy,
loc_01391,Central Hight Atlas,Béni Mellal-Khénifra ,Aït Mallal valley,G,Bouzekraoui et al.2016,"Mapping geodiversity and cultural heritage; a case study: Aït Bou Oulli valley in central High-Atlas, Morocco",31.56103889,-6.472736111,Moderate,
loc_01392,Central Hight Atlas,Béni Mellal-Khénifra ,Badlands of Igoulouane,G,Bouzekraoui et al.2016,"Mapping geodiversity and cultural heritage; a case study: Aït Bou Oulli valley in central High-Atlas, Morocco",31.58996667,-6.475405556,Moderate,
loc_01393,Central Hight Atlas,Béni Mellal-Khénifra ,Arouss valley,G,Bouzekraoui et al.2016,"Mapping geodiversity and cultural heritage; a case study: Aït Bou Oulli valley in central High-Atlas, Morocco",31.65710278,-6.41965,Moderate,
loc_01394,Central Hight Atlas,Béni Mellal-Khénifra ,Canyon of Rougoult valley,G,Bouzekraoui et al.2016,"Mapping geodiversity and cultural heritage; a case study: Aït Bou Oulli valley in central High-Atlas, Morocco",31.52125278,-6.703430556,Moderate,
loc_01395,Central Hight Atlas,Béni Mellal-Khénifra ,Canyon of Abachkou valley,G,Bouzekraoui et al.2016,"Mapping geodiversity and cultural heritage; a case study: Aït Bou Oulli valley in central High-Atlas, Morocco",31.62531667,-6.626622222,Moderate,
loc_01396,Central Hight Atlas,Béni Mellal-Khénifra ,Canyon of High-Tessaout valley,G,Bouzekraoui et al.2016,"Mapping geodiversity and cultural heritage; a case study: Aït Bou Oulli valley in central High-Atlas, Morocco",31.63325556,-6.585486111,Easy,
loc_01397,Central Hight Atlas,Béni Mellal-Khénifra ,Glacial cirques and U-shaped valleys of Rat mountain,G,Bouzekraoui et al.2016,"Mapping geodiversity and cultural heritage; a case study: Aït Bou Oulli valley in central High-Atlas, Morocco",31.52679722,-6.744063889,Easy,
loc_01398,Central Hight Atlas,Béni Mellal-Khénifra ,Scree and talus deposits of Rat mountain,G,Bouzekraoui et al.2016,"Mapping geodiversity and cultural heritage; a case study: Aït Bou Oulli valley in central High-Atlas, Morocco",31.54343611,-6.734586111,Moderate,
loc_01399,Central Hight Atlas,Béni Mellal-Khénifra ,Scree and talus deposits of Tarkeddid mountain,G,Bouzekraoui et al.2016,"Mapping geodiversity and cultural heritage; a case study: Aït Bou Oulli valley in central High-Atlas, Morocco",31.56066111,-6.7567,Moderate,
loc_01400,Central Hight Atlas,Béni Mellal-Khénifra ,Canyon of Ikiss,G,Bouzekraoui et al.2016,"Mapping geodiversity and cultural heritage; a case study: Aït Bou Oulli valley in central High-Atlas, Morocco",31.60168889,-6.604563889,Moderate,
loc_01401,Central Hight Atlas,Béni Mellal-Khénifra ,Rat syncline,G,Bouzekraoui et al.2016,"Mapping geodiversity and cultural heritage; a case study: Aït Bou Oulli valley in central High-Atlas, Morocco",31.60590278,-6.575658333,Difficult,
loc_01402,Central Hight Atlas,Béni Mellal-Khénifra ,Peak and cliffs of Tarkeddid mountain,G,Bouzekraoui et al.2016,"Mapping geodiversity and cultural heritage; a case study: Aït Bou Oulli valley in central High-Atlas, Morocco",31.57536944,-6.6589,Difficult,
loc_01403,Central Hight Atlas,Béni Mellal-Khénifra ,Mount M’goun (4068 m),G,Bouzekraoui et al.2016,"Mapping geodiversity and cultural heritage; a case study: Aït Bou Oulli valley in central High-Atlas, Morocco",31.56269167,-6.610111111,Difficult,
loc_01404,Central Hight Atlas,Béni Mellal-Khénifra ,The unconformity between Paleozoic basement and Mesozoic sedimentary cover of Aït Mallal,G, Bouzekraoui et al.2018,"Mapping geoheritage for geotourism management, a case study of Aït Bou Oulli Valley in Central High-Atlas (Morocco)",31.55109444,-6.5847,Difficult,
loc_01405,Central Hight Atlas,Béni Mellal-Khénifra ,Rougoult waterfall,G,Bouzekraoui et al.2016,"Mapping geodiversity and cultural heritage; a case study: Aït Bou Oulli valley in central High-Atlas, Morocco",31.53590556,-6.646369444,Difficult,
loc_01406,Central Hight Atlas,Béni Mellal-Khénifra ,Springs of Oued Lakhdar (green river),G,Bouzekraoui et al.2016,"Mapping geodiversity and cultural heritage; a case study: Aït Bou Oulli valley in central High-Atlas, Morocco",31.53864722,-6.587663889,Difficult,
loc_01407,Central Hight Atlas,Béni Mellal-Khénifra ,Springs and waterfall of Ikiss,G,Bouzekraoui et al.2016,"Mapping geodiversity and cultural heritage; a case study: Aït Bou Oulli valley in central High-Atlas, Morocco",31.5248,-6.591877778,Difficult,
loc_01408,Central Hight Atlas,Béni Mellal-Khénifra ,Sinkholes of the Rat mountain,G,Bouzekraoui et al.2016,"Mapping geodiversity and cultural heritage; a case study: Aït Bou Oulli valley in central High-Atlas, Morocco",31.53021111,-6.552005556,Difficult,
loc_01409,Western High Atlas,Souss-Massa,Ida-Ou’Zal massif of the Argana Basin,,"Ait Haddou et al., 2025","Late Carboniferous Paleoflora of El Menizla Formation (Argana Corridor, Morocco): Implications for Geotourism and Geoconservation",30.68116667,-9.100333333,Moderate,
loc_01410,Rif,Tanger-Tétouan-Al Hoceïma,The massive dolomites of the Tizgarine unit,M,Ben Ali et al.2023,"Inventory and Quantitative Assessment of Belyounech Commune Geosites (East of the Site of Biological and Ecological Interest of Jbel Moussa, Northern Moroccan Rif)",35.87290833,-5.421022222,Moderate,
loc_01411,Rif,Tanger-Tétouan-Al Hoceïma,Calipso cave,G,Ben Ali et al.2023,"Inventory and Quantitative Assessment of Belyounech Commune Geosites (East of the Site of Biological and Ecological Interest of Jbel Moussa, Northern Moroccan Rif)",35.88598056,-5.409766667,Moderate,
loc_01412,Rif,Tanger-Tétouan-Al Hoceïma,the source and catchment basin of the water,H&G,Ben Ali et al.2023,"Inventory and Quantitative Assessment of Belyounech Commune Geosites (East of the Site of Biological and Ecological Interest of Jbel Moussa, Northern Moroccan Rif)",35.88771944,-5.390516667,Moderate,
loc_01413,Rif,Tanger-Tétouan-Al Hoceïma,"Ras Leona rocky coast and Karst (Lapiés, doline and cave)","G,S",Ben Ali et al.2023,"Inventory and Quantitative Assessment of Belyounech Commune Geosites (East of the Site of Biological and Ecological Interest of Jbel Moussa, Northern Moroccan Rif)",35.92067778,-5.401880556,Moderate,
loc_01414,Rif,Tanger-Tétouan-Al Hoceïma,The cliff of Ras Leona,SG&G,Ben Ali et al.2023,"Inventory and Quantitative Assessment of Belyounech Commune Geosites (East of the Site of Biological and Ecological Interest of Jbel Moussa, Northern Moroccan Rif)",35.91231389,-5.405483333,Moderate,
loc_01415,Middle Atlas,Fès-Meknès,Ammonitico-rosso of Taffert,PL,Baadi et al.2020,"Methodological Proposal for Assessment Geosites: its Application
 in Bou-Iblane Region (Middle Atlas, Morocco)",33.65582778,-4.187444444,Moderate,
loc_01416,Middle Atlas,Fès-Meknès,Volcano of Bou-Iblane,V,Baadi et al.2020,"Methodological Proposal for Assessment Geosites: its Application
 in Bou-Iblane Region (Middle Atlas, Morocco)",33.66074167,-4.111491667,Moderate,
loc_01417,Middle Atlas,Fès-Meknès,Reefs of Ich Maalam,PL,Baadi et al.2020,"Methodological Proposal for Assessment Geosites: its Application
 in Bou-Iblane Region (Middle Atlas, Morocco)",33.64151944,-4.282616667,Moderate,
loc_01418,Middle Atlas,Fès-Meknès,Cornish limestones of Serhla,S,Baadi et al.2020,"Methodological Proposal for Assessment Geosites: its Application
 in Bou-Iblane Region (Middle Atlas, Morocco)",33.63029167,-4.278788889,Moderate,
loc_01419,Middle Atlas,Fès-Meknès,Hayane canyon,SG,Baadi et al.2020,"Methodological Proposal for Assessment Geosites: its Application
 in Bou-Iblane Region (Middle Atlas, Morocco)",33.68071111,-4.23295,Moderate,
loc_01420,Middle Atlas,Fès-Meknès,Askour Cave,K,Baadi et al.2020,"Methodological Proposal for Assessment Geosites: its Application
 in Bou-Iblane Region (Middle Atlas, Morocco)",33.70735,-4.299841667,Difficult,
loc_01421,Middle Atlas,Fès-Meknès,Tamezyidan Rbi,K,Baadi et al.2020,"Methodological Proposal for Assessment Geosites: its Application
 in Bou-Iblane Region (Middle Atlas, Morocco)",33.65618889,-4.282172222,Moderate,
loc_01422,Middle Atlas,Fès-Meknès,Guelta Tameda,K,Baadi et al.2020,"Methodological Proposal for Assessment Geosites: its Application
 in Bou-Iblane Region (Middle Atlas, Morocco)",33.92526667,-4.095975,Moderate,
loc_01423,Middle Atlas,Fès-Meknès,Source Oued el Bared,S,Baadi et al.2020,"Methodological Proposal for Assessment Geosites: its Application
 in Bou-Iblane Region (Middle Atlas, Morocco)",33.80676944,-4.375911111,Easy,
loc_01424,Middle Atlas,Fès-Meknès,Oued el Bared cave,K,Baadi et al.2020,"Methodological Proposal for Assessment Geosites: its Application
 in Bou-Iblane Region (Middle Atlas, Morocco)",33.65205278,-4.174741667,Moderate,
loc_01425,Middle Atlas,Fès-Meknès,Discordance Ribata lKhayr,SG,Baadi et al.2020,"Methodological Proposal for Assessment Geosites: its Application
 in Bou-Iblane Region (Middle Atlas, Morocco)",33.60643056,-4.202916667,Moderate,
loc_01426,Middle Atlas,Fès-Meknès,Bou-Iblane-Issouka,SG,Baadi et al.2020,"Methodological Proposal for Assessment Geosites: its Application
 in Bou-Iblane Region (Middle Atlas, Morocco)",33.93060556,-4.146019444,Difficult,
loc_01427,Middle Atlas,Fès-Meknès,Periclinal Taffajight,SG,Baadi et al.2020,"Methodological Proposal for Assessment Geosites: its Application
 in Bou-Iblane Region (Middle Atlas, Morocco)",33.85335278,-4.029011111,Difficult,
loc_01428,Middle Atlas,Fès-Meknès,Malachites of Talzemt,M,Baadi et al.2020,"Methodological Proposal for Assessment Geosites: its Application
 in Bou-Iblane Region (Middle Atlas, Morocco)",33.92628333,-4.034172222,Difficult,
loc_01429,Middle Atlas,Fès-Meknès,Discordance Jbel Abdous,SG,Baadi et al.2020,"Methodological Proposal for Assessment Geosites: its Application
 in Bou-Iblane Region (Middle Atlas, Morocco)",33.86557778,-4.034458333,Difficult,
loc_01430,Middle Atlas,Fès-Meknès,Mallal cascade,H,Baadi et al.2020,"Methodological Proposal for Assessment Geosites: its Application
 in Bou-Iblane Region (Middle Atlas, Morocco)",33.815875,-4.133719444,Difficult,
loc_01431,Middle Atlas,Fès-Meknès,Jbel el Kalaa,SG,Baadi et al.2020,"Methodological Proposal for Assessment Geosites: its Application
 in Bou-Iblane Region (Middle Atlas, Morocco)",33.80313889,-4.161325,Difficult,
loc_01432,Middle Atlas,Fès-Meknès,Tmourhout valley,SG,Baadi et al.2020,"Methodological Proposal for Assessment Geosites: its Application
 in Bou-Iblane Region (Middle Atlas, Morocco)",33.75717222,-4.067008333,Difficult,
loc_01433,Middle Atlas,Fès-Meknès,Bizi canyon,SG,Baadi et al.2020,"Methodological Proposal for Assessment Geosites: its Application
 in Bou-Iblane Region (Middle Atlas, Morocco)",33.70528611,-4.124786111,Moderate,
loc_01434,Middle Atlas,Fès-Meknès,Fault Tmourhout,S,,,33.69006111,-4.160183333,Moderate,
loc_01435,Middle Atlas,Fès-Meknès,Tmourhout Cascade,H,Baadi et al.2020,"Methodological Proposal for Assessment Geosites: its Application
 in Bou-Iblane Region (Middle Atlas, Morocco)",33.58704167,-4.211975,Difficult,
loc_01436,Middle Atlas,Fès-Meknès,Synclinal Zloul,SG,Baadi et al.2020,"Methodological Proposal for Assessment Geosites: its Application
 in Bou-Iblane Region (Middle Atlas, Morocco)",33.57218889,-4.261980556,Moderate,
loc_01437,Middle Atlas,Fès-Meknès,Synclinal Tilmirat,SG,Baadi et al.2020,"Methodological Proposal for Assessment Geosites: its Application
 in Bou-Iblane Region (Middle Atlas, Morocco)",33.45776944,-4.332880556,Moderate,
loc_01438,Central High Atlas,Beni Mellal-Khénifra,"Inverse fault, anticlinal fold and joint",SG,Louz et al.2024,Identification of Potential Areas for the Development of Geotourism in the Northern Part of the M’goun Geopark (Morocco) Using Multi‑Criteria Analysis and Sig ,32.08508611,-6.431527778,Moderate,
loc_01439,Central High Atlas,Beni Mellal-Khénifra,Ruiniform landscape of Moudj,G&H,Louz et al.2024,Identification of Potential Areas for the Development of Geotourism in the Northern Part of the M’goun Geopark (Morocco) Using Multi‑Criteria Analysis and Sig ,32.32635833,-6.340052778,Moderate,
loc_01440,Central High Atlas,Beni Mellal-Khénifra,Idemrane landslide,,Louz et al.2024,Identification of Potential Areas for the Development of Geotourism in the Northern Part of the M’goun Geopark (Morocco) Using Multi‑Criteria Analysis and Sig ,32.339975,-6.320933333,Moderate,
loc_01441,Central High Atlas,Beni Mellal-Khénifra,Adouz dejection cone,,Louz et al.2024,Identification of Potential Areas for the Development of Geotourism in the Northern Part of the M’goun Geopark (Morocco) Using Multi‑Criteria Analysis and Sig ,32.31991389,-6.355688889,Moderate,
loc_01442,Central High Atlas,Beni Mellal-Khénifra,Ajojjar waterfall,,Louz et al.2024,Identification of Potential Areas for the Development of Geotourism in the Northern Part of the M’goun Geopark (Morocco) Using Multi‑Criteria Analysis and Sig ,32.32220278,-6.315575,Moderate,
loc_01443,Central High Atlas,Beni Mellal-Khénifra,Ouchrah site,H,Louz et al.2024,Identification of Potential Areas for the Development of Geotourism in the Northern Part of the M’goun Geopark (Morocco) Using Multi‑Criteria Analysis and Sig ,32.35262778,-6.291608333,Easy,
loc_01444,Central High Atlas,Beni Mellal-Khénifra,Tafrent Polje,,Louz et al.2024,Identification of Potential Areas for the Development of Geotourism in the Northern Part of the M’goun Geopark (Morocco) Using Multi‑Criteria Analysis and Sig ,32.36804167,-6.258297222,Easy,
loc_01445,Central High Atlas,Beni Mellal-Khénifra,Hançais,,Louz et al.2024,Identification of Potential Areas for the Development of Geotourism in the Northern Part of the M’goun Geopark (Morocco) Using Multi‑Criteria Analysis and Sig ,32.26388611,-6.312141667,Easy,
loc_01446,Central High Atlas,Beni Mellal-Khénifra,Ain Fachtals,,Louz et al.2024,Identification of Potential Areas for the Development of Geotourism in the Northern Part of the M’goun Geopark (Morocco) Using Multi‑Criteria Analysis and Sig ,32.25786111,-6.274144444,Moderate,
loc_01447,Central High Atlas,Beni Mellal-Khénifra,Ain Ikhourba,,Louz et al.2024,Identification of Potential Areas for the Development of Geotourism in the Northern Part of the M’goun Geopark (Morocco) Using Multi‑Criteria Analysis and Sig ,32.24431667,-6.298913889,Easy,
loc_01448,Central High Atlas,Beni Mellal-Khénifra,Jbel Boutarwa,,Louz et al.2024,Identification of Potential Areas for the Development of Geotourism in the Northern Part of the M’goun Geopark (Morocco) Using Multi‑Criteria Analysis and Sig ,32.25030556,-6.263961111,Easy,
loc_01449,Central High Atlas,Beni Mellal-Khénifra,Tit-n-Ziza Geomorphosite,G,Louz et al.2024,Identification of Potential Areas for the Development of Geotourism in the Northern Part of the M’goun Geopark (Morocco) Using Multi‑Criteria Analysis and Sig ,32.24439722,-6.258502778,Moderate,
loc_01450,Central High Atlas,Beni Mellal-Khénifra,Afla Ifran Geomorphosite,G,Louz et al.2024,Identification of Potential Areas for the Development of Geotourism in the Northern Part of the M’goun Geopark (Morocco) Using Multi‑Criteria Analysis and Sig ,32.20150278,-6.281852778,Moderate,
loc_01451,Central High Atlas,Beni Mellal-Khénifra,Chkounda Geomorphosite,G,Louz et al.2024,Identification of Potential Areas for the Development of Geotourism in the Northern Part of the M’goun Geopark (Morocco) Using Multi‑Criteria Analysis and Sig ,32.21388056,-6.259605556,Moderate,
loc_01452,Central High Atlas,Beni Mellal-Khénifra,Tichniwine Rocks,,Louz et al.2024,Identification of Potential Areas for the Development of Geotourism in the Northern Part of the M’goun Geopark (Morocco) Using Multi‑Criteria Analysis and Sig ,32.17773889,-6.266066667,Moderate,
loc_01453,Central High Atlas,Beni Mellal-Khénifra,Iferd Ait Masaoud Polje,,Louz et al.2024,Identification of Potential Areas for the Development of Geotourism in the Northern Part of the M’goun Geopark (Morocco) Using Multi‑Criteria Analysis and Sig ,32.18183611,-6.237288889,Moderate,
loc_01454,Central High Atlas,Beni Mellal-Khénifra,Ben Cherrou Valley,,Louz et al.2024,Identification of Potential Areas for the Development of Geotourism in the Northern Part of the M’goun Geopark (Morocco) Using Multi‑Criteria Analysis and Sig ,32.17372222,-6.190272222,Moderate,
loc_01455,Central High Atlas,Beni Mellal-Khénifra,Jbel Tadawt Karst,,Louz et al.2024,Identification of Potential Areas for the Development of Geotourism in the Northern Part of the M’goun Geopark (Morocco) Using Multi‑Criteria Analysis and Sig ,32.13916944,-6.241613889,Difficult,
loc_01456,Central High Atlas,Beni Mellal-Khénifra,Jbel Wawngarf karstic plateau,,Louz et al.2024,Identification of Potential Areas for the Development of Geotourism in the Northern Part of the M’goun Geopark (Morocco) Using Multi‑Criteria Analysis and Sig ,32.16584167,-6.179147222,Difficult,
loc_01457,Central High Atlas,Beni Mellal-Khénifra,El Haounet karstic plateau,,Louz et al.2024,Identification of Potential Areas for the Development of Geotourism in the Northern Part of the M’goun Geopark (Morocco) Using Multi‑Criteria Analysis and Sig ,32.16279167,-6.157447222,Moderate,
loc_01458,Central High Atlas,Beni Mellal-Khénifra,The Walous cliff granaries,,Louz et al.2024,Identification of Potential Areas for the Development of Geotourism in the Northern Part of the M’goun Geopark (Morocco) Using Multi‑Criteria Analysis and Sig ,32.23994722,-6.106686111,Moderate,
loc_01459,Central High Atlas,Beni Mellal-Khénifra,Ain Askar,,Louz et al.2024,Identification of Potential Areas for the Development of Geotourism in the Northern Part of the M’goun Geopark (Morocco) Using Multi‑Criteria Analysis and Sig ,32.30008056,-6.015122222,Moderate,
loc_01460,Central High Atlas,Beni Mellal-Khénifra,Oued El Abid meanders,,Louz et al.2024,Identification of Potential Areas for the Development of Geotourism in the Northern Part of the M’goun Geopark (Morocco) Using Multi‑Criteria Analysis and Sig ,32.26376667,-5.923236111,Moderate,
loc_01461,Central High Atlas,Beni Mellal-Khénifra,The Taghia-n-Ait Boulmane intrusion,Mg,Louz et al.2024,Identification of Potential Areas for the Development of Geotourism in the Northern Part of the M’goun Geopark (Morocco) Using Multi‑Criteria Analysis and Sig ,32.53025278,-6.069772222,Moderate,
loc_01462,Central High Atlas,Beni Mellal-Khénifra,Karstic spring of Ouzoud,K,Louz et al.2024,Identification of Potential Areas for the Development of Geotourism in the Northern Part of the M’goun Geopark (Morocco) Using Multi‑Criteria Analysis and Sig ,32.41462778,-6.206419444,Moderate,
loc_01463,Central High Atlas,Beni Mellal-Khénifra,Oued El Abid Gorges,G,Louz et al.2024,Identification of Potential Areas for the Development of Geotourism in the Northern Part of the M’goun Geopark (Morocco) Using Multi‑Criteria Analysis and Sig ,32.37525833,-6.1688,Moderate,
loc_01464,Central High Atlas,Beni Mellal-Khénifra,Estuary of Oued Tissakht (Ouzoud caves),H&K,Louz et al.2024,Identification of Potential Areas for the Development of Geotourism in the Northern Part of the M’goun Geopark (Morocco) Using Multi‑Criteria Analysis and Sig ,32.36093333,-6.1123,Moderate,
loc_01465,Central High Atlas,Beni Mellal-Khénifra,Doleritic sill of Ouzoud,SG,Louz et al.2024,Identification of Potential Areas for the Development of Geotourism in the Northern Part of the M’goun Geopark (Morocco) Using Multi‑Criteria Analysis and Sig ,32.18674444,-6.495072222,Easy,
loc_01466,Central High Atlas,Beni Mellal-Khénifra,Zauia of Tanaghmelt,R,Louz et al.2024,Identification of Potential Areas for the Development of Geotourism in the Northern Part of the M’goun Geopark (Morocco) Using Multi‑Criteria Analysis and Sig ,32.19753333,-6.4971,Difficult,
loc_01467,Central High Atlas,Beni Mellal-Khénifra,Chocolate marl intruded by Tanaghmelt sil,St,Louz et al.2024,Identification of Potential Areas for the Development of Geotourism in the Northern Part of the M’goun Geopark (Morocco) Using Multi‑Criteria Analysis and Sig ,32.164675,-6.573233333,Difficult,
loc_01468,Central High Atlas,Beni Mellal-Khénifra,Moudj’s lapiez,,Louz et al.2024,Identification of Potential Areas for the Development of Geotourism in the Northern Part of the M’goun Geopark (Morocco) Using Multi‑Criteria Analysis and Sig ,32.17108056,-6.790813889,Moderate,
loc_01469,Central High Atlas,Beni Mellal-Khénifra,Timskar’s travertines,K,Louz et al.2024,Identification of Potential Areas for the Development of Geotourism in the Northern Part of the M’goun Geopark (Morocco) Using Multi‑Criteria Analysis and Sig ,32.08453333,-6.639611111,Moderate,
loc_01470,Central High Atlas,Beni Mellal-Khénifra,Tazzerkount Tepee Structures,,Louz et al.2024,Identification of Potential Areas for the Development of Geotourism in the Northern Part of the M’goun Geopark (Morocco) Using Multi‑Criteria Analysis and Sig ,32.09976111,-6.594802778,Moderate,
loc_01471,Central High Atlas,Beni Mellal-Khénifra,Ruiniformes Landscapes of EL Ksiba,K,Louz et al.2024,Identification of Potential Areas for the Development of Geotourism in the Northern Part of the M’goun Geopark (Morocco) Using Multi‑Criteria Analysis and Sig ,32.0589,-6.681425,Difficult,
loc_01472,Central High Atlas,Beni Mellal-Khénifra,Fossils of Moudj,PL,Louz et al.2024,Identification of Potential Areas for the Development of Geotourism in the Northern Part of the M’goun Geopark (Morocco) Using Multi‑Criteria Analysis and Sig ,32.02906667,-6.726363889,Moderate,
loc_01473,Central High Atlas,Beni Mellal-Khénifra,Spring of Lala Kamria,K,Louz et al.2024,Identification of Potential Areas for the Development of Geotourism in the Northern Part of the M’goun Geopark (Morocco) Using Multi‑Criteria Analysis and Sig ,32.0179,-6.741741667,Moderate,
loc_01474,Central High Atlas,Beni Mellal-Khénifra,Panoramic view of overturned bar of Iferghas,,Louz et al.2024,Identification of Potential Areas for the Development of Geotourism in the Northern Part of the M’goun Geopark (Morocco) Using Multi‑Criteria Analysis and Sig ,32.00463056,-6.740880556,Moderate,
loc_01475,Central High Atlas,Beni Mellal-Khénifra,Karst cliff of Ighir-n-Oumejjad,SG,Louz et al.2024,Identification of Potential Areas for the Development of Geotourism in the Northern Part of the M’goun Geopark (Morocco) Using Multi‑Criteria Analysis and Sig ,31.9776,-6.705905556,Moderate,
loc_01476,Central High Atlas,Beni Mellal-Khénifra,Panoramic view of the Ait Attab syncline,,Louz et al.2024,Identification of Potential Areas for the Development of Geotourism in the Northern Part of the M’goun Geopark (Morocco) Using Multi‑Criteria Analysis and Sig ,32.12541111,-6.832025,Moderate,
loc_01477,Central High Atlas,Beni Mellal-Khénifra,The tectonic deformations of Jbel Hassan,SG,Louz et al.2024,Identification of Potential Areas for the Development of Geotourism in the Northern Part of the M’goun Geopark (Morocco) Using Multi‑Criteria Analysis and Sig ,32.10018056,-6.834963889,Difficult,
loc_01478,Central High Atlas,Beni Mellal-Khénifra,The ruiniform limestones with ammonite of the Ben Cherrou formation,PL,Louz et al.2024,Identification of Potential Areas for the Development of Geotourism in the Northern Part of the M’goun Geopark (Morocco) Using Multi‑Criteria Analysis and Sig ,32.10639722,-6.819066667,Moderate,
loc_01479,Central High Atlas,Beni Mellal-Khénifra,Panoramic view of the Cretaceous cuestas,,Louz et al.2024,Identification of Potential Areas for the Development of Geotourism in the Northern Part of the M’goun Geopark (Morocco) Using Multi‑Criteria Analysis and Sig ,32.09368333,-6.766983333,Moderate,
loc_01480,Central High Atlas,Beni Mellal-Khénifra,The bad land of Ait Ouabit,,Louz et al.2024,Identification of Potential Areas for the Development of Geotourism in the Northern Part of the M’goun Geopark (Morocco) Using Multi‑Criteria Analysis and Sig ,32.47123611,-5.995797222,Easy,
loc_01481,Central High Atlas,Beni Mellal-Khénifra,Gorges of Ait Ouabit,,Louz et al.2024,Identification of Potential Areas for the Development of Geotourism in the Northern Part of the M’goun Geopark (Morocco) Using Multi‑Criteria Analysis and Sig ,32.43338056,-5.988777778,Easy,
loc_01482,Central High Atlas,Beni Mellal-Khénifra,Conglomerate terraces of Oued El Abid,,Louz et al.2024,Identification of Potential Areas for the Development of Geotourism in the Northern Part of the M’goun Geopark (Morocco) Using Multi‑Criteria Analysis and Sig ,32.41563889,-5.989605556,Moderate,
loc_01483,Central High Atlas,Beni Mellal-Khénifra,The footprints of sauropod dinosaurs of Ayt Bouiqban,,Louz et al.2024,Identification of Potential Areas for the Development of Geotourism in the Northern Part of the M’goun Geopark (Morocco) Using Multi‑Criteria Analysis and Sig ,32.26287222,-6.001338889,Easy,
loc_01484,Central High Atlas,Beni Mellal-Khénifra,Lower limit of the basaltic flow B2,,Louz et al.2024,Identification of Potential Areas for the Development of Geotourism in the Northern Part of the M’goun Geopark (Morocco) Using Multi‑Criteria Analysis and Sig ,32.27349167,-6.114119444,Moderate,
loc_01485,Central High Atlas,Beni Mellal-Khénifra,Jurassic-Cretaceous unconformity and volcanic activities,,Louz et al.2024,Identification of Potential Areas for the Development of Geotourism in the Northern Part of the M’goun Geopark (Morocco) Using Multi‑Criteria Analysis and Sig ,32.18554722,-6.103391667,Difficult,
loc_01486,Central High Atlas,Beni Mellal-Khénifra,Bioclastic limestone with ammonite of the Bine El Ouidane BIII formation,,Louz et al.2024,Identification of Potential Areas for the Development of Geotourism in the Northern Part of the M’goun Geopark (Morocco) Using Multi‑Criteria Analysis and Sig ,32.18531389,-6.085536111,Moderate,
loc_01487,Central High Atlas,Beni Mellal-Khénifra,Panoramic view of Oued El Abid from the old Caida of Taounza,,Louz et al.2024,Identification of Potential Areas for the Development of Geotourism in the Northern Part of the M’goun Geopark (Morocco) Using Multi‑Criteria Analysis and Sig ,32.12229722,-6.103816667,Moderate,
loc_01488,Central High Atlas,Beni Mellal-Khénifra,Caves of cats and the spring of Tisqui,,Louz et al.2024,Identification of Potential Areas for the Development of Geotourism in the Northern Part of the M’goun Geopark (Morocco) Using Multi‑Criteria Analysis and Sig ,32.17446944,-6.525841667,Easy,
loc_01489,Central High Atlas,Beni Mellal-Khénifra,Bioclastic marly limestone of Ait Tafelt formation,,Louz et al.2024,Identification of Potential Areas for the Development of Geotourism in the Northern Part of the M’goun Geopark (Morocco) Using Multi‑Criteria Analysis and Sig ,32.16252222,-6.528505556,Easy,
loc_01490,Central High Atlas,Beni Mellal-Khénifra,Eroded sandstone of Jbel Ilaghmane,,Louz et al.2024,Identification of Potential Areas for the Development of Geotourism in the Northern Part of the M’goun Geopark (Morocco) Using Multi‑Criteria Analysis and Sig ,32.15674444,-6.377458333,Easy,
loc_01491,Central High Atlas,Beni Mellal-Khénifra,Panoramic view of the red formations separated by the BI and BII magmatic events,,Louz et al.2024,Identification of Potential Areas for the Development of Geotourism in the Northern Part of the M’goun Geopark (Morocco) Using Multi‑Criteria Analysis and Sig ,32.16154167,-6.290386111,Difficult,
loc_01492,Central High Atlas,Beni Mellal-Khénifra,Ruiniform reliefs of Jbel Al Maqçoura,,Louz et al.2024,Identification of Potential Areas for the Development of Geotourism in the Northern Part of the M’goun Geopark (Morocco) Using Multi‑Criteria Analysis and Sig ,32.15983889,-6.258836111,Difficult,
loc_01493,Anti-Atlas,,Zenaga Inlier,GH,,,30.789275,-6.530641667,Moderate,
loc_01494,Anti-Atlas,,"Neoproterozoic doleritic dykes (Zenaga, Central AA)",GH,Errami et al.2015,"Geosites, Sites of Special Scientific Interest, and Potential Geoparks in the Anti-Atlas (Morocco)",31.3587,-5.882772222,Easy,
loc_01495,Anti-Atlas,,Tholeiitic dyke swarms (Zenaga inlier),GH,Errami et al.2015,"Geosites, Sites of Special Scientific Interest, and Potential Geoparks in the Anti-Atlas (Morocco)",31.25499444,-5.814813889,Easy,
loc_01496,Anti-Atlas,,Well preserved Pre-Pan-African sedimentary features,GH,Errami et al.2015,"Geosites, Sites of Special Scientific Interest, and Potential Geoparks in the Anti-Atlas (Morocco)",30.54871667,-6.813752778,Easy,
loc_01497,Anti-Atlas,,"Pan-African ophiolites of Bou Azzer and Siroua inliers, central AA)",GH,Errami et al.2015,"Geosites, Sites of Special Scientific Interest, and Potential Geoparks in the Anti-Atlas (Morocco)",30.56487778,-7.203411111,Easy,
loc_01498,Anti-Atlas,,Major Anti-Atlas Fault (central AA),GH,Errami et al.2015,"Geosites, Sites of Special Scientific Interest, and Potential Geoparks in the Anti-Atlas (Morocco)",30.55270278,-7.264191667,Easy,
loc_01499,Anti-Atlas,,"Pan-African Diamictites (Bou-Azzer and Siroua inliers, central AA)",GH,Errami et al.2015,"Geosites, Sites of Special Scientific Interest, and Potential Geoparks in the Anti-Atlas (Morocco)",30.53598611,-7.125977778,Moderate,
loc_01500,Anti-Atlas,,Ediacarian Iknioun granodiorites,GH,Errami et al.2015,"Geosites, Sites of Special Scientific Interest, and Potential Geoparks in the Anti-Atlas (Morocco)",30.30113056,-7.251827778,Difficult,
loc_01501,Anti-Atlas,,Late Neoproterozoic stromatolites,GH,Errami et al.2015,"Geosites, Sites of Special Scientific Interest, and Potential Geoparks in the Anti-Atlas (Morocco)",30.49526667,-7.043958333,Moderate,
loc_01502,Anti-Atlas,,"Contacts Pan-African Groups: Saghro, Mgouna and Ouarzazate Groups",GH,Errami et al.2015,"Geosites, Sites of Special Scientific Interest, and Potential Geoparks in the Anti-Atlas (Morocco)",30.63884167,-7.145236111,Moderate,
loc_01503,Anti-Atlas,,"Contacts Palaeoproterozoic Zenaga complex, late Neoproterozoic Ouarzazate Supergroup and the Cambrian Tata Group",GH,Errami et al.2015,"Geosites, Sites of Special Scientific Interest, and Potential Geoparks in the Anti-Atlas (Morocco)",30.54810556,-6.634427778,Moderate,
loc_01504,Anti-Atlas,,Appalachian type folding in western AA,GH,Errami et al.2015,"Geosites, Sites of Special Scientific Interest, and Potential Geoparks in the Anti-Atlas (Morocco)",28.93930833,-8.814366667,Easy,
loc_01505,Anti-Atlas,,Large Cambrian trilobite Paradoxides,GH&C,Errami et al.2015,"Geosites, Sites of Special Scientific Interest, and Potential Geoparks in the Anti-Atlas (Morocco)",30.50093611,-6.694125,Easy,
loc_01506,Anti-Atlas,,Ordovician outcrop of Jbel Kissane,GH,Errami et al.2015,"Geosites, Sites of Special Scientific Interest, and Potential Geoparks in the Anti-Atlas (Morocco)",30.70671389,-6.322402778,Moderate,
loc_01507,Anti-Atlas,,Large Ordovician trilobites (Asaphus) death assemblages,GH&C,Errami et al.2015,"Geosites, Sites of Special Scientific Interest, and Potential Geoparks in the Anti-Atlas (Morocco)",30.47262778,-7.000352778,Easy,
loc_01508,Anti-Atlas,,Silurian and lowermost Devonian Orthoceras-rich limestones and ammonite-rich limestones,GH&C,Errami et al.2015,"Geosites, Sites of Special Scientific Interest, and Potential Geoparks in the Anti-Atlas (Morocco)",30.62295278,-7.227963889,Easy,
loc_01509,Anti-Atlas,,Early Devonian Kess Kess carbonate mounds,GH,Errami et al.2015,"Geosites, Sites of Special Scientific Interest, and Potential Geoparks in the Anti-Atlas (Morocco)",30.72455556,-7.226127778,Difficult,
loc_01510,Anti-Atlas,,Middle Devonian coral stromatoporoid biostrome,GH,Errami et al.2015,"Geosites, Sites of Special Scientific Interest, and Potential Geoparks in the Anti-Atlas (Morocco)",30.70973056,-7.01655,Moderate,
loc_01511,Anti-Atlas,,Green eyes and red Devonian phacopid trilobite,GH,Errami et al.2015,"Geosites, Sites of Special Scientific Interest, and Potential Geoparks in the Anti-Atlas (Morocco)",30.74184167,-6.674591667,Easy,
loc_01512,Anti-Atlas,,Frasnian plants from the Drâa Valley,GH,Errami et al.2015,"Geosites, Sites of Special Scientific Interest, and Potential Geoparks in the Anti-Atlas (Morocco)",30.45470833,-5.942752778,Easy,
loc_01513,Anti-Atlas,,Well preserved shallow-water sedimentary features in Cambrian rocks,GH,Errami et al.2015,"Geosites, Sites of Special Scientific Interest, and Potential Geoparks in the Anti-Atlas (Morocco)",30.64645556,-6.418683333,Difficult,
loc_01514,Anti-Atlas,,Foum-Zguid Jurassic dyke,GH,Errami et al.2015,"Geosites, Sites of Special Scientific Interest, and Potential Geoparks in the Anti-Atlas (Morocco)",30.15462778,-6.843063889,Easy,
loc_01515,Central High Atlas,Béni Mellal-Khénifra,Alluvial terraces of Aït Mallal,G,Bouzekraoui et al.2016,"Mapping geodiversity and cultural heritage; a case study: Aït Bou Oulli valley in central High-Atlas, Morocco",31.53669444,-6.645352778,Difficult,
loc_01516,Central High Atlas,Béni Mellal-Khénifra,Aït Mallal valley,G,Bouzekraoui et al.2016,"Mapping geodiversity and cultural heritage; a case study: Aït Bou Oulli valley in central High-Atlas, Morocco",31.52366389,-6.705125,Difficult,
loc_01517,Central High Atlas,Béni Mellal-Khénifra,Badlands of Igoulouane,G,Bouzekraoui et al.2016,"Mapping geodiversity and cultural heritage; a case study: Aït Bou Oulli valley in central High-Atlas, Morocco",31.60895833,-6.574558333,Moderate,
loc_01518,Central High Atlas,Béni Mellal-Khénifra,Arouss valley,G,Bouzekraoui et al.2016,"Mapping geodiversity and cultural heritage; a case study: Aït Bou Oulli valley in central High-Atlas, Morocco",31.56990278,-6.747588889,Difficult,
loc_01519,Central High Atlas,Béni Mellal-Khénifra,Canyon of Rougoult valley,G,Bouzekraoui et al.2016,"Mapping geodiversity and cultural heritage; a case study: Aït Bou Oulli valley in central High-Atlas, Morocco",31.55171389,-6.590441667,Moderate,
loc_01520,Central High Atlas,Béni Mellal-Khénifra,Rat syncline,G,Bouzekraoui et al.2016,"Mapping geodiversity and cultural heritage; a case study: Aït Bou Oulli valley in central High-Atlas, Morocco",31.54164444,-6.748036111,Difficult,
loc_01521,Central High Atlas,Béni Mellal-Khénifra,The unconf Paleozoic basement-Mesozoic sedimentary cover of Aït Mallal,G,Bouzekraoui et al.2016,"Mapping geodiversity and cultural heritage; a case study: Aït Bou Oulli valley in central High-Atlas, Morocco",31.54734722,-6.611577778,Difficult,
loc_01522,Central High Atlas,Béni Mellal-Khénifra,Rougoult waterfall,G,Bouzekraoui et al.2016,"Mapping geodiversity and cultural heritage; a case study: Aït Bou Oulli valley in central High-Atlas, Morocco",31.56250556,-6.611708333,Moderate,
loc_01523,Central High Atlas,Béni Mellal-Khénifra,Springs of Oued Lakhdar (green river),G,Bouzekraoui et al.2016,"Mapping geodiversity and cultural heritage; a case study: Aït Bou Oulli valley in central High-Atlas, Morocco",31.65818889,-6.402627778,Easy,
loc_01524,Central High Atlas,Béni Mellal-Khénifra,Springs and waterfall of Ikiss,G,Bouzekraoui et al.2016,"Mapping geodiversity and cultural heritage; a case study: Aït Bou Oulli valley in central High-Atlas, Morocco",31.62546944,-6.747558333,Difficult,
loc_01525,Central High Atlas,Béni Mellal-Khénifra,Sinkholes of the Rat mountain,G,Bouzekraoui et al.2016,"Mapping geodiversity and cultural heritage; a case study: Aït Bou Oulli valley in central High-Atlas, Morocco",31.521475,-6.742991667,Difficult,
loc_01526,Central High Atlas,Béni Mellal-Khénifra,Glacial cirques and U-shaped valleys of Rat mountain,G,Bouzekraoui et al.2016,"Mapping geodiversity and cultural heritage; a case study: Aït Bou Oulli valley in central High-Atlas, Morocco",31.60404167,-6.4819,Moderate,
loc_01527,Central High Atlas,Béni Mellal-Khénifra,Scree and talus deposits of Rat mountain,G,Bouzekraoui et al.2016,"Mapping geodiversity and cultural heritage; a case study: Aït Bou Oulli valley in central High-Atlas, Morocco",31.55313611,-6.730897222,Difficult,
loc_01528,Central High Atlas,Béni Mellal-Khénifra,Scree and talus deposits of Tarkeddid mountain,G,Bouzekraoui et al.2016,"Mapping geodiversity and cultural heritage; a case study: Aït Bou Oulli valley in central High-Atlas, Morocco",31.50503333,-6.654311111,Difficult,
loc_01529,Central High Atlas,Béni Mellal-Khénifra,Troglodyte caves of Igoulouane,G,Bouzekraoui et al.2016,"Mapping geodiversity and cultural heritage; a case study: Aït Bou Oulli valley in central High-Atlas, Morocco",31.60035,-6.608191667,Easy,
loc_01530,Anti-Atlas,Souss-Massa,Hercynian folds in Devonian series of Tazoult,S,"Berred et al., 2019a",Aerial interference of Hercynian folds and their morphological peculiarities in the Bani Geopark of southern Morocco,29.46580833,-8.003161111,Easy,
loc_01531,Anti-Atlas,Souss-Massa,Lower Cambrian series crescent or boomerang around the Tagragra of Tata inlier 1,S,"Berred et al., 2019a",Aerial interference of Hercynian folds and their morphological peculiarities in the Bani Geopark of southern Morocco,29.87729444,-8.013680556,Moderate,
loc_01532,Anti-Atlas,Souss-Massa,Lower Cambrian series crescent or boomerang around the Tagragra of Tata inlier 2,S,"Berred et al., 2019a",Aerial interference of Hercynian folds and their morphological peculiarities in the Bani Geopark of southern Morocco,29.84852778,-7.936316667,Difficult,
loc_01533,Anti-Atlas,Souss-Massa,Lower Cambrian series crescent or boomerang around the Tagragra of Tata inlier3,S,"Berred et al., 2019a",Aerial interference of Hercynian folds and their morphological peculiarities in the Bani Geopark of southern Morocco,29.82079444,-7.822294444,Moderate,
loc_01534,Anti-Atlas,Souss-Massa,Interference folds as a mushroom pattern in the lower Cambrian east of the Issafen syncline,S,"Berred et al., 2019a",Aerial interference of Hercynian folds and their morphological peculiarities in the Bani Geopark of southern Morocco,29.86016111,-8.523236111,Moderate,
loc_01535,Anti-Atlas,Souss-Massa,Interference folds as a mushroom pattern in the lower Cambriansouth of Agouliz’s inlier,S,"Berred et al., 2019a",Aerial interference of Hercynian folds and their morphological peculiarities in the Bani Geopark of southern Morocco,29.75800833,-8.207316667,Moderate,
loc_01536,Anti-Atlas,Souss-Massa,Ordovician Trilobites of Zagora Area Site 1,,"Beraaouz et al., 2019",An Inventory of Geoheritage Sites in the Draa Valley (Morocco)_a Contribution to Promotion of Geotourism and Sustainable Development,30.02298889,-6.433980556,Moderate,
loc_01537,Meseta,Rabat-Sale-Kenitra,Messinian/Tortonian in GSP / Stratotype of Oued Akerch,,"Mehdioui et al., 2020",Inventory and Quantitative Assessment of Geosites in Rabat-Tiflet Region (North Western Morocco): Preliminary Study to Evaluate the Potential of the Area to Become a Geopark,33.93694444,-6.8125,Easy,
loc_01538,Meseta,Rabat-Sale-Kenitra,Upper Devonian Oued Akerch,,"Mehdioui et al., 2020",Inventory and Quantitative Assessment of Geosites in Rabat-Tiflet Region (North Western Morocco): Preliminary Study to Evaluate the Potential of the Area to Become a Geopark,33.94279167,-6.788352778,Easy,
loc_01539,Meseta,Rabat-Sale-Kenitra,Lower Ordovician Amphibolite of Rabat,,"Mehdioui et al., 2020",Inventory and Quantitative Assessment of Geosites in Rabat-Tiflet Region (North Western Morocco): Preliminary Study to Evaluate the Potential of the Area to Become a Geopark,33.93553333,-6.766963889,Easy,
loc_01540,Meseta,Rabat-Sale-Kenitra,Lower Ordovician Flow lava,,"Mehdioui et al., 2020",Inventory and Quantitative Assessment of Geosites in Rabat-Tiflet Region (North Western Morocco): Preliminary Study to Evaluate the Potential of the Area to Become a Geopark,33.94070556,-6.789577778,Easy,
loc_01541,Meseta,Rabat-Sale-Kenitra,Siluro-Lockhovian-T?,,"Mehdioui et al., 2020",Inventory and Quantitative Assessment of Geosites in Rabat-Tiflet Region (North Western Morocco): Preliminary Study to Evaluate the Potential of the Area to Become a Geopark,33.93931389,-6.790733333,Easy,
loc_01542,Meseta,Rabat-Sale-Kenitra,Pragian Nodular limestone,,"Mehdioui et al., 2020",Inventory and Quantitative Assessment of Geosites in Rabat-Tiflet Region (North Western Morocco): Preliminary Study to Evaluate the Potential of the Area to Become a Geopark,33.938625,-6.792391667,Easy,
loc_01543,Meseta,Rabat-Sale-Kenitra,Ed?ian Granite of Tiflet,,"Mehdioui et al., 2020",Inventory and Quantitative Assessment of Geosites in Rabat-Tiflet Region (North Western Morocco): Preliminary Study to Evaluate the Potential of the Area to Become a Geopark,33.83532222,-6.423994444,Easy,
loc_01544,Meseta,Rabat-Sale-Kenitra,Strunian Limestone Conglomerate of Tiflet,,"Mehdioui et al., 2020",Inventory and Quantitative Assessment of Geosites in Rabat-Tiflet Region (North Western Morocco): Preliminary Study to Evaluate the Potential of the Area to Become a Geopark,33.88125,-6.209594444,Easy,
loc_01545,Meseta,Rabat-Sale-Kenitra,Lower Visean red conglomerate,,"Mehdioui et al., 2020",Inventory and Quantitative Assessment of Geosites in Rabat-Tiflet Region (North Western Morocco): Preliminary Study to Evaluate the Potential of the Area to Become a Geopark,33.94484444,-6.771775,Easy,
loc_01546,Meseta,Rabat-Sale-Kenitra,Lower Ordovician–Upper Silurian unconformity,,"Mehdioui et al., 2020",Inventory and Quantitative Assessment of Geosites in Rabat-Tiflet Region (North Western Morocco): Preliminary Study to Evaluate the Potential of the Area to Become a Geopark,33.93958611,-6.790580556,Easy,
loc_01547,Meseta,Rabat-Sale-Kenitra,Miocene/Lower Devonian unconformity,,"Mehdioui et al., 2020",Inventory and Quantitative Assessment of Geosites in Rabat-Tiflet Region (North Western Morocco): Preliminary Study to Evaluate the Potential of the Area to Become a Geopark,33.94251389,-6.788677778,Easy,
loc_01548,Meseta,Rabat-Sale-Kenitra,Miocene/Lower Visean unconformity,,"Mehdioui et al., 2020",Inventory and Quantitative Assessment of Geosites in Rabat-Tiflet Region (North Western Morocco): Preliminary Study to Evaluate the Potential of the Area to Become a Geopark,33.94284722,-6.788352778,Easy,
loc_01549,Meseta,Rabat-Sale-Kenitra,Pliocene–Quaternary unconformity,,"Mehdioui et al., 2020",Inventory and Quantitative Assessment of Geosites in Rabat-Tiflet Region (North Western Morocco): Preliminary Study to Evaluate the Potential of the Area to Become a Geopark,33.94291111,-6.788686111,Easy,
loc_01550,Central High Atlas,Béni Mellal-Khénifra,Panoramic view of overturned bar of Iferghas,S,Louz et al.2024,Identification of Potential Areas for the Development of Geotourism in the Northern Part of the M’goun Geopark (Morocco) Using Multi‑Criteria Analysis and Sig ,32.20074721,-6.588045484,Easy,
loc_01551,Central High Atlas,Béni Mellal-Khénifra,Karst cliff of Ighir-n-Oumejjad,Kar02,Louz et al.2024,Identification of Potential Areas for the Development of Geotourism in the Northern Part of the M’goun Geopark (Morocco) Using Multi‑Criteria Analysis and Sig ,32.18225109,-6.620698952,Difficult,
loc_01552,Central High Atlas,Béni Mellal-Khénifra,Panoramic view of the Ait Attab syncline,Stra03,Louz et al.2024,Identification of Potential Areas for the Development of Geotourism in the Northern Part of the M’goun Geopark (Morocco) Using Multi‑Criteria Analysis and Sig ,32.15968093,-6.649538278,Easy,
loc_01553,Central High Atlas,Béni Mellal-Khénifra,The tectonic deformations of Jbel Hassan,Stru04,Louz et al.2024,Identification of Potential Areas for the Development of Geotourism in the Northern Part of the M’goun Geopark (Morocco) Using Multi‑Criteria Analysis and Sig ,32.15246778,-6.649245897,Easy,
loc_01554,Central High Atlas,Béni Mellal-Khénifra,The ruiniform limestones with ammonite of the Ben Cherrou Formation,Pal05,Louz et al.2023,"INVENTORY AND ASSESSMENT OF GEOSITES AND GEODIVERSITY SITES OF THE AIT ATTAB SYNCLINE (M’GOUN UNESCO GEOPARK, MOROCCO) TO STIMULATE GEOCONSERVATION, GEOTOURISM AND SUSTAINABLE DEVELOPMENT",32.26476666,-6.699960718,Easy,
loc_01555,Central High Atlas,Béni Mellal-Khénifra,The bad land of Ait Ouabit,Flu07,Louz et al.2024,Identification of Potential Areas for the Development of Geotourism in the Northern Part of the M’goun Geopark (Morocco) Using Multi‑Criteria Analysis and Sig ,32.07759082,-6.679095748,Easy,
loc_01556,Central High Atlas,Béni Mellal-Khénifra,Gorges of Ait Ouabit,Geom08,Louz et al.2024,Identification of Potential Areas for the Development of Geotourism in the Northern Part of the M’goun Geopark (Morocco) Using Multi‑Criteria Analysis and Sig ,32.06070741,-6.678895097,Moderate,
loc_01557,Central High Atlas,Béni Mellal-Khénifra,Conglomerate terraces of Oued El Abid,Stra9,Louz et al.2024,Identification of Potential Areas for the Development of Geotourism in the Northern Part of the M’goun Geopark (Morocco) Using Multi‑Criteria Analysis and Sig ,32.07440426,-6.658424108,Moderate,
loc_01558,Central High Atlas,Béni Mellal-Khénifra,The footprints of sauropod dinosaurs of Ayt Bouiqban,Pal10,Louz et al.2024,Identification of Potential Areas for the Development of Geotourism in the Northern Part of the M’goun Geopark (Morocco) Using Multi‑Criteria Analysis and Sig ,32.0722222,-6.645988411,Easy,
loc_01559,Central High Atlas,Béni Mellal-Khénifra,Lower limit of the basaltic flow B2,Stra11,Louz et al.2024,Identification of Potential Areas for the Development of Geotourism in the Northern Part of the M’goun Geopark (Morocco) Using Multi‑Criteria Analysis and Sig ,32.09062533,-6.69962693,Easy,
loc_01560,Central High Atlas,Béni Mellal-Khénifra,Jurassic-Cretaceous unconformity and volcanic activities,Stra12,Louz et al.2024,Identification of Potential Areas for the Development of Geotourism in the Northern Part of the M’goun Geopark (Morocco) Using Multi‑Criteria Analysis and Sig ,32.12088142,-6.546541712,Moderate,
loc_01561,Central High Atlas,Béni Mellal-Khénifra,Bioclastic limestone with ammonite of the Bine El Ouadane BIII Formation,Pal13,Louz et al.2023,"INVENTORY AND ASSESSMENT OF GEOSITES AND GEODIVERSITY SITES OF THE AIT ATTAB SYNCLINE (M’GOUN UNESCO GEOPARK, MOROCCO) TO STIMULATE GEOCONSERVATION, GEOTOURISM AND SUSTAINABLE DEVELOPMENT",32.11674845,-6.552508316,Easy,
loc_01562,Central High Atlas,Béni Mellal-Khénifra,Panoramic view of Oued El Abid from the old Caïda of Taounza,Flu14,Louz et al.2023,"INVENTORY AND ASSESSMENT OF GEOSITES AND GEODIVERSITY SITES OF THE AIT ATTAB SYNCLINE (M’GOUN UNESCO GEOPARK, MOROCCO) TO STIMULATE GEOCONSERVATION, GEOTOURISM AND SUSTAINABLE DEVELOPMENT",32.09175972,-6.594322697,Easy,
loc_01563,Central High Atlas,Béni Mellal-Khénifra,Caves of cats and the spring of Tisgui,Spe15,Louz et al.2023,"INVENTORY AND ASSESSMENT OF GEOSITES AND GEODIVERSITY SITES OF THE AIT ATTAB SYNCLINE (M’GOUN UNESCO GEOPARK, MOROCCO) TO STIMULATE GEOCONSERVATION, GEOTOURISM AND SUSTAINABLE DEVELOPMENT",32.10495453,-6.7622867,Easy,
loc_01564,Central High Atlas,Béni Mellal-Khénifra,Bioclastic marly limestone of Ait Taifelt Formation,Pal16,Louz et al.2023,"INVENTORY AND ASSESSMENT OF GEOSITES AND GEODIVERSITY SITES OF THE AIT ATTAB SYNCLINE (M’GOUN UNESCO GEOPARK, MOROCCO) TO STIMULATE GEOCONSERVATION, GEOTOURISM AND SUSTAINABLE DEVELOPMENT",32.12234392,-6.713658338,Easy,
loc_01565,Central High Atlas,Béni Mellal-Khénifra,Eroded sandstone of Jbel Taghmane,Geom17,Louz et al.2023,"INVENTORY AND ASSESSMENT OF GEOSITES AND GEODIVERSITY SITES OF THE AIT ATTAB SYNCLINE (M’GOUN UNESCO GEOPARK, MOROCCO) TO STIMULATE GEOCONSERVATION, GEOTOURISM AND SUSTAINABLE DEVELOPMENT",32.12682744,-6.723678001,Easy,
loc_01566,Central High Atlas,Béni Mellal-Khénifra,Panoramic view of the red formations separated by the BI and BII magmatic events,Stra18,Louz et al.2024,Identification of Potential Areas for the Development of Geotourism in the Northern Part of the M’goun Geopark (Morocco) Using Multi‑Criteria Analysis and Sig ,32.12787954,-6.728983117,Easy,
loc_01567,Central High Atlas,Béni Mellal-Khénifra,Ruiniform of Jbel Al Maqourra,Kar19,Louz et al.2023,"INVENTORY AND ASSESSMENT OF GEOSITES AND GEODIVERSITY SITES OF THE AIT ATTAB SYNCLINE (M’GOUN UNESCO GEOPARK, MOROCCO) TO STIMULATE GEOCONSERVATION, GEOTOURISM AND SUSTAINABLE DEVELOPMENT",32.16018301,-6.777852623,Easy,
loc_01568,Middle Atlas,Fés-Meknés,Triassic/Ordovician unconformity of Azrou,,"Akhlidej et al., 2025",Geoheritage of the Azrou-Khenifra Basin (Moroccan Massif Central): Inventory and Quantitative Assessment of Geosites,33.46433333,-5.172,Easy,
loc_01569,Middle Atlas,Fés-Meknés,Triassic/upper Devonian unconformity of Tigrigra,,"Akhlidej et al., 2025",Geoheritage of the Azrou-Khenifra Basin (Moroccan Massif Central): Inventory and Quantitative Assessment of Geosites,33.48683333,-5.261666667,Easy,
loc_01570,Middle Atlas,Fés-Meknés,Triassic clays and basalts Concordance of Azrou,,"Akhlidej et al., 2025",Geoheritage of the Azrou-Khenifra Basin (Moroccan Massif Central): Inventory and Quantitative Assessment of Geosites,33.46333333,-5.169333333,Easy,
loc_01571,Middle Atlas,Fés-Meknés,Triassic pillow lava of Azrou,,"Akhlidej et al., 2025",Geoheritage of the Azrou-Khenifra Basin (Moroccan Massif Central): Inventory and Quantitative Assessment of Geosites,33.46183333,-5.165166667,Easy,
loc_01572,Middle Atlas,Fés-Meknés,Lower Liassic dolomite of Akchmir,,"Akhlidej et al., 2025",Geoheritage of the Azrou-Khenifra Basin (Moroccan Massif Central): Inventory and Quantitative Assessment of Geosites,33.43516667,-5.223833333,Easy,
loc_01573,Middle Atlas,Fés-Meknés,Quaternary basalts balls of Sidi-Addi,,"Akhlidej et al., 2025",Geoheritage of the Azrou-Khenifra Basin (Moroccan Massif Central): Inventory and Quantitative Assessment of Geosites,33.389,-5.345833333,Easy,
loc_01574,Middle Atlas,Fés-Meknés,Quaternary/Triassic unconformity of Azrou,,"Akhlidej et al., 2025",Geoheritage of the Azrou-Khenifra Basin (Moroccan Massif Central): Inventory and Quantitative Assessment of Geosites,33.46166667,-5.165,Easy,
loc_01575,Middle Atlas,Fés-Meknés,Chtifat (C 1),,"Benamrane et al., 2022",Geomorphological Classification of Monogenetic Volcanoes and Its Implication to Tectonic Stress Orientation in the Middle Atlas Volcanic Field (Morocco),33.31166667,-5.135,Easy,
loc_01576,Middle Atlas,Fés-Meknés,Chtifat (C 2),,"Benamrane et al., 2022",Geomorphological Classification of Monogenetic Volcanoes and Its Implication to Tectonic Stress Orientation in the Middle Atlas Volcanic Field (Morocco),33.29583333,-5.128888889,Easy,
loc_01577,Middle Atlas,Fés-Meknés,Lachmine Lakbir (LA 1),,"Benamrane et al., 2022",Geomorphological Classification of Monogenetic Volcanoes and Its Implication to Tectonic Stress Orientation in the Middle Atlas Volcanic Field (Morocco),33.195,-5.111666667,Easy,
loc_01578,Middle Atlas,Fés-Meknés,Ait Quassou,,"Benamrane et al., 2022",Geomorphological Classification of Monogenetic Volcanoes and Its Implication to Tectonic Stress Orientation in the Middle Atlas Volcanic Field (Morocco),33.19222222,-5.068055556,Easy,
loc_01579,Middle Atlas,Fés-Meknés,Boutjatiout,,"Benamrane et al., 2022",Geomorphological Classification of Monogenetic Volcanoes and Its Implication to Tectonic Stress Orientation in the Middle Atlas Volcanic Field (Morocco),33.3625,-5.116111111,Easy,
loc_01580,Middle Atlas,Fés-Meknés,Tichout Tazouggaght,,"Benamrane et al., 2022",Geomorphological Classification of Monogenetic Volcanoes and Its Implication to Tectonic Stress Orientation in the Middle Atlas Volcanic Field (Morocco),33.34583333,-5.160833333,Easy,
loc_01581,Middle Atlas,Fés-Meknés,Tamarakoit,,"Benamrane et al., 2022",Geomorphological Classification of Monogenetic Volcanoes and Its Implication to Tectonic Stress Orientation in the Middle Atlas Volcanic Field (Morocco),33.06166667,-5.066111111,Moderate,
loc_01582,Middle Atlas,Fés-Meknés,Tamahrart,,"Benamrane et al., 2022",Geomorphological Classification of Monogenetic Volcanoes and Its Implication to Tectonic Stress Orientation in the Middle Atlas Volcanic Field (Morocco),33.51138889,-5.2525,Easy,
loc_01583,Middle Atlas,Fés-Meknés,Tizi Idguel,,"Benamrane et al., 2022",Geomorphological Classification of Monogenetic Volcanoes and Its Implication to Tectonic Stress Orientation in the Middle Atlas Volcanic Field (Morocco),33.39305556,-5.159166667,Easy,
loc_01584,Middle Atlas,Fés-Meknés,Selrhert (S 1),,"Benamrane et al., 2022",Geomorphological Classification of Monogenetic Volcanoes and Its Implication to Tectonic Stress Orientation in the Middle Atlas Volcanic Field (Morocco),33.17611111,-4.993055556,Easy,
loc_01585,Middle Atlas,Fés-Meknés,Selrhert (S 2),,"Benamrane et al., 2022",Geomorphological Classification of Monogenetic Volcanoes and Its Implication to Tectonic Stress Orientation in the Middle Atlas Volcanic Field (Morocco),33.18055556,-4.998888889,Easy,
loc_01586,Middle Atlas,Fés-Meknés,Sidi Boundouh,,"Benamrane et al., 2022",Geomorphological Classification of Monogenetic Volcanoes and Its Implication to Tectonic Stress Orientation in the Middle Atlas Volcanic Field (Morocco),33.23638889,-5.076944444,Easy,
loc_01587,Middle Atlas,Fés-Meknés,H1,,"Benamrane et al., 2022",Geomorphological Classification of Monogenetic Volcanoes and Its Implication to Tectonic Stress Orientation in the Middle Atlas Volcanic Field (Morocco),33.37555556,-5.146388889,Easy,
loc_01588,Middle Atlas,Fés-Meknés,H2,,"Benamrane et al., 2022",Geomorphological Classification of Monogenetic Volcanoes and Its Implication to Tectonic Stress Orientation in the Middle Atlas Volcanic Field (Morocco),33.36388889,-5.153611111,Easy,
loc_01589,Middle Atlas,Fés-Meknés,Ich Ouaharrouq (IO 1),,"Benamrane et al., 2022",Geomorphological Classification of Monogenetic Volcanoes and Its Implication to Tectonic Stress Orientation in the Middle Atlas Volcanic Field (Morocco),33.40194444,-5.151666667,Easy,
loc_01590,Middle Atlas,Fés-Meknés,Ich Ouaharrouq (IO 2),,"Benamrane et al., 2022",Geomorphological Classification of Monogenetic Volcanoes and Its Implication to Tectonic Stress Orientation in the Middle Atlas Volcanic Field (Morocco),33.39833333,-5.135,Easy,
loc_01591,Middle Atlas,Fés-Meknés,Chtifat (C 3),,"Benamrane et al., 2022",Geomorphological Classification of Monogenetic Volcanoes and Its Implication to Tectonic Stress Orientation in the Middle Atlas Volcanic Field (Morocco),33.2975,-5.122777778,Easy,
loc_01592,Middle Atlas,Fés-Meknés,Sud Izyar,,"Benamrane et al., 2022",Geomorphological Classification of Monogenetic Volcanoes and Its Implication to Tectonic Stress Orientation in the Middle Atlas Volcanic Field (Morocco),33.245,-5.096388889,Easy,
loc_01593,Middle Atlas,Fés-Meknés,Azougouash,,"Benamrane et al., 2022",Geomorphological Classification of Monogenetic Volcanoes and Its Implication to Tectonic Stress Orientation in the Middle Atlas Volcanic Field (Morocco),32.9725,-5.141388889,Easy,
loc_01594,Middle Atlas,Fés-Meknés,Houirt,,"Benamrane et al., 2022",Geomorphological Classification of Monogenetic Volcanoes and Its Implication to Tectonic Stress Orientation in the Middle Atlas Volcanic Field (Morocco),33.65305556,-4.615,Moderate,
loc_01595,Middle Atlas,Fés-Meknés,Bekrit,,"Benamrane et al., 2022",Geomorphological Classification of Monogenetic Volcanoes and Its Implication to Tectonic Stress Orientation in the Middle Atlas Volcanic Field (Morocco),33.0625,-5.240277778,Easy,
loc_01596,Middle Atlas,Fés-Meknés,Outgui,,"Benamrane et al., 2022",Geomorphological Classification of Monogenetic Volcanoes and Its Implication to Tectonic Stress Orientation in the Middle Atlas Volcanic Field (Morocco),33.63388889,-5.248055556,Easy,
loc_01597,Middle Atlas,Fés-Meknés,Si Mghid,,"Benamrane et al., 2022",Geomorphological Classification of Monogenetic Volcanoes and Its Implication to Tectonic Stress Orientation in the Middle Atlas Volcanic Field (Morocco),33.19583333,-5.260555556,Easy,
loc_01598,Middle Atlas,Fés-Meknés,Ariana,,"Benamrane et al., 2022",Geomorphological Classification of Monogenetic Volcanoes and Its Implication to Tectonic Stress Orientation in the Middle Atlas Volcanic Field (Morocco),33.51638889,-5.242777778,Easy,
loc_01599,Middle Atlas,Fés-Meknés,Sidi abdel aziz,,"Benamrane et al., 2022",Geomorphological Classification of Monogenetic Volcanoes and Its Implication to Tectonic Stress Orientation in the Middle Atlas Volcanic Field (Morocco),33.26194444,-5.053888889,Easy,
loc_01600,Middle Atlas,Drâa-Tafilalet,Louugnina,,"Benamrane et al., 2022",Geomorphological Classification of Monogenetic Volcanoes and Its Implication to Tectonic Stress Orientation in the Middle Atlas Volcanic Field (Morocco),33.01083333,-4.832222222,Easy,
loc_01601,Middle Atlas,Fés-Meknés,Talsast,,"Benamrane et al., 2022",Geomorphological Classification of Monogenetic Volcanoes and Its Implication to Tectonic Stress Orientation in the Middle Atlas Volcanic Field (Morocco),33.22861111,-5.281666667,Easy,
loc_01602,Middle Atlas,Fés-Meknés,Lachmine Lakbir (LA2),,"Benamrane et al., 2022",Geomorphological Classification of Monogenetic Volcanoes and Its Implication to Tectonic Stress Orientation in the Middle Atlas Volcanic Field (Morocco),33.19111111,-5.1025,Easy,
loc_01603,Middle Atlas,Fés-Meknés,Ali ou ahmed (A 1),,"Benamrane et al., 2022",Geomorphological Classification of Monogenetic Volcanoes and Its Implication to Tectonic Stress Orientation in the Middle Atlas Volcanic Field (Morocco),33.22361111,-4.970277778,Difficult,
loc_01604,Middle Atlas,Fés-Meknés,Ich Ouaharrouq (IO 2),,"Benamrane et al., 2022",Geomorphological Classification of Monogenetic Volcanoes and Its Implication to Tectonic Stress Orientation in the Middle Atlas Volcanic Field (Morocco),33.405,-5.139722222,Easy,
loc_01605,Middle Atlas,Fés-Meknés,Regada,,"Benamrane et al., 2022",Geomorphological Classification of Monogenetic Volcanoes and Its Implication to Tectonic Stress Orientation in the Middle Atlas Volcanic Field (Morocco),33.52027778,-4.966666667,Difficult,
loc_01606,Middle Atlas,Fés-Meknés,Dayat Yfrah,,"Benamrane et al., 2022",Geomorphological Classification of Monogenetic Volcanoes and Its Implication to Tectonic Stress Orientation in the Middle Atlas Volcanic Field (Morocco),33.57333333,-4.935555556,Easy,
loc_01607,Middle Atlas,Fés-Meknés,Chmil Assou,,"Benamrane et al., 2022",Geomorphological Classification of Monogenetic Volcanoes and Its Implication to Tectonic Stress Orientation in the Middle Atlas Volcanic Field (Morocco),33.28027778,-5.122777778,Easy,
loc_01608,Middle Atlas,Fés-Meknés,Tabourit,,"Benamrane et al., 2022",Geomorphological Classification of Monogenetic Volcanoes and Its Implication to Tectonic Stress Orientation in the Middle Atlas Volcanic Field (Morocco),33.18083333,-5.251666667,Easy,
loc_01609,Middle Atlas,Fés-Meknés,Rabouba,,"Benamrane et al., 2022",Geomorphological Classification of Monogenetic Volcanoes and Its Implication to Tectonic Stress Orientation in the Middle Atlas Volcanic Field (Morocco),33.23916667,-5.132222222,Moderate,
loc_01610,Middle Atlas,Fés-Meknés,Mijmouane,,"Benamrane et al., 2022",Geomorphological Classification of Monogenetic Volcanoes and Its Implication to Tectonic Stress Orientation in the Middle Atlas Volcanic Field (Morocco),33.38611111,-5.1675,Easy,
loc_01611,Middle Atlas,Drâa-Tafilalet,Am Larays,,"Benamrane et al., 2022",Geomorphological Classification of Monogenetic Volcanoes and Its Implication to Tectonic Stress Orientation in the Middle Atlas Volcanic Field (Morocco),33.03083333,-4.89,Moderate,
loc_01612,Middle Atlas,Fés-Meknés,Ouaoussentecht,,"Benamrane et al., 2022",Geomorphological Classification of Monogenetic Volcanoes and Its Implication to Tectonic Stress Orientation in the Middle Atlas Volcanic Field (Morocco),33.595,-4.681666667,Moderate,
loc_01613,Middle Atlas,Fés-Meknés,Masrabe,,"Benamrane et al., 2022",Geomorphological Classification of Monogenetic Volcanoes and Its Implication to Tectonic Stress Orientation in the Middle Atlas Volcanic Field (Morocco),33.24222222,-5.044722222,Easy,
loc_01614,Middle Atlas,Fés-Meknés,Habri,,"Benamrane et al., 2022",Geomorphological Classification of Monogenetic Volcanoes and Its Implication to Tectonic Stress Orientation in the Middle Atlas Volcanic Field (Morocco),33.38333333,-5.156388889,Easy,
loc_01615,Middle Atlas,Fés-Meknés,Jbel Outgui,,"De Waele and Melis, 2009","Geomorphology and geomorphological heritage of the Ifrane–Azrou region (Middle Atlas, Morocco)",33.64696667,-5.252919444,Easy,
loc_01616,Middle Atlas,Fés-Meknés,Tit Ouagmar,,"De Waele and Melis, 2009","Geomorphology and geomorphological heritage of the Ifrane–Azrou region (Middle Atlas, Morocco)",33.31097222,-5.1512,Easy,
loc_01617,Middle Atlas,Fés-Meknés,Chedifat-Tit Ouagma,,"De Waele and Melis, 2009","Geomorphology and geomorphological heritage of the Ifrane–Azrou region (Middle Atlas, Morocco)",33.29895556,-5.1368,Easy,
loc_01618,Middle Atlas,Fés-Meknés,Sidi Aziz,,"De Waele and Melis, 2009","Geomorphology and geomorphological heritage of the Ifrane–Azrou region (Middle Atlas, Morocco)",33.264375,-5.055613889,Easy,
loc_01619,Middle Atlas,Fés-Meknés,Afennourir,,"De Waele and Melis, 2009","Geomorphology and geomorphological heritage of the Ifrane–Azrou region (Middle Atlas, Morocco)",33.25410278,-5.272358333,Moderate,
loc_01620,Middle Atlas,Fés-Meknés,Dayet Ifrah,,"De Waele and Melis, 2009","Geomorphology and geomorphological heritage of the Ifrane–Azrou region (Middle Atlas, Morocco)",33.52987222,-4.979619444,Easy,
loc_01621,Middle Atlas,Fés-Meknés,Polje de Ouiouane,,"De Waele and Melis, 2009","Geomorphology and geomorphological heritage of the Ifrane–Azrou region (Middle Atlas, Morocco)",33.53191944,-4.983661111,Easy,
loc_01622,Middle Atlas,Fés-Meknés,Bassin de Agoulmam,,"De Waele and Melis, 2009","Geomorphology and geomorphological heritage of the Ifrane–Azrou region (Middle Atlas, Morocco)",33.50780556,-4.980669444,Moderate,
loc_01623,Middle Atlas,Fés-Meknés,Doline de Moutferraoun,,"De Waele and Melis, 2009","Geomorphology and geomorphological heritage of the Ifrane–Azrou region (Middle Atlas, Morocco)",33.49311944,-4.982372222,Moderate,
loc_01624,Middle Atlas,Fés-Meknés,Tichilite,,"De Waele and Melis, 2009","Geomorphology and geomorphological heritage of the Ifrane–Azrou region (Middle Atlas, Morocco)",33.32668611,-5.164019444,Easy,
loc_01625,Middle Atlas,Fés-Meknés,Source Vittel,,"De Waele and Melis, 2009","Geomorphology and geomorphological heritage of the Ifrane–Azrou region (Middle Atlas, Morocco)",33.54771944,-5.110566667,Easy,
loc_01626,Middle Atlas,Fés-Meknés,Terrasses d’El Hajeb,,"De Waele and Melis, 2009","Geomorphology and geomorphological heritage of the Ifrane–Azrou region (Middle Atlas, Morocco)",33.6899,-5.353913889,Easy,
loc_01627,Middle Atlas,Fés-Meknés,Sources Oum Er Rbia,,"De Waele and Melis, 2009","Geomorphology and geomorphological heritage of the Ifrane–Azrou region (Middle Atlas, Morocco)",33.18032778,-5.424855556,Moderate,
loc_01628,Middle Atlas,Fés-Meknés,Gorge de Azra Azegarh,,"De Waele and Melis, 2009","Geomorphology and geomorphological heritage of the Ifrane–Azrou region (Middle Atlas, Morocco)",33.748475,-5.230708333,Easy,
loc_01629,Middle Atlas,Fés-Meknés,Méandre Oued Akkous,,"De Waele and Melis, 2009","Geomorphology and geomorphological heritage of the Ifrane–Azrou region (Middle Atlas, Morocco)",33.78358611,-5.254316667,Easy,
loc_01630,Middle Atlas,Fés-Meknés,Gorge de l’Oued Defali,,"De Waele and Melis, 2009","Geomorphology and geomorphological heritage of the Ifrane–Azrou region (Middle Atlas, Morocco)",33.62349167,-5.439472222,Easy,
loc_01631,Middle Atlas,Fés-Meknés,Village Bou Youssef,,"De Waele and Melis, 2009","Geomorphology and geomorphological heritage of the Ifrane–Azrou region (Middle Atlas, Morocco)",33.719275,-5.318138889,Easy,
loc_01632,Middle Atlas,Fés-Meknés,Mohamed Messaoud,,"De Waele and Melis, 2009","Geomorphology and geomorphological heritage of the Ifrane–Azrou region (Middle Atlas, Morocco)",33.59363333,-5.375375,Easy,
loc_01633,Middle Atlas,Fés-Meknés,Paysage d’Ito,,"De Waele and Melis, 2009","Geomorphology and geomorphological heritage of the Ifrane–Azrou region (Middle Atlas, Morocco)",33.52139722,-5.315588889,Easy,
loc_01634,Middle Atlas,Fés-Meknés,Creˆte de Tizra,,"De Waele and Melis, 2009","Geomorphology and geomorphological heritage of the Ifrane–Azrou region (Middle Atlas, Morocco)",33.553,-5.425538889,Difficult,
loc_01635,Middle Atlas,Fés-Meknés,Tammeroit,,"De Waele and Melis, 2009","Geomorphology and geomorphological heritage of the Ifrane–Azrou region (Middle Atlas, Morocco)",33.22650833,-5.426494444,Difficult,
loc_01636,Middle Atlas,Fés-Meknés,Balcon de Timahdite,,"De Waele and Melis, 2009","Geomorphology and geomorphological heritage of the Ifrane–Azrou region (Middle Atlas, Morocco)",33.26946389,-5.005930556,Moderate,
loc_01637,Middle Atlas,Fés-Meknés,Chevrons Timahdite,,"De Waele and Melis, 2009","Geomorphology and geomorphological heritage of the Ifrane–Azrou region (Middle Atlas, Morocco)",33.27117778,-4.938552778,Moderate,
loc_01638,Middle Atlas,Fés-Meknés,Azrou unconformity,,"De Waele and Melis, 2009","Geomorphology and geomorphological heritage of the Ifrane–Azrou region (Middle Atlas, Morocco)",33.41831944,-5.163872222,Moderate,
loc_01639,Middle Atlas,Fés-Meknés,Douar Caid Ait Ouahi,,"De Waele and Melis, 2009","Geomorphology and geomorphological heritage of the Ifrane–Azrou region (Middle Atlas, Morocco)",33.32407222,-5.231183333,Moderate,
loc_01640,Meseta,Fés-Meknés,Pillow lava of Malha valley,,"Berred et al., 2022",Inventorying Rabat‑Salé‑Kénitra Region’s Geological Heritage Within Central Morocco: a Useful Tool for Developing Regional Geotourism Activity,34.39453611,-5.383166667,Moderate,
loc_01641,Middle Atlas,Fés-Meknés,Almou,," Ech-charay et al., 2026","The Palaeontological Heritage of Boulemane Between Illegal Looting and Geoconservation: Issues, Challenges and Solutions",33.37915556,-4.711366667,Easy,
loc_01642,Meseta,Fés-Meknés,Mijmouane,,"Benamrane et al., 2022",Geomorphological Classification of Monogenetic Volcanoes and Its Implication to Tectonic Stress Orientation in the Middle Atlas Volcanic Field (Morocco),33.36433611,-5.159780556,Easy,
loc_01643,Meseta,Fés-Meknés,Carry of Ouest Hebri,,"Bouari et al., 2021",The Heritage Interest of the Koudiat Ferjane Outcrops of Jebel Ardouz in the M’zoudia Region and Their Protection,33.34729722,-5.161033333,Easy,
loc_01644,Meseta,Fés-Meknés,Boutjetiout,,"Bouari et al., 2021",The Heritage Interest of the Koudiat Ferjane Outcrops of Jebel Ardouz in the M’zoudia Region and Their Protection,33.34464722,-5.126955556,Easy,
loc_01645,Meseta,Fés-Meknés,Tit Ouagmar,,"De Waele and Melis, 2009","Geomorphology and geomorphological heritage of the Ifrane–Azrou region (Middle Atlas, Morocco)",33.32478889,-5.137197222,Easy,
loc_01646,Meseta,Fés-Meknés,Bou Ahsine,,"Bouari et al., 2021",The Heritage Interest of the Koudiat Ferjane Outcrops of Jebel Ardouz in the M’zoudia Region and Their Protection,33.32251667,-5.095727778,Easy,
loc_01647,Meseta,Fés-Meknés,Foum El Kheneg,,"Bouari et al., 2021",The Heritage Interest of the Koudiat Ferjane Outcrops of Jebel Ardouz in the M’zoudia Region and Their Protection,33.13119444,-5.0413,Easy,
loc_01648,Middle Atlas,Fés-Meknés,Ifri N'Tfrane,,"Amzil et al., 2024",New dinosaur tracks from the Middle Jurassic red beds of the Middle Atlas (Morocco): Application of photogrammetry to ichnology and conservation of geological heritage,33.45962222,-4.411552778,Easy,
loc_01649,Middle Atlas,Fés-Meknés,Laach O'Medda,,"Amzil et al., 2024",New dinosaur tracks from the Middle Jurassic red beds of the Middle Atlas (Morocco): Application of photogrammetry to ichnology and conservation of geological heritage,33.46209444,-4.405919444,Easy,
loc_01650,Middle Atlas,Fés-Meknés,Tassmante O'Moche,,"Amzil et al., 2024",New dinosaur tracks from the Middle Jurassic red beds of the Middle Atlas (Morocco): Application of photogrammetry to ichnology and conservation of geological heritage,33.46461111,-4.392244444,Easy,
loc_01651,Morocco,Marrakech-Safi,Benguerir,,"Chennaoui Aoudjehane, 2022",Meteorites of Morocco: A Model of Science Development in the Arab Countries,32.283725,-7.936480556,Easy,
loc_01652,Morocco,Béni Mellal-Khénifra,Douar Mghila,,"Chennaoui Aoudjehane, 2022",Meteorites of Morocco: A Model of Science Development in the Arab Countries,32.92996667,-5.769566667,Easy,
loc_01653,Morocco,Oriental,Ksar Al Goraane,,"Chennaoui Aoudjehane, 2022",Meteorites of Morocco: A Model of Science Development in the Arab Countries,32.29689444,-3.635580556,Easy,
loc_01654,Morocco,Drâa-Tafilalet,Tinjdad,,"Chennaoui Aoudjehane, 2022",Meteorites of Morocco: A Model of Science Development in the Arab Countries,31.57389167,-5.030261111,Easy,
loc_01655,Morocco,Drâa-Tafilalet,Tamdakht,,"Chennaoui Aoudjehane, 2022",Meteorites of Morocco: A Model of Science Development in the Arab Countries,31.23743333,-7.21305,Difficult,
loc_01656,Morocco,Drâa-Tafilalet,Oued El Hdjar,,"Chennaoui Aoudjehane, 2022",Meteorites of Morocco: A Model of Science Development in the Arab Countries,30.19105,-6.269888889,Easy,
loc_01657,Morocco,Drâa-Tafilalet,Bensour,,"Chennaoui Aoudjehane, 2022",Meteorites of Morocco: A Model of Science Development in the Arab Countries,30.08461111,-6.439855556,Easy,
loc_01658,Morocco,Souss-Massa,Izarzar,,"Chennaoui Aoudjehane, 2022",Meteorites of Morocco: A Model of Science Development in the Arab Countries,30.13626111,-6.939791667,Easy,
loc_01659,Morocco,Souss-Massa,Sidi Ali Ou Azza,,"Chennaoui Aoudjehane, 2022",Meteorites of Morocco: A Model of Science Development in the Arab Countries,29.87144444,-6.761644444,Moderate,
loc_01660,Morocco,Souss-Massa,Tissint,,"Chennaoui Aoudjehane, 2022",Meteorites of Morocco: A Model of Science Development in the Arab Countries,29.72764167,-7.289619444,Moderate,
loc_01661,Morocco,Souss-Massa,Tirhert,,"Chennaoui Aoudjehane, 2022",Meteorites of Morocco: A Model of Science Development in the Arab Countries,29.55173333,-7.833644444,Moderate,
loc_01662,Morocco,Souss-Massa,Kheng Ljouad,,"Chennaoui Aoudjehane, 2022",Meteorites of Morocco: A Model of Science Development in the Arab Countries,29.42676667,-8.585408333,Difficult,
loc_01663,Morocco,Guelmim-Oued Noun,Mahbas Aaraid,,,,28.05899444,-9.342263889,Easy,
loc_01664,Morocco,Guelmim-Oued Noun,Zag,,"Chennaoui Aoudjehane, 2022",Meteorites of Morocco: A Model of Science Development in the Arab Countries,27.5832,-9.188877778,Easy,
loc_01665,Morocco,Laayoune-Sakia El Hamra,Itqly,,"Chennaoui Aoudjehane, 2022",Meteorites of Morocco: A Model of Science Development in the Arab Countries,26.75021944,-12.95539722,Moderate,
loc_01666,Morocco,Laayoune-Sakia El Hamra,Gueltat Zemmour,,"Chennaoui Aoudjehane, 2022",Meteorites of Morocco: A Model of Science Development in the Arab Countries,25.19666389,-12.67366389,Easy,
loc_01667,Morocco,Eddakhla-Oued Eddahab,Oum Dreya,,"Chennaoui Aoudjehane, 2022",Meteorites of Morocco: A Model of Science Development in the Arab Countries,24.40622222,-13.08428611,Moderate,
loc_01668,Central Hight Atlas,Drâa-Tafilalet,Alluvial terraces of Aït Mallal,G,Bouzekraoui et al.2016,"Mapping geodiversity and cultural heritage; a case study: Aït Bou Oulli valley in central High-Atlas, Morocco",31.56131389,-6.465525,Difficult,
loc_01669,Middle Atlas,Fés-Meknés,Ras El Ma Waterfalls,,"Hili et al., 2024","Inventory, Evaluation, and Mapping of the Geological and Geomorphological Sites of the Tazekka National Park (Middle Eastern Atlas, Morocco)",34.14938611,-4.004977778,Easy,
loc_01670,Middle Atlas,Fés-Meknés,Ras El Ma resurgence,,"Hili et al., 2024","Inventory, Evaluation, and Mapping of the Geological and Geomorphological Sites of the Tazekka National Park (Middle Eastern Atlas, Morocco)",34.14704444,-4.012736111,Easy,
loc_01671,Middle Atlas,Fés-Meknés,Generalized erosion at Sidi Majbar,,"Hili et al., 2024","Inventory, Evaluation, and Mapping of the Geological and Geomorphological Sites of the Tazekka National Park (Middle Eastern Atlas, Morocco)",34.13324444,-4.036352778,Difficult,
loc_01672,Middle Atlas,Fés-Meknés,Holm Oak on lapie,,"Hili et al., 2024","Inventory, Evaluation, and Mapping of the Geological and Geomorphological Sites of the Tazekka National Park (Middle Eastern Atlas, Morocco)",34.13119444,-4.042066667,Difficult,
loc_01673,Middle Atlas,Fés-Meknés,Jbel Bou Massoud lapies field,,"Hili et al., 2024","Inventory, Evaluation, and Mapping of the Geological and Geomorphological Sites of the Tazekka National Park (Middle Eastern Atlas, Morocco)",34.12572222,-4.052275,Difficult,
loc_01674,Middle Atlas,Fés-Meknés,Ponor Dayet Chiker,,"Hili et al., 2024","Inventory, Evaluation, and Mapping of the Geological and Geomorphological Sites of the Tazekka National Park (Middle Eastern Atlas, Morocco)",34.10381944,-4.065458333,Easy,
loc_01675,Middle Atlas,Fés-Meknés,Dayet Chiker chasm,,"Hili et al., 2024","Inventory, Evaluation, and Mapping of the Geological and Geomorphological Sites of the Tazekka National Park (Middle Eastern Atlas, Morocco)",34.10001389,-4.071772222,Easy,
loc_01676,Middle Atlas,Fés-Meknés,Dayet Chiker Polje,,"Hili et al., 2024","Inventory, Evaluation, and Mapping of the Geological and Geomorphological Sites of the Tazekka National Park (Middle Eastern Atlas, Morocco)",34.09913611,-4.077411111,Easy,
loc_01677,Middle Atlas,Fés-Meknés,Friouato chasm,,"Hili et al., 2024","Inventory, Evaluation, and Mapping of the Geological and Geomorphological Sites of the Tazekka National Park (Middle Eastern Atlas, Morocco)",34.09307778,-4.096919444,Easy,
loc_01678,Middle Atlas,Fés-Meknés,Habiat under the Dayet Chiker escapment,,"Hili et al., 2024","Inventory, Evaluation, and Mapping of the Geological and Geomorphological Sites of the Tazekka National Park (Middle Eastern Atlas, Morocco)",34.09280556,-4.109363889,Moderate,
loc_01679,Middle Atlas,Fés-Meknés,Ain Becher doline,,"Hili et al., 2024","Inventory, Evaluation, and Mapping of the Geological and Geomorphological Sites of the Tazekka National Park (Middle Eastern Atlas, Morocco)",34.06598611,-4.105911111,Moderate,
loc_01680,Middle Atlas,Fés-Meknés,Old lead pencil,,"Hili et al., 2024","Inventory, Evaluation, and Mapping of the Geological and Geomorphological Sites of the Tazekka National Park (Middle Eastern Atlas, Morocco)",34.06898333,-4.117061111,Easy,
loc_01681,Middle Atlas,Fés-Meknés,Jbel Bou Slama cave,,"Hili et al., 2024","Inventory, Evaluation, and Mapping of the Geological and Geomorphological Sites of the Tazekka National Park (Middle Eastern Atlas, Morocco)",34.07066389,-4.119969444,Easy,
loc_01682,Middle Atlas,Fés-Meknés,Bab Boudir complex,,"Hili et al., 2024","Inventory, Evaluation, and Mapping of the Geological and Geomorphological Sites of the Tazekka National Park (Middle Eastern Atlas, Morocco)",34.00445833,-4.172994444,Moderate,
loc_01683,Middle Atlas,Fés-Meknés,Dhar feurn waterfalls,,"Hili et al., 2024","Inventory, Evaluation, and Mapping of the Geological and Geomorphological Sites of the Tazekka National Park (Middle Eastern Atlas, Morocco)",34.08509444,-4.166172222,Difficult,
loc_01684,Middle Atlas,Fés-Meknés,Ain Admame exsurgence,,"Hili et al., 2024","Inventory, Evaluation, and Mapping of the Geological and Geomorphological Sites of the Tazekka National Park (Middle Eastern Atlas, Morocco)",34.07975833,-4.188772222,Difficult,
loc_01685,Middle Atlas,Fés-Meknés,Volcano-sedimentary complex,,"Hili et al., 2024","Inventory, Evaluation, and Mapping of the Geological and Geomorphological Sites of the Tazekka National Park (Middle Eastern Atlas, Morocco)",34.08129444,-4.1469,Moderate,
loc_01686,Middle Atlas,Fés-Meknés,Beni Senane acriculture terraces,,"Hili et al., 2024","Inventory, Evaluation, and Mapping of the Geological and Geomorphological Sites of the Tazekka National Park (Middle Eastern Atlas, Morocco)",34.1597,-4.109958333,Moderate,
loc_01687,Middle Atlas,Fés-Meknés,Tazekka massif,,"Hili et al., 2024","Inventory, Evaluation, and Mapping of the Geological and Geomorphological Sites of the Tazekka National Park (Middle Eastern Atlas, Morocco)",34.1764,-4.110372222,Difficult,
loc_01688,Middle Atlas,Fés-Meknés,Ouled Lakhal gorges,,"Hili et al., 2024","Inventory, Evaluation, and Mapping of the Geological and Geomorphological Sites of the Tazekka National Park (Middle Eastern Atlas, Morocco)",34.16901389,-4.098925,Difficult,
loc_01689,Middle Atlas,Fés-Meknés,El Qelaa complex,,"Hili et al., 2024","Inventory, Evaluation, and Mapping of the Geological and Geomorphological Sites of the Tazekka National Park (Middle Eastern Atlas, Morocco)",34.12856667,-4.127402778,Difficult,
loc_01690,Middle Atlas,Fés-Meknés,El Qelaa landslide,,"Hili et al., 2024","Inventory, Evaluation, and Mapping of the Geological and Geomorphological Sites of the Tazekka National Park (Middle Eastern Atlas, Morocco)",34.10535278,-4.066575,Easy,
loc_01691,Middle Atlas,Fés-Meknés,Jbel Bou Massoud anticlinal,,"Hili et al., 2024","Inventory, Evaluation, and Mapping of the Geological and Geomorphological Sites of the Tazekka National Park (Middle Eastern Atlas, Morocco)",34.19662778,-4.208533333,Easy,
loc_01692,Middle Atlas,Fés-Meknés,Jbel Bou Massoud fossilized lapies field,,"Hili et al., 2024","Inventory, Evaluation, and Mapping of the Geological and Geomorphological Sites of the Tazekka National Park (Middle Eastern Atlas, Morocco)",34.21099444,-4.167633333,Easy,
loc_01693,Middle Atlas,Fés-Meknés,Tighigha fossilized lapies field,,"Hili et al., 2024","Inventory, Evaluation, and Mapping of the Geological and Geomorphological Sites of the Tazekka National Park (Middle Eastern Atlas, Morocco)",34.21470833,-4.135480556,Easy,
loc_01694,Middle Atlas,Fés-Meknés,Tighigha complex,,"Hili et al., 2024","Inventory, Evaluation, and Mapping of the Geological and Geomorphological Sites of the Tazekka National Park (Middle Eastern Atlas, Morocco)",34.21790556,-4.090177778,Easy,
loc_01695,Middle Atlas,Fés-Meknés,Clonial millitary camp,,"Hili et al., 2024","Inventory, Evaluation, and Mapping of the Geological and Geomorphological Sites of the Tazekka National Park (Middle Eastern Atlas, Morocco)",34.20841944,-4.135358333,Easy,
loc_01696,Middle Atlas,Fés-Meknés,Ain Khebbab exsurgence,,"Hili et al., 2024","Inventory, Evaluation, and Mapping of the Geological and Geomorphological Sites of the Tazekka National Park (Middle Eastern Atlas, Morocco)",34.18175833,-4.161677778,Difficult,
loc_01697,Middle Atlas,Oriental,Cascade Sahbab,H,Baadi et al.2020,"Methodological Proposal for Assessment Geosites: its Application
 in Bou-Iblane Region (Middle Atlas, Morocco)",33.65737778,-4.041383333,Easy,
loc_01698,Central High Atlas,Drâa-Tafilalet,Canyon of High-Tessaout valley,G,Bouzekraoui et al.2016,"Mapping geodiversity and cultural heritage; a case study: Aït Bou Oulli valley in central High-Atlas, Morocco",31.56055833,-6.463308333,Moderate,
loc_01699,Central High Atlas,Drâa-Tafilalet,Canyon of Ikiss,G,Bouzekraoui et al.2016,"Mapping geodiversity and cultural heritage; a case study: Aït Bou Oulli valley in central High-Atlas, Morocco",31.51531667,-6.457375,Moderate,
loc_01700,Central High Atlas,Drâa-Tafilalet,Peak and cliffs of Tarkeddid mountain,G,Bouzekraoui et al.2016,"Mapping geodiversity and cultural heritage; a case study: Aït Bou Oulli valley in central High-Atlas, Morocco",31.48269167,-6.595744444,Difficult,
loc_01701,Central High Atlas,Drâa-Tafilalet,Mount M’goun (4068 m),G,Bouzekraoui et al.2016,"Mapping geodiversity and cultural heritage; a case study: Aït Bou Oulli valley in central High-Atlas, Morocco",31.50721389,-6.443472222,Difficult,
loc_01702,Central High Atlas,Drâa-Tafilalet,Glacial cirques and U-shaped valleys of M’goun,G,Bouzekraoui et al.2016,"Mapping geodiversity and cultural heritage; a case study: Aït Bou Oulli valley in central High-Atlas, Morocco",31.55526111,-6.462261111,Moderate,
loc_01703,Anti-Atlas,Drâa-Tafilalet,Ordovician Trilobites of Zagora Area Site 2,,"Beraaouz et al., 2019",An Inventory of Geoheritage Sites in the Draa Valley (Morocco)_a Contribution to Promotion of Geotourism and Sustainable Development,29.93889722,-6.193888889,Easy,
loc_01704,Anti-Atlas,Drâa-Tafilalet,Ordovician Trilobites of Zagora Area Site 3,,"Beraaouz et al., 2019",An Inventory of Geoheritage Sites in the Draa Valley (Morocco)_a Contribution to Promotion of Geotourism and Sustainable Development,29.93682778,-5.996452778,Easy,
loc_01705,Anti-Atlas,Drâa-Tafilalet,Ordovician Trilobites of Zagora Area Site 4,,"Beraaouz et al., 2019",An Inventory of Geoheritage Sites in the Draa Valley (Morocco)_a Contribution to Promotion of Geotourism and Sustainable Development,30.00067778,-5.874175,Easy,
loc_01706,Anti-Atlas,Drâa-Tafilalet,Ordovician Trilobites of Zagora Area Site 5,,"Beraaouz et al., 2019",An Inventory of Geoheritage Sites in the Draa Valley (Morocco)_a Contribution to Promotion of Geotourism and Sustainable Development,30.45710278,-5.630747222,Easy,
loc_01707,Anti-Atlas,Drâa-Tafilalet,The Ergs,,"Beraaouz et al., 2019",An Inventory of Geoheritage Sites in the Draa Valley (Morocco)_a Contribution to Promotion of Geotourism and Sustainable Development,30.23074167,-5.606866667,Moderate,
loc_01708,Anti-Atlas,Drâa-Tafilalet,The Regs of Tinzouline,,"Beraaouz et al., 2019",An Inventory of Geoheritage Sites in the Draa Valley (Morocco)_a Contribution to Promotion of Geotourism and Sustainable Development,30.577,-6.149,Moderate,
loc_01709,Anti-Atlas,Drâa-Tafilalet,The Regs of Tamgroutat,,"Beraaouz et al., 2019",An Inventory of Geoheritage Sites in the Draa Valley (Morocco)_a Contribution to Promotion of Geotourism and Sustainable Development,30.2595,-5.684333333,Moderate,
loc_01710,Anti-Atlas,Drâa-Tafilalet,Foum Chenna,,"Beraaouz et al., 2019",An Inventory of Geoheritage Sites in the Draa Valley (Morocco)_a Contribution to Promotion of Geotourism and Sustainable Development,30.48193611,-6.167511111,Moderate,
loc_01711,Anti-Atlas,Drâa-Tafilalet,Assif Ouigane,,"Beraaouz et al., 2019",An Inventory of Geoheritage Sites in the Draa Valley (Morocco)_a Contribution to Promotion of Geotourism and Sustainable Development,30.45996389,-6.093113889,Moderate,
loc_01712,Anti-Atlas,Drâa-Tafilalet,Cheaba Lbâida,,"Beraaouz et al., 2019",An Inventory of Geoheritage Sites in the Draa Valley (Morocco)_a Contribution to Promotion of Geotourism and Sustainable Development,30.43329722,-6.025127778,Moderate,
loc_01713,Anti-Atlas,Drâa-Tafilalet,Ordovician Trilobites of Zagora Area Site 6,,"Beraaouz et al., 2019",An Inventory of Geoheritage Sites in the Draa Valley (Morocco)_a Contribution to Promotion of Geotourism and Sustainable Development,30.42873889,-5.632844444,Easy,
loc_01714,Anti-Atlas,Drâa-Tafilalet,Ordovician Trilobites of Zagora Area Site 7,,"Beraaouz et al., 2019",An Inventory of Geoheritage Sites in the Draa Valley (Morocco)_a Contribution to Promotion of Geotourism and Sustainable Development,30.31182222,-5.618038889,Easy,
loc_01715,Anti-Atlas,Drâa-Tafilalet,Ordovician Trilobites of Zagora Area Site 8,,"Beraaouz et al., 2019",An Inventory of Geoheritage Sites in the Draa Valley (Morocco)_a Contribution to Promotion of Geotourism and Sustainable Development,30.24915278,-5.542544444,Easy,
loc_01716,Anti-Atlas,Drâa-Tafilalet,Ordovician Trilobites of Zagora Area Site 9,,"Beraaouz et al., 2019",An Inventory of Geoheritage Sites in the Draa Valley (Morocco)_a Contribution to Promotion of Geotourism and Sustainable Development,30.37637222,-5.570494444,Easy,
loc_01717,Anti-Atlas,Drâa-Tafilalet,Ordovician Trilobites of Zagora Area Site 10,,"Beraaouz et al., 2019",An Inventory of Geoheritage Sites in the Draa Valley (Morocco)_a Contribution to Promotion of Geotourism and Sustainable Development,30.43929722,-5.604897222,Easy,
loc_01718,Anti-Atlas,Drâa-Tafilalet,Ordovician Trilobites of Zagora Area Site 11,,"Beraaouz et al., 2019",An Inventory of Geoheritage Sites in the Draa Valley (Morocco)_a Contribution to Promotion of Geotourism and Sustainable Development,30.47777778,-5.557497222,Easy,
