Observation_ID,Geosite_Name,Latitude_WGS84,Longitude_WGS84,Region,Geosite_Type,Geological_Domain,Locality_Center_Lat,Locality_Center_Lon,Locality_Group_Key,Coordinate_Precision,Source_File,Source_Row_Ref,Center_Coord_Source,Is_Merchich_Format,Correction_Applied,Ground_Truth_Note
obs2_00000,Eburnian-Proterozoic Unconformity,30.547018097923637,-7.122467385495109,Draa-Tafilalet,SG,Anti-Atlas ,,,geoheritage_expanded_20260809_group_1,point,geoheritage_expanded_20260809,3,,False,,
obs2_00001,Bou Offroh ophiolit,30.54671313620237,-6.971048117972587,Draa-Tafilalet,PT,Anti-Atlas ,,,geoheritage_expanded_20260809_group_1,point,geoheritage_expanded_20260809,4,,False,,
obs2_00002,Oceanic Moho rocks,30.490992892858085,-6.612429949729095,Draa-Tafilalet,PT,Anti-Atlas ,,,geoheritage_expanded_20260809_group_1,point,geoheritage_expanded_20260809,5,,False,,
obs2_00004,Bleida granodiorite,30.368905368656545,-6.46223994636819,Draa-Tafilalet,PT,Anti-Atlas ,,,geoheritage_expanded_20260809_group_1,point,geoheritage_expanded_20260809,7,,False,,
obs2_00005,Sauropod tracksite,31.1145,-8.982833333333334,Marrakech-Safi,S & PL,Western High Atlas,31.1145,-8.9838,geoheritage_expanded_20260809_group_2,point,geoheritage_expanded_20260809,8,legend_lookup,False,,
obs2_00006,Tension joints & veins,32.59281111111111,-4.504277777777777,Draa-Tafilalet,SG,Central High Atlas,32.5903,-4.5049,geoheritage_expanded_20260809_group_3,point,geoheritage_expanded_20260809,9,legend_lookup,False,,
obs2_00007,Fault mirror,32.59246944444445,-4.504686111111111,Draa-Tafilalet,SG,Central High Atlas,32.5903,-4.5049,geoheritage_expanded_20260809_group_3,point,geoheritage_expanded_20260809,10,legend_lookup,False,,
obs2_00008,Turbidite/tempesitie,32.59108611111111,-4.504991666666666,Draa-Tafilalet,S,Central High Atlas,32.5903,-4.5049,geoheritage_expanded_20260809_group_3,point,geoheritage_expanded_20260809,11,legend_lookup,False,,
obs2_00009,Synsedimentary Fd,32.590869444444444,-4.504938888888889,Draa-Tafilalet,SG,Central High Atlas,32.5903,-4.5049,geoheritage_expanded_20260809_group_3,point,geoheritage_expanded_20260809,12,legend_lookup,False,,
obs2_00010,Bioclastic limestone,32.59060277777778,-4.505005555555556,Draa-Tafilalet,PL,Central High Atlas,32.5903,-4.5049,geoheritage_expanded_20260809_group_3,point,geoheritage_expanded_20260809,13,legend_lookup,False,,
obs2_00011,Current ripples,32.590297222222226,-4.5050638888888885,Draa-Tafilalet,S,Central High Atlas,32.5903,-4.5049,geoheritage_expanded_20260809_group_3,point,geoheritage_expanded_20260809,14,legend_lookup,False,,
obs2_00012,Th. Burrows,32.59028055555556,-4.504902777777778,Draa-Tafilalet,PL,Central High Atlas,32.5903,-4.5049,geoheritage_expanded_20260809_group_3,point,geoheritage_expanded_20260809,15,legend_lookup,False,,
obs2_00013,Limestone-marls  seq.,32.590050000000005,-4.504761111111111,Draa-Tafilalet,S,Central High Atlas,32.5903,-4.5049,geoheritage_expanded_20260809_group_3,point,geoheritage_expanded_20260809,16,legend_lookup,False,,
obs2_00014,Horst-graben structures,32.590025000000004,-4.504727777777778,Draa-Tafilalet,SG,Central High Atlas,32.5903,-4.5049,geoheritage_expanded_20260809_group_3,point,geoheritage_expanded_20260809,17,legend_lookup,False,,
obs2_00015,Bioclastic limestone,32.589975,-4.504786111111111,Draa-Tafilalet,PL,Central High Atlas,32.5903,-4.5049,geoheritage_expanded_20260809_group_3,point,geoheritage_expanded_20260809,18,legend_lookup,False,,
obs2_00016,Rhizocorallium burrows,32.58986388888889,-4.504866666666667,Draa-Tafilalet,PL,Central High Atlas,32.5903,-4.5049,geoheritage_expanded_20260809_group_3,point,geoheritage_expanded_20260809,19,legend_lookup,False,,
obs2_00017,Tridactyl footpreints,32.58935,-4.504527777777778,Draa-Tafilalet,PL,Central High Atlas,32.5903,-4.5049,geoheritage_expanded_20260809_group_3,point,geoheritage_expanded_20260809,20,legend_lookup,False,,
obs2_00018,Lac Tislit,32.19583333333333,-5.636666666666666,Draa-Tafilalet,H,Central High Atlas,31.8,-5.6,geoheritage_expanded_20260809_group_4,point,geoheritage_expanded_20260809,21,legend_lookup,False,,
obs2_00019,Imelouan Folds,32.155833333333334,-5.598333333333333,Draa-Tafilalet,SG,Central High Atlas,31.8,-5.6,geoheritage_expanded_20260809_group_4,point,geoheritage_expanded_20260809,22,legend_lookup,False,,
obs2_00020,"Ait Ali Ou-Ikkou ""Red beds""",32.14472222222222,-5.557777777777778,Draa-Tafilalet,S,Central High Atlas,31.8,-5.6,geoheritage_expanded_20260809_group_4,point,geoheritage_expanded_20260809,23,legend_lookup,False,,
obs2_00021,Todgha Gorges,31.584444444444443,-5.590833333333333,Draa-Tafilalet,SG&H,Central High Atlas,31.8,-5.6,geoheritage_expanded_20260809_group_4,point,geoheritage_expanded_20260809,24,legend_lookup,False,,
obs2_00022,Tamlalet Monkey’s fingers structures,31.44333333333333,-5.978055555555556,Draa-Tafilalet,G,Central High Atlas,31.8,-5.6,geoheritage_expanded_20260809_group_4,point,geoheritage_expanded_20260809,25,legend_lookup,False,,
obs2_00023,Tissadrine Folds,31.529444444444444,-5.925833333333333,Draa-Tafilalet,SG,Central High Atlas,31.8,-5.6,geoheritage_expanded_20260809_group_4,point,geoheritage_expanded_20260809,26,legend_lookup,False,,
obs2_00024,"Msemrir ""Red Beds""",31.72,-5.826666666666666,Draa-Tafilalet,S&PL,Central High Atlas,31.8,-5.6,geoheritage_expanded_20260809_group_4,point,geoheritage_expanded_20260809,27,legend_lookup,False,,
obs2_00025,Ait Aritane Panoramic view,31.542222222222225,-5.566944444444444,Draa-Tafilalet,G,Central High Atlas,31.8,-5.6,geoheritage_expanded_20260809_group_4,point,geoheritage_expanded_20260809,28,legend_lookup,False,,
obs2_00026,Ait Snan Fault,31.39527777777778,-5.5975,Draa-Tafilalet,SG,Central High Atlas,31.8,-5.6,geoheritage_expanded_20260809_group_4,point,geoheritage_expanded_20260809,29,legend_lookup,False,,
obs2_00027,"Tamtetoucht ""Red beds""",31.71722222222222,-5.507777777777778,Draa-Tafilalet,PL,Central High Atlas,31.8,-5.6,geoheritage_expanded_20260809_group_4,point,geoheritage_expanded_20260809,30,legend_lookup,False,,
obs2_00028,Ait Hani Triassic salt cave,31.86416666666667,-5.470555555555555,Draa-Tafilalet,G,Central High Atlas,31.8,-5.6,geoheritage_expanded_20260809_group_4,point,geoheritage_expanded_20260809,31,legend_lookup,False,,
obs2_00030,Ighrem N’Ougdal Middle Jurassic strata,32.009166666666665,-5.490833333333334,Draa-Tafilalet,G,Central High Atlas,31.8,-5.6,geoheritage_expanded_20260809_group_4,point,geoheritage_expanded_20260809,33,legend_lookup,False,,
obs2_00031,Tinghir Paleozoic-Cretaceous unconformity,31.48305555555556,-5.539444444444444,Draa-Tafilalet,SG,Central High Atlas,31.8,-5.6,geoheritage_expanded_20260809_group_4,point,geoheritage_expanded_20260809,34,legend_lookup,False,,
obs2_00032,Foum El Kouss Basalts,31.435277777777777,-5.655,Draa-Tafilalet,PT,Central High Atlas,31.8,-5.6,geoheritage_expanded_20260809_group_4,point,geoheritage_expanded_20260809,35,legend_lookup,False,,
obs2_00033,Timaderouine Cretaceous-Tertiary strata,31.411666666666665,-5.722222222222222,Draa-Tafilalet,S,Central High Atlas,31.8,-5.6,geoheritage_expanded_20260809_group_4,point,geoheritage_expanded_20260809,36,legend_lookup,False,,
obs2_00034,Imider Tertiary strata,31.375,-5.7908333333333335,Draa-Tafilalet,S,Central High Atlas,31.8,-5.6,geoheritage_expanded_20260809_group_4,point,geoheritage_expanded_20260809,37,legend_lookup,False,,
obs2_00035,Anou N’Izm Tertiary strata,31.33944444444444,-5.838611111111111,Draa-Tafilalet,S,Central High Atlas,31.8,-5.6,geoheritage_expanded_20260809_group_4,point,geoheritage_expanded_20260809,38,legend_lookup,False,,
obs2_00036,Ait Youl Basalts,31.425,-6.011388888888889,Draa-Tafilalet,PT,Central High Atlas,31.8,-5.6,geoheritage_expanded_20260809_group_4,point,geoheritage_expanded_20260809,39,legend_lookup,False,,
obs2_00037,Ait Ibriren Quaternary deposits,31.441944444444445,-6.010833333333333,Draa-Tafilalet,S,Central High Atlas,31.8,-5.6,geoheritage_expanded_20260809_group_4,point,geoheritage_expanded_20260809,40,legend_lookup,False,,
obs2_00038,Tamlalet Monkey’s fingers structures,31.44333333333333,-5.978055555555556,Draa-Tafilalet,G,Central High Atlas,31.8,-5.6,geoheritage_expanded_20260809_group_4,point,geoheritage_expanded_20260809,41,legend_lookup,False,,
obs2_00039,Ait Ouglef Allochthonous limestones,31.454722222222223,-5.959722222222222,Draa-Tafilalet,SG,Central High Atlas,31.8,-5.6,geoheritage_expanded_20260809_group_4,point,geoheritage_expanded_20260809,42,legend_lookup,False,,
obs2_00040,Tissadrine Folds,31.529444444444444,-5.925833333333333,Draa-Tafilalet,SG,Central High Atlas,31.8,-5.6,geoheritage_expanded_20260809_group_4,point,geoheritage_expanded_20260809,43,legend_lookup,False,,
obs2_00041,Taghia N’Ait Hammou Gorges,31.53666666666667,-5.919444444444445,Draa-Tafilalet,SG,Central High Atlas,31.8,-5.6,geoheritage_expanded_20260809_group_4,point,geoheritage_expanded_20260809,44,legend_lookup,False,,
obs2_00042,"Msemrir ""Red beds""",31.72,-5.826666666666666,Draa-Tafilalet,S,Central High Atlas,31.8,-5.6,geoheritage_expanded_20260809_group_4,point,geoheritage_expanded_20260809,46,legend_lookup,False,,
obs2_00043,Ait Attou Oumoussa Jurassic strata,31.861666666666668,-5.708055555555556,Draa-Tafilalet,S,Central High Atlas,31.8,-5.6,geoheritage_expanded_20260809_group_4,point,geoheritage_expanded_20260809,47,legend_lookup,False,,
obs2_00044,Imelouan Folds,32.155833333333334,-5.598333333333333,Draa-Tafilalet,SG,Central High Atlas,31.8,-5.6,geoheritage_expanded_20260809_group_4,point,geoheritage_expanded_20260809,48,legend_lookup,False,,
obs2_00045,Redbeds,32.166,-5.523,Draa-Tafilalet,SG&S,Central High Atlas,,,geoheritage_expanded_20260809_group_5,point,geoheritage_expanded_20260809,49,,False,,
obs2_00046,Intraformational unc,32.193,-5.639,Draa-Tafilalet,S,Central High Atlas,,,geoheritage_expanded_20260809_group_5,point,geoheritage_expanded_20260809,50,,False,,
obs2_00047,Isli Lake,32.222,-5.55,Draa-Tafilalet,H,Central High Atlas,,,geoheritage_expanded_20260809_group_5,point,geoheritage_expanded_20260809,51,,False,,
obs2_00048,Tisli Lake,32.199,-5.629,Draa-Tafilalet,H,Central High Atlas,,,geoheritage_expanded_20260809_group_5,point,geoheritage_expanded_20260809,52,,False,,
obs2_00049,Dolerite dykes and sills,32.153,-5.64,Draa-Tafilalet,PL,Central High Atlas,,,geoheritage_expanded_20260809_group_5,point,geoheritage_expanded_20260809,53,,False,,
obs2_00050,Fairy chimneys,32.176,-5.599,Draa-Tafilalet,G,Central High Atlas,,,geoheritage_expanded_20260809_group_5,point,geoheritage_expanded_20260809,54,,False,,
obs2_00051,Meandering Melloul river,32.159,-5.603,Draa-Tafilalet,G,Central High Atlas,,,geoheritage_expanded_20260809_group_5,point,geoheritage_expanded_20260809,55,,False,,
obs2_00052,Sedimentary patterns,32.167,-5.545,Draa-Tafilalet,S,Central High Atlas,,,geoheritage_expanded_20260809_group_5,point,geoheritage_expanded_20260809,56,,False,,
obs2_00053,Msadrid ridge,32.153,-5.593,Draa-Tafilalet,S,Central High Atlas,,,geoheritage_expanded_20260809_group_5,point,geoheritage_expanded_20260809,57,,False,,
obs2_00054,Ait Ali Ou Ikkou's diapirsm,32.153,-5.593,Draa-Tafilalet,S,Central High Atlas,,,geoheritage_expanded_20260809_group_5,point,geoheritage_expanded_20260809,58,,False,,
obs2_00055,Late Jurassic theropod tracks,32.142,-5.57,Draa-Tafilalet,PL,Central High Atlas,,,geoheritage_expanded_20260809_group_5,point,geoheritage_expanded_20260809,59,,False,,
obs2_00056,Vertebrate tracks in the Isli Formation,32.157,-5.562,Draa-Tafilalet,PL,Central High Atlas,,,geoheritage_expanded_20260809_group_5,point,geoheritage_expanded_20260809,60,,False,,
obs2_00057,Traces of Selenichnites- Tilmi syncline,32.163,-5.546,Draa-Tafilalet,PL,Central High Atlas,,,geoheritage_expanded_20260809_group_5,point,geoheritage_expanded_20260809,61,,False,,
obs2_00058,Traces of Crocodylopodus meijidei,32.183,-5.458,Draa-Tafilalet,PL,Central High Atlas,,,geoheritage_expanded_20260809_group_5,point,geoheritage_expanded_20260809,62,,False,,
obs2_00059,Tassent ridge,32.15,-5.55,Draa-Tafilalet,S,Central High Atlas,,,geoheritage_expanded_20260809_group_5,point,geoheritage_expanded_20260809,63,,False,,
obs2_00060,Akhiam cave,31.958,-5.696,Draa-Tafilalet,G,Central High Atlas,,,geoheritage_expanded_20260809_group_5,point,geoheritage_expanded_20260809,64,,False,,
obs2_00061,The cliff granaries of Aoujgal,32.29805833333333,-5.835413888888889,Béni Mellal-Khénifra,S,Central High Atlas,,,geoheritage_expanded_20260809_group_6,point,geoheritage_expanded_20260809,65,,False,,
obs2_00062,The architectural heritage of Zaouiat Ahansal,31.83156111111111,-6.100886111111111,Béni Mellal-Khénifra,C,Central High Atlas,,,geoheritage_expanded_20260809_group_6,point,geoheritage_expanded_20260809,66,,False,,
obs2_00063,Panorama of Zaouiat Ahansal,31.82883888888889,-6.098708333333333,Béni Mellal-Khénifra,G,Central High Atlas,,,geoheritage_expanded_20260809_group_6,point,geoheritage_expanded_20260809,67,,False,,
obs2_00064,The natural bridge of Imin Ifri,31.724191666666663,-6.971397222222223,Béni Mellal-Khénifra,G,Central High Atlas,,,geoheritage_expanded_20260809_group_6,point,geoheritage_expanded_20260809,68,,False,,
obs2_00065,The dinosaur geosites of Iouaridène,31.725777777777772,-6.906922222222223,Béni Mellal-Khénifra,PL,Central High Atlas,,,geoheritage_expanded_20260809_group_6,point,geoheritage_expanded_20260809,69,,False,,
obs2_00066,Dinosaur footprints,31.701691666666665,-6.708294444444444,Béni Mellal-Khénifra,PL,Central High Atlas,,,geoheritage_expanded_20260809_group_6,point,geoheritage_expanded_20260809,70,,False,,
obs2_00067,Aït Blal Rock engravings,31.750616666666662,-6.32005,Béni Mellal-Khénifra,C,Central High Atlas,,,geoheritage_expanded_20260809_group_6,point,geoheritage_expanded_20260809,71,,False,,
obs2_00068,Tizi-n-Tighist Geo landscape,31.749802777777777,-6.320194444444444,Béni Mellal-Khénifra,S,Central High Atlas,,,geoheritage_expanded_20260809_group_6,point,geoheritage_expanded_20260809,72,,False,,
obs2_00069,Paleo-dam of Tizi-n-Tighza,31.730963888888887,-6.307902777777778,Béni Mellal-Khénifra,S,Central High Atlas,,,geoheritage_expanded_20260809_group_6,point,geoheritage_expanded_20260809,73,,False,,
obs2_00070,Ibaqualliwn Lamellibranches of Tizi-n-Tighist,31.733088888888886,-6.324652777777778,Béni Mellal-Khénifra,PL,Central High Atlas,,,geoheritage_expanded_20260809_group_6,point,geoheritage_expanded_20260809,74,,False,,
obs2_00071,Jbel Azoukri Ait Attab synclinal (1),31.757188888888887,-6.248361111111112,Béni Mellal-Khénifra,S,Central High Atlas,,,geoheritage_expanded_20260809_group_6,point,geoheritage_expanded_20260809,75,,False,,
obs2_00072,"Ait Attab synclinal, Bougal (Taghia)",31.78695833333333,-6.072663888888889,Béni Mellal-Khénifra,S,Central High Atlas,,,geoheritage_expanded_20260809_group_6,point,geoheritage_expanded_20260809,76,,False,,
obs2_00073,"The Bin El Ouidane dam ""Chocolate Marls""",32.108783333333335,-6.436002777777778,Béni Mellal-Khénifra,S,Central High Atlas,,,geoheritage_expanded_20260809_group_6,point,geoheritage_expanded_20260809,77,,False,,
obs2_00074,The Ouzoud waterfalls,32.015011111111114,-6.7196694444444445,Béni Mellal-Khénifra,G&H,Central High Atlas,,,geoheritage_expanded_20260809_group_6,point,geoheritage_expanded_20260809,78,,False,,
obs2_00076,The “Cathedral” Mastfrane,31.980719444444443,-6.137377777777778,Béni Mellal-Khénifra,R,Central High Atlas,,,geoheritage_expanded_20260809_group_6,point,geoheritage_expanded_20260809,80,,False,,
obs2_00077,Talmst Ride,31.906683333333334,-6.154858333333333,Béni Mellal-Khénifra,SG,Central High Atlas,,,geoheritage_expanded_20260809_group_6,point,geoheritage_expanded_20260809,81,,False,,
obs2_00078,Dinosaur footprints,31.659988888888886,-6.385519444444445,Béni Mellal-Khénifra,PL,Central High Atlas,,,geoheritage_expanded_20260809_group_6,point,geoheritage_expanded_20260809,82,,False,,
obs2_00079,Collective granary of Sidi Moussa,32.39897222222222,-6.027358333333333,Béni Mellal-Khénifra,C,Central High Atlas,31.33333333333333,-5.333333333333333,geoheritage_expanded_20260809_group_7,point,geoheritage_expanded_20260809,83,Data_generale,False,,
obs2_00080,"Granary, Ighrem",32.20402222222223,-6.603461111111111,Béni Mellal-Khénifra,C,Central High Atlas,31.33333333333333,-5.333333333333333,geoheritage_expanded_20260809_group_7,point,geoheritage_expanded_20260809,84,Data_generale,False,,
obs2_00081,Footprints of the carnivorous dinosaur (Tridactyl),32.19611111111111,-6.5825,Béni Mellal-Khénifra,PL,Central High Atlas,31.33333333333333,-5.333333333333333,geoheritage_expanded_20260809_group_7,point,geoheritage_expanded_20260809,85,Data_generale,False,,
obs2_00082,Herbivorous dinosaur footprints,32.10611111111111,-6.510025,Béni Mellal-Khénifra,PL,Central High Atlas,31.33333333333333,-5.333333333333333,geoheritage_expanded_20260809_group_7,point,geoheritage_expanded_20260809,86,Data_generale,False,,
obs2_00083,Izourar plateaus,31.952005555555555,-6.55725,Béni Mellal-Khénifra,SG&S,Central High Atlas,31.33333333333333,-5.333333333333333,geoheritage_expanded_20260809_group_7,point,geoheritage_expanded_20260809,87,Data_generale,False,,
obs2_00084,Rock engravings of Tizi-n-Tighist,32.009969444444444,-6.719222222222222,Béni Mellal-Khénifra,En,Central High Atlas,31.33333333333333,-5.333333333333333,geoheritage_expanded_20260809_group_7,point,geoheritage_expanded_20260809,88,Data_generale,False,,
obs2_00085,Archaeoctic limestone,31.89606388888889,-8.866947222222223,Marrakech-Saf,PL&S,Jbilet Massif,31.875,-8.8667,geoheritage_expanded_20260809_group_8,point,geoheritage_expanded_20260809,101,legend_lookup,False,,
obs2_00086,Sandstone-fault families,31.89700833333333,-8.860261111111111,Marrakech-Saf,S&S,Jbilet Massif,31.875,-8.8667,geoheritage_expanded_20260809_group_8,point,geoheritage_expanded_20260809,102,legend_lookup,False,,
obs2_00087,"Faiult mirror-gradin 
crystallization",31.89871388888889,-8.863727777777777,Marrakech-Saf,S,Jbilet Massif,31.875,-8.8667,geoheritage_expanded_20260809_group_8,point,geoheritage_expanded_20260809,103,legend_lookup,False,,
obs2_00088,Karst networks of barite,31.907641666666667,-8.850891666666666,Marrakech-Saf,S&M,Jbilet Massif,31.875,-8.8667,geoheritage_expanded_20260809_group_8,point,geoheritage_expanded_20260809,104,legend_lookup,False,,
obs2_00089,Calcite crystals,31.91326388888889,-8.84191388888889,Marrakech-Saf,Pt,Jbilet Massif,31.875,-8.8667,geoheritage_expanded_20260809_group_8,point,geoheritage_expanded_20260809,105,legend_lookup,False,,
obs2_00090,"Cambrian sandstone & shale,Gray massive Cambrian limestones",31.917627777777778,-8.835375,Marrakech-Saf,S,Jbilet Massif,31.875,-8.8667,geoheritage_expanded_20260809_group_8,point,geoheritage_expanded_20260809,106,legend_lookup,False,,
obs2_00091,The western tip of the Cambrian crest,31.930247222222224,-8.828119444444445,Marrakech-Saf,S,Jbilet Massif,31.875,-8.8667,geoheritage_expanded_20260809_group_8,point,geoheritage_expanded_20260809,108,legend_lookup,False,,
obs2_00092,Sidi Bouzid escarpment,32.30027777777777,-9.251111111111111,Marrakech-Safi,"S,St&PL",Meseta,,,geoheritage_expanded_20260809_group_9,point,geoheritage_expanded_20260809,110,,False,,
obs2_00093,Sidi Abderrahmane clayquarry,32.3325,-9.176666666666666,Marrakech-Safi,S/St,Meseta,,,geoheritage_expanded_20260809_group_9,point,geoheritage_expanded_20260809,112,,False,,
obs2_00094,Sidi Abderrahmane dam,32.323888888888895,-9.180277777777777,Marrakech-Safi,H,Meseta,,,geoheritage_expanded_20260809_group_9,point,geoheritage_expanded_20260809,113,,False,,
obs2_00095,Escarpment of Lalla Fatna,32.3875,-9.265,Marrakech-Safi,"S,PL&St",Meseta,,,geoheritage_expanded_20260809_group_9,point,geoheritage_expanded_20260809,114,,False,,
obs2_00096,Cap Beddouza,32.55083333333333,-9.272777777777778,Marrakech-Safi,S/St/G,Meseta,,,geoheritage_expanded_20260809_group_9,point,geoheritage_expanded_20260809,115,,False,,
obs2_00097,El Goraan cave,32.5575,-9.254166666666666,Marrakech-Safi,G,Meseta,,,geoheritage_expanded_20260809_group_9,point,geoheritage_expanded_20260809,116,,False,,
obs2_00098,Souira Lgdima,32.03777777777778,-9.340555555555556,Marrakech-Safi,"S,St&G",Meseta,,,geoheritage_expanded_20260809_group_9,point,geoheritage_expanded_20260809,117,,False,,
obs2_00099,Sidi Tiji Gypsum quarry,32.157777777777774,-8.865277777777777,Marrakech-Safi,S&St,Meseta,,,geoheritage_expanded_20260809_group_9,point,geoheritage_expanded_20260809,118,,False,,
obs2_00100,Jorf Lihoudi,32.18,-9.26,Marrakech-Safi,"S,St&PL",Meseta,,,geoheritage_expanded_20260809_group_9,point,geoheritage_expanded_20260809,119,,False,,
obs2_00103,beach of Sidi Bouzide,33.22591944444444,-8.555186111111112,Marrakech-Safi,G,Meseta,32.3003,-9.2511,geoheritage_expanded_20260809_group_10,point,geoheritage_expanded_20260809,122,legend_lookup,False,,
obs2_00106,The source Lalla Mira,32.31843333333334,-9.25405,Marrakech-Safi,H,Meseta,32.3003,-9.2511,geoheritage_expanded_20260809_group_10,point,geoheritage_expanded_20260809,126,legend_lookup,False,,
obs2_00107,The wave of Saf,32.32473055555556,-9.28336388888889,Marrakech-Safi,G,Meseta,32.3003,-9.2511,geoheritage_expanded_20260809_group_10,point,geoheritage_expanded_20260809,127,legend_lookup,False,,
obs2_00109,Lake Aguelmame Sidi Ali,33.07611111111112,-5.003611111111111,Draa-Tafilalet & Fès-Méknès,SG&H,Tabular Middle Atlas,,,geoheritage_expanded_20260809_group_11,point,geoheritage_expanded_20260809,133,,False,,
obs2_00110,The caldera of the Michliffen,33.41329722222222,-5.079908333333333,Draa-Tafilalet & Fès-Méknès,G,Tabular Middle Atlas,,,geoheritage_expanded_20260809_group_11,point,geoheritage_expanded_20260809,135,,False,,
obs2_00111,Ruiniform landscape,33.287997222222224,-4.847411111111111,Draa-Tafilalet & Fès-Méknès,G,Tabular Middle Atlas,,,geoheritage_expanded_20260809_group_11,point,geoheritage_expanded_20260809,136,,False,,
obs2_00112,Fairy chimneys of Assamar,31.681522222222224,-6.668716666666667,Béni Mellal-Khénifra ,G,Central Hight Atlas,,,geoheritage_expanded_20260809_group_12,point,geoheritage_expanded_20260809,147,,False,,
obs2_00119,Frasnian-Famennian Kellwasser black limestones of Bou Ounabdou,33.142833333333336,-5.518,Beni Mellal-Khenifra,"S,St&PL",Central Hight Atlas,,,geoheritage_expanded_20260809_group_14,point,geoheritage_expanded_20260809,168,,False,,
obs2_00120,Famennian Griottes limestones of Bou Ounabdou,33.14266666666666,-5.5175,Beni Mellal-Khenifra,"S,St&PL",Central Hight Atlas,,,geoheritage_expanded_20260809_group_14,point,geoheritage_expanded_20260809,169,,False,,
obs2_00121,Famennian Zebra griottes limestones of Ziyar,33.0425,-5.738666666666667,Beni Mellal-Khenifra,S&St,Central Hight Atlas,,,geoheritage_expanded_20260809_group_14,point,geoheritage_expanded_20260809,170,,False,,
obs2_00122,Arich OuzellaFm,31.162091666666665,-9.703619444444444,Marrakech-Safi,S&PL,The Great Moroccan Atlantic Basin (MAP),31.1422,-9.7078,geoheritage_expanded_20260809_group_15,point,geoheritage_expanded_20260809,171,legend_lookup,False,,
obs2_00123,Amsittene Fm,31.146552777777774,-9.743005555555555,Marrakech-Safi,S,The Great Moroccan Atlantic Basin (MAP),31.1422,-9.7078,geoheritage_expanded_20260809_group_15,point,geoheritage_expanded_20260809,172,legend_lookup,False,,
obs2_00124,Id ou Moulid Fm,31.143002777777777,-9.739027777777777,Marrakech-Safi,S&PL,The Great Moroccan Atlantic Basin (MAP),31.1422,-9.7078,geoheritage_expanded_20260809_group_15,point,geoheritage_expanded_20260809,173,legend_lookup,False,,
obs2_00125,Arich Ouzella cave,31.162775,-9.700344444444443,Marrakech-Safi,G,The Great Moroccan Atlantic Basin (MAP),31.1422,-9.7078,geoheritage_expanded_20260809_group_15,point,geoheritage_expanded_20260809,174,legend_lookup,False,,
obs2_00126,Subvertical strata,31.141513888888888,-9.751880555555555,Marrakech-Safi,S,The Great Moroccan Atlantic Basin (MAP),31.1422,-9.7078,geoheritage_expanded_20260809_group_15,point,geoheritage_expanded_20260809,175,legend_lookup,False,,
obs2_00127,Triassic-Quaternary contact,31.098191666666665,-9.822580555555556,Marrakech-Safi,S,The Great Moroccan Atlantic Basin (MAP),31.1422,-9.7078,geoheritage_expanded_20260809_group_15,point,geoheritage_expanded_20260809,176,legend_lookup,False,,
obs2_00128,Quaternary-Jurassic contact,31.09722777777778,-9.824833333333332,Marrakech-Safi,S,The Great Moroccan Atlantic Basin (MAP),31.1422,-9.7078,geoheritage_expanded_20260809_group_15,point,geoheritage_expanded_20260809,177,legend_lookup,False,,
obs2_00129,Fold hinge,31.09916944444444,-9.828880555555555,Marrakech-Safi,S,The Great Moroccan Atlantic Basin (MAP),31.1422,-9.7078,geoheritage_expanded_20260809_group_15,point,geoheritage_expanded_20260809,178,legend_lookup,False,,
obs2_00130,Cretaceous Quaternary contact,31.10043888888889,-9.833491666666667,Marrakech-Safi,S,The Great Moroccan Atlantic Basin (MAP),31.1422,-9.7078,geoheritage_expanded_20260809_group_15,point,geoheritage_expanded_20260809,179,legend_lookup,False,,
obs2_00131,Triple point,31.10076111111111,-9.839516666666666,Marrakech-Safi,S,The Great Moroccan Atlantic Basin (MAP),31.1422,-9.7078,geoheritage_expanded_20260809_group_15,point,geoheritage_expanded_20260809,180,legend_lookup,False,,
obs2_00132,Macrofossils,31.152080555555557,-9.705341666666666,Marrakech-Safi,PL,The Great Moroccan Atlantic Basin (MAP),31.1422,-9.7078,geoheritage_expanded_20260809_group_15,point,geoheritage_expanded_20260809,181,legend_lookup,False,,
obs2_00133,Fossiliferous dunes,31.160627777777776,-9.705713888888887,Marrakech-Safi,PL,The Great Moroccan Atlantic Basin (MAP),31.1422,-9.7078,geoheritage_expanded_20260809_group_15,point,geoheritage_expanded_20260809,182,legend_lookup,False,,
obs2_00134,Folded structure1,31.192766666666667,-9.65986111111111,Marrakech-Safi,S,The Great Moroccan Atlantic Basin (MAP),31.1422,-9.7078,geoheritage_expanded_20260809_group_15,point,geoheritage_expanded_20260809,183,legend_lookup,False,,
obs2_00135,Folded structure 2,31.15841111111111,-9.686902777777778,Marrakech-Safi,S,The Great Moroccan Atlantic Basin (MAP),31.1422,-9.7078,geoheritage_expanded_20260809_group_15,point,geoheritage_expanded_20260809,184,legend_lookup,False,,
obs2_00136,Folded structure 3,31.15719722222222,-9.697530555555556,Marrakech-Safi,S,The Great Moroccan Atlantic Basin (MAP),31.1422,-9.7078,geoheritage_expanded_20260809_group_15,point,geoheritage_expanded_20260809,185,legend_lookup,False,,
obs2_00137,Amsittene folded structures,31.20817222222222,-9.703027777777775,Marrakech-Safi,S,The Great Moroccan Atlantic Basin (MAP),31.1422,-9.7078,geoheritage_expanded_20260809_group_15,point,geoheritage_expanded_20260809,186,legend_lookup,False,,
obs2_00138,Alluvial cone,31.09843333333333,-9.813108333333334,Marrakech-Safi,S,The Great Moroccan Atlantic Basin (MAP),31.1422,-9.7078,geoheritage_expanded_20260809_group_15,point,geoheritage_expanded_20260809,187,legend_lookup,False,,
obs2_00139,Chiker polje,34.118611111111115,-4.040555555555556,Fès-Meknès,K&S,Middle Atlas,,,geoheritage_expanded_20260809_group_17,point,geoheritage_expanded_20260809,217,,False,,
obs2_00140,Chiker cave,34.12166666666667,-4.038333333333333,Fès-Meknès,K,Middle Atlas,,,geoheritage_expanded_20260809_group_17,point,geoheritage_expanded_20260809,218,,False,,
obs2_00141,Dolines of Ademame,34.04361111111111,-4.095,Fès-Meknès,K,Middle Atlas,,,geoheritage_expanded_20260809_group_17,point,geoheritage_expanded_20260809,219,,False,,
obs2_00142,Ras El Oued cave,33.95916666666667,-4.0,Fès-Meknès,K,Middle Atlas,,,geoheritage_expanded_20260809_group_17,point,geoheritage_expanded_20260809,220,,False,,
obs2_00143,Chaâra lapiaz,33.97361111111111,-4.224722222222223,Fès-Meknès,K,Middle Atlas,,,geoheritage_expanded_20260809_group_17,point,geoheritage_expanded_20260809,221,,False,,
obs2_00144,Chaâra cave,33.95583333333334,-4.246111111111111,Fès-Meknès,K,Middle Atlas,,,geoheritage_expanded_20260809_group_17,point,geoheritage_expanded_20260809,222,,False,,
obs2_00145,GueltaTameda Lake,33.81777777777778,-4.081666666666666,Fès-Meknès,K,Middle Atlas,,,geoheritage_expanded_20260809_group_17,point,geoheritage_expanded_20260809,223,,False,,
obs2_00146,Taffert canyons,33.72138888888889,-4.2275,Fès-Meknès,K,Middle Atlas,,,geoheritage_expanded_20260809_group_17,point,geoheritage_expanded_20260809,224,,False,,
obs2_00147,Aïn Sebou,33.73694444444445,-4.532777777777778,Fès-Meknès,K,Middle Atlas,,,geoheritage_expanded_20260809_group_17,point,geoheritage_expanded_20260809,225,,False,,
obs2_00148,Addan onion peels,29.213335,-8.203033,Souss-Massa,G,Anti-Atlas ,,,geoheritage_expanded_20260809_group_18,point,geoheritage_expanded_20260809,226,,False,,
obs2_00149,Akka badlands,29.483864,-8.295043,Souss-Massa,G,Anti-Atlas ,,,geoheritage_expanded_20260809_group_18,point,geoheritage_expanded_20260809,227,,False,,
obs2_00150,Tata hearts,29.483864,-8.295043,Souss-Massa,G,Anti-Atlas ,,,geoheritage_expanded_20260809_group_18,point,geoheritage_expanded_20260809,228,,False,,
obs2_00151,Imitek Karsts,29.603338,-8.251098,Souss-Massa,G,Anti-Atlas ,,,geoheritage_expanded_20260809_group_18,point,geoheritage_expanded_20260809,229,,False,,
obs2_00152,Issafenflat-irons,29.854611,-8.533996,Souss-Massa,G,Anti-Atlas ,,,geoheritage_expanded_20260809_group_18,point,geoheritage_expanded_20260809,230,,False,,
obs2_00153,Tadakoust Pyramids,29.270107,-8.678496,Souss-Massa,G,Anti-Atlas ,,,geoheritage_expanded_20260809_group_18,point,geoheritage_expanded_20260809,231,,False,,
obs2_00154,Issafen chevrons,29.850649,-8.512572,Souss-Massa,G,Anti-Atlas ,,,geoheritage_expanded_20260809_group_18,point,geoheritage_expanded_20260809,232,,False,,
obs2_00155,Ait Ouabelli chasms,29.213335,-8.203033,Souss-Massa,G,Anti-Atlas ,,,geoheritage_expanded_20260809_group_18,point,geoheritage_expanded_20260809,233,,False,,
obs2_00156,Tagmout mask,29.270107,-8.678496,Souss-Massa,G,Anti-Atlas ,,,geoheritage_expanded_20260809_group_18,point,geoheritage_expanded_20260809,234,,False,,
obs2_00157,Alougoum Pyramid,29.442398,-8.264208,Souss-Massa,G,Anti-Atlas ,,,geoheritage_expanded_20260809_group_18,point,geoheritage_expanded_20260809,235,,False,,
obs2_00158,Messalite cave,29.442398,-8.264208,Souss-Massa,G,Anti-Atlas ,,,geoheritage_expanded_20260809_group_18,point,geoheritage_expanded_20260809,236,,False,,
obs2_00159,Tamzrart Petrified waterfall,29.339495,-8.52788,Souss-Massa,G,Anti-Atlas ,,,geoheritage_expanded_20260809_group_18,point,geoheritage_expanded_20260809,237,,False,,
obs2_00160,Foum Zguid water gap,30.140782,-6.877585,Souss-Massa,G,Anti-Atlas ,,,geoheritage_expanded_20260809_group_18,point,geoheritage_expanded_20260809,238,,False,,
obs2_00161,Tissint water gap,29.91642,-7.374716,Souss-Massa,G,Anti-Atlas ,,,geoheritage_expanded_20260809_group_18,point,geoheritage_expanded_20260809,239,,False,,
obs2_00162,Sidi Rezzoug water gap,29.748743,-7.659674,Souss-Massa,G,Anti-Atlas ,,,geoheritage_expanded_20260809_group_18,point,geoheritage_expanded_20260809,240,,False,,
obs2_00163,Tata water gap,29.705037,-7.986517,Souss-Massa,G,Anti-Atlas ,,,geoheritage_expanded_20260809_group_18,point,geoheritage_expanded_20260809,241,,False,,
obs2_00164,Akka water gap,29.475754,-8.277655,Souss-Massa,G,Anti-Atlas ,,,geoheritage_expanded_20260809_group_18,point,geoheritage_expanded_20260809,242,,False,,
obs2_00165,Ait Ouabelli water gap,29.240173,-8.53858,Souss-Massa,G,Anti-Atlas ,,,geoheritage_expanded_20260809_group_18,point,geoheritage_expanded_20260809,243,,False,,
obs2_00166,Icht water gap,29.086675,-8.85169,Souss-Massa,G,Anti-Atlas ,,,geoheritage_expanded_20260809_group_18,point,geoheritage_expanded_20260809,244,,False,,
obs2_00167,Fam El Hisn water gap,29.06027,-8.925848,Souss-Massa,G,Anti-Atlas ,,,geoheritage_expanded_20260809_group_18,point,geoheritage_expanded_20260809,245,,False,,
obs2_00168,Tizgui Ida Ou Baloul water gap,29.741683,-8.50205,Souss-Massa,G,Anti-Atlas ,,,geoheritage_expanded_20260809_group_18,point,geoheritage_expanded_20260809,246,,False,,
obs2_00169,Ibn Yaakoub water gap,30.068945,-7.954123,Souss-Massa,G,Anti-Atlas ,,,geoheritage_expanded_20260809_group_18,point,geoheritage_expanded_20260809,247,,False,,
obs2_00170,Rokan water gap,29.983764,-7.95061,Souss-Massa,G,Anti-Atlas ,,,geoheritage_expanded_20260809_group_18,point,geoheritage_expanded_20260809,248,,False,,
obs2_00171,Targant water gap,29.912618,-7.684191,Souss-Massa,G,Anti-Atlas ,,,geoheritage_expanded_20260809_group_18,point,geoheritage_expanded_20260809,249,,False,,
obs2_00172,Alougoum water gap,30.089514,-6.910584,Souss-Massa,G,Anti-Atlas ,,,geoheritage_expanded_20260809_group_18,point,geoheritage_expanded_20260809,250,,False,,
obs2_00173,Desert mermaid,29.646508,-7.756531,Souss-Massa,G,Anti-Atlas ,,,geoheritage_expanded_20260809_group_18,point,geoheritage_expanded_20260809,251,,False,,
obs2_00174,Tata oyster,29.646508,-7.756531,Souss-Massa,G,Anti-Atlas ,,,geoheritage_expanded_20260809_group_18,point,geoheritage_expanded_20260809,252,,False,,
obs2_00175,Akka Phillyrea,29.646508,-7.756531,Souss-Massa,G,Anti-Atlas ,,,geoheritage_expanded_20260809_group_18,point,geoheritage_expanded_20260809,253,,False,,
obs2_00176,Draa double winged eye,29.028776,-8.591492,Souss-Massa,G,Anti-Atlas ,,,geoheritage_expanded_20260809_group_18,point,geoheritage_expanded_20260809,254,,False,,
obs2_00177,Tagragra of Tata inlier,29.899215,-7.94165,Souss-Massa,G,Anti-Atlas ,,,geoheritage_expanded_20260809_group_18,point,geoheritage_expanded_20260809,255,,False,,
obs2_00178,Agouliz inlier,29.751482,-8.161377,Souss-Massa,G,Anti-Atlas ,,,geoheritage_expanded_20260809_group_18,point,geoheritage_expanded_20260809,256,,False,,
obs2_00179,Aigou inlier,29.737174,-8.320678,Souss-Massa,G,Anti-Atlas ,,,geoheritage_expanded_20260809_group_18,point,geoheritage_expanded_20260809,257,,False,,
obs2_00180,Tanmrout inlier,29.737174,-8.320678,Souss-Massa,G,Anti-Atlas ,,,geoheritage_expanded_20260809_group_18,point,geoheritage_expanded_20260809,258,,False,,
obs2_00181,Tagragra of Akka inlier,29.460147,-8.677734,Souss-Massa,G,Anti-Atlas ,,,geoheritage_expanded_20260809_group_18,point,geoheritage_expanded_20260809,259,,False,,
obs2_00182,Alougoum gorge,30.308991,-6.837444,Souss-Massa,G,Anti-Atlas ,,,geoheritage_expanded_20260809_group_18,point,geoheritage_expanded_20260809,260,,False,,
obs2_00183,Tlit gorge,30.278531,-7.062836,Souss-Massa,G,Anti-Atlas ,,,geoheritage_expanded_20260809_group_18,point,geoheritage_expanded_20260809,261,,False,,
obs2_00184,Aguinane gorge,30.195719,-7.540216,Souss-Massa,G,Anti-Atlas ,,,geoheritage_expanded_20260809_group_18,point,geoheritage_expanded_20260809,262,,False,,
obs2_00185,Tagmout gorge,29.971009,-8.257101,Souss-Massa,G,Anti-Atlas ,,,geoheritage_expanded_20260809_group_18,point,geoheritage_expanded_20260809,263,,False,,
obs2_00186,Agouliz gorge,29.732906,-8.189294,Souss-Massa,G,Anti-Atlas ,,,geoheritage_expanded_20260809_group_18,point,geoheritage_expanded_20260809,264,,False,,
obs2_00187,Aygou gorge,29.734488,-8.261025,Souss-Massa,G,Anti-Atlas ,,,geoheritage_expanded_20260809_group_18,point,geoheritage_expanded_20260809,265,,False,,
obs2_00188,Targant gorge,29.481527,-8.375144,Souss-Massa,G,Anti-Atlas ,,,geoheritage_expanded_20260809_group_18,point,geoheritage_expanded_20260809,266,,False,,
obs2_00189,Tamzrart gorge,29.361629,-8.518739,Souss-Massa,G,Anti-Atlas ,,,geoheritage_expanded_20260809_group_18,point,geoheritage_expanded_20260809,267,,False,,
obs2_00190,Tadakoust gorge,29.254602,-8.694864,Souss-Massa,G,Anti-Atlas ,,,geoheritage_expanded_20260809_group_18,point,geoheritage_expanded_20260809,268,,False,,
obs2_00191,Ighir Ighnain gorge,29.227937,-8.924098,Souss-Massa,G,Anti-Atlas ,,,geoheritage_expanded_20260809_group_18,point,geoheritage_expanded_20260809,269,,False,,
obs2_00192,Tamanart canyon,29.167098,-8.958087,Souss-Massa,G,Anti-Atlas ,,,geoheritage_expanded_20260809_group_18,point,geoheritage_expanded_20260809,270,,False,,
obs2_00193,Foum Zguid mesa,29.888118,-6.827353,Souss-Massa,G,Anti-Atlas ,,,geoheritage_expanded_20260809_group_18,point,geoheritage_expanded_20260809,271,,False,,
obs2_00194,Addana Onion Peels,29.21444444444444,-8.233055555555556,Souss-Massa,G,Anti-Atlas ,,,geoheritage_expanded_20260809_group_19,point,geoheritage_expanded_20260809,272,,False,,
obs2_00195,Foum Zguid stream,30.09611111111111,-6.887499999999999,Souss-Massa,H,Anti-Atlas ,,,geoheritage_expanded_20260809_group_19,point,geoheritage_expanded_20260809,273,,False,,
obs2_00196,"Badlands of Akka (glaciofluvial,
 fluviomarine, & stream alluviums)",29.470555555555556,-8.293055555555556,Souss-Massa,G,Anti-Atlas ,,,geoheritage_expanded_20260809_group_19,point,geoheritage_expanded_20260809,274,,False,,
obs2_00197,Hearts of Tata,29.36722222222222,-8.321944444444444,Souss-Massa,G,Anti-Atlas ,,,geoheritage_expanded_20260809_group_19,point,geoheritage_expanded_20260809,276,,False,,
obs2_00198,Karsts of Imitek,29.61583333333333,-8.261111111111111,Souss-Massa,G,Anti-Atlas ,,,geoheritage_expanded_20260809_group_19,point,geoheritage_expanded_20260809,277,,False,,
obs2_00199,ssafen’s Flatiron,29.84722222222222,-8.516944444444444,Souss-Massa,G,Anti-Atlas ,,,geoheritage_expanded_20260809_group_19,point,geoheritage_expanded_20260809,278,,False,,
obs2_00200,Pyramids of Tadakoust,29.32638888888889,-8.531111111111112,Souss-Massa,G,Anti-Atlas ,,,geoheritage_expanded_20260809_group_19,point,geoheritage_expanded_20260809,279,,False,,
obs2_00201,Oued Tamzrart flooded,29.359875,-8.520308333333334,Souss-Massa,G&H,Anti-Atlas ,,,geoheritage_expanded_20260809_group_20,point,geoheritage_expanded_20260809,280,,False,,
obs2_00202,The alluvial plain of Tadakoust,29.250291666666666,-8.691086111111112,Souss-Massa,S,Anti-Atlas ,,,geoheritage_expanded_20260809_group_20,point,geoheritage_expanded_20260809,281,,False,,
obs2_00203,Deflation phenomenon in the Drâa plain,29.22623611111111,-7.874097222222223,Souss-Massa,G,Anti-Atlas ,,,geoheritage_expanded_20260809_group_20,point,geoheritage_expanded_20260809,283,,False,,
obs2_00204,Engravings in Tamzrart region,29.31243055555556,-8.493838888888888,Souss-Massa,En,Anti-Atlas ,,,geoheritage_expanded_20260809_group_20,point,geoheritage_expanded_20260809,286,,False,,
obs2_00205,engravings in Tadakous,29.264425,-8.709041666666666,Souss-Massa,En,Anti-Atlas ,,,geoheritage_expanded_20260809_group_20,point,geoheritage_expanded_20260809,288,,False,,
obs2_00206,Tour of Ait Ouabelli,29.225805555555556,-8.53411388888889,Souss-Massa,G,Anti-Atlas ,,,geoheritage_expanded_20260809_group_20,point,geoheritage_expanded_20260809,289,,False,,
obs2_00207,Jbel Younech Ruiniform aspects,35.896051,-5.390169,Tanger-Tétouan-Al Hoceïma,G,Rif,35.9,-5.4167,geoheritage_expanded_20260809_group_21,point,geoheritage_expanded_20260809,291,legend_lookup,False,,
obs2_00208,Abdessamad cave,35.896051,-5.390169,Tanger-Tétouan-Al Hoceïma,G,Rif,35.9,-5.4167,geoheritage_expanded_20260809_group_21,point,geoheritage_expanded_20260809,292,legend_lookup,False,,
obs2_00209,Mujer Muerta,35.908787,-5.389026,Tanger-Tétouan-Al Hoceïma,G&SG,Rif,35.9,-5.4167,geoheritage_expanded_20260809_group_21,point,geoheritage_expanded_20260809,296,legend_lookup,False,,
obs2_00210,Laila Island,35.916551,-5.406037,Tanger-Tétouan-Al Hoceïma,"SG,Hi",Rif,35.9,-5.4167,geoheritage_expanded_20260809_group_21,point,geoheritage_expanded_20260809,297,legend_lookup,False,,
obs2_00211,The Terraces of Ras Leona,35.92068,-5.401799,Tanger-Tétouan-Al Hoceïma,SG,Rif,35.9,-5.4167,geoheritage_expanded_20260809_group_21,point,geoheritage_expanded_20260809,298,legend_lookup,False,,
obs2_00212,Jbel Chendir,35.906329,-5.38799,Tanger-Tétouan-Al Hoceïma,S&SG,Rif,35.9,-5.4167,geoheritage_expanded_20260809_group_21,point,geoheritage_expanded_20260809,300,legend_lookup,False,,
obs2_00213,The travertine terraces of Bel Younech,35.907023,-5.393334,Tanger-Tétouan-Al Hoceïma,"S,PL&C",Rif,35.9,-5.4167,geoheritage_expanded_20260809_group_21,point,geoheritage_expanded_20260809,302,legend_lookup,False,,
obs2_00214,Low coast of the SBEI of Jbel Moussa and islands,35.909169,-5.393398,Tanger-Tétouan-Al Hoceïma,G&C,Rif,35.9,-5.4167,geoheritage_expanded_20260809_group_21,point,geoheritage_expanded_20260809,303,legend_lookup,False,,
obs2_00215,Akhfénir Cliff,28.15,-12.066666666666666,Laayoune-Dakhla,SG,Sahara,,,geoheritage_expanded_20260809_group_22,point,geoheritage_expanded_20260809,306,,False,,
obs2_00216,Naїla Lagoon,28.05,-12.1,Laayoune-Dakhla,H,Sahara,,,geoheritage_expanded_20260809_group_22,point,geoheritage_expanded_20260809,307,,False,,
obs2_00217,Sand dunes,28.15,-12.1,Laayoune-Dakhla,G,Sahara,,,geoheritage_expanded_20260809_group_22,point,geoheritage_expanded_20260809,308,,False,,
obs2_00218,Steady dunes,28.05,-12.266666666666667,Laayoune-Dakhla,G,Sahara,,,geoheritage_expanded_20260809_group_22,point,geoheritage_expanded_20260809,309,,False,,
obs2_00219,Tinouchad daya,28.05,-12.116666666666667,Laayoune-Dakhla,H,Sahara,,,geoheritage_expanded_20260809_group_22,point,geoheritage_expanded_20260809,310,,False,,
obs2_00220,Tazgha salt Flats,27.9,-12.333333333333334,Laayoune-Dakhla,M,Sahara,,,geoheritage_expanded_20260809_group_22,point,geoheritage_expanded_20260809,311,,False,,
obs2_00221,Khaoui Naàm Wadi,27.666666666666668,-12.216666666666669,Laayoune-Dakhla,H,Sahara,,,geoheritage_expanded_20260809_group_22,point,geoheritage_expanded_20260809,312,,False,,
obs2_00222,Akhfennir Sinkhole,28.166666666666668,-12.05,Laayoune-Dakhla,Sp,Sahara,,,geoheritage_expanded_20260809_group_22,point,geoheritage_expanded_20260809,314,,False,,
obs2_00223,Amtoudi travertines,29.23935,-9.168466666666667,Guelmim-Oued Noun,S,Sahara,,,geoheritage_expanded_20260809_group_23,point,geoheritage_expanded_20260809,315,,False,,
obs2_00224,Amtoudi waterfall and Bougaa source,29.23933333333333,-9.168466666666667,Guelmim-Oued Noun,H,Sahara,,,geoheritage_expanded_20260809_group_23,point,geoheritage_expanded_20260809,316,,False,,
obs2_00225,Assaka Basin,29.116666666666667,-10.416666666666666,Guelmim-Oued Noun,H,Sahara,,,geoheritage_expanded_20260809_group_23,point,geoheritage_expanded_20260809,321,,False,,
obs2_00226,Water spring,34.889091666666666,-4.948152777777778,Tanger-Tétouan-Al Hoceïma,H&G,Rif,,,geoheritage_expanded_20260809_group_24,point,geoheritage_expanded_20260809,323,,False,,
obs2_00227,Panoramic view to the folded mountains,34.92726111111111,-4.86625,Tanger-Tétouan-Al Hoceïma,SG,Rif,,,geoheritage_expanded_20260809_group_24,point,geoheritage_expanded_20260809,324,,False,,
obs2_00228,Petrified wood intruded by iron deposits,34.88933611111111,-4.895605555555555,Tanger-Tétouan-Al Hoceïma,PL,Rif,,,geoheritage_expanded_20260809_group_24,point,geoheritage_expanded_20260809,325,,False,,
obs2_00229,Stromatolites,34.93650555555556,-4.911755555555556,Tanger-Tétouan-Al Hoceïma,PL,Rif,,,geoheritage_expanded_20260809_group_24,point,geoheritage_expanded_20260809,326,,False,,
obs2_00230,Caristified cave stalactite,34.91381388888889,-4.8143666666666665,Tanger-Tétouan-Al Hoceïma,G,Rif,,,geoheritage_expanded_20260809_group_24,point,geoheritage_expanded_20260809,327,,False,,
obs2_00231,Karastified limestone rocks eroded,34.90966111111111,-4.75915,Tanger-Tétouan-Al Hoceïma,SG,Rif,,,geoheritage_expanded_20260809_group_24,point,geoheritage_expanded_20260809,328,,False,,
obs2_00232,Hill shades of limestone rocks,34.959294444444446,-4.832261111111111,Tanger-Tétouan-Al Hoceïma,,Rif,,,geoheritage_expanded_20260809_group_24,point,geoheritage_expanded_20260809,329,,False,,
obs2_00233,Ali Thilat Dam,35.23120494693842,-5.299523468638417,Tanger-Tétouan-Al Hoceïma,H,Rif,35.2253,-5.1406,geoheritage_expanded_20260809_group_25,point,geoheritage_expanded_20260809,331,legend_lookup,True,,
obs2_00234,Quarry of blocks,35.241841890628514,-5.303685066721016,Tanger-Tétouan-Al Hoceïma,GM,Rif,35.2253,-5.1406,geoheritage_expanded_20260809_group_25,point,geoheritage_expanded_20260809,332,legend_lookup,True,,
obs2_00235,Talâat Adrhosse Klippe,35.27655286728575,-5.21970167197663,Tanger-Tétouan-Al Hoceïma,SG,Rif,35.2253,-5.1406,geoheritage_expanded_20260809_group_25,point,geoheritage_expanded_20260809,334,legend_lookup,True,,
obs2_00236,Oued Laou Gorge,35.27997830780459,-5.233760827936141,Tanger-Tétouan-Al Hoceïma,G,Rif,35.2253,-5.1406,geoheritage_expanded_20260809_group_25,point,geoheritage_expanded_20260809,335,legend_lookup,True,,
obs2_00237,Ibouharen Fold,35.29766902507748,-5.22162465373422,Tanger-Tétouan-Al Hoceïma,SG,Rif,35.2253,-5.1406,geoheritage_expanded_20260809_group_25,point,geoheritage_expanded_20260809,336,legend_lookup,True,,
obs2_00238,Tirinesse Basin,35.3200789984599,-5.175609833466769,Tanger-Tétouan-Al Hoceïma,S,Rif,35.2253,-5.1406,geoheritage_expanded_20260809_group_25,point,geoheritage_expanded_20260809,337,legend_lookup,True,,
obs2_00239,Koudiat Achacha,35.32758306567867,-5.190214128354176,Tanger-Tétouan-Al Hoceïma,SG,Rif,35.2253,-5.1406,geoheritage_expanded_20260809_group_25,point,geoheritage_expanded_20260809,338,legend_lookup,True,,
obs2_00240,"Dune,beachand cliffs of Kaâ Asrascoast",35.40664100521373,-5.063179589885055,Tanger-Tétouan-Al Hoceïma,S,Rif,35.2253,-5.1406,geoheritage_expanded_20260809_group_25,point,geoheritage_expanded_20260809,339,legend_lookup,False,,
obs2_00241,Targha mica-shist,35.40295890834344,-5.016487943783649,Tanger-Tétouan-Al Hoceïma,PT,Rif,35.2253,-5.1406,geoheritage_expanded_20260809_group_25,point,geoheritage_expanded_20260809,340,legend_lookup,True,,
obs2_00242,Stehat gneiss,35.347196780880445,-4.964827256714964,Tanger-Tétouan-Al Hoceïma,PT,Rif,35.2253,-5.1406,geoheritage_expanded_20260809_group_25,point,geoheritage_expanded_20260809,341,legend_lookup,True,,
obs2_00243,Beni Bousera Kinzigites,35.318247912237204,-4.932783085516994,Tanger-Tétouan-Al Hoceïma,PT,Rif,35.2253,-5.1406,geoheritage_expanded_20260809_group_25,point,geoheritage_expanded_20260809,342,legend_lookup,True,,
obs2_00244,Tihissasse fan delta,35.333329499968634,-4.941882588174127,Tanger-Tétouan-Al Hoceïma,G,Rif,35.2253,-5.1406,geoheritage_expanded_20260809_group_25,point,geoheritage_expanded_20260809,343,legend_lookup,True,,
obs2_00245,BeniBousera Peridotitic Complex,35.26597661676186,-4.878031262861082,Tanger-Tétouan-Al Hoceïma,PT,Rif,35.2253,-5.1406,geoheritage_expanded_20260809_group_25,point,geoheritage_expanded_20260809,344,legend_lookup,True,,
obs2_00246,Talambote bad lands,35.25514905973631,-5.194830135719653,Tanger-Tétouan-Al Hoceïma,G,Rif,35.2253,-5.1406,geoheritage_expanded_20260809_group_25,point,geoheritage_expanded_20260809,345,legend_lookup,True,,
obs2_00247,Talambote Thrusting,35.24874520907014,-5.180641425952474,Tanger-Tétouan-Al Hoceïma,SG,Rif,35.2253,-5.1406,geoheritage_expanded_20260809_group_25,point,geoheritage_expanded_20260809,346,legend_lookup,False,,
obs2_00248,Akchour landslide,35.27654815182145,-5.21640500663741,Tanger-Tétouan-Al Hoceïma,SG,Rif,35.2253,-5.1406,geoheritage_expanded_20260809_group_25,point,geoheritage_expanded_20260809,347,legend_lookup,True,,
obs2_00249,Akchour Gorge,35.23816699846036,-5.176274938018656,Tanger-Tétouan-Al Hoceïma,G,Rif,35.2253,-5.1406,geoheritage_expanded_20260809_group_25,point,geoheritage_expanded_20260809,348,legend_lookup,False,,
obs2_00250,Sidi Abdel Hamid,35.17314093736768,-5.269189069131,Tanger-Tétouan-Al Hoceïma,SG,Rif,35.2253,-5.1406,geoheritage_expanded_20260809_group_25,point,geoheritage_expanded_20260809,349,legend_lookup,True,,
obs2_00251,Ras Ma Spring,35.16600615924551,-5.255152305519151,Tanger-Tétouan-Al Hoceïma,H,Rif,35.2253,-5.1406,geoheritage_expanded_20260809_group_25,point,geoheritage_expanded_20260809,350,legend_lookup,True,,
obs2_00252,BabTazaPhtanites,35.064510140672404,-5.181156471058046,Tanger-Tétouan-Al Hoceïma,GM,Rif,35.2253,-5.1406,geoheritage_expanded_20260809_group_25,point,geoheritage_expanded_20260809,351,legend_lookup,True,,
obs2_00253,Bouhala Landslice,35.067631809824846,-5.139897857287812,Tanger-Tétouan-Al Hoceïma,G,Rif,35.2253,-5.1406,geoheritage_expanded_20260809_group_25,point,geoheritage_expanded_20260809,352,legend_lookup,True,,
obs2_00254,Chrafate Spring,35.0841271788377,-5.0815068304971005,Tanger-Tétouan-Al Hoceïma,G,Rif,35.2253,-5.1406,geoheritage_expanded_20260809_group_25,point,geoheritage_expanded_20260809,353,legend_lookup,True,,
obs2_00255,Chrafate Alluvial Fan,35.06616213256105,-5.106566894215781,Tanger-Tétouan-Al Hoceïma,S,Rif,35.2253,-5.1406,geoheritage_expanded_20260809_group_25,point,geoheritage_expanded_20260809,354,legend_lookup,True,,
obs2_00256,Jbel Chrafate,35.0790706925359,-5.081361152532858,Tanger-Tétouan-Al Hoceïma,S,Rif,35.2253,-5.1406,geoheritage_expanded_20260809_group_25,point,geoheritage_expanded_20260809,356,legend_lookup,True,,
obs2_00257,Ametrasse rocks fall,35.07907970516082,-5.08136111904997,Tanger-Tétouan-Al Hoceïma,G,Rif,35.2253,-5.1406,geoheritage_expanded_20260809_group_25,point,geoheritage_expanded_20260809,357,legend_lookup,True,,
obs2_00258,AmetrasseTertiary Fm Succession,35.10315343199355,-4.987769151671308,Tanger-Tétouan-Al Hoceïma,S,Rif,35.2253,-5.1406,geoheritage_expanded_20260809_group_25,point,geoheritage_expanded_20260809,358,legend_lookup,True,,
obs2_00259,Kodiat Sbaâ,35.06633352933115,-5.040103522290227,Tanger-Tétouan-Al Hoceïma,G,Rif,35.2253,-5.1406,geoheritage_expanded_20260809_group_25,point,geoheritage_expanded_20260809,359,legend_lookup,True,,
obs2_00260,Raghdat Southern,35.09006160553466,-5.156661160915913,Tanger-Tétouan-Al Hoceïma,G,Rif,35.2253,-5.1406,geoheritage_expanded_20260809_group_25,point,geoheritage_expanded_20260809,360,legend_lookup,True,,
obs2_00261,Jbel Bou Sliman,35.12139744629058,-5.133855304695491,Tanger-Tétouan-Al Hoceïma,G,Rif,35.2253,-5.1406,geoheritage_expanded_20260809_group_25,point,geoheritage_expanded_20260809,361,legend_lookup,True,,
obs2_00262,Oued Tassikisste Gorge,35.38722714629003,-5.208409912947649,Tanger-Tétouan-Al Hoceïma,G,Rif,35.2253,-5.1406,geoheritage_expanded_20260809_group_25,point,geoheritage_expanded_20260809,363,legend_lookup,True,,
obs2_00263,Jbel Kelti,35.0841271788377,-5.0815068304971005,Tanger-Tétouan-Al Hoceïma,SG,Rif,35.2253,-5.1406,geoheritage_expanded_20260809_group_25,point,geoheritage_expanded_20260809,364,legend_lookup,True,,
obs2_00264,Khzanat Spring,35.38512801241383,-5.256629222983441,Tanger-Tétouan-Al Hoceïma,H,Rif,35.2253,-5.1406,geoheritage_expanded_20260809_group_25,point,geoheritage_expanded_20260809,365,legend_lookup,True,,
obs2_00265,Jbel Tellouja karst,35.19797885851434,-5.238629962842269,Tanger-Tétouan-Al Hoceïma,G,Rif,35.2253,-5.1406,geoheritage_expanded_20260809_group_25,point,geoheritage_expanded_20260809,366,legend_lookup,True,,
obs2_00266,Raghdat Arimlal,35.358129708859586,-5.314113362471088,Tanger-Tétouan-Al Hoceïma,G,Rif,35.2253,-5.1406,geoheritage_expanded_20260809_group_25,point,geoheritage_expanded_20260809,367,legend_lookup,True,,
obs2_00267,Pont de Dieu and Farda River,35.20870299058353,-5.178767577214994,Tanger-Tétouan-Al Hoceïma,G,Rif,35.2253,-5.1406,geoheritage_expanded_20260809_group_25,point,geoheritage_expanded_20260809,368,legend_lookup,True,,
obs2_00268,Oued ElKelaa Gorge and waterfall,35.20843181074154,-5.131553454074437,Tanger-Tétouan-Al Hoceïma,G,Rif,35.2253,-5.1406,geoheritage_expanded_20260809_group_25,point,geoheritage_expanded_20260809,369,legend_lookup,True,,
obs2_00269,Tissimlane cherty limestone,35.18050250402973,-5.236928591978081,Tanger-Tétouan-Al Hoceïma,S,Rif,35.2253,-5.1406,geoheritage_expanded_20260809_group_25,point,geoheritage_expanded_20260809,370,legend_lookup,True,,
obs2_00270,Jbel Tissouka,35.160710459075226,-5.216027758962821,Tanger-Tétouan-Al Hoceïma,S,Rif,35.2253,-5.1406,geoheritage_expanded_20260809_group_25,point,geoheritage_expanded_20260809,371,legend_lookup,True,,
obs2_00271,Upper Ordovician Quartzite slump balls,33.599044444444445,-6.110261111111111,Rabat-Salé-Kénitra,S&SG,Central Massif,,,geoheritage_expanded_20260809_group_26,point,geoheritage_expanded_20260809,372,,False,,
obs2_00272,Givetian reefal lime stones Stromatoporas,33.54575277777778,-6.007341666666667,Rabat-Salé-Kénitra,S&PL,Central Massif,,,geoheritage_expanded_20260809_group_26,point,geoheritage_expanded_20260809,373,,False,,
obs2_00273,Givetian reefal lime stones Algal laminitis,33.556780555555555,-6.039383333333333,Rabat-Salé-Kénitra,S&PL,Central Massif,,,geoheritage_expanded_20260809_group_26,point,geoheritage_expanded_20260809,374,,False,,
obs2_00274,Givetian reefal lime stones Slump balls,33.54856111111111,-6.030172222222222,Rabat-Salé-Kénitra,S,Central Massif,,,geoheritage_expanded_20260809_group_26,point,geoheritage_expanded_20260809,375,,False,,
obs2_00275,Famenno-Tournai sian calcareous (Mid Devonian reef limestones) rocks falls of Tiliouine,33.545833333333334,-6.0075,Rabat-Salé-Kénitra,S,Central Massif,,,geoheritage_expanded_20260809_group_26,point,geoheritage_expanded_20260809,376,,False,,
obs2_00276,Middle Devonian reefal limestone olistoliths within the Tournisian turbid ites West of Tiliouine,33.55333333333333,-6.070277777777777,Rabat-Salé-Kénitra,SG,Central Massif,,,geoheritage_expanded_20260809_group_26,point,geoheritage_expanded_20260809,378,,False,,
obs2_00277,Tournaisian reefal limestones Olistoliths of Tiddas,33.52833333333333,-6.251666666666667,Rabat-Salé-Kénitra,SG,Central Massif,,,geoheritage_expanded_20260809_group_26,point,geoheritage_expanded_20260809,379,,False,,
obs2_00278,Westphalian red conglomerates,33.52388888888889,-6.256388888888889,Rabat-Salé-Kénitra,SG,Central Massif,,,geoheritage_expanded_20260809_group_26,point,geoheritage_expanded_20260809,380,,False,,
obs2_00279,Granite of Zaer,33.39418611111111,-6.580788888888889,Rabat-Salé-Kénitra,SG,Central Massif,,,geoheritage_expanded_20260809_group_26,point,geoheritage_expanded_20260809,381,,False,,
obs2_00280,Variscan synoro genic Granite of Oulmes,33.441111111111105,-6.0525,Rabat-Salé-Kénitra,SG,Central Massif,,,geoheritage_expanded_20260809_group_26,point,geoheritage_expanded_20260809,382,,False,,
obs2_00281,Oulmes Granite and metamorphism aureole contact,33.441111111111105,-6.0525,Rabat-Salé-Kénitra,SG,Central Massif,,,geoheritage_expanded_20260809_group_26,point,geoheritage_expanded_20260809,383,,False,,
obs2_00282,The El Karit mine: fillonien complex with the Tin and tungsten,33.418055555555554,-6.1025,Rabat-Salé-Kénitra,SG,Central Massif,,,geoheritage_expanded_20260809_group_26,point,geoheritage_expanded_20260809,384,,False,,
obs2_00283,The El Karit mine: giant andalusite,33.4225,-6.101944444444444,Rabat-Salé-Kénitra,SG,Central Massif,,,geoheritage_expanded_20260809_group_26,point,geoheritage_expanded_20260809,385,,False,,
obs2_00284,Autunian fluviatile channels volcano-detritic Red serie of Souk Sebt,33.644644444444445,-6.143858333333334,Rabat-Salé-Kénitra,S,Central Massif,,,geoheritage_expanded_20260809_group_26,point,geoheritage_expanded_20260809,386,,False,,
obs2_00285,Autunian Trachy andesite of Tiddas,33.57888888888889,-6.270833333333333,Rabat-Salé-Kénitra,SG,Central Massif,,,geoheritage_expanded_20260809_group_26,point,geoheritage_expanded_20260809,387,,False,,
obs2_00286,Permian Rhyolite of Souk Sebt,33.64218611111111,-6.135827777777778,Rabat-Salé-Kénitra,SG,Central Massif,,,geoheritage_expanded_20260809_group_26,point,geoheritage_expanded_20260809,388,,False,,
obs2_00287,Triassic Basalts of Jbel Merzaga-Maaziz,33.686030555555554,-6.443472222222223,Rabat-Salé-Kénitra,SG,Central Massif,,,geoheritage_expanded_20260809_group_26,point,geoheritage_expanded_20260809,389,,False,,
obs2_00288,Upper Trias sic evaporate (gypsum) of Khemisset,33.621944444444445,-6.416666666666667,Rabat-Salé-Kénitra,SG,Central Massif,,,geoheritage_expanded_20260809_group_26,point,geoheritage_expanded_20260809,390,,False,,
obs2_00289,Visean-Miocene uncon,33.565216666666664,-6.749641666666666,Rabat-Salé-Kénitra,SG,Central Massif,,,geoheritage_expanded_20260809_group_26,point,geoheritage_expanded_20260809,391,,False,,
obs2_00290,Triassic-Miocene uncon of Maaziz,33.61027777777778,-6.405,Rabat-Salé-Kénitra,SG,Central Massif,,,geoheritage_expanded_20260809_group_26,point,geoheritage_expanded_20260809,392,,False,,
obs2_00292,Thedolerite sill of Ouzoud,32.03553888888889,-6.705880555555556,Beni Mellal-Khenifra,PT,High Atlas,32.001758333333335,-6.732091666666666,geoheritage_expanded_20260809_group_27,point,geoheritage_expanded_20260809,395,Data_generale,False,,
obs2_00293,Ouzoud waterfalls,32.015005555555554,-6.719744444444444,Beni Mellal-Khenifra,G,High Atlas,32.001758333333335,-6.732091666666666,geoheritage_expanded_20260809_group_27,point,geoheritage_expanded_20260809,396,Data_generale,False,,
obs2_00294,Ouzoud travertines,32.01728611111111,-6.722075,Beni Mellal-Khenifra,S,High Atlas,32.001758333333335,-6.732091666666666,geoheritage_expanded_20260809_group_27,point,geoheritage_expanded_20260809,397,Data_generale,False,,
obs2_00295,Estuary of Oued Tassakht,31.98703888888889,-6.702097222222222,Beni Mellal-Khenifra,H,High Atlas,32.001758333333335,-6.732091666666666,geoheritage_expanded_20260809_group_27,point,geoheritage_expanded_20260809,398,Data_generale,False,,
obs2_00296,Oued EL Abid gorges and caves,32.16708611111111,-6.259005555555556,Beni Mellal-Khenifra,G,High Atlas,32.001758333333335,-6.732091666666666,geoheritage_expanded_20260809_group_27,point,geoheritage_expanded_20260809,399,Data_generale,False,,
obs2_00297,Azilal formation intruded by Tanaghmelt sill,32.01875277777778,-6.744566666666667,Beni Mellal-Khenifra,SG&S,High Atlas,32.001758333333335,-6.732091666666666,geoheritage_expanded_20260809_group_27,point,geoheritage_expanded_20260809,400,Data_generale,False,,
obs2_00298,Zaouit Tanaghmelt,32.01884722222222,-6.736566666666667,Beni Mellal-Khenifra,R,High Atlas,32.001758333333335,-6.732091666666666,geoheritage_expanded_20260809_group_27,point,geoheritage_expanded_20260809,401,Data_generale,False,,
obs2_00299,Basaltic flows of Ouzoud,32.00188611111111,-6.746133333333334,Beni Mellal-Khenifra,PT,High Atlas,32.001758333333335,-6.732091666666666,geoheritage_expanded_20260809_group_27,point,geoheritage_expanded_20260809,402,Data_generale,False,,
obs2_00300,Ouzoud springs,31.9898,-6.71375,Beni Mellal-Khenifra,H,High Atlas,32.001758333333335,-6.732091666666666,geoheritage_expanded_20260809_group_27,point,geoheritage_expanded_20260809,403,Data_generale,False,,
obs2_00301,Gabroic Intrusion of Idemrane,32.20277777777778,-6.119999999999999,Beni Mellal-Khénifra,PT,Central High Atlas,,,geoheritage_expanded_20260809_group_28,point,geoheritage_expanded_20260809,404,,False,,
obs2_00302,Sills of Idemrane,32.275,-6.2588888888888885,Beni Mellal-Khénifra,PT,Central High Atlas,,,geoheritage_expanded_20260809_group_28,point,geoheritage_expanded_20260809,405,,False,,
obs2_00303,"Folded marly limstones of the Bine El OuidaneII
 Fm",32.26083333333333,-6.262777777777778,Beni Mellal-Khénifra,SG,Central High Atlas,,,geoheritage_expanded_20260809_group_28,point,geoheritage_expanded_20260809,406,,False,,
obs2_00304,Fossil wood of the Azilal Fm,32.27,-6.263888888888889,Beni Mellal-Khénifra,PL,Central High Atlas,,,geoheritage_expanded_20260809_group_28,point,geoheritage_expanded_20260809,407,,False,,
obs2_00305,Chaos alteration of gabbros,32.26972222222222,-6.258611111111111,Beni Mellal-Khénifra,S,Central High Atlas,,,geoheritage_expanded_20260809_group_28,point,geoheritage_expanded_20260809,408,,False,,
obs2_00306,Red facies of the Guettioua Fm,32.21472222222223,-6.222777777777778,Beni Mellal-Khénifra,S,Central High Atlas,,,geoheritage_expanded_20260809_group_28,point,geoheritage_expanded_20260809,409,,False,,
obs2_00307,Dinosaur bone deposi tat Agard-n-Sgat,32.23861111111111,-6.2283333333333335,Beni Mellal-Khénifra,PL,Central High Atlas,,,geoheritage_expanded_20260809_group_28,point,geoheritage_expanded_20260809,410,,False,,
obs2_00308,Dinosaur footprints of Ait wissadane,32.22777777777778,-6.248611111111111,Beni Mellal-Khénifra,PL,Central High Atlas,,,geoheritage_expanded_20260809_group_28,point,geoheritage_expanded_20260809,411,,False,,
obs2_00309,Basaltic flow B1,32.20722222222223,-6.256666666666667,Beni Mellal-Khénifra,PT,Central High Atlas,,,geoheritage_expanded_20260809_group_28,point,geoheritage_expanded_20260809,412,,False,,
obs2_00310,Radiating dykes Taghia-n-Ait Boulmane,32.20174444444445,-6.117430555555555,Beni Mellal-Khénifra,Mg,Central High Atlas,,,geoheritage_expanded_20260809_group_28,point,geoheritage_expanded_20260809,413,,False,,
obs2_00311,Karstic landscapes Taghia-n-Ait Boulmane,32.236644444444444,-6.119233333333333,Beni Mellal-Khénifra,G,Central High Atlas,,,geoheritage_expanded_20260809_group_28,point,geoheritage_expanded_20260809,414,,False,,
obs2_00312,Gabbroic intrusion of Taghia-n-Ait Boulmane,32.236644444444444,-6.119233333333333,Beni Mellal-Khénifra,Mg,Central High Atlas,,,geoheritage_expanded_20260809_group_28,point,geoheritage_expanded_20260809,415,,False,,
obs2_00313,Dyke of Taguelft,32.20916666666667,-6.118888888888889,Beni Mellal-Khénifra,Mg,Central High Atlas,,,geoheritage_expanded_20260809_group_28,point,geoheritage_expanded_20260809,416,,False,,
obs2_00314,Fault-fold associated with the magmatic intrusion,32.19886944444444,-6.107111111111111,Beni Mellal-Khénifra,SG,Central High Atlas,,,geoheritage_expanded_20260809_group_28,point,geoheritage_expanded_20260809,417,,False,,
obs2_00316,Travertines of Tighalghalt,32.24314444444445,-6.2370833333333335,Beni Mellal-Khénifra,K,Central High Atlas,,,geoheritage_expanded_20260809_group_28,point,geoheritage_expanded_20260809,419,,False,,
obs2_00317,Taghia-n-Ait Boulmane gorges,32.236644444444444,-6.119233333333333,Beni Mellal-Khénifra,G,Central High Atlas,,,geoheritage_expanded_20260809_group_28,point,geoheritage_expanded_20260809,420,,False,,
obs2_00318,Folded structures Taghia-n-Ait Boulmane,32.236644444444444,-6.119233333333333,Beni Mellal-Khénifra,SG,Central High Atlas,,,geoheritage_expanded_20260809_group_28,point,geoheritage_expanded_20260809,421,,False,,
obs2_00319,The community granaries of Taghia-n-Ait Boulmane,32.18385277777777,-6.095055555555556,Beni Mellal-Khénifra,C,Central High Atlas,,,geoheritage_expanded_20260809_group_28,point,geoheritage_expanded_20260809,422,,False,,
obs2_00320,"Watercourse, river, lake, dam",32.10894444444445,-6.4633416666666665,Beni Mellal-Khénifra,H,Central High Atlas,,,geoheritage_expanded_20260809_group_29,point,geoheritage_expanded_20260809,424,,False,,
obs2_00321,Dinosaur footprints,32.10691388888889,-6.458327777777778,Beni Mellal-Khénifra,PL,Central High Atlas,,,geoheritage_expanded_20260809_group_29,point,geoheritage_expanded_20260809,425,,False,,
obs2_00322,Panoramic view of the Ouaouizaght Syncline,32.13167777777778,-6.397130555555556,Beni Mellal-Khénifra,SG&S,Central High Atlas,,,geoheritage_expanded_20260809_group_29,point,geoheritage_expanded_20260809,426,,False,,
obs2_00323,Assif Assemssil Bridge,32.10832777777778,-6.472758333333333,Beni Mellal-Khénifra,H,Central High Atlas,,,geoheritage_expanded_20260809_group_29,point,geoheritage_expanded_20260809,428,,False,,
obs2_00324,Oued Ahençal river,32.069947222222225,-6.424030555555556,Beni Mellal-Khénifra,H,Central High Atlas,,,geoheritage_expanded_20260809_group_29,point,geoheritage_expanded_20260809,429,,False,,
obs2_00325,Oued el Abid Bridge,32.13381666666667,-6.311780555555555,Beni Mellal-Khénifra,S,Central High Atlas,,,geoheritage_expanded_20260809_group_29,point,geoheritage_expanded_20260809,430,,False,,
obs2_00326,Panoramic view of badlands and cuesta,32.09181944444445,-6.331558333333333,Beni Mellal-Khénifra,G,Central High Atlas,,,geoheritage_expanded_20260809_group_29,point,geoheritage_expanded_20260809,431,,False,,
obs2_00327,Ain Asserdoune-Tamgnounte,32.3241,-6.3375,Beni Mellal-Khénifra,"H,K&C",Central High Atlas,,,geoheritage_expanded_20260809_group_29,point,geoheritage_expanded_20260809,432,,False,,
obs2_00328,Moudj Canyon,32.280556,-6.2975,Beni Mellal-Khénifra,"H,K&E",Central High Atlas,,,geoheritage_expanded_20260809_group_29,point,geoheritage_expanded_20260809,434,,False,,
obs2_00329,Taghbaloute- n- Ouhlima,32.55341501,-6.01361989,Beni Mellal-Khénifra,"H,K,C&E",Central High Atlas,,,geoheritage_expanded_20260809_group_29,point,geoheritage_expanded_20260809,444,,False,,
obs2_00330,Jurassic tabular structures,32.16799722222222,-4.370661111111111,Draa-Tafilalet ,G,Central High Atlas,,,geoheritage_expanded_20260809_group_30,point,geoheritage_expanded_20260809,511,,False,,
obs2_00331,wadi Ziz canyon,32.15258333333333,-4.374058333333333,Draa-Tafilalet ,G,Central High Atlas,,,geoheritage_expanded_20260809_group_30,point,geoheritage_expanded_20260809,512,,False,,
obs2_00332,Hammat Moulay Ali Cherif,32.18263333333333,-4.367130555555555,Draa-Tafilalet ,G,Central High Atlas,,,geoheritage_expanded_20260809_group_30,point,geoheritage_expanded_20260809,513,,False,,
obs2_00333,Hassan Addakhil Dam Lake,32.02576111111111,-4.463383333333334,Draa-Tafilalet ,G,Central High Atlas,,,geoheritage_expanded_20260809_group_30,point,geoheritage_expanded_20260809,514,,False,,
obs2_00334,Tunnel Zaabel,32.171902777777774,-4.367847222222222,Draa-Tafilalet ,G,Central High Atlas,,,geoheritage_expanded_20260809_group_30,point,geoheritage_expanded_20260809,515,,False,,
obs2_00335,Ziz Valley Ait Atmane,32.08546944444445,-4.383705555555556,Draa-Tafilalet ,G,Central High Atlas,,,geoheritage_expanded_20260809_group_30,point,geoheritage_expanded_20260809,516,,False,,
obs2_00336,Waterfall,32.079752777777784,-4.375116666666666,Draa-Tafilalet ,G,Central High Atlas,,,geoheritage_expanded_20260809_group_30,point,geoheritage_expanded_20260809,517,,False,,
obs2_00337,Panoramic view from the Kettara intrusion,31.873697222222223,-8.168141666666665,Marrakech-Safi,Mg,Meseta,,,geoheritage_expanded_20260809_group_31,point,geoheritage_expanded_20260809,518,,False,,
obs2_00338,Mineralized quartz-chlorite vein cutting the schists at a low angle in the Kettara gossan,31.866136111111118,-8.177069444444443,Marrakech-Safi,M,Meseta,,,geoheritage_expanded_20260809_group_31,point,geoheritage_expanded_20260809,519,,False,,
obs2_00339,"Mineralized quartz-chlorite vein cutting the schists at a 
low angle in the Kettara gossan",31.876741666666668,-8.143633333333334,Marrakech-Safi,M,Meseta,,,geoheritage_expanded_20260809_group_31,point,geoheritage_expanded_20260809,520,,False,,
obs2_00340,"Specimen from the drill core showing a mineralized quartz-chlorite 
vein crosscut by a carbonate (CC) vein",31.877572222222224,-8.187175,Marrakech-Safi,M,Meseta,,,geoheritage_expanded_20260809_group_31,point,geoheritage_expanded_20260809,522,,False,,
obs2_00341,Intrusion affected by subvertical schistosity,31.85823888888889,-8.164880555555555,Marrakech-Safi,M,Meseta,,,geoheritage_expanded_20260809_group_31,point,geoheritage_expanded_20260809,524,,False,,
obs2_00342,Panorama of a geological succession with several uncon formities (Tahannaout; Douar Sour),31.343988888888887,-7.951219444444445,Marrakech-Safi,"S,PL&SG",Meseta,,,geoheritage_expanded_20260809_group_31,point,geoheritage_expanded_20260809,525,,False,,
obs2_00343,Normal faults with tilted blocks (Zawyat bou houta),31.330672222222223,-7.954158333333334,Marrakech-Safi,SG,Meseta,,,geoheritage_expanded_20260809_group_31,point,geoheritage_expanded_20260809,526,,False,,
obs2_00344,"Syn-sedimentary tectonic geosite: Hemigraben perched on visean basement, graben, tilted block and normal faults (Tibizzit)",31.323452777777774,-7.955347222222223,Marrakech-Safi,S&SG,Meseta,,,geoheritage_expanded_20260809_group_31,point,geoheritage_expanded_20260809,527,,False,,
obs2_00345,"Syn-sedimentary tectonic geosite of a 
normal fault (Aghzane",31.306475,-7.971997222222222,Marrakech-Safi,S&SG,Meseta,,,geoheritage_expanded_20260809_group_31,point,geoheritage_expanded_20260809,528,,False,,
obs2_00346,Moulay Brahim landscape,31.292386111111117,-7.965736111111111,Marrakech-Safi,"Mg,S,SG&C",Meseta,,,geoheritage_expanded_20260809_group_31,point,geoheritage_expanded_20260809,529,,False,,
obs2_00347,Asni anticlinorium,31.25712777777778,-7.980569444444445,Marrakech-Safi,G,Meseta,,,geoheritage_expanded_20260809_group_31,point,geoheritage_expanded_20260809,530,,False,,
obs2_00348,Imlil landscape,31.13441111111111,-7.9208944444444445,Marrakech-Safi,S&SG,Meseta,,,geoheritage_expanded_20260809_group_31,point,geoheritage_expanded_20260809,531,,False,,
obs2_00350,Aerial courses and B tree climbing in Terre d’Amanar tourist site (Tahannaout),31.345327777777776,-7.9461,Marrakech-Safi,,Meseta,,,geoheritage_expanded_20260809_group_31,point,geoheritage_expanded_20260809,534,,False,,
obs2_00351,Typical coastal cliff of the Dakhla peninsula,23.75555555555556,-15.925,Dakhla-Oued Eddahab,S,Middle Atlas,,,geoheritage_expanded_20260809_group_33,point,geoheritage_expanded_20260809,559,,False,,
obs2_00352,Dewatering fold,23.59083333333333,-15.698055555555555,Dakhla-Oued Eddahab,S,Middle Atlas,,,geoheritage_expanded_20260809_group_33,point,geoheritage_expanded_20260809,564,,False,,
obs2_00353,Neptunian dyke in the Izik deposits,23.59083333333333,-15.698055555555555,Dakhla-Oued Eddahab,S,Middle Atlas,,,geoheritage_expanded_20260809_group_33,point,geoheritage_expanded_20260809,565,,False,,
obs2_00354,Shark tooth,23.59083333333333,-15.698055555555555,Dakhla-Oued Eddahab,PL,Middle Atlas,,,geoheritage_expanded_20260809_group_33,point,geoheritage_expanded_20260809,566,,False,,
obs2_00355,Miocene-Pliocene succession,23.59083333333333,-15.698055555555555,Dakhla-Oued Eddahab,S,Middle Atlas,,,geoheritage_expanded_20260809_group_33,point,geoheritage_expanded_20260809,567,,False,,
obs2_00356,Neolithic engravings on Lower Cretaceous sandstones,23.326666666666668,-15.23277777777778,Dakhla-Oued Eddahab,"S,SG&C",Middle Atlas,,,geoheritage_expanded_20260809_group_33,point,geoheritage_expanded_20260809,568,,False,,
obs2_00357,Rounded hills of nepheline syenite,22.55027777777778,-14.317222222222222,Dakhla-Oued Eddahab,Me&Mg,Middle Atlas,,,geoheritage_expanded_20260809_group_33,point,geoheritage_expanded_20260809,571,,False,,
obs2_00358,Magmatic lineation,22.55027777777778,-14.317222222222222,Dakhla-Oued Eddahab,Me&Mg,Middle Atlas,,,geoheritage_expanded_20260809_group_33,point,geoheritage_expanded_20260809,572,,False,,
obs2_00359,Dliyat N’sour migmatite with large basic blocks crosscut by granite veins,22.59777777777777,-14.4025,Dakhla-Oued Eddahab,"Me,Pt&SG",Middle Atlas,,,geoheritage_expanded_20260809_group_33,point,geoheritage_expanded_20260809,573,,False,,
obs2_00360,Awsard panorama,22.627222222222223,-14.408055555555556,Dakhla-Oued Eddahab,SG,Middle Atlas,,,geoheritage_expanded_20260809_group_33,point,geoheritage_expanded_20260809,574,,False,,
obs2_00375,Laglat mica-schists showing superimposed structures,22.612222222222226,-14.4825,Dakhla-Oued Eddahab,SG,Middle Atlas,,,geoheritage_expanded_20260809_group_33,point,geoheritage_expanded_20260809,589,,False,,
obs2_00376,Accident of Izelfane,33.357055555555554,-4.04425,,SG,Middle Atlas,,,geoheritage_expanded_20260809_group_34,point,geoheritage_expanded_20260809,590,,False,,
obs2_00377,Fossils of Ighzer Izelfane,33.35788888888889,-4.029638888888889,,PL,Middle Atlas,,,geoheritage_expanded_20260809_group_34,point,geoheritage_expanded_20260809,591,,False,,
obs2_00378,Diapir of Tittaouine,33.36786111111111,-4.016694444444444,,SG,Middle Atlas,,,geoheritage_expanded_20260809_group_34,point,geoheritage_expanded_20260809,592,,False,,
obs2_00379,Salt mine of Tittaouine,33.373,-4.017944444444445,,GM,Middle Atlas,,,geoheritage_expanded_20260809_group_34,point,geoheritage_expanded_20260809,593,,False,,
obs2_00380,Tittaouine Spring,33.374611111111115,-4.021222222222222,,H,Middle Atlas,,,geoheritage_expanded_20260809_group_34,point,geoheritage_expanded_20260809,594,,False,,
obs2_00381,Jbel Aghanja’s fold,33.378861111111114,-4.010527777777778,,SG,Middle Atlas,,,geoheritage_expanded_20260809_group_34,point,geoheritage_expanded_20260809,595,,False,,
obs2_00382,Kardoud and Abdel Ali springs,33.32016666666667,-3.916833333333333,,H,Middle Atlas,,,geoheritage_expanded_20260809_group_34,point,geoheritage_expanded_20260809,596,,False,,
obs2_00383,Calcite quarry,33.47083333333334,-3.963638888888889,,GM,Middle Atlas,,,geoheritage_expanded_20260809_group_34,point,geoheritage_expanded_20260809,597,,False,,
obs2_00384,Sauropod footprints,33.480222222222224,-4.02375,,PL,Middle Atlas,,,geoheritage_expanded_20260809_group_34,point,geoheritage_expanded_20260809,598,,False,,
obs2_00385,Jbel Bou Naceur,33.570750000000004,-3.888,,SG,Middle Atlas,,,geoheritage_expanded_20260809_group_34,point,geoheritage_expanded_20260809,599,,False,,
obs2_00386,Ain Jdid,33.48630555555555,-3.8171388888888886,,H,Middle Atlas,,,geoheritage_expanded_20260809_group_34,point,geoheritage_expanded_20260809,600,,False,,
obs2_00387,Late Precambrian rhyolites of Sidi Daoui,33.233333333333334,-8.5,Doukkala-Abda,Pt,Meseta,,,geoheritage_expanded_20260809_group_35,point,geoheritage_expanded_20260809,601,,False,,
obs2_00388,Jbel Irhoud,31.913833333333333,-8.838466666666667,Doukkala-Abda,"PL,St&T",Meseta,,,geoheritage_expanded_20260809_group_35,point,geoheritage_expanded_20260809,602,,False,,
obs2_00389,Sidi Bouzid escarpment,32.30027777777777,-9.251111111111111,Doukkala-Abda,PL&St,Meseta,,,geoheritage_expanded_20260809_group_35,point,geoheritage_expanded_20260809,605,,False,,
obs2_00390,Consolidated and unconsolidated dunes,32.718491666666665,-9.061522222222225,Doukkala-Abda,G,Meseta,,,geoheritage_expanded_20260809_group_35,point,geoheritage_expanded_20260809,607,,False,,
obs2_00391,ElGoraan cave,32.5575,-9.254166666666666,Doukkala-Abda,GM,Meseta,,,geoheritage_expanded_20260809_group_35,point,geoheritage_expanded_20260809,608,,False,,
obs2_00392,Oualidia caves,32.75201388888889,-9.012411111111112,Doukkala-Abda,GM,Meseta,,,geoheritage_expanded_20260809_group_35,point,geoheritage_expanded_20260809,610,,False,,
obs2_00393,Oualidia Lagoon,32.73180555555555,-8.961111111111112,Doukkala-Abda,E,Meseta,,,geoheritage_expanded_20260809_group_35,interval,geoheritage_expanded_20260809,611,,False,,
obs2_00394,Sidi Moussa Lagoon,32.86666666666667,-8.851388888888888,Doukkala-Abda,E,Meseta,,,geoheritage_expanded_20260809_group_35,point,geoheritage_expanded_20260809,612,,False,,
obs2_00395,Zima Lake,32.080000000000005,-8.66,Doukkala-Abda,E,Meseta,,,geoheritage_expanded_20260809_group_35,point,geoheritage_expanded_20260809,613,,False,,
obs2_00397,Boulemane,33.364444444444445,-4.7225,,G&SG,Middle Atlas,,,geoheritage_expanded_20260809_group_36,point,geoheritage_expanded_20260809,615,,False,,
obs2_00398,Guigou valley,33.40472222222222,-4.721111111111111,,G&St,Middle Atlas,,,geoheritage_expanded_20260809_group_36,point,geoheritage_expanded_20260809,616,,False,,
obs2_00399,Guigou valley,33.46083333333333,-4.6725,,Pt,Middle Atlas,,,geoheritage_expanded_20260809_group_36,point,geoheritage_expanded_20260809,617,,False,,
obs2_00400,Taferdoust,33.47361111111111,-4.654444444444445,,G&I,Middle Atlas,,,geoheritage_expanded_20260809_group_36,point,geoheritage_expanded_20260809,618,,False,,
obs2_00401,Taghrout,33.48305555555556,-4.6075,,"G,St&SG",Middle Atlas,,,geoheritage_expanded_20260809_group_36,point,geoheritage_expanded_20260809,619,,False,,
obs2_00402,Anchrif,33.48222222222223,-4.61888888888889,,PL,Middle Atlas,,,geoheritage_expanded_20260809_group_36,point,geoheritage_expanded_20260809,620,,False,,
obs2_00403,Skoura,33.51611111111111,-4.539722222222222,,"H,S&G",Middle Atlas,,,geoheritage_expanded_20260809_group_36,point,geoheritage_expanded_20260809,621,,False,,
obs2_00404,Tadaout,33.51916666666666,-4.055555555555555,,St,Middle Atlas,,,geoheritage_expanded_20260809_group_36,point,geoheritage_expanded_20260809,622,,False,,
obs2_00406,El Mers,33.44444444444444,-4.45,,PL&I,Middle Atlas,,,geoheritage_expanded_20260809_group_36,point,geoheritage_expanded_20260809,625,,False,,
obs2_00407,The flute casts of Punta Cires,35.90525555555556,-5.481886111111111, Tanger-Tétouan-Al Hoceïma,S,Rif,35.9,-5.4167,geoheritage_expanded_20260809_group_37,point,geoheritage_expanded_20260809,626,legend_lookup,False,,Report-documented reclassification (geosite_phase2_report_fr.tex:290): national model predicted Moderee/Difficile (regional Rif roughness R=263.5); field route-time check found 8min/2.7km piste drive Belyounech->Jbel Moussa forest (vs 1h05/4.1km on foot) -> reclassified Facile. Old category (source CSV): Difficile (Difficult). New category: Facile.
obs2_00408,Talaat Lakraa mixed flysch,35.82940000000001,-5.715833333333333, Tanger-Tétouan-Al Hoceïma,G,Rif,35.9,-5.4167,geoheritage_expanded_20260809_group_37,point,geoheritage_expanded_20260809,629,legend_lookup,False,,
obs2_00409,Beni Ider of Sidi Kankouch,35.83153055555556,-5.704813888888889, Tanger-Tétouan-Al Hoceïma,S,Rif,35.9,-5.4167,geoheritage_expanded_20260809_group_37,point,geoheritage_expanded_20260809,630,legend_lookup,False,,
obs2_00410,The Upper Cretaceous of the Beni Ider nappe and the Italian Castle,35.79333055555556,-5.8261416666666666, Tanger-Tétouan-Al Hoceïma,S&SG,Rif,35.9,-5.4167,geoheritage_expanded_20260809_group_37,point,geoheritage_expanded_20260809,632,legend_lookup,False,,
obs2_00411,Phoenician Necropolises and the Numidian,35.78498611111111,-5.929822222222223, Tanger-Tétouan-Al Hoceïma,GeC,Rif,35.9,-5.4167,geoheritage_expanded_20260809_group_37,point,geoheritage_expanded_20260809,633,legend_lookup,False,,
obs2_00412,The Numidian of Cap Spartel,35.79096111111111,-5.923911111111112, Tanger-Tétouan-Al Hoceïma,S,Rif,35.9,-5.4167,geoheritage_expanded_20260809_group_37,point,geoheritage_expanded_20260809,634,legend_lookup,False,,
obs2_00413,Achakar calcarenites,35.77959722222222,-5.930925, Tanger-Tétouan-Al Hoceïma,G,Rif,35.9,-5.4167,geoheritage_expanded_20260809_group_37,point,geoheritage_expanded_20260809,635,legend_lookup,False,,
obs2_00414,Grotte Hercule,35.75993611111111,-5.939444444444445, Tanger-Tétouan-Al Hoceïma,G,Rif,35.9,-5.4167,geoheritage_expanded_20260809_group_37,point,geoheritage_expanded_20260809,636,legend_lookup,False,,
obs2_00415,"Ain Asserdoune,  Béni Mellal city",32.3241,-6.3375,Béni Mellal-Khénifra,"H,G,K, C&Ec",Middle Atlas,,,geoheritage_expanded_20260809_group_38,point,geoheritage_expanded_20260809,637,,False,,
obs2_00416,"Taghbaloute-n- Ouhlima, El Ksiba city",32.55341501,-6.01361989,Béni Mellal-Khénifra,"H,K,C&E",Middle Atlas,,,geoheritage_expanded_20260809_group_38,point,geoheritage_expanded_20260809,638,,False,,
obs2_00417,"Ain Tamda,  Zaouit Cheikh city",32.64057778,-5.91269444,Béni Mellal-Khénifra,"K,H,C&A",Middle Atlas,,,geoheritage_expanded_20260809_group_38,point,geoheritage_expanded_20260809,639,,False,,
obs2_00418,"Sources d’Ouchrah, Tagzirte",32.42897599,-6.170837578,Béni Mellal-Khénifra,"G,K,H,E,C&R",Middle Atlas,,,geoheritage_expanded_20260809_group_38,point,geoheritage_expanded_20260809,640,,False,,
obs2_00419,"Jbel Taçmit, Foum El Ancer",32.29302956,-6.214958909,Béni Mellal-Khénifra,"H,K&C",Middle Atlas,,,geoheritage_expanded_20260809_group_38,point,geoheritage_expanded_20260809,641,,False,,
obs2_00420,"Canyon Moudj, Foum El Ancer",32.280556,-6.2975,Béni Mellal-Khénifra,"H,K&E",Middle Atlas,,,geoheritage_expanded_20260809_group_38,point,geoheritage_expanded_20260809,642,,False,,
obs2_00421,Bine El Ouidane dam anchored in massive oncolithic limestones of the Fm BI,32.10894444444445,-6.4633416666666665,Béni Mellal-Khénifra,H,Central High Atlas,,,geoheritage_expanded_20260809_group_39,point,geoheritage_expanded_20260809,643,,False,,
obs2_00422,"Panoramic view on the Tadla plain and the Afourer
 pumped storage power station (PSPS)",32.10894444444445,-6.4633416666666665,Béni Mellal-Khénifra,H,Central High Atlas,,,geoheritage_expanded_20260809_group_39,point,geoheritage_expanded_20260809,644,,False,,
obs2_00423,"Rhynchonella-type brachiopods and big gasteropds ( marl-limestones of Fm
 BII)",32.10691388888889,-6.458327777777778,Béni Mellal-Khénifra,PL,Central High Atlas,,,geoheritage_expanded_20260809_group_39,point,geoheritage_expanded_20260809,645,,False,,
obs2_00424,"Overfold affecting the marl-limestones of Fm
 BII",32.10691388888889,-6.458327777777778,Béni Mellal-Khénifra,SG,Central High Atlas,,,geoheritage_expanded_20260809_group_39,point,geoheritage_expanded_20260809,646,,False,,
obs2_00425,"Large lamellibranchs, gasteropods, and polypiers  (marl-limestones of Fm BII)",32.10691388888889,-6.458327777777778,Béni Mellal-Khénifra,PL,Central High Atlas,,,geoheritage_expanded_20260809_group_39,point,geoheritage_expanded_20260809,647,,False,,
obs2_00426,Massive oncolitic limestones of Fm BIII ( beginning of Middle-Upper regression),32.106411111111115,-6.451858333333334,Béni Mellal-Khénifra,PL,Central High Atlas,,,geoheritage_expanded_20260809_group_39,point,geoheritage_expanded_20260809,648,,False,,
obs2_00427,"Black limestone beds of Fm BII with large ammonites  lamellibranchs, gasteropods, and polypiers",32.10691388888889,-6.458327777777778,Béni Mellal-Khénifra,PL,Central High Atlas,,,geoheritage_expanded_20260809_group_39,point,geoheritage_expanded_20260809,649,,False,,
obs2_00428,Passage of the marine carbonate deposits from FmBIII to the red layers (Middle and Upper Jurassic regression),32.106902777777776,-6.447197222222222,Béni Mellal-Khénifra,S,Central High Atlas,,,geoheritage_expanded_20260809_group_39,point,geoheritage_expanded_20260809,650,,False,,
obs2_00429,Footprints of Theropod & Sauropod dinosaurs ( Saurischia dinosaurs) in silt beds of Bathonian-age (165 Ma),32.106902777777776,-6.447197222222222,Béni Mellal-Khénifra,PL,Central High Atlas,,,geoheritage_expanded_20260809_group_39,point,geoheritage_expanded_20260809,651,,False,,
obs2_00430,YellowishTilouguite Fm of Upper Bajocian-Lower Bathonian age,32.106902777777776,-6.447197222222222,Béni Mellal-Khénifra,S,Central High Atlas,,,geoheritage_expanded_20260809_group_39,point,geoheritage_expanded_20260809,652,,False,,
obs2_00431,The first basalt flow (the major effusive event of Middle Jurassic),32.11295555555556,-6.4165833333333335,Béni Mellal-Khénifra,St,Central High Atlas,,,geoheritage_expanded_20260809_group_39,point,geoheritage_expanded_20260809,653,,False,,
obs2_00432,Panoramic view of the Ouaouizaght syncline (Cretaceous formation),32.13167777777778,-6.397130555555556,Béni Mellal-Khénifra,S&St,Central High Atlas,,,geoheritage_expanded_20260809_group_39,point,geoheritage_expanded_20260809,654,,False,,
obs2_00433,Gypsum of the Iouaridene Fm of Lower Barremian (sabkha environment),32.13381666666667,-6.311780555555555,Béni Mellal-Khénifra,S,Central High Atlas,,,geoheritage_expanded_20260809_group_39,point,geoheritage_expanded_20260809,655,,False,,
obs2_00434,Euphorbia resinifiera (in Arabic Zakoum) couvering  the Iouardene Fm,32.13381666666667,-6.311780555555555,Béni Mellal-Khénifra,S,Central High Atlas,,,geoheritage_expanded_20260809_group_39,point,geoheritage_expanded_20260809,656,,False,,
obs2_00435,The basaltic flow B2  (The Major effusive Upper Barremian event),32.13381666666667,-6.311780555555555,Béni Mellal-Khénifra,Mg,Central High Atlas,,,geoheritage_expanded_20260809_group_39,point,geoheritage_expanded_20260809,657,,False,,
obs2_00436,Mio-Pliocene alluvial terraces,32.13302222222222,-6.300258333333333,Béni Mellal-Khénifra,H,Central High Atlas,,,geoheritage_expanded_20260809_group_39,point,geoheritage_expanded_20260809,658,,False,,
obs2_00437,The acted conglomerates deposited by the ancient Oued El Abid River,32.13302222222222,-6.300258333333333,Béni Mellal-Khénifra,H,Central High Atlas,,,geoheritage_expanded_20260809_group_39,point,geoheritage_expanded_20260809,659,,False,,
obs2_00438,The spectacular land scapes overlooking the entire Bine El Ouidane dam are panoramic,32.09181944444445,-6.331558333333333,Béni Mellal-Khénifra,H,Central High Atlas,,,geoheritage_expanded_20260809_group_39,point,geoheritage_expanded_20260809,660,,False,,
obs2_00439,"Red layers, layers of gypsum, interstratified basalt flow B2",32.13644722222222,-6.303011111111111,Béni Mellal-Khénifra,S&Mg,Central High Atlas,,,geoheritage_expanded_20260809_group_39,point,geoheritage_expanded_20260809,661,,False,,
obs2_00440,Houses and the granaries cover the sum mits of the red brick hills surrounding the lake,32.13279722222222,-6.330252777777778,Béni Mellal-Khénifra,C&Ar,Central High Atlas,,,geoheritage_expanded_20260809_group_39,point,geoheritage_expanded_20260809,662,,False,,
obs2_00441,Silty and sandstone strata tracks of footprints of theropod and sauropod dinosaurs,32.112341666666666,-6.340222222222222,Béni Mellal-Khénifra,St&PL,Central High Atlas,,,geoheritage_expanded_20260809_group_39,point,geoheritage_expanded_20260809,663,,False,,
obs2_00442,Cross-stratification and current ripples) of Guettioua and Jbel Sidal Fms,32.083733333333335,-6.307263888888889,Béni Mellal-Khénifra,S,Central High Atlas,,,geoheritage_expanded_20260809_group_39,point,geoheritage_expanded_20260809,664,,False,,
obs2_00443,"Beautiful views of the lake, the outlet and the meanders of Ahansal river",32.069947222222225,-6.424030555555556,Béni Mellal-Khénifra,,Central High Atlas,,,geoheritage_expanded_20260809_group_39,point,geoheritage_expanded_20260809,665,,False,,
obs2_00444,Panoramic view of the meanders,32.069947222222225,-6.424030555555556,Béni Mellal-Khénifra,,Central High Atlas,,,geoheritage_expanded_20260809_group_39,point,geoheritage_expanded_20260809,666,,False,,
obs2_00445,Continental Guettioua Fm on the marine Fm BIII with a gap in the Tilougite Fm,32.069947222222225,-6.424030555555556,Béni Mellal-Khénifra,St,Central High Atlas,,,geoheritage_expanded_20260809_group_39,point,geoheritage_expanded_20260809,667,,False,,
obs2_00446,Coffee built on the massive limestone of BIII,32.069947222222225,-6.424030555555556,Béni Mellal-Khénifra,Ar,Central High Atlas,,,geoheritage_expanded_20260809_group_39,point,geoheritage_expanded_20260809,668,,False,,
obs2_00447,"Hotels, chalets and guest houses, coffee shop, and restaurants",32.10832777777778,-6.472758333333333,Béni Mellal-Khénifra,Ar,Central High Atlas,,,geoheritage_expanded_20260809_group_39,point,geoheritage_expanded_20260809,669,,False,,
obs2_00448,Cavities and caves  on the left bank of the Assif Assemsil,32.10832777777778,-6.472758333333333,Béni Mellal-Khénifra,K,Central High Atlas,,,geoheritage_expanded_20260809_group_39,point,geoheritage_expanded_20260809,670,,False,,
obs2_00449,Deep gorges in Fm BIII limestones from the Assif Assemssil river,32.08027777777778,-6.46,Béni Mellal-Khénifra,,Central High Atlas,,,geoheritage_expanded_20260809_group_39,point,geoheritage_expanded_20260809,671,,False,,
obs2_00450,Troglodyte construction of the Ait Aloui and Ait Izza douars,32.08524444444445,-6.443269444444445,Béni Mellal-Khénifra,C&Ar,Central High Atlas,,,geoheritage_expanded_20260809_group_39,point,geoheritage_expanded_20260809,672,,False,,
obs2_00451,Spring of Ain Asserdoune,32.325138888888894,-6.335702777777778,Béni Mellal-Khénifra,"H,K&R",Central High Atlas,,,geoheritage_expanded_20260809_group_40,point,geoheritage_expanded_20260809,677,,False,,
obs2_00452,Spring of Ain El Ghazi,32.32443055555556,-6.316886111111111,Béni Mellal-Khénifra,"H,K&R",Central High Atlas,,,geoheritage_expanded_20260809_group_40,point,geoheritage_expanded_20260809,678,,False,,
obs2_00453,Karren Moudj,32.27661944444444,-6.287808333333333,Béni Mellal-Khénifra,"H,K&R",Central High Atlas,,,geoheritage_expanded_20260809_group_40,point,geoheritage_expanded_20260809,679,,False,,
obs2_00454,Canyon of Hansala,32.37435833333333,-6.143083333333334,Béni Mellal-Khénifra,,Central High Atlas,,,geoheritage_expanded_20260809_group_40,point,geoheritage_expanded_20260809,680,,False,,
obs2_00455,Canyon of Moudj,32.28550833333333,-6.316947222222222,Béni Mellal-Khénifra,,Central High Atlas,,,geoheritage_expanded_20260809_group_40,point,geoheritage_expanded_20260809,681,,False,,
obs2_00456,Timskar Waterfalls,32.28123611111111,-6.265222222222223,Béni Mellal-Khénifra,,Central High Atlas,,,geoheritage_expanded_20260809_group_40,point,geoheritage_expanded_20260809,682,,False,,
obs2_00457,Tazerkount ruiniformes landscapes,32.190777777777775,-6.517761111111111,Béni Mellal-Khénifra,K,Central High Atlas,,,geoheritage_expanded_20260809_group_40,point,geoheritage_expanded_20260809,683,,False,,
obs2_00458,Ruiniformes Landscapes of Oribaa,32.30911666666666,-6.353455555555556,Béni Mellal-Khénifra,K,Central High Atlas,,,geoheritage_expanded_20260809_group_40,point,geoheritage_expanded_20260809,684,,False,,
obs2_00459,Caves of Orbiaa,32.306713888888886,-6.336480555555555,Béni Mellal-Khénifra,K,Central High Atlas,,,geoheritage_expanded_20260809_group_40,point,geoheritage_expanded_20260809,685,,False,,
obs2_00460,Caves of Ain El ghazi,32.33271388888889,-6.310772222222222,Béni Mellal-Khénifra,K,Central High Atlas,,,geoheritage_expanded_20260809_group_40,point,geoheritage_expanded_20260809,686,,False,,
obs2_00461,Ain Orbiaa,32.30702222222222,-6.350052777777777,Béni Mellal-Khénifra,,Central High Atlas,,,geoheritage_expanded_20260809_group_40,point,geoheritage_expanded_20260809,687,,False,,
obs2_00462,Ruiniformes Landscapes of Tassemit,32.29003055555555,-6.271786111111111,Béni Mellal-Khénifra,K,Central High Atlas,,,geoheritage_expanded_20260809_group_40,point,geoheritage_expanded_20260809,688,,False,,
obs2_00463,Travertines of El Ksiba,32.56476388888888,-6.017641666666667,Béni Mellal-Khénifra,K,Central High Atlas,,,geoheritage_expanded_20260809_group_40,point,geoheritage_expanded_20260809,689,,False,,
obs2_00464,Panoramic view of rurate,32.18103055555555,-6.519197222222222,Béni Mellal-Khénifra,"H,K&R",Central High Atlas,,,geoheritage_expanded_20260809_group_40,point,geoheritage_expanded_20260809,690,,False,,
obs2_00465,Spring of Tamoudjout,32.49888055555556,-6.146663888888889,Béni Mellal-Khénifra,"H,K&R",Central High Atlas,,,geoheritage_expanded_20260809_group_40,point,geoheritage_expanded_20260809,691,,False,,
obs2_00466,Spring of Ouchrah,32.429205555555555,-6.170663888888889,Béni Mellal-Khénifra,"H,K&R",Central High Atlas,,,geoheritage_expanded_20260809_group_40,point,geoheritage_expanded_20260809,692,,False,,
obs2_00467,Panoramic view of   Beni Mellal city,32.32462777777778,-6.337727777777777,Béni Mellal-Khénifra,G,Central High Atlas,,,geoheritage_expanded_20260809_group_40,point,geoheritage_expanded_20260809,693,,False,,
obs2_00468,Caves of the cliffs of Timoulilte,32.20083611111112,-6.4307138888888895,Béni Mellal-Khénifra,K,Central High Atlas,,,geoheritage_expanded_20260809_group_40,point,geoheritage_expanded_20260809,694,,False,,
obs2_00469,Cave of the cliffs of Tanougha,32.49078888888889,-6.135119444444445,Béni Mellal-Khénifra,K,Central High Atlas,,,geoheritage_expanded_20260809_group_40,point,geoheritage_expanded_20260809,695,,False,,
obs2_00470,Cave of Foum El Ancer,32.370697222222226,-6.248286111111111,Béni Mellal-Khénifra,K,Central High Atlas,,,geoheritage_expanded_20260809_group_40,point,geoheritage_expanded_20260809,696,,False,,
obs2_00471,Sebkha Talaklekt,21.578180555555555,-15.657905555555557,,,Sahara and Meseta,,,geoheritage_expanded_20260809_group_44,point,geoheritage_expanded_20260809,742,,False,,
obs2_00472,Sebkhet Dkhayla,21.753644444444443,-16.876597222222223,,,Sahara and Meseta,,,geoheritage_expanded_20260809_group_44,point,geoheritage_expanded_20260809,743,,False,,
obs2_00473,Sebkhat Fares,22.41135833333333,-16.41094722222222,,,Sahara and Meseta,,,geoheritage_expanded_20260809_group_44,point,geoheritage_expanded_20260809,744,,False,,
obs2_00474,Sebkha of Imili,23.11620555555556,-16.093491666666665,,,Sahara and Meseta,,,geoheritage_expanded_20260809_group_44,point,geoheritage_expanded_20260809,745,,False,,
obs2_00475,Sebkhat Ad-Dam,23.863325,-15.676680555555556,,,Sahara and Meseta,,,geoheritage_expanded_20260809_group_44,point,geoheritage_expanded_20260809,746,,False,,
obs2_00476,Sebkha of Skaymate,24.54140555555556,-14.960672222222222,,,Sahara and Meseta,,,geoheritage_expanded_20260809_group_44,point,geoheritage_expanded_20260809,747,,False,,
obs2_00477,Sebkhat Aridal,26.268966666666667,-14.195486111111112,,,Sahara and Meseta,,,geoheritage_expanded_20260809_group_44,point,geoheritage_expanded_20260809,748,,False,,
obs2_00478,Sebkha Oum Dba,27.8315,-12.93711388888889,,,Sahara and Meseta,,,geoheritage_expanded_20260809_group_44,point,geoheritage_expanded_20260809,749,,False,,
obs2_00479,Sebkha Tizfourine,27.873752777777774,-12.786202777777778,,,Sahara and Meseta,,,geoheritage_expanded_20260809_group_44,point,geoheritage_expanded_20260809,750,,False,,
obs2_00480,Sebkha Tah,27.7551,-12.71916388888889,,,Sahara and Meseta,,,geoheritage_expanded_20260809_group_44,point,geoheritage_expanded_20260809,751,,False,,
obs2_00481,Sebkha Tazgha,27.994019444444444,-12.268030555555557,,,Sahara and Meseta,,,geoheritage_expanded_20260809_group_44,point,geoheritage_expanded_20260809,752,,False,,
obs2_00482,Sebkha Lahmira,28.138022222222222,-11.808975,,,Sahara and Meseta,,,geoheritage_expanded_20260809_group_44,point,geoheritage_expanded_20260809,753,,False,,
obs2_00483,Sebkha Zima,31.91809444444445,-9.11181388888889,,,Sahara and Meseta,,,geoheritage_expanded_20260809_group_44,point,geoheritage_expanded_20260809,754,,False,,
obs2_00484,Sebkha Lamhaguen,27.85493055555556,-12.649913888888888,,,Sahara and Meseta,,,geoheritage_expanded_20260809_group_44,point,geoheritage_expanded_20260809,755,,False,,
obs2_00485,Ali Thilat Dam,35.23120494693842,-5.299523468638417,Tanger-Al Hoceima,,Rif,,,geoheritage_expanded_20260809_group_45,point,geoheritage_expanded_20260809,756,,True,,
obs2_00486,Quarry of blocks,35.241841890628514,-5.303685066721016,Tanger-Al Hoceima,,Rif,,,geoheritage_expanded_20260809_group_45,point,geoheritage_expanded_20260809,757,,True,,
obs2_00488,Talâat Adrhosse Klippe,35.27655286728575,-5.21970167197663,Tanger-Al Hoceima,,Rif,,,geoheritage_expanded_20260809_group_45,point,geoheritage_expanded_20260809,759,,True,,
obs2_00489,Oued Laou Gorge,35.27997830780459,-5.233760827936141,Tanger-Al Hoceima,,Rif,,,geoheritage_expanded_20260809_group_45,point,geoheritage_expanded_20260809,760,,True,,
obs2_00490,Ibouharen Fold,35.29766902507748,-5.22162465373422,Tanger-Al Hoceima,,Rif,,,geoheritage_expanded_20260809_group_45,point,geoheritage_expanded_20260809,761,,True,,
obs2_00491,Tirinesse Basin,35.3200789984599,-5.175609833466769,Tanger-Al Hoceima,,Rif,,,geoheritage_expanded_20260809_group_45,point,geoheritage_expanded_20260809,762,,True,,
obs2_00492,Koudiat Achacha,35.32758306567867,-5.190214128354176,Tanger-Al Hoceima,,Rif,,,geoheritage_expanded_20260809_group_45,point,geoheritage_expanded_20260809,763,,True,,
obs2_00493,Talambote bad lands,35.25514905973631,-5.194830135719653,Tanger-Al Hoceima,,Rif,,,geoheritage_expanded_20260809_group_45,point,geoheritage_expanded_20260809,764,,True,,
obs2_00494,Talambote Thrusting,35.24874520907014,-5.180641425952474,Tanger-Al Hoceima,,Rif,,,geoheritage_expanded_20260809_group_45,point,geoheritage_expanded_20260809,765,,True,,
obs2_00495,Akchour landslide,35.27654815182145,-5.21640500663741,Tanger-Al Hoceima,,Rif,,,geoheritage_expanded_20260809_group_45,point,geoheritage_expanded_20260809,766,,True,,
obs2_00496,Akchour Dam,35.23816699846036,-5.176274938018656,Tanger-Al Hoceima,,Rif,,,geoheritage_expanded_20260809_group_45,point,geoheritage_expanded_20260809,767,,True,,
obs2_00497,Sidi Abdel Hamid Ecomuseum,35.17232940013272,-5.268751286983315,Tanger-Al Hoceima,,Rif,,,geoheritage_expanded_20260809_group_45,point,geoheritage_expanded_20260809,768,,True,,
obs2_00498,Sidi Abdel Hamid Lookout,35.17314093736768,-5.269189069131,Tanger-Al Hoceima,,Rif,,,geoheritage_expanded_20260809_group_45,point,geoheritage_expanded_20260809,769,,True,,
obs2_00499,Ras el Ma Spring,35.16600615924551,-5.255152305519151,Tanger-Al Hoceima,,Rif,,,geoheritage_expanded_20260809_group_45,point,geoheritage_expanded_20260809,770,,True,,
obs2_00500,Bab Taza Phtanites,35.064510140672404,-5.181156471058046,Tanger-Al Hoceima,,Rif,,,geoheritage_expanded_20260809_group_45,point,geoheritage_expanded_20260809,771,,True,,
obs2_00501,Bouhala Landslice,35.067631809824846,-5.139897857287812,Tanger-Al Hoceima,,Rif,,,geoheritage_expanded_20260809_group_45,point,geoheritage_expanded_20260809,772,,True,,
obs2_00502,Chrafate Spring,35.0841271788377,-5.0815068304971005,Tanger-Al Hoceima,,Rif,,,geoheritage_expanded_20260809_group_45,point,geoheritage_expanded_20260809,773,,True,,
obs2_00503,Chrafate Alluvial Fan,35.06616213256105,-5.106566894215781,Tanger-Al Hoceima,,Rif,,,geoheritage_expanded_20260809_group_45,point,geoheritage_expanded_20260809,774,,True,,
obs2_00505,Ametrasse fallen blocks,35.07907970516082,-5.08136111904997,Tanger-Al Hoceima,,Rif,,,geoheritage_expanded_20260809_group_45,point,geoheritage_expanded_20260809,776,,True,,
obs2_00506,Jbel Chrafate Panorama,35.0790706925359,-5.081361152532858,Tanger-Al Hoceima,,Rif,,,geoheritage_expanded_20260809_group_45,point,geoheritage_expanded_20260809,777,,True,,
obs2_00507,Ametrasse Tertiary Fm Succession,35.10315343199355,-4.987769151671308,Tanger-Al Hoceima,,Rif,,,geoheritage_expanded_20260809_group_45,point,geoheritage_expanded_20260809,778,,True,,
obs2_00508,Koudiat Sbaâ Panorama,35.06633352933115,-5.040103522290227,Tanger-Al Hoceima,,Rif,,,geoheritage_expanded_20260809_group_45,point,geoheritage_expanded_20260809,779,,True,,
obs2_00509,Raghdat Southern entry of TNP,35.09006160553466,-5.156661160915913,Tanger-Al Hoceima,,Rif,,,geoheritage_expanded_20260809_group_45,point,geoheritage_expanded_20260809,780,,True,,
obs2_00510,Jbel Bou Slimane Panorama,35.12139744629058,-5.133855304695491,Tanger-Al Hoceima,,Rif,,,geoheritage_expanded_20260809_group_45,point,geoheritage_expanded_20260809,781,,True,,
obs2_00512,Oued Tassikisste Gorge,35.38722714629003,-5.208409912947649,Tanger-Al Hoceima,,Rif,,,geoheritage_expanded_20260809_group_45,point,geoheritage_expanded_20260809,783,,True,,
obs2_00513,Jbel Kelti Panorama,35.0841271788377,-5.0815068304971005,Tanger-Al Hoceima,,Rif,,,geoheritage_expanded_20260809_group_45,point,geoheritage_expanded_20260809,784,,True,,
obs2_00514,Raghdat Aremlal,35.358129708859586,-5.314113362471088,Tanger-Al Hoceima,,Rif,,,geoheritage_expanded_20260809_group_45,point,geoheritage_expanded_20260809,785,,True,,
obs2_00515,Pont de Dieu and Farda River,35.20870299058353,-5.178767577214994,Tanger-Al Hoceima,,Rif,,,geoheritage_expanded_20260809_group_45,point,geoheritage_expanded_20260809,786,,True,,
obs2_00516,Oued El Kelaa Gorge and waterfall,35.20843181074154,-5.131553454074437,Tanger-Al Hoceima,,Rif,,,geoheritage_expanded_20260809_group_45,point,geoheritage_expanded_20260809,787,,True,,
obs2_00517,Tissimlane cherty limestone,35.18050250402973,-5.236928591978081,Tanger-Al Hoceima,,Rif,,,geoheritage_expanded_20260809_group_45,point,geoheritage_expanded_20260809,788,,True,,
obs2_00518,Jbel Tissouka Panorama,35.160710459075226,-5.216027758962821,Tanger-Al Hoceima,,Rif,,,geoheritage_expanded_20260809_group_45,point,geoheritage_expanded_20260809,789,,True,,
obs2_00519,Ammonites from Alma,30.510416666666668,-9.590416666666668,Souss-Massa,,Western High Atlas,,,geoheritage_expanded_20260809_group_46,point,geoheritage_expanded_20260809,790,,False,,
obs2_00520,The anticlinal fold of the Paradis Valley,30.587777777777777,-9.528083333333337,Souss-Massa,,Western High Atlas,,,geoheritage_expanded_20260809_group_46,point,geoheritage_expanded_20260809,791,,False,,
obs2_00521,The gorges of the Paradise Valley,30.58908333333333,-9.524611111111112,Souss-Massa,,Western High Atlas,,,geoheritage_expanded_20260809_group_46,point,geoheritage_expanded_20260809,792,,False,,
obs2_00522,Imouzzer Ida-Outanane faults and fold,30.691222222222223,-9.6215,Souss-Massa,,Western High Atlas,,,geoheritage_expanded_20260809_group_46,point,geoheritage_expanded_20260809,793,,False,,
obs2_00523,Imouzzer Ida-Outanane waterfalls,30.67741666666667,-9.48011111111111,Souss-Massa,,Western High Atlas,,,geoheritage_expanded_20260809_group_46,point,geoheritage_expanded_20260809,794,,False,,
obs2_00524,The Moulay Abd Allah dam,30.77252777777778,-9.675916666666666,Souss-Massa,,Western High Atlas,,,geoheritage_expanded_20260809_group_46,point,geoheritage_expanded_20260809,795,,False,,
obs2_00525,Imi Ouggoug cave,30.614722222222223,-9.468666666666667,Souss-Massa,,Western High Atlas,,,geoheritage_expanded_20260809_group_46,point,geoheritage_expanded_20260809,796,,False,,
obs2_00526,Assif n’El Had cave,30.746972222222222,-9.476666666666668,Souss-Massa,,Western High Atlas,,,geoheritage_expanded_20260809_group_46,point,geoheritage_expanded_20260809,797,,False,,
obs2_00527,The Birfichou chasm,30.694777777777777,-9.402555555555557,Souss-Massa,,Western High Atlas,,,geoheritage_expanded_20260809_group_46,point,geoheritage_expanded_20260809,798,,False,,
obs2_00528,The Win Timdwin cave,30.680444444444447,-9.344833333333334,Souss-Massa,,Western High Atlas,,,geoheritage_expanded_20260809_group_46,point,geoheritage_expanded_20260809,799,,False,,
obs2_00529,Beni Moussa spring,35.318922,-5.342704,Tanger-Al Houceima,,Rif,,,geoheritage_expanded_20260809_group_48,point,geoheritage_expanded_20260809,811,,False,,
obs2_00530,Boujmil spring,35.761002,-5.441038,Tanger-Al Houceima,,Rif,,,geoheritage_expanded_20260809_group_48,point,geoheritage_expanded_20260809,812,,False,,
obs2_00531,Zarjoun spring,35.745521,-5.432185,Tanger-Al Houceima,,Rif,,,geoheritage_expanded_20260809_group_48,point,geoheritage_expanded_20260809,813,,False,,
obs2_00532,Al Kouf spring,35.714694,-5.430446,Tanger-Al Houceima,,Rif,,,geoheritage_expanded_20260809_group_48,point,geoheritage_expanded_20260809,814,,False,,
obs2_00533,Polje of Fahs Lamhar,35.664804,-5.441151,Tanger-Al Houceima,,Rif,,,geoheritage_expanded_20260809_group_48,point,geoheritage_expanded_20260809,815,,False,,
obs2_00534,Onsar spring,35.648108,-5.431448,Tanger-Al Houceima,,Rif,,,geoheritage_expanded_20260809_group_48,point,geoheritage_expanded_20260809,816,,False,,
obs2_00535,Azeroual spring,35.611045,-5.389665,Tanger-Al Houceima,,Rif,,,geoheritage_expanded_20260809_group_48,point,geoheritage_expanded_20260809,817,,False,,
obs2_00536,Al Mashar cave,35.664627,-5.426957,Tanger-Al Houceima,,Rif,,,geoheritage_expanded_20260809_group_48,point,geoheritage_expanded_20260809,818,,False,,
obs2_00537,Alouiya spring,35.641148,-5.443133,Tanger-Al Houceima,,Rif,,,geoheritage_expanded_20260809_group_48,point,geoheritage_expanded_20260809,819,,False,,
obs2_00538,Al Keddane spring,35.654769,-5.456236,Tanger-Al Houceima,,Rif,,,geoheritage_expanded_20260809_group_48,point,geoheritage_expanded_20260809,820,,False,,
obs2_00539,Limestone pavement of Bhar Nazef,35.60087,-5.390362,Tanger-Al Houceima,,Rif,,,geoheritage_expanded_20260809_group_48,point,geoheritage_expanded_20260809,821,,False,,
obs2_00540,Doline of Dersa Mountain,35.594108,-5.379917,Tanger-Al Houceima,,Rif,,,geoheritage_expanded_20260809_group_48,point,geoheritage_expanded_20260809,822,,False,,
obs2_00541,Torreta spring,35.548847,-5.355334,Tanger-Al Houceima,,Rif,,,geoheritage_expanded_20260809_group_48,point,geoheritage_expanded_20260809,824,,False,,
obs2_00542,Zarka spring,35.312201,-5.203304,Tanger-Al Houceima,,Rif,,,geoheritage_expanded_20260809_group_48,point,geoheritage_expanded_20260809,825,,False,,
obs2_00543,Taht Lghar cave,35.304508,-5.195604,Tanger-Al Houceima,,Rif,,,geoheritage_expanded_20260809_group_48,point,geoheritage_expanded_20260809,826,,False,,
obs2_00544,Uvala of Dar Akhanous,35.501247,-5.34851,Tanger-Al Houceima,,Rif,,,geoheritage_expanded_20260809_group_48,point,geoheritage_expanded_20260809,827,,False,,
obs2_00545,Al Hamma cave,35.27706,-5.18095,Tanger-Al Houceima,,Rif,,,geoheritage_expanded_20260809_group_48,point,geoheritage_expanded_20260809,828,,False,,
obs2_00546,Moukdassen spring,35.536092,-5.334538,Tanger-Al Houceima,,Rif,,,geoheritage_expanded_20260809_group_48,point,geoheritage_expanded_20260809,829,,False,,
obs2_00547,Limestone pavement of Jebala,35.373907,-5.265274,Tanger-Al Houceima,,Rif,,,geoheritage_expanded_20260809_group_48,point,geoheritage_expanded_20260809,830,,False,,
obs2_00548,Spring of Mountain Moussa,35.543071,-5.24645,Tanger-Al Houceima,,Rif,,,geoheritage_expanded_20260809_group_48,point,geoheritage_expanded_20260809,831,,False,,
obs2_00549,Knadel cave,35.2448045,-5.314465,Tanger-Al Houceima,,Rif,,,geoheritage_expanded_20260809_group_48,point,geoheritage_expanded_20260809,832,,False,,
obs2_00550,Complex of cavities of Mountain Kelti,35.373904,-5.265272,Tanger-Al Houceima,,Rif,,,geoheritage_expanded_20260809_group_48,point,geoheritage_expanded_20260809,833,,False,,
obs2_00551,Achakrade spring,35.305593,-5.334694,Tanger-Al Houceima,,Rif,,,geoheritage_expanded_20260809_group_48,point,geoheritage_expanded_20260809,834,,False,,
obs2_00552,Kelti spring,35.348393,-5.269338,Tanger-Al Houceima,,Rif,,,geoheritage_expanded_20260809_group_48,point,geoheritage_expanded_20260809,835,,False,,
obs2_00553,Bouattou spring,35.3471335,-5.325466,Tanger-Al Houceima,,Rif,,,geoheritage_expanded_20260809_group_48,point,geoheritage_expanded_20260809,836,,False,,
obs2_00554,Avens of Kayat,35.286726,-5.229632,Tanger-Al Houceima,,Rif,,,geoheritage_expanded_20260809_group_48,point,geoheritage_expanded_20260809,837,,False,,
obs2_00555,Ifahssa old cave,35.300705,-5.238901,Tanger-Al Houceima,,Rif,,,geoheritage_expanded_20260809_group_48,point,geoheritage_expanded_20260809,838,,False,,
obs2_00556,Block of Limestone Rocks,35.299242,-5.239654,Tanger-Al Houceima,,Rif,,,geoheritage_expanded_20260809_group_48,point,geoheritage_expanded_20260809,839,,False,,
obs2_00557,Travertine of Ifahsa,35.299126,-5.21998,Tanger-Al Houceima,,Rif,,,geoheritage_expanded_20260809_group_48,point,geoheritage_expanded_20260809,840,,False,,
obs2_00558,Ifahsa spring,35.297071,-5.233062,Tanger-Al Houceima,,Rif,,,geoheritage_expanded_20260809_group_48,point,geoheritage_expanded_20260809,841,,False,,
obs2_00559,Oued Adelmane cave,35.21421,-5.035252,Tanger-Al Houceima,,Rif,,,geoheritage_expanded_20260809_group_48,point,geoheritage_expanded_20260809,842,,False,,
obs2_00560,Al Kalaa spring,35.219337,-5.138959,Tanger-Al Houceima,,Rif,,,geoheritage_expanded_20260809_group_48,point,geoheritage_expanded_20260809,843,,False,,
obs2_00561,Ruiniform Chaos of Bab Al Arz,35.332065,-5.558865,Tanger-Al Houceima,,Rif,,,geoheritage_expanded_20260809_group_48,point,geoheritage_expanded_20260809,844,,False,,
obs2_00563,Lkhoujja spring,35.260086,-5.260401,Tanger-Al Houceima,,Rif,,,geoheritage_expanded_20260809_group_48,point,geoheritage_expanded_20260809,846,,False,,
obs2_00564,Tazroute springs,35.318987,-5.498023,Tanger-Al Houceima,,Rif,,,geoheritage_expanded_20260809_group_48,point,geoheritage_expanded_20260809,847,,False,,
obs2_00565,Monte spring,35.271547,-5.505652,Tanger-Al Houceima,,Rif,,,geoheritage_expanded_20260809_group_48,point,geoheritage_expanded_20260809,848,,False,,
obs2_00566,Souyah spring,35.207925,-5.045195,Tanger-Al Houceima,,Rif,,,geoheritage_expanded_20260809_group_48,point,geoheritage_expanded_20260809,849,,False,,
obs2_00567,Talassemtane spring,35.127342,-5.069507,Tanger-Al Houceima,,Rif,,,geoheritage_expanded_20260809_group_48,point,geoheritage_expanded_20260809,850,,False,,
obs2_00568,Ruiniform landscape of Afaska,35.184135,-5.213966,Tanger-Al Houceima,,Rif,,,geoheritage_expanded_20260809_group_48,point,geoheritage_expanded_20260809,851,,False,,
obs2_00569,Imezzar spring,35.188157,-5.178,Tanger-Al Houceima,,Rif,,,geoheritage_expanded_20260809_group_48,point,geoheritage_expanded_20260809,852,,False,,
obs2_00570,Kaf Lahmam cave,35.183612,-5.196393,Tanger-Al Houceima,,Rif,,,geoheritage_expanded_20260809_group_48,point,geoheritage_expanded_20260809,853,,False,,
obs2_00571,Tizi cave,35.185283,-5.194535,Tanger-Al Houceima,,Rif,,,geoheritage_expanded_20260809_group_48,point,geoheritage_expanded_20260809,854,,False,,
obs2_00572,Azilane spring,35.179224,-5.246292,Tanger-Al Houceima,,Rif,,,geoheritage_expanded_20260809_group_48,point,geoheritage_expanded_20260809,855,,False,,
obs2_00573,Ras Al Maa spring,35.179161,-5.24634,Tanger-Al Houceima,,Rif,,,geoheritage_expanded_20260809_group_48,point,geoheritage_expanded_20260809,856,,False,,
obs2_00574,Khandak spring,35.112405,-5.418056,Tanger-Al Houceima,,Rif,,,geoheritage_expanded_20260809_group_48,point,geoheritage_expanded_20260809,857,,False,,
obs2_00575,Assifane cavities,35.112876,-4.967752,Tanger-Al Houceima,,Rif,,,geoheritage_expanded_20260809_group_48,point,geoheritage_expanded_20260809,858,,False,,
obs2_00576,Limestone pavement of Bouhalla,35.09254,-5.149741,Tanger-Al Houceima,,Rif,,,geoheritage_expanded_20260809_group_48,point,geoheritage_expanded_20260809,859,,False,,
obs2_00577,Polje Al Malaab,35.601983,-5.388492,Tanger-Al Houceima,,Rif,,,geoheritage_expanded_20260809_group_48,point,geoheritage_expanded_20260809,860,,False,,
obs2_00578,Limestone pavement of Tissemlal,35.178221,-5.246293,Tanger-Al Houceima,,Rif,,,geoheritage_expanded_20260809_group_48,point,geoheritage_expanded_20260809,861,,False,,
obs2_00579,Karst complex of Mountain Lakraa,35.132726,-5.136942,Tanger-Al Houceima,,Rif,,,geoheritage_expanded_20260809_group_48,point,geoheritage_expanded_20260809,862,,False,,
obs2_00580,Doline of Tissouka,35.186232,-5.138926,Tanger-Al Houceima,,Rif,,,geoheritage_expanded_20260809_group_48,point,geoheritage_expanded_20260809,863,,False,,
obs2_00581,Cherafate spring,35.066636,-5.107561,Tanger-Al Houceima,,Rif,,,geoheritage_expanded_20260809_group_48,point,geoheritage_expanded_20260809,864,,False,,
obs2_00582,Taghobayt cave,35.092642,-5.149841,Tanger-Al Houceima,,Rif,,,geoheritage_expanded_20260809_group_48,point,geoheritage_expanded_20260809,865,,False,,
obs2_00583,Ketama spring,34.875649,-4.626438,Tanger-Al Houceima,,Rif,,,geoheritage_expanded_20260809_group_48,point,geoheritage_expanded_20260809,866,,False,,
obs2_00584,Ruiniform Chaos of Bou Slimane,35.086438,-5.142154,Tanger-Al Houceima,,Rif,,,geoheritage_expanded_20260809_group_48,point,geoheritage_expanded_20260809,867,,False,,
obs2_00585,Al Khattabi undersea cavities,35.213251,-4.65117,Tanger-Al Houceima,,Rif,,,geoheritage_expanded_20260809_group_48,point,geoheritage_expanded_20260809,868,,False,,
obs2_00586,Oulassen spring,35.015721,-4.908043,Tanger-Al Houceima,,Rif,,,geoheritage_expanded_20260809_group_48,point,geoheritage_expanded_20260809,869,,False,,
obs2_00587,Lamouassif spring,34.988318,-4.820548,Tanger-Al Houceima,,Rif,,,geoheritage_expanded_20260809_group_48,point,geoheritage_expanded_20260809,870,,False,,
obs2_00588,Charika spring,34.957309,-4.678067,Tanger-Al Houceima,,Rif,,,geoheritage_expanded_20260809_group_48,point,geoheritage_expanded_20260809,871,,False,,
obs2_00589,Complex of cavities of Badis,35.154371,-4.225422,Tanger-Al Houceima,,Rif,,,geoheritage_expanded_20260809_group_48,point,geoheritage_expanded_20260809,872,,False,,
obs2_00590,Ksar Seghir beach,35.844381,-5.553495,Tanger-Al Houceima,,Rif,,,geoheritage_expanded_20260809_group_48,point,geoheritage_expanded_20260809,873,,False,,
obs2_00591,Dalia beach,35.905462,-5.473829,Tanger-Al Houceima,,Rif,,,geoheritage_expanded_20260809_group_48,point,geoheritage_expanded_20260809,874,,False,,
obs2_00592,Oued Lmarsa beach,35.904153,-5.446488,Tanger-Al Houceima,,Rif,,,geoheritage_expanded_20260809_group_48,point,geoheritage_expanded_20260809,875,,False,,
obs2_00593,Laila small island,35.511708,-5.466257,Tanger-Al Houceima,,Rif,,,geoheritage_expanded_20260809_group_48,point,geoheritage_expanded_20260809,876,,False,,
obs2_00594,Belyounesh beach,35.909974,-5.39448,Tanger-Al Houceima,,Rif,,,geoheritage_expanded_20260809_group_48,point,geoheritage_expanded_20260809,877,,False,,
obs2_00595,Sebta peninsula,35.898229,-5.326348,Tanger-Al Houceima,,Rif,,,geoheritage_expanded_20260809_group_48,point,geoheritage_expanded_20260809,878,,False,,
obs2_00596,Rifiyin beach,35.837834,-5.35421,Tanger-Al Houceima,,Rif,,,geoheritage_expanded_20260809_group_48,point,geoheritage_expanded_20260809,879,,False,,
obs2_00597,Tres Pierdas beach,35.772728,-5.345322,Tanger-Al Houceima,,Rif,,,geoheritage_expanded_20260809_group_48,point,geoheritage_expanded_20260809,880,,False,,
obs2_00598,Smir lagoon,35.32247,-5.447082,Tanger-Al Houceima,,Rif,,,geoheritage_expanded_20260809_group_48,point,geoheritage_expanded_20260809,881,,False,,
obs2_00599,Mdiq beach,35.695322,-5.327791,Tanger-Al Houceima,,Rif,,,geoheritage_expanded_20260809_group_48,point,geoheritage_expanded_20260809,882,,False,,
obs2_00600,Negro Cape beach,35.663249,-5.283808,Tanger-Al Houceima,,Rif,,,geoheritage_expanded_20260809_group_48,point,geoheritage_expanded_20260809,883,,False,,
obs2_00601,Swamp of Oued Al Mallah,35.591054,-5.260202,Tanger-Al Houceima,,Rif,,,geoheritage_expanded_20260809_group_48,point,geoheritage_expanded_20260809,884,,False,,
obs2_00602,Martil beach,35.624365,-5.271424,Tanger-Al Houceima,,Rif,,,geoheritage_expanded_20260809_group_48,point,geoheritage_expanded_20260809,885,,False,,
obs2_00603,Coastal erosion of Sidi Abdeslam,35.571666,-5.253896,Tanger-Al Houceima,,Rif,,,geoheritage_expanded_20260809_group_48,point,geoheritage_expanded_20260809,886,,False,,
obs2_00604,Azla beach,35.550158,-5.2403,Tanger-Al Houceima,,Rif,,,geoheritage_expanded_20260809_group_48,point,geoheritage_expanded_20260809,887,,False,,
obs2_00605,Amsa beach,35.540827,-5.217951,Tanger-Al Houceima,,Rif,,,geoheritage_expanded_20260809_group_48,point,geoheritage_expanded_20260809,888,,False,,
obs2_00606,Tamrabet beach,35.533503,-5.193817,Tanger-Al Houceima,,Rif,,,geoheritage_expanded_20260809_group_48,point,geoheritage_expanded_20260809,889,,False,,
obs2_00607,Tamernout beach,35.524625,-5.169756,Tanger-Al Houceima,,Rif,,,geoheritage_expanded_20260809_group_48,point,geoheritage_expanded_20260809,890,,False,,
obs2_00608,Ouachtam beach,35.505256,-5.154237,Tanger-Al Houceima,,Rif,,,geoheritage_expanded_20260809_group_48,point,geoheritage_expanded_20260809,891,,False,,
obs2_00609,Cape of Mekkad,35.475134,-5.108713,Tanger-Al Houceima,,Rif,,,geoheritage_expanded_20260809_group_48,point,geoheritage_expanded_20260809,892,,False,,
obs2_00610,Oued Laou beach,35.311751,-5.411482,Tanger-Al Houceima,,Rif,,,geoheritage_expanded_20260809_group_48,point,geoheritage_expanded_20260809,893,,False,,
obs2_00611,Targha beach,35.394421,-5.020287,Tanger-Al Houceima,,Rif,,,geoheritage_expanded_20260809_group_48,point,geoheritage_expanded_20260809,894,,False,,
obs2_00612,Stihat beach,35.337057,-4.944453,Tanger-Al Houceima,,Rif,,,geoheritage_expanded_20260809_group_48,point,geoheritage_expanded_20260809,895,,False,,
obs2_00613,Sidi Yahya Aarab beach,35.299876,-4.878001,Tanger-Al Houceima,,Rif,,,geoheritage_expanded_20260809_group_48,point,geoheritage_expanded_20260809,896,,False,,
obs2_00614,Jnane Enich beach,35.304252,-4.895643,Tanger-Al Houceima,,Rif,,,geoheritage_expanded_20260809_group_48,point,geoheritage_expanded_20260809,897,,False,,
obs2_00615,Amtar beach,35.245279,-4.795919,Tanger-Al Houceima,,Rif,,,geoheritage_expanded_20260809_group_48,point,geoheritage_expanded_20260809,898,,False,,
obs2_00616,Monica beach,35.212507,-4.653219,Tanger-Al Houceima,,Rif,,,geoheritage_expanded_20260809_group_48,point,geoheritage_expanded_20260809,899,,False,,
obs2_00617,Lhwad beach,35.211957,-4.64893,Tanger-Al Houceima,,Rif,,,geoheritage_expanded_20260809_group_48,point,geoheritage_expanded_20260809,900,,False,,
obs2_00618,Cala Iris beach,35.117838,-5.145054,Tanger-Al Houceima,,Rif,,,geoheritage_expanded_20260809_group_48,point,geoheritage_expanded_20260809,901,,False,,
obs2_00619,Badis small island,35.170472,-4.296347,Tanger-Al Houceima,,Rif,,,geoheritage_expanded_20260809_group_48,point,geoheritage_expanded_20260809,902,,False,,
obs2_00620,Taoussert beach,35.188456,-4.21334,Tanger-Al Houceima,,Rif,,,geoheritage_expanded_20260809_group_48,point,geoheritage_expanded_20260809,903,,False,,
obs2_00621,Bousikour beach,35.233504,-4.033563,Tanger-Al Houceima,,Rif,,,geoheritage_expanded_20260809_group_48,point,geoheritage_expanded_20260809,904,,False,,
obs2_00622,Boumehdi beach,35.238055,-3.975661,Tanger-Al Houceima,,Rif,,,geoheritage_expanded_20260809_group_48,point,geoheritage_expanded_20260809,905,,False,,
obs2_00623,Tala Youssef beach,35.236105,-3.981783,Tanger-Al Houceima,,Rif,,,geoheritage_expanded_20260809_group_48,point,geoheritage_expanded_20260809,906,,False,,
obs2_00624,Rmod beach,35.242967,-3.9673,Tanger-Al Houceima,,Rif,,,geoheritage_expanded_20260809_group_48,point,geoheritage_expanded_20260809,907,,False,,
obs2_00625,Isri beach,35.218844,-3.911254,Tanger-Al Houceima,,Rif,,,geoheritage_expanded_20260809_group_48,point,geoheritage_expanded_20260809,908,,False,,
obs2_00626,Cliff of Al Hoceima,35.223953,-4.050532,Tanger-Al Houceima,,Rif,,,geoheritage_expanded_20260809_group_48,point,geoheritage_expanded_20260809,909,,False,,
obs2_00627,Quemado beach,35.244087,-3.92618,Tanger-Al Houceima,,Rif,,,geoheritage_expanded_20260809_group_48,point,geoheritage_expanded_20260809,910,,False,,
obs2_00628,Cara Bonita beach,35.234276,-3.922583,Tanger-Al Houceima,,Rif,,,geoheritage_expanded_20260809_group_48,point,geoheritage_expanded_20260809,911,,False,,
obs2_00629,Maktoa beach,35.229936,-3.919097,Tanger-Al Houceima,,Rif,,,geoheritage_expanded_20260809_group_48,point,geoheritage_expanded_20260809,912,,False,,
obs2_00630,Small islands of Al Hoceima,35.216773,-3.901165,Tanger-Al Houceima,,Rif,,,geoheritage_expanded_20260809_group_48,point,geoheritage_expanded_20260809,913,,False,,
obs2_00631,Sfiha beach,35.2062,-3.88821,Tanger-Al Houceima,,Rif,,,geoheritage_expanded_20260809_group_48,point,geoheritage_expanded_20260809,914,,False,,
obs2_00632,Al Hoceima Bay,35.211857,-3.831492,Tanger-Al Houceima,,Rif,,,geoheritage_expanded_20260809_group_48,point,geoheritage_expanded_20260809,915,,False,,
obs2_00633,Strait of Gibraltar,35.929746,-5.438324,Tanger-Al Houceima,,Rif,,,geoheritage_expanded_20260809_group_48,point,geoheritage_expanded_20260809,916,,False,,
obs2_00634,Hill of Taifour,35.676276,-5.298678,Tanger-Al Houceima,,Rif,,,geoheritage_expanded_20260809_group_48,point,geoheritage_expanded_20260809,917,,False,,
obs2_00635,Fault of Samsa,35.598793,-5.413419,Tanger-Al Houceima,,Rif,,,geoheritage_expanded_20260809_group_48,point,geoheritage_expanded_20260809,918,,False,,
obs2_00636,Cluse of Tetouan,35.54326,-5.443002,Tanger-Al Houceima,,Rif,,,geoheritage_expanded_20260809_group_48,point,geoheritage_expanded_20260809,919,,False,,
obs2_00637,Anticline of Nator cliff,35.52956,-5.372524,Tanger-Al Houceima,,Rif,,,geoheritage_expanded_20260809_group_48,point,geoheritage_expanded_20260809,920,,False,,
obs2_00638,Synclinal of Tazarine,35.50192,-5.368411,Tanger-Al Houceima,,Rif,,,geoheritage_expanded_20260809_group_48,point,geoheritage_expanded_20260809,921,,False,,
obs2_00639,Chefchaouen furrow,35.178822,-5.256485,Tanger-Al Houceima,,Rif,,,geoheritage_expanded_20260809_group_48,point,geoheritage_expanded_20260809,922,,False,,
obs2_00640,Fault escarpment of Mizlafene,35.267876,-5.22021,Tanger-Al Houceima,,Rif,,,geoheritage_expanded_20260809_group_48,point,geoheritage_expanded_20260809,923,,False,,
obs2_00641,Cliff of Imezar,35.180251,-5.197536,Tanger-Al Houceima,,Rif,,,geoheritage_expanded_20260809_group_48,point,geoheritage_expanded_20260809,924,,False,,
obs2_00642,Folds of Sidi Abdelhamid,35.179166,-5.246346,Tanger-Al Houceima,,Rif,,,geoheritage_expanded_20260809_group_48,point,geoheritage_expanded_20260809,925,,False,,
obs2_00643,Klippes of Soukna,35.115764,-5.411627,Tanger-Al Houceima,,Rif,,,geoheritage_expanded_20260809_group_48,point,geoheritage_expanded_20260809,926,,False,,
obs2_00644,Folds and fault of Amtar,35.082901,-4.192447,Tanger-Al Houceima,,Rif,,,geoheritage_expanded_20260809_group_48,point,geoheritage_expanded_20260809,927,,False,,
obs2_00645,Cirque of Jebha,35.211084,-4.661205,Tanger-Al Houceima,,Rif,,,geoheritage_expanded_20260809_group_48,point,geoheritage_expanded_20260809,928,,False,,
obs2_00646,Fauld of Mtioua,35.31734,-4.92847,Tanger-Al Houceima,,Rif,,,geoheritage_expanded_20260809_group_48,point,geoheritage_expanded_20260809,929,,False,,
obs2_00647,Bar of Tizirene,35.009775,-4.918015,Tanger-Al Houceima,,Rif,,,geoheritage_expanded_20260809_group_48,point,geoheritage_expanded_20260809,930,,False,,
obs2_00648,Oued Rmel dam,35.872707,-5.476005,Tanger-Al Houceima,,Rif,,,geoheritage_expanded_20260809_group_48,point,geoheritage_expanded_20260809,931,,False,,
obs2_00649,Al Raouz dam,35.711,-5.498116,Tanger-Al Houceima,,Rif,,,geoheritage_expanded_20260809_group_48,point,geoheritage_expanded_20260809,932,,False,,
obs2_00650,Smir dam,35.402013,-5.2355,Tanger-Al Houceima,,Rif,,,geoheritage_expanded_20260809_group_48,point,geoheritage_expanded_20260809,933,,False,,
obs2_00651,Ajras dam,35.564636,-5.494865,Tanger-Al Houceima,,Rif,,,geoheritage_expanded_20260809_group_48,point,geoheritage_expanded_20260809,934,,False,,
obs2_00652,Martil dam,35.477117,-5.428091,Tanger-Al Houceima,,Rif,,,geoheritage_expanded_20260809_group_48,point,geoheritage_expanded_20260809,935,,False,,
obs2_00653,Nakhla dam,35.441739,-5.396691,Tanger-Al Houceima,,Rif,,,geoheritage_expanded_20260809_group_48,point,geoheritage_expanded_20260809,936,,False,,
obs2_00654,Prissa dam,35.364628,-5.17617,Tanger-Al Houceima,,Rif,,,geoheritage_expanded_20260809_group_48,point,geoheritage_expanded_20260809,937,,False,,
obs2_00655,Oued Laou dam,35.246227,-5.291671,Tanger-Al Houceima,,Rif,,,geoheritage_expanded_20260809_group_48,point,geoheritage_expanded_20260809,938,,False,,
obs2_00656,Moulay Bouchta dam,35.264187,-5.351637,Tanger-Al Houceima,,Rif,,,geoheritage_expanded_20260809_group_48,point,geoheritage_expanded_20260809,939,,False,,
obs2_00657,Jaber lake,35.31665,-5.496082,Tanger-Al Houceima,,Rif,,,geoheritage_expanded_20260809_group_48,point,geoheritage_expanded_20260809,940,,False,,
obs2_00658,Bouhachem lake,35.56615,-5.226447,Tanger-Al Houceima,,Rif,,,geoheritage_expanded_20260809_group_48,point,geoheritage_expanded_20260809,941,,False,,
obs2_00659,Ali Thlet dam,35.238238,-5.172893,Tanger-Al Houceima,,Rif,,,geoheritage_expanded_20260809_group_48,point,geoheritage_expanded_20260809,942,,False,,
obs2_00660,Al Houmar lake,35.07728,-5.26288,Tanger-Al Houceima,,Rif,,,geoheritage_expanded_20260809_group_48,point,geoheritage_expanded_20260809,943,,False,,
obs2_00661,Laarays lake,35.07686,-5.26586,Tanger-Al Houceima,,Rif,,,geoheritage_expanded_20260809_group_48,point,geoheritage_expanded_20260809,944,,False,,
obs2_00662,Al Mhad lake,35.07556,-5.26466,Tanger-Al Houceima,,Rif,,,geoheritage_expanded_20260809_group_48,point,geoheritage_expanded_20260809,945,,False,,
obs2_00663,Al Garn lake,35.022547,-5.205902,Tanger-Al Houceima,,Rif,,,geoheritage_expanded_20260809_group_48,point,geoheritage_expanded_20260809,946,,False,,
obs2_00664,Ifrat Fouden lake,35.0163612,-4.904481,Tanger-Al Houceima,,Rif,,,geoheritage_expanded_20260809_group_48,point,geoheritage_expanded_20260809,947,,False,,
obs2_00665,Al Jomoaa dam,34.933095,-4.319152,Tanger-Al Houceima,,Rif,,,geoheritage_expanded_20260809_group_48,point,geoheritage_expanded_20260809,948,,False,,
obs2_00666,Mujer dormida mountain,35.402279,-5.322191,Tanger-Al Houceima,,Rif,,,geoheritage_expanded_20260809_group_48,point,geoheritage_expanded_20260809,949,,False,,
obs2_00667,Gully of Tamghart,35.488401,-5.130791,Tanger-Al Houceima,,Rif,,,geoheritage_expanded_20260809_group_48,point,geoheritage_expanded_20260809,950,,False,,
obs2_00668,Rockfall niche of Azenti,35.375224,-4.994033,Tanger-Al Houceima,,Rif,,,geoheritage_expanded_20260809_group_48,point,geoheritage_expanded_20260809,951,,False,,
obs2_00669,Scree cone of Mountain Kelti,35.372808,-5.265224,Tanger-Al Houceima,,Rif,,,geoheritage_expanded_20260809_group_48,point,geoheritage_expanded_20260809,952,,False,,
obs2_00670,Rockfall niche of Ametras,35.083446,-5.079801,Tanger-Al Houceima,,Rif,,,geoheritage_expanded_20260809_group_48,point,geoheritage_expanded_20260809,953,,False,,
obs2_00671,Badlands of Idsoulyene,35.001798,-5.370017,Tanger-Al Houceima,,Rif,,,geoheritage_expanded_20260809_group_48,point,geoheritage_expanded_20260809,954,,False,,
obs2_00672,Slippage of Cara Bonita,35.232057,-3.922928,Tanger-Al Houceima,,Rif,,,geoheritage_expanded_20260809_group_48,point,geoheritage_expanded_20260809,955,,False,,
obs2_00673,Plain of Restinga,35.789824,-5.361532,Tanger-Al Houceima,,Rif,,,geoheritage_expanded_20260809_group_48,point,geoheritage_expanded_20260809,956,,False,,
obs2_00674,Alluvial plain of Martil,35.593329,-5.288213,Tanger-Al Houceima,,Rif,,,geoheritage_expanded_20260809_group_48,point,geoheritage_expanded_20260809,957,,False,,
obs2_00675,Cascades of Ezarka,35.520043,-5.340233,Tanger-Al Houceima,,Rif,,,geoheritage_expanded_20260809_group_48,point,geoheritage_expanded_20260809,958,,False,,
obs2_00676,Cascades of Akherkhour,35.300691,-5.20585,Tanger-Al Houceima,,Rif,,,geoheritage_expanded_20260809_group_48,point,geoheritage_expanded_20260809,959,,False,,
obs2_00677,Alluvial plain of Amsa,35.537348,-5.22077,Tanger-Al Houceima,,Rif,,,geoheritage_expanded_20260809_group_48,point,geoheritage_expanded_20260809,960,,False,,
obs2_00678,Alluvial plain of Oued Laou,35.082902,-4.192445,Tanger-Al Houceima,,Rif,,,geoheritage_expanded_20260809_group_48,point,geoheritage_expanded_20260809,961,,False,,
obs2_00679,Meander of Oued Laou,35.429939,-5.098185,Tanger-Al Houceima,,Rif,,,geoheritage_expanded_20260809_group_48,point,geoheritage_expanded_20260809,962,,False,,
obs2_00680,Cascades of Talembote,35.296245,-5.22719,Tanger-Al Houceima,,Rif,,,geoheritage_expanded_20260809_group_48,point,geoheritage_expanded_20260809,963,,False,,
obs2_00681,Alluvial plain of Bouhmed,35.330213,-4.952795,Tanger-Al Houceima,,Rif,,,geoheritage_expanded_20260809_group_48,point,geoheritage_expanded_20260809,964,,False,,
obs2_00682,Sidi Yahya Aarab valley,35.273273,-4.900421,Tanger-Al Houceima,,Rif,,,geoheritage_expanded_20260809_group_48,point,geoheritage_expanded_20260809,965,,False,,
obs2_00683,Cascade of Oued Al Kalaa,35.242975,-5.158297,Tanger-Al Houceima,,Rif,,,geoheritage_expanded_20260809_group_48,point,geoheritage_expanded_20260809,966,,False,,
obs2_00684,Cascades of Akchour,35.185251,-5.194523,Tanger-Al Houceima,,Rif,,,geoheritage_expanded_20260809_group_48,point,geoheritage_expanded_20260809,967,,False,,
obs2_00685,Cascades of Taourart,35.218905,-5.139681,Tanger-Al Houceima,,Rif,,,geoheritage_expanded_20260809_group_48,point,geoheritage_expanded_20260809,968,,False,,
obs2_00686,River terrace of Issaguen,34.918387,-4.565299,Tanger-Al Houceima,,Rif,,,geoheritage_expanded_20260809_group_48,point,geoheritage_expanded_20260809,969,,False,,
obs2_00687,Alluvial plain of Nekor,35.190059,-3.877818,Tanger-Al Houceima,,Rif,,,geoheritage_expanded_20260809_group_48,point,geoheritage_expanded_20260809,970,,False,,
obs2_00688,Canyon of Laou river,35.280073,-5.233774,Tanger-Al Houceima,,Rif,,,geoheritage_expanded_20260809_group_48,point,geoheritage_expanded_20260809,971,,False,,
obs2_00689,Natural bridge of Akchour,35.195231,-5.178878,Tanger-Al Houceima,,Rif,,,geoheritage_expanded_20260809_group_48,point,geoheritage_expanded_20260809,972,,False,,
obs2_00690,Canyon of Farda river,35.195315,-5.178814,Tanger-Al Houceima,,Rif,,,geoheritage_expanded_20260809_group_48,point,geoheritage_expanded_20260809,973,,False,,
obs2_00691,Canyon of Adelmane river,35.211334,-5.04086,Tanger-Al Houceima,,Rif,,,geoheritage_expanded_20260809_group_48,point,geoheritage_expanded_20260809,974,,False,,
obs2_00692,Natural bridge and travertine of Assifane,35.074391,-4.564801,Tanger-Al Houceima,,Rif,,,geoheritage_expanded_20260809_group_48,point,geoheritage_expanded_20260809,975,,False,,
obs2_00693,Cascades of Imlil canyon,35.08114,-4.104749,Tanger-Al Houceima,,Rif,,,geoheritage_expanded_20260809_group_48,point,geoheritage_expanded_20260809,976,,False,,
obs2_00694,Snow niche of Mountain Lakraa,35.122193,-5.08885,Tanger-Al Houceima,,Rif,,,geoheritage_expanded_20260809_group_48,point,geoheritage_expanded_20260809,977,,False,,
obs2_00695,Accumulation glaze of Soukna,35.106971,-5.387428,Tanger-Al Houceima,,Rif,,,geoheritage_expanded_20260809_group_48,point,geoheritage_expanded_20260809,978,,False,,
obs2_00696,Dunes of Al Hoceima,35.182938,-3.934226,Tanger-Al Houceima,,Rif,,,geoheritage_expanded_20260809_group_48,point,geoheritage_expanded_20260809,979,,False,,
obs2_00697,Izourhar lake,31.70484722222222,-6.260811111111111,Béni Mellal-Khénifra,,Central High Atlas,,,geoheritage_expanded_20260809_group_49,point,geoheritage_expanded_20260809,980,,False,,
obs2_00698,Ibakliwn 1,31.663308333333333,-6.36565,Béni Mellal-Khénifra,,Central High Atlas,,,geoheritage_expanded_20260809_group_49,point,geoheritage_expanded_20260809,981,,False,,
obs2_00699,Ibakilwn 2,31.659866666666662,-6.387611111111111,Béni Mellal-Khénifra,,Central High Atlas,,,geoheritage_expanded_20260809_group_49,point,geoheritage_expanded_20260809,982,,False,,
obs2_00700,Oued Rbat,31.65869722222222,-6.409952777777778,Béni Mellal-Khénifra,,Central High Atlas,,,geoheritage_expanded_20260809_group_49,point,geoheritage_expanded_20260809,983,,False,,
obs2_00701,Tabant,31.65948611111111,-6.425027777777778,Béni Mellal-Khénifra,,Central High Atlas,,,geoheritage_expanded_20260809_group_49,point,geoheritage_expanded_20260809,984,,False,,
obs2_00702,Grenier Sidi Moussa,31.657577777777774,-6.432652777777778,Béni Mellal-Khénifra,,Central High Atlas,,,geoheritage_expanded_20260809_group_49,point,geoheritage_expanded_20260809,985,,False,,
obs2_00703,Site Sidi Moussa,31.65786111111111,-6.436194444444444,Béni Mellal-Khénifra,,Central High Atlas,,,geoheritage_expanded_20260809_group_49,point,geoheritage_expanded_20260809,986,,False,,
obs2_00704,Aguered N'Ouzrou,31.653125,-6.438833333333333,Béni Mellal-Khénifra,,Central High Atlas,,,geoheritage_expanded_20260809_group_49,point,geoheritage_expanded_20260809,987,,False,,
obs2_00705,Ait Bouguemez,31.647419444444445,-6.451566666666666,Béni Mellal-Khénifra,,Central High Atlas,,,geoheritage_expanded_20260809_group_49,point,geoheritage_expanded_20260809,988,,False,,
obs2_00706,Kimmeridgian Reef of Cap Ghir,30.625833333333333,-9.865,Souss-Massa,PL,Western High Atlas,,,geoheritage_expanded_20260809_group_50,point,geoheritage_expanded_20260809,995,,False,,
obs2_00707,Reef of the main fossils at Cap Ghir,30.63305555555556,-9.887777777777778,Souss-Massa,PL,Western High Atlas,,,geoheritage_expanded_20260809_group_50,point,geoheritage_expanded_20260809,996,,False,,
obs2_00708,The Tamri estuary,30.711111111111112,-9.854722222222222,Souss-Massa,H,Western High Atlas,,,geoheritage_expanded_20260809_group_50,point,geoheritage_expanded_20260809,997,,False,,
obs2_00709,The Timlaline gorges,30.766666666666666,-9.8275,Souss-Massa,G,Western High Atlas,,,geoheritage_expanded_20260809_group_50,point,geoheritage_expanded_20260809,998,,False,,
obs2_00710,Dayet Aoua,33.652,-5.032997222222222,,,Middle Atlas,,,geoheritage_expanded_20260809_group_51,point,geoheritage_expanded_20260809,999,,False,,
obs2_00712,Cambrian Gres-Quartzitic Facies,32.718325,-7.937405555555555,Marrakech-Safi,,Meseta,,,geoheritage_expanded_20260809_group_52,point,geoheritage_expanded_20260809,1001,,False,,
obs2_00714,Conglomerates of Machraâ Ben Abbou,32.62585555555555,-7.809649999999999,Marrakech-Safi,,Meseta,,,geoheritage_expanded_20260809_group_52,point,geoheritage_expanded_20260809,1003,,False,,
obs2_00715,Conglomerates of Sidi Abdelah,32.54581388888889,-7.831752777777777,Marrakech-Safi,,Meseta,,,geoheritage_expanded_20260809_group_52,point,geoheritage_expanded_20260809,1004,,False,,
obs2_00716,Conglomerates of Kef El Mounib,32.44246111111111,-7.944344444444445,Marrakech-Safi,,Meseta,,,geoheritage_expanded_20260809_group_52,point,geoheritage_expanded_20260809,1005,,False,,
obs2_00717,Granite of Sebt Brikiine,32.29926944444444,-8.038086111111111,Marrakech-Safi,,Meseta,,,geoheritage_expanded_20260809_group_52,point,geoheritage_expanded_20260809,1006,,False,,
obs2_00718,Micashiste of Lalla Titaf,32.249405555555555,-7.97335,Marrakech-Safi,,Meseta,,,geoheritage_expanded_20260809_group_52,point,geoheritage_expanded_20260809,1007,,False,,
obs2_00719,Pegmatite of Sidi Bouathmane,31.897727777777774,-7.953302777777778,Marrakech-Safi,,Meseta,,,geoheritage_expanded_20260809_group_52,point,geoheritage_expanded_20260809,1008,,False,,
obs2_00720,Pyrrhotites of Kettara,30.947883333333333,-8.265052777777777,Marrakech-Safi,,Meseta,,,geoheritage_expanded_20260809_group_52,point,geoheritage_expanded_20260809,1009,,False,,
obs2_00721,Imi-n-Ifri natural bridge,31.73014444444444,-6.969363888888889,Beni Mellal-Khenifra,,High Atlas,,,geoheritage_expanded_20260809_group_53,point,geoheritage_expanded_20260809,1010,,False,,
obs2_00722,"Dinosaur footprints, Iwariden",31.726241666666667,-6.867927777777778,Beni Mellal-Khenifra,,High Atlas,,,geoheritage_expanded_20260809_group_53,point,geoheritage_expanded_20260809,1011,,False,,
obs2_00723,Jbel Rat ascension,31.572263888888887,-6.635019444444444,Beni Mellal-Khenifra,,High Atlas,,,geoheritage_expanded_20260809_group_53,point,geoheritage_expanded_20260809,1012,,False,,
obs2_00724,Jbel M'Goun ascension,31.63596111111111,-6.529952777777778,Beni Mellal-Khenifra,,High Atlas,,,geoheritage_expanded_20260809_group_53,point,geoheritage_expanded_20260809,1013,,False,,
obs2_00725,Ait Bouguemez valley trek,31.65081111111111,-6.461511111111111,Beni Mellal-Khenifra,,High Atlas,,,geoheritage_expanded_20260809_group_53,point,geoheritage_expanded_20260809,1014,,False,,
obs2_00726,"Dinosaur footprints, Ibakaliwine",31.6842,-6.371152777777778,Beni Mellal-Khenifra,,High Atlas,,,geoheritage_expanded_20260809_group_53,point,geoheritage_expanded_20260809,1015,,False,,
obs2_00727,Hiking lake Izoughar,31.736925,-6.314761111111111,Beni Mellal-Khenifra,,High Atlas,,,geoheritage_expanded_20260809_group_53,point,geoheritage_expanded_20260809,1016,,False,,
obs2_00728,Jbel Azourki ascension,31.79435833333333,-6.1931,Beni Mellal-Khenifra,,High Atlas,,,geoheritage_expanded_20260809_group_53,point,geoheritage_expanded_20260809,1017,,False,,
obs2_00729,Taghia sources,31.821613888888887,-6.089266666666666,Beni Mellal-Khenifra,,High Atlas,,,geoheritage_expanded_20260809_group_53,point,geoheritage_expanded_20260809,1018,,False,,
obs2_00730,Cliffs of Ait Abdi Plateau,31.94306388888889,-6.076766666666667,Beni Mellal-Khenifra,,High Atlas,,,geoheritage_expanded_20260809_group_53,point,geoheritage_expanded_20260809,1019,,False,,
obs2_00731,Hiking around Imsfran Cathedral,31.983180555555556,-6.121394444444444,Beni Mellal-Khenifra,,High Atlas,,,geoheritage_expanded_20260809_group_53,point,geoheritage_expanded_20260809,1020,,False,,
obs2_00732,Panoramic view of the Bin El Ouidane dam,32.102986111111115,-6.296983333333333,Beni Mellal-Khenifra,,High Atlas,,,geoheritage_expanded_20260809_group_53,point,geoheritage_expanded_20260809,1021,,False,,
obs2_00733,Panoramic view of the Tadla plain,32.18390833333333,-6.5110166666666665,Beni Mellal-Khenifra,,High Atlas,,,geoheritage_expanded_20260809_group_53,point,geoheritage_expanded_20260809,1022,,False,,
obs2_00734,Panorama of the Atlas Front,31.95245555555556,-4.472580555555556,Draa-Tafilalet,,Central High Atlas,,,geoheritage_expanded_20260809_group_54,point,geoheritage_expanded_20260809,1023,,False,,
obs2_00735,South Atlas Fault,31.977077777777776,-4.483280555555556,Draa-Tafilalet,,Central High Atlas,,,geoheritage_expanded_20260809_group_54,point,geoheritage_expanded_20260809,1024,,False,,
obs2_00736,Jbel Hamdoun Anticline Structure,31.98295,-4.500036111111111,Draa-Tafilalet,,Central High Atlas,,,geoheritage_expanded_20260809_group_54,point,geoheritage_expanded_20260809,1025,,False,,
obs2_00737,Jurassic/Cretaceous Contact,31.999597222222224,-4.4928638888888885,Draa-Tafilalet,,Central High Atlas,,,geoheritage_expanded_20260809_group_54,point,geoheritage_expanded_20260809,1026,,False,,
obs2_00738,Perched Syncline Between Two Atlassic Faults,32.02611111111111,-4.467666666666667,Draa-Tafilalet,,Central High Atlas,,,geoheritage_expanded_20260809_group_54,point,geoheritage_expanded_20260809,1027,,False,,
obs2_00739,Ait Atmane Fault (Amzouj Fault),32.02828888888889,-4.441061111111111,Draa-Tafilalet,,Central High Atlas,,,geoheritage_expanded_20260809_group_54,point,geoheritage_expanded_20260809,1028,,False,,
obs2_00740,Panorama of El Hassan Addakhil Dam,32.04982777777778,-4.404466666666667,Draa-Tafilalet,,Central High Atlas,,,geoheritage_expanded_20260809_group_54,point,geoheritage_expanded_20260809,1029,,False,,
obs2_00741,Dermchane Waterfall,32.05456944444444,-4.483105555555556,Draa-Tafilalet,,Central High Atlas,,,geoheritage_expanded_20260809_group_54,point,geoheritage_expanded_20260809,1031,,False,,
obs2_00742,Plainof Fezouata Shales,30.42605555555556,-5.644177777777777,Draa-Tafilalet,,Anti-Atlas,,,geoheritage_expanded_20260809_group_55,point,geoheritage_expanded_20260809,1032,,False,,
obs2_00743,Fossiliferous outcropof Fezouata Shales 1,30.446852777777774,-5.616483333333333,Draa-Tafilalet,,Anti-Atlas,,,geoheritage_expanded_20260809_group_55,point,geoheritage_expanded_20260809,1033,,False,,
obs2_00744,Fossiliferous outcropof Fezouata Shales 2,30.426875000000003,-5.626283333333334,Draa-Tafilalet,,Anti-Atlas,,,geoheritage_expanded_20260809_group_55,point,geoheritage_expanded_20260809,1034,,False,,
obs2_00745,Fossiliferous outcropof Fezouata Shales 3,30.46266111111111,-5.639013888888888,Draa-Tafilalet,,Anti-Atlas,,,geoheritage_expanded_20260809_group_55,point,geoheritage_expanded_20260809,1035,,False,,
obs2_00746,Block1: Condensed series Block 2: Hardground,30.434141666666665,-5.606144444444444,Draa-Tafilalet,,Anti-Atlas,,,geoheritage_expanded_20260809_group_55,point,geoheritage_expanded_20260809,1036,,False,,
obs2_00747,Desert landforms 1,30.31458888888889,-5.568783333333333,Draa-Tafilalet,,Anti-Atlas,,,geoheritage_expanded_20260809_group_55,point,geoheritage_expanded_20260809,1037,,False,,
obs2_00748,Desert landforms 2,30.22558888888889,-5.555236111111111,Draa-Tafilalet,,Anti-Atlas,,,geoheritage_expanded_20260809_group_55,point,geoheritage_expanded_20260809,1038,,False,,
obs2_00749,The members of the first Bani are horizontal,29.9411,-5.5833916666666665,Draa-Tafilalet,,Anti-Atlas,,,geoheritage_expanded_20260809_group_55,point,geoheritage_expanded_20260809,1039,,False,,
obs2_00750,The first Bani constitutes a naturalbar that blocks sand deposits,30.39215,-5.767797222222222,Draa-Tafilalet,,Anti-Atlas,,,geoheritage_expanded_20260809_group_55,point,geoheritage_expanded_20260809,1040,,False,,
obs2_00775,Ediacaran dyke structures,31.352991666666668,-5.718,Draa-Tafilalet,,Anti-Atlas,,,geoheritage_expanded_20260809_group_58,point,geoheritage_expanded_20260809,1065,,False,,
obs2_00776,Ediacaran-Lower Cambrian contact,31.355447222222224,-5.719055555555555,Draa-Tafilalet,,Anti-Atlas,,,geoheritage_expanded_20260809_group_58,point,geoheritage_expanded_20260809,1066,,False,,
obs2_00777,Lower Cambrian “Brèche à Micmacca”,31.355397222222223,-5.7198166666666665,Draa-Tafilalet,,Anti-Atlas,,,geoheritage_expanded_20260809_group_58,point,geoheritage_expanded_20260809,1067,,False,,
obs2_00778,Middle Cambrian Paradoxides-type trilobites,31.355894444444445,-5.718358333333334,Draa-Tafilalet,,Anti-Atlas,,,geoheritage_expanded_20260809_group_58,point,geoheritage_expanded_20260809,1068,,False,,
obs2_00779,Middle Cambrian regression sequences,31.36165555555556,-5.734269444444444,Draa-Tafilalet,,Anti-Atlas,,,geoheritage_expanded_20260809_group_58,point,geoheritage_expanded_20260809,1069,,False,,
obs2_00780,Lower Ordovician oncolite structures,31.36876388888889,-5.735255555555556,Draa-Tafilalet,,Anti-Atlas,,,geoheritage_expanded_20260809_group_58,point,geoheritage_expanded_20260809,1070,,False,,
obs2_00781,Middle Ordovician burrows and oolitic iron,31.37255,-5.7333694444444445,Draa-Tafilalet,,Anti-Atlas,,,geoheritage_expanded_20260809_group_58,point,geoheritage_expanded_20260809,1071,,False,,
obs2_00782,Upper Ordovician bioturbation and karstification,31.38072777777778,-5.732627777777778,Draa-Tafilalet,,Anti-Atlas,,,geoheritage_expanded_20260809_group_58,point,geoheritage_expanded_20260809,1072,,False,,
obs2_00783,Upper Ordovician sequences and faults,31.37605,-5.735016666666667,Draa-Tafilalet,,Anti-Atlas,,,geoheritage_expanded_20260809_group_58,point,geoheritage_expanded_20260809,1073,,False,,
obs2_00784,Visean–Infra-Cenomanian unconformity,31.434166666666663,-5.645,Draa-Tafilalet,,High Atlas,,,geoheritage_expanded_20260809_group_59,point,geoheritage_expanded_20260809,1074,,False,,
obs2_00785,Quaternary fluvial terraces,31.43638888888889,-5.645555555555555,Draa-Tafilalet,,High Atlas,,,geoheritage_expanded_20260809_group_59,point,geoheritage_expanded_20260809,1075,,False,,
obs2_00786,Infra-Cenomanian gypsum & Quaternary travertine,31.44083333333333,-5.647777777777777,Draa-Tafilalet,,High Atlas,,,geoheritage_expanded_20260809_group_59,point,geoheritage_expanded_20260809,1076,,False,,
obs2_00787,Cenomanian–Turonian lithified and flint-rich limestone,31.444166666666668,-5.654722222222222,Draa-Tafilalet,,High Atlas,,,geoheritage_expanded_20260809_group_59,point,geoheritage_expanded_20260809,1077,,False,,
obs2_00788,Senonian–Neogene basalt unconformity,31.44833333333333,-5.6625000000000005,Draa-Tafilalet,,High Atlas,,,geoheritage_expanded_20260809_group_59,point,geoheritage_expanded_20260809,1078,,False,,
obs2_00789,Neogene volcano-sedimentary deposits,31.45555555555556,-5.662777777777778,Draa-Tafilalet,,High Atlas,,,geoheritage_expanded_20260809_group_59,point,geoheritage_expanded_20260809,1079,,False,,
obs2_00790,Paleocene fossiliferous limestone,31.451666666666664,-5.664722222222222,Draa-Tafilalet,,High Atlas,,,geoheritage_expanded_20260809_group_59,point,geoheritage_expanded_20260809,1080,,False,,
obs2_00791,Geosite 1,31.336166666666667,-5.593294444444444,Draa-Tafilalet,,High Atlas & Anti-Atlas,,,geoheritage_expanded_20260809_group_60,point,geoheritage_expanded_20260809,1081,,False,,
obs2_00792,Geosite 2,31.434561111111112,-5.989994444444444,Draa-Tafilalet,,High Atlas & Anti-Atlas,,,geoheritage_expanded_20260809_group_60,point,geoheritage_expanded_20260809,1082,,False,,
obs2_00793,Geosite 3,31.52831944444444,-5.9246944444444445,Draa-Tafilalet,,High Atlas & Anti-Atlas,,,geoheritage_expanded_20260809_group_60,point,geoheritage_expanded_20260809,1083,,False,,
obs2_00794,Geosite 4,30.854141666666667,-6.802416666666667,Draa-Tafilalet,,High Atlas & Anti-Atlas,,,geoheritage_expanded_20260809_group_60,point,geoheritage_expanded_20260809,1084,,False,,
obs2_00795,Geosite 5,30.758930555555555,-6.642613888888889,Draa-Tafilalet,,High Atlas & Anti-Atlas,,,geoheritage_expanded_20260809_group_60,point,geoheritage_expanded_20260809,1085,,False,,
obs2_00796,Geosite 6,30.524880555555555,-6.443355555555556,Draa-Tafilalet,,High Atlas & Anti-Atlas,,,geoheritage_expanded_20260809_group_60,point,geoheritage_expanded_20260809,1086,,False,,
obs2_00798,Geosite 8,30.283786111111112,-6.432008333333334,Draa-Tafilalet,,High Atlas & Anti-Atlas,,,geoheritage_expanded_20260809_group_60,point,geoheritage_expanded_20260809,1088,,False,,
obs2_00799,Geosite 9,30.52151111111111,-7.246663888888889,Draa-Tafilalet,,High Atlas & Anti-Atlas,,,geoheritage_expanded_20260809_group_60,point,geoheritage_expanded_20260809,1089,,False,,
obs2_00836,Kerrouchène,32.812261111111106,-5.319172222222222,Beni Mellal-Khenifra,,Middle Atlas,,,geoheritage_expanded_20260809_group_61,point,geoheritage_expanded_20260809,1127,,False,,
obs2_00919,Aghbaloun Assounane,32.91218611111111,-5.335925,Beni Mellal-Khenifra,,Middle Atlas,,,geoheritage_expanded_20260809_group_66,point,geoheritage_expanded_20260809,1210,,False,,
obs2_00921,Aguelmam Admar Izam,33.10306388888889,-5.394455555555556,Beni Mellal-Khenifra,,Middle Atlas,,,geoheritage_expanded_20260809_group_66,point,geoheritage_expanded_20260809,1212,,False,,
obs2_00925,Aguelmam Almis Guigou,32.97318333333334,-5.443508333333334,Beni Mellal-Khenifra,,Middle Atlas,,,geoheritage_expanded_20260809_group_66,point,geoheritage_expanded_20260809,1216,,False,,
obs2_00930,Aguelmam Dial Tachnkourt,33.145561111111114,-5.386361111111111,Beni Mellal-Khenifra,,Middle Atlas,,,geoheritage_expanded_20260809_group_66,point,geoheritage_expanded_20260809,1221,,False,,
obs2_00932,Aguelmam Miammi,32.90421944444444,-5.373591666666666,Beni Mellal-Khenifra,,Middle Atlas,,,geoheritage_expanded_20260809_group_66,point,geoheritage_expanded_20260809,1223,,False,,
obs2_00934,Aguelmam n’Harcha,33.13122222222222,-5.351230555555556,Beni Mellal-Khenifra,,Middle Atlas,,,geoheritage_expanded_20260809_group_66,point,geoheritage_expanded_20260809,1225,,False,,
obs2_00937,Aguelmam Ou Houli,33.129616666666664,-5.359891666666666,Beni Mellal-Khenifra,,Middle Atlas,,,geoheritage_expanded_20260809_group_66,point,geoheritage_expanded_20260809,1228,,False,,
obs2_00938,Aguelmam Sidi Abderahman Ou Said,33.085411111111114,-5.400916666666667,Beni Mellal-Khenifra,,Middle Atlas,,,geoheritage_expanded_20260809_group_66,point,geoheritage_expanded_20260809,1229,,False,,
obs2_01017,Lac Ajdir,32.96297222222223,-5.434805555555556,Beni Mellal-Khenifra,,Middle Atlas,,,geoheritage_expanded_20260809_group_66,point,geoheritage_expanded_20260809,1308,,False,,
obs2_01019,Oum Er-Rbiaa,33.05158888888889,-5.412147222222223,Beni Mellal-Khenifra,,Middle Atlas,,,geoheritage_expanded_20260809_group_66,point,geoheritage_expanded_20260809,1310,,False,,
obs2_01029,Taguelmant Yéj,32.97243888888889,-5.569052777777777,Beni Mellal-Khenifra,,Middle Atlas,,,geoheritage_expanded_20260809_group_66,point,geoheritage_expanded_20260809,1320,,False,,
obs2_01032,Tiguelmamines,32.90577222222222,-5.343172222222222,Beni Mellal-Khenifra,,Middle Atlas,,,geoheritage_expanded_20260809_group_66,point,geoheritage_expanded_20260809,1323,,False,,
obs2_01035,Aghbal,33.044958333333334,-5.480861111111111,Beni Mellal-Khenifra,,Middle Atlas,,,geoheritage_expanded_20260809_group_67,point,geoheritage_expanded_20260809,1326,,False,,
obs2_01036,Aït Ou Hammou,33.05758333333333,-5.379052777777777,Beni Mellal-Khenifra,,Middle Atlas,,,geoheritage_expanded_20260809_group_67,point,geoheritage_expanded_20260809,1327,,False,,
obs2_01059,Aferrane,33.026,-5.460927777777778,Beni Mellal-Khenifra,,Middle Atlas,,,geoheritage_expanded_20260809_group_68,point,geoheritage_expanded_20260809,1350,,False,,
obs2_01062,Ahoussal,32.964169444444444,-5.316977777777778,Beni Mellal-Khenifra,,Middle Atlas,,,geoheritage_expanded_20260809_group_68,point,geoheritage_expanded_20260809,1353,,False,,
obs2_01068,Ajdir,32.96297222222223,-5.434805555555556,Beni Mellal-Khenifra,,Middle Atlas,,,geoheritage_expanded_20260809_group_68,point,geoheritage_expanded_20260809,1359,,False,,
obs2_01069,Al Maarad,33.005766666666666,-5.501008333333333,Beni Mellal-Khenifra,,Middle Atlas,,,geoheritage_expanded_20260809_group_68,point,geoheritage_expanded_20260809,1360,,False,,
obs2_01073,Azegza,32.99203333333333,-5.471388888888889,Beni Mellal-Khenifra,,Middle Atlas,,,geoheritage_expanded_20260809_group_68,point,geoheritage_expanded_20260809,1364,,False,,
obs2_01099,Iferaoun,33.14539444444444,-5.383291666666667,Beni Mellal-Khenifra,,Middle Atlas,,,geoheritage_expanded_20260809_group_68,point,geoheritage_expanded_20260809,1390,,False,,
obs2_01101,Ifrennta,33.15681111111111,-5.365311111111111,Beni Mellal-Khenifra,,Middle Atlas,,,geoheritage_expanded_20260809_group_68,point,geoheritage_expanded_20260809,1392,,False,,
obs2_01144,Kssouatène,33.12797777777778,-5.385097222222223,Beni Mellal-Khenifra,,Middle Atlas,,,geoheritage_expanded_20260809_group_68,point,geoheritage_expanded_20260809,1435,,False,,
obs2_01149,Mirssa,32.952450000000006,-5.291522222222223,Beni Mellal-Khenifra,,Middle Atlas,,,geoheritage_expanded_20260809_group_68,point,geoheritage_expanded_20260809,1440,,False,,
obs2_01150,Missartène,32.99635555555555,-5.447777777777778,Beni Mellal-Khenifra,,Middle Atlas,,,geoheritage_expanded_20260809_group_68,point,geoheritage_expanded_20260809,1441,,False,,
obs2_01152,Ouaousseguerna,33.156302777777775,-5.4298777777777785,Beni Mellal-Khenifra,,Middle Atlas,,,geoheritage_expanded_20260809_group_68,point,geoheritage_expanded_20260809,1443,,False,,
obs2_01153,Ouiouane,33.12708333333333,-5.345638888888889,Beni Mellal-Khenifra,,Middle Atlas,,,geoheritage_expanded_20260809_group_68,point,geoheritage_expanded_20260809,1444,,False,,
obs2_01155,Ounane,33.15134444444444,-5.408222222222222,Beni Mellal-Khenifra,,Middle Atlas,,,geoheritage_expanded_20260809_group_68,point,geoheritage_expanded_20260809,1446,,False,,
obs2_01170,Taboughout,32.944266666666664,-5.483897222222223,Beni Mellal-Khenifra,,Middle Atlas,,,geoheritage_expanded_20260809_group_68,point,geoheritage_expanded_20260809,1461,,False,,
obs2_01171,Taboughout Nord,32.95751388888889,-5.494613888888889,Beni Mellal-Khenifra,,Middle Atlas,,,geoheritage_expanded_20260809_group_68,point,geoheritage_expanded_20260809,1462,,False,,
obs2_01181,Tigouyal,32.969319444444444,-5.374294444444444,Beni Mellal-Khenifra,,Middle Atlas,,,geoheritage_expanded_20260809_group_68,point,geoheritage_expanded_20260809,1472,,False,,
obs2_01187,Tizaraght,32.961666666666666,-5.471636111111112,Beni Mellal-Khenifra,,Middle Atlas,,,geoheritage_expanded_20260809_group_68,point,geoheritage_expanded_20260809,1478,,False,,
obs2_01188,Tizaraght Est,32.95620277777778,-5.456361111111112,Beni Mellal-Khenifra,,Middle Atlas,,,geoheritage_expanded_20260809_group_68,point,geoheritage_expanded_20260809,1479,,False,,
obs2_01189,Tizerghine,32.96671944444444,-5.397927777777778,Beni Mellal-Khenifra,,Middle Atlas,,,geoheritage_expanded_20260809_group_68,point,geoheritage_expanded_20260809,1480,,False,,
obs2_01194,Chaara Cave,33.95561666666667,-4.249469444444444,Fez-Meknes,,Middle Atlas,,,geoheritage_expanded_20260809_group_69,point,geoheritage_expanded_20260809,1485,,False,,
obs2_00113,Lower Devonian quartzite bars of Bou Trou-Al Aççama,33.367333333333335,-5.490166666666667,Fés-Meknés,"S,St&G",Central Hight Atlas,,,geoheritage_expanded_20260809_group_14,point,geoheritage_expanded_20260809,162,,False,,
obs2_00114,Lower Devonian paleosol of Bou Trou-Al Aççama,33.35933333333333,-5.491833333333333,Fés-Meknés,S&St,Central Hight Atlas,,,geoheritage_expanded_20260809_group_14,point,geoheritage_expanded_20260809,163,,False,,
obs2_00115,Lower Devonian dwarf brachiopods of Bou Trou Al Aççama,33.3595,-5.490833333333334,Fés-Meknés,PL,Central Hight Atlas,,,geoheritage_expanded_20260809_group_14,point,geoheritage_expanded_20260809,164,,False,,
obs2_00116,Emsien crinoids grassland of Bab Al Ari,33.4605,-5.1865,Fés-Meknés,PL&S,Central Hight Atlas,,,geoheritage_expanded_20260809_group_14,point,geoheritage_expanded_20260809,165,,False,,
obs2_00117,Givetian calciturbidites of Ben Aarab,33.501333333333335,-5.4015,Fés-Meknés,"S,S&PL",Central Hight Atlas,,,geoheritage_expanded_20260809_group_14,point,geoheritage_expanded_20260809,166,,False,,
obs2_00118,Givetian-Famennian paleolapiaz of Bab Al Ari,33.4605,-5.1865,Fés-Meknés,PL&S,Central Hight Atlas,,,geoheritage_expanded_20260809_group_14,point,geoheritage_expanded_20260809,167,,False,,
obs2_00802,Askour,33.630408333333335,-4.1826083333333335,Fés-Meknés,,Middle Atlas,,,geoheritage_expanded_20260809_group_61,point,geoheritage_expanded_20260809,1092,,False,,
obs2_00803,Azzaba,33.81390833333333,-4.675672222222223,Fés-Meknés,,Middle Atlas,,,geoheritage_expanded_20260809_group_61,point,geoheritage_expanded_20260809,1093,,False,,
obs2_00804,Bab Azhar,34.06423888888889,-4.2653944444444445,Fés-Meknés,,Middle Atlas,,,geoheritage_expanded_20260809_group_61,point,geoheritage_expanded_20260809,1094,,False,,
obs2_00805,Ben Smime,33.49503888888889,-5.189722222222223,Fés-Meknés,,Middle Atlas,,,geoheritage_expanded_20260809_group_61,point,geoheritage_expanded_20260809,1095,,False,,
obs2_00806,Beni Mkoud,33.89700833333333,-4.344252777777777,Fés-Meknés,,Middle Atlas,,,geoheritage_expanded_20260809_group_61,point,geoheritage_expanded_20260809,1096,,False,,
obs2_00807,Bhalil,33.86452777777778,-4.890405555555555,Fés-Meknés,,Middle Atlas,,,geoheritage_expanded_20260809_group_61,point,geoheritage_expanded_20260809,1097,,False,,
obs2_00808,Bled Ech Chrif,33.970197222222225,-4.049877777777778,Fés-Meknés,,Middle Atlas,,,geoheritage_expanded_20260809_group_61,point,geoheritage_expanded_20260809,1098,,False,,
obs2_00809,Bon Massaoud,34.10189444444445,-4.083633333333333,Fés-Meknés,,Middle Atlas,,,geoheritage_expanded_20260809_group_61,point,geoheritage_expanded_20260809,1099,,False,,
obs2_00810,Bou Tazzert,33.430074999999995,-4.946205555555556,Fés-Meknés,,Middle Atlas,,,geoheritage_expanded_20260809_group_61,point,geoheritage_expanded_20260809,1100,,False,,
obs2_00811,Bsabis,33.69928611111111,-4.693583333333334,Fés-Meknés,,Middle Atlas,,,geoheritage_expanded_20260809_group_61,point,geoheritage_expanded_20260809,1101,,False,,
obs2_00812,Col de Touaher,34.192763888888884,-4.166980555555556,Fés-Meknés,,Middle Atlas,,,geoheritage_expanded_20260809_group_61,point,geoheritage_expanded_20260809,1102,,False,,
obs2_00814,Diapir de Mellaha,33.77836666666666,-4.5620416666666666,Fés-Meknés,,Middle Atlas,,,geoheritage_expanded_20260809_group_61,point,geoheritage_expanded_20260809,1104,,False,,
obs2_00815,El Ghar,33.88885555555556,-4.262888888888889,Fés-Meknés,,Middle Atlas,,,geoheritage_expanded_20260809_group_61,point,geoheritage_expanded_20260809,1105,,False,,
obs2_00816,El Harira,33.920541666666665,-4.363547222222222,Fés-Meknés,,Middle Atlas,,,geoheritage_expanded_20260809_group_61,point,geoheritage_expanded_20260809,1106,,False,,
obs2_00817,Ic h Amellal,33.5172,-4.913855555555556,Fés-Meknés,,Middle Atlas,,,geoheritage_expanded_20260809_group_61,point,geoheritage_expanded_20260809,1107,,False,,
obs2_00818,Ic h Bab El Mansour,33.66533333333333,-4.196561111111111,Fés-Meknés,,Middle Atlas,,,geoheritage_expanded_20260809_group_61,point,geoheritage_expanded_20260809,1108,,False,,
obs2_00819,Ic h Maalem,33.704905555555555,-4.166080555555556,Fés-Meknés,,Middle Atlas,,,geoheritage_expanded_20260809_group_61,point,geoheritage_expanded_20260809,1109,,False,,
obs2_00820,Ic h n’Tili,33.59842777777778,-4.2674,Fés-Meknés,,Middle Atlas,,,geoheritage_expanded_20260809_group_61,point,geoheritage_expanded_20260809,1110,,False,,
obs2_00821,Ic h Ouarich,33.49328611111111,-4.916116666666667,Fés-Meknés,,Middle Atlas,,,geoheritage_expanded_20260809_group_61,point,geoheritage_expanded_20260809,1111,,False,,
obs2_00822,Issouka,33.44167777777778,-4.334855555555556,Fés-Meknés,,Middle Atlas,,,geoheritage_expanded_20260809_group_61,point,geoheritage_expanded_20260809,1112,,False,,
obs2_00823,It Ougmar,33.410669444444444,-4.8735388888888895,Fés-Meknés,,Middle Atlas,,,geoheritage_expanded_20260809_group_61,point,geoheritage_expanded_20260809,1113,,False,,
obs2_00824,Ito,33.59500555555556,-5.3587444444444445,Fés-Meknés,,Middle Atlas,,,geoheritage_expanded_20260809_group_61,point,geoheritage_expanded_20260809,1114,,False,,
obs2_00825,Jbel Bouslama,33.92851388888889,-4.261708333333333,Fés-Meknés,,Middle Atlas,,,geoheritage_expanded_20260809_group_61,point,geoheritage_expanded_20260809,1116,,False,,
obs2_00826,Jbel Hamda,33.76776944444445,-4.508608333333333,Fés-Meknés,,Middle Atlas,,,geoheritage_expanded_20260809_group_61,point,geoheritage_expanded_20260809,1117,,False,,
obs2_00827,Jbel Lakraâ,33.864536111111114,-4.3476027777777775,Fés-Meknés,,Middle Atlas,,,geoheritage_expanded_20260809_group_61,point,geoheritage_expanded_20260809,1118,,False,,
obs2_00828,Jbel Messassa,33.898377777777775,-4.388580555555556,Fés-Meknés,,Middle Atlas,,,geoheritage_expanded_20260809_group_61,point,geoheritage_expanded_20260809,1119,,False,,
obs2_00829,Jbel Nerkibat,33.836244444444446,-4.089855555555555,Fés-Meknés,,Middle Atlas,,,geoheritage_expanded_20260809_group_61,point,geoheritage_expanded_20260809,1120,,False,,
obs2_00830,Jbel Sehrij,33.92944166666666,-3.992011111111111,Fés-Meknés,,Middle Atlas,,,geoheritage_expanded_20260809_group_61,point,geoheritage_expanded_20260809,1121,,False,,
obs2_00831,Jbel Tazrakht,33.74353611111111,-4.613408333333333,Fés-Meknés,,Middle Atlas,,,geoheritage_expanded_20260809_group_61,point,geoheritage_expanded_20260809,1122,,False,,
obs2_00832,Jbel Tichaou,33.91208888888889,-4.409205555555556,Fés-Meknés,,Middle Atlas,,,geoheritage_expanded_20260809_group_61,point,geoheritage_expanded_20260809,1123,,False,,
obs2_00833,Jbel Tnidilt,33.92292777777777,-4.298558333333333,Fés-Meknés,,Middle Atlas,,,geoheritage_expanded_20260809_group_61,point,geoheritage_expanded_20260809,1124,,False,,
obs2_00834,Jerf EI Gaz,33.424166666666665,-4.3422222222222215,Fés-Meknés,,Middle Atlas,,,geoheritage_expanded_20260809_group_61,point,geoheritage_expanded_20260809,1125,,False,,
obs2_00835,Kandar,33.779780555555554,-5.065452777777778,Fés-Meknés,,Middle Atlas,,,geoheritage_expanded_20260809_group_61,point,geoheritage_expanded_20260809,1126,,False,,
obs2_00837,Koudiat Ech Chham,33.45149166666667,-4.929327777777778,Fés-Meknés,,Middle Atlas,,,geoheritage_expanded_20260809_group_61,point,geoheritage_expanded_20260809,1128,,False,,
obs2_00838,Laârouch,33.92948055555555,-4.256008333333333,Fés-Meknés,,Middle Atlas,,,geoheritage_expanded_20260809_group_61,point,geoheritage_expanded_20260809,1129,,False,,
obs2_00839,Mâafa Tamekrant,33.480158333333335,-4.928294444444445,Fés-Meknés,,Middle Atlas,,,geoheritage_expanded_20260809_group_61,point,geoheritage_expanded_20260809,1130,,False,,
obs2_00840,Maafa Tamezian,33.491391666666665,-4.932941666666667,Fés-Meknés,,Middle Atlas,,,geoheritage_expanded_20260809_group_61,point,geoheritage_expanded_20260809,1131,,False,,
obs2_00841,Merzidki,33.44587222222222,-4.871861111111111,Fés-Meknés,,Middle Atlas,,,geoheritage_expanded_20260809_group_61,point,geoheritage_expanded_20260809,1132,,False,,
obs2_00842,Mou Aguerbez,33.46251111111111,-4.945358333333334,Fés-Meknés,,Middle Atlas,,,geoheritage_expanded_20260809_group_61,point,geoheritage_expanded_20260809,1133,,False,,
obs2_00843,Pontde Sebou,33.83229722222222,-4.646211111111111,Fés-Meknés,,Middle Atlas,,,geoheritage_expanded_20260809_group_61,point,geoheritage_expanded_20260809,1134,,False,,
obs2_00844,Tamezziant,33.44653888888889,-4.891249999999999,Fés-Meknés,,Middle Atlas,,,geoheritage_expanded_20260809_group_61,point,geoheritage_expanded_20260809,1135,,False,,
obs2_00845,Tichoukt,33.394725,-4.6585,Fés-Meknés,,Middle Atlas,,,geoheritage_expanded_20260809_group_61,point,geoheritage_expanded_20260809,1136,,False,,
obs2_00846,Tizi Bou-Zaabel,33.64558888888889,-4.1551,Fés-Meknés,,Middle Atlas,,,geoheritage_expanded_20260809_group_61,point,geoheritage_expanded_20260809,1137,,False,,
obs2_00847,Tizi Oughmari,33.46958888888889,-5.16506388888889,Fés-Meknés,,Middle Atlas,,,geoheritage_expanded_20260809_group_61,point,geoheritage_expanded_20260809,1138,,False,,
obs2_00848,Tleta Zerarda,33.99356944444445,-4.383002777777778,Fés-Meknés,,Middle Atlas,,,geoheritage_expanded_20260809_group_61,point,geoheritage_expanded_20260809,1139,,False,,
obs2_00849,Zitounat,33.40253611111111,-5.020261111111111,Fés-Meknés,,Middle Atlas,,,geoheritage_expanded_20260809_group_61,point,geoheritage_expanded_20260809,1140,,False,,
obs2_00850,Jbel Shala,33.687755555555555,-4.305622222222223,Fés-Meknés,,Middle Atlas,,,geoheritage_expanded_20260809_group_61,point,geoheritage_expanded_20260809,1141,,False,,
obs2_00851,Cave of Tamezguid n’Rbi,33.66263611111111,-4.289038888888888,Fés-Meknés,,Middle Atlas,,,geoheritage_expanded_20260809_group_61,point,geoheritage_expanded_20260809,1142,,False,,
obs2_00852,Aderj Plateau,33.62390555555556,-4.447261111111112,Fés-Meknés,,Middle Atlas,,,geoheritage_expanded_20260809_group_62,point,geoheritage_expanded_20260809,1143,,False,,
obs2_00853,Aghram Amellal,33.68239166666667,-4.457058333333333,Fés-Meknés,,Middle Atlas,,,geoheritage_expanded_20260809_group_62,point,geoheritage_expanded_20260809,1144,,False,,
obs2_00854,Aghram Iroumine,33.645875,-4.472341666666667,Fés-Meknés,,Middle Atlas,,,geoheritage_expanded_20260809_group_62,point,geoheritage_expanded_20260809,1145,,False,,
obs2_00855,Bel Jeraf,33.82606944444445,-4.846188888888888,Fés-Meknés,,Middle Atlas,,,geoheritage_expanded_20260809_group_62,point,geoheritage_expanded_20260809,1146,,False,,
obs2_00856,Beni Mghora,33.69641111111111,-4.353727777777777,Fés-Meknés,,Middle Atlas,,,geoheritage_expanded_20260809_group_62,point,geoheritage_expanded_20260809,1147,,False,,
obs2_00857,Col Touaher,34.192763888888884,-4.166980555555556,Fés-Meknés,,Middle Atlas,,,geoheritage_expanded_20260809_group_62,point,geoheritage_expanded_20260809,1148,,False,,
obs2_00858,El Karia,33.77083888888889,-4.319133333333333,Fés-Meknés,,Middle Atlas,,,geoheritage_expanded_20260809_group_62,point,geoheritage_expanded_20260809,1149,,False,,
obs2_00859,Foum Khneg,33.15085,-5.053672222222222,Fés-Meknés,,Middle Atlas,,,geoheritage_expanded_20260809_group_62,point,geoheritage_expanded_20260809,1150,,False,,
obs2_00860,Gara Tazouta,33.64585833333333,-4.650772222222223,Fés-Meknés,,Middle Atlas,,,geoheritage_expanded_20260809_group_62,point,geoheritage_expanded_20260809,1151,,False,,
obs2_00861,Ich n’Bouk,33.648944444444446,-4.417163888888889,Fés-Meknés,,Middle Atlas,,,geoheritage_expanded_20260809_group_62,point,geoheritage_expanded_20260809,1152,,False,,
obs2_00862,Laazib,33.73292222222222,-4.382358333333333,Fés-Meknés,,Middle Atlas,,,geoheritage_expanded_20260809_group_62,point,geoheritage_expanded_20260809,1153,,False,,
obs2_00863,Lebbouaddis,33.82904444444445,-4.649525,Fés-Meknés,,Middle Atlas,,,geoheritage_expanded_20260809_group_62,point,geoheritage_expanded_20260809,1154,,False,,
obs2_00864,Miocene of Bizi,33.932319444444445,-3.987136111111111,Fés-Meknés,,Middle Atlas,,,geoheritage_expanded_20260809_group_62,point,geoheritage_expanded_20260809,1155,,False,,
obs2_00865,Oued Mdez,33.65264722222222,-4.565633333333333,Fés-Meknés,,Middle Atlas,,,geoheritage_expanded_20260809_group_62,point,geoheritage_expanded_20260809,1156,,False,,
obs2_00866,Oued Zra,33.70815555555556,-4.641630555555556,Fés-Meknés,,Middle Atlas,,,geoheritage_expanded_20260809_group_62,point,geoheritage_expanded_20260809,1157,,False,,
obs2_00867,Ribat al Khayr,33.81769444444445,-4.421363888888889,Fés-Meknés,,Middle Atlas,,,geoheritage_expanded_20260809_group_62,point,geoheritage_expanded_20260809,1158,,False,,
obs2_00868,Sidi Yahya,33.74138888888889,-4.326219444444444,Fés-Meknés,,Middle Atlas,,,geoheritage_expanded_20260809_group_62,point,geoheritage_expanded_20260809,1159,,False,,
obs2_00869,Silt of Sefrou,33.85794722222222,-4.850958333333333,Fés-Meknés,,Middle Atlas,,,geoheritage_expanded_20260809_group_62,point,geoheritage_expanded_20260809,1160,,False,,
obs2_00870,Skoura Travertines,33.58542222222223,-4.531686111111111,Fés-Meknés,,Middle Atlas,,,geoheritage_expanded_20260809_group_62,point,geoheritage_expanded_20260809,1161,,False,,
obs2_00871,Tannint ou Moudou,33.6672,-4.486122222222222,Fés-Meknés,,Middle Atlas,,,geoheritage_expanded_20260809_group_62,point,geoheritage_expanded_20260809,1162,,False,,
obs2_00872,Timahdite limestones,33.23932777777778,-5.05505,Fés-Meknés,,Middle Atlas,,,geoheritage_expanded_20260809_group_62,point,geoheritage_expanded_20260809,1163,,False,,
obs2_00873,Aïn ou N’Jourh,33.47506666666667,-4.453991666666667,Fés-Meknés,,Middle Atlas,,,geoheritage_expanded_20260809_group_63,point,geoheritage_expanded_20260809,1164,,False,,
obs2_00874,Aït Abdellah,33.41758333333333,-4.443222222222222,Fés-Meknés,,Middle Atlas,,,geoheritage_expanded_20260809_group_63,point,geoheritage_expanded_20260809,1165,,False,,
obs2_00875,Aït Bazza,33.409930555555555,-4.309961111111111,Fés-Meknés,,Middle Atlas,,,geoheritage_expanded_20260809_group_63,point,geoheritage_expanded_20260809,1166,,False,,
obs2_00876,Ancherif,33.483716666666666,-4.613419444444444,Fés-Meknés,,Middle Atlas,,,geoheritage_expanded_20260809_group_63,point,geoheritage_expanded_20260809,1167,,False,,
obs2_00877,Botane,33.48017222222222,-4.465558333333333,Fés-Meknés,,Middle Atlas,,,geoheritage_expanded_20260809_group_63,point,geoheritage_expanded_20260809,1168,,False,,
obs2_00878,Botane Sud,33.47431666666667,-4.462652777777778,Fés-Meknés,,Middle Atlas,,,geoheritage_expanded_20260809_group_63,point,geoheritage_expanded_20260809,1169,,False,,
obs2_00879,Bou Ifraoun,33.41518611111111,-4.376255555555555,Fés-Meknés,,Middle Atlas,,,geoheritage_expanded_20260809_group_63,point,geoheritage_expanded_20260809,1170,,False,,
obs2_00880,Bou Ifraoun Ouest,33.415524999999995,-4.3809,Fés-Meknés,,Middle Atlas,,,geoheritage_expanded_20260809_group_63,point,geoheritage_expanded_20260809,1171,,False,,
obs2_00881,Boulahfa,33.29682222222222,-4.703822222222223,Fés-Meknés,,Middle Atlas,,,geoheritage_expanded_20260809_group_63,point,geoheritage_expanded_20260809,1172,,False,,
obs2_00882,Darak,33.423427777777775,-4.452688888888889,Fés-Meknés,,Middle Atlas,,,geoheritage_expanded_20260809_group_63,point,geoheritage_expanded_20260809,1173,,False,,
obs2_00883,Djmila,33.51165833333334,-4.435205555555556,Fés-Meknés,,Middle Atlas,,,geoheritage_expanded_20260809_group_63,point,geoheritage_expanded_20260809,1174,,False,,
obs2_00884,EL Mers,33.44717222222222,-4.444891666666667,Fés-Meknés,,Middle Atlas,,,geoheritage_expanded_20260809_group_63,point,geoheritage_expanded_20260809,1175,,False,,
obs2_00885,Jbel Oudiksou,33.249405555555555,-4.829572222222222,Fés-Meknés,,Middle Atlas,,,geoheritage_expanded_20260809_group_63,point,geoheritage_expanded_20260809,1176,,False,,
obs2_00886,Ksar Aït Moulay (Tisfoula Tasra),33.44374444444444,-4.391513888888889,Fés-Meknés,,Middle Atlas,,,geoheritage_expanded_20260809_group_63,point,geoheritage_expanded_20260809,1177,,False,,
obs2_00887,Oued Boukamouche,33.446866666666665,-4.422569444444445,Fés-Meknés,,Middle Atlas,,,geoheritage_expanded_20260809_group_64,point,geoheritage_expanded_20260809,1178,,False,,
obs2_00888,Oued Mers,33.445027777777774,-4.315963888888889,Fés-Meknés,,Middle Atlas,,,geoheritage_expanded_20260809_group_64,point,geoheritage_expanded_20260809,1179,,False,,
obs2_00889,Oued Tamemchet,33.42992777777778,-4.3973,Fés-Meknés,,Middle Atlas,,,geoheritage_expanded_20260809_group_64,point,geoheritage_expanded_20260809,1180,,False,,
obs2_00890,Oued Tamghilt,33.44323055555555,-4.317419444444444,Fés-Meknés,,Middle Atlas,,,geoheritage_expanded_20260809_group_64,point,geoheritage_expanded_20260809,1181,,False,,
obs2_00891,Oulad Ali,33.46462777777778,-3.971455555555556,Fés-Meknés,,Middle Atlas,,,geoheritage_expanded_20260809_group_64,point,geoheritage_expanded_20260809,1182,,False,,
obs2_00892,Selghert,33.147,-4.980333333333333,Fés-Meknés,,Middle Atlas,,,geoheritage_expanded_20260809_group_64,point,geoheritage_expanded_20260809,1183,,False,,
obs2_00893,Taghit,33.45751944444445,-4.459761111111112,Fés-Meknés,,Middle Atlas,,,geoheritage_expanded_20260809_group_64,point,geoheritage_expanded_20260809,1184,,False,,
obs2_00894,Taghit Aït Youssef,33.456136111111114,-4.453475,Fés-Meknés,,Middle Atlas,,,geoheritage_expanded_20260809_group_64,point,geoheritage_expanded_20260809,1185,,False,,
obs2_00895,Taghit Tissenflet,33.45088333333334,-4.423069444444445,Fés-Meknés,,Middle Atlas,,,geoheritage_expanded_20260809_group_64,point,geoheritage_expanded_20260809,1186,,False,,
obs2_00896,Taghrout,33.45026111111111,-4.466683333333333,Fés-Meknés,,Middle Atlas,,,geoheritage_expanded_20260809_group_64,point,geoheritage_expanded_20260809,1187,,False,,
obs2_00897,Taghzout,33.456494444444445,-4.390202777777779,Fés-Meknés,,Middle Atlas,,,geoheritage_expanded_20260809_group_64,point,geoheritage_expanded_20260809,1188,,False,,
obs2_00898,Tamgert Iktaaïn (Tizi N’Julierh),33.467105555555555,-4.449630555555556,Fés-Meknés,,Middle Atlas,,,geoheritage_expanded_20260809_group_64,point,geoheritage_expanded_20260809,1189,,False,,
obs2_00899,Tamgert N’Tarit,33.46763888888889,-4.434291666666667,Fés-Meknés,,Middle Atlas,,,geoheritage_expanded_20260809_group_64,point,geoheritage_expanded_20260809,1190,,False,,
obs2_00900,Tamgert N’Tarit Nord,33.467083333333335,-4.4334444444444445,Fés-Meknés,,Middle Atlas,,,geoheritage_expanded_20260809_group_64,point,geoheritage_expanded_20260809,1191,,False,,
obs2_00901,Tamguert N’rate,33.45396388888889,-4.312311111111111,Fés-Meknés,,Middle Atlas,,,geoheritage_expanded_20260809_group_64,point,geoheritage_expanded_20260809,1192,,False,,
obs2_00902,Tasra,33.45984166666667,-4.393072222222223,Fés-Meknés,,Middle Atlas,,,geoheritage_expanded_20260809_group_64,point,geoheritage_expanded_20260809,1193,,False,,
obs2_00903,Tasra Est,33.459563888888894,-4.386308333333334,Fés-Meknés,,Middle Atlas,,,geoheritage_expanded_20260809_group_64,point,geoheritage_expanded_20260809,1194,,False,,
obs2_00904,Tichniouine,33.42688888888889,-4.419608333333334,Fés-Meknés,,Middle Atlas,,,geoheritage_expanded_20260809_group_64,point,geoheritage_expanded_20260809,1195,,False,,
obs2_00905,Tichou Moulay Said,33.44114166666667,-4.395372222222223,Fés-Meknés,,Middle Atlas,,,geoheritage_expanded_20260809_group_64,point,geoheritage_expanded_20260809,1196,,False,,
obs2_00906,Tirardine,33.43595277777777,-4.359125,Fés-Meknés,,Middle Atlas,,,geoheritage_expanded_20260809_group_64,point,geoheritage_expanded_20260809,1197,,False,,
obs2_00907,Vértébrés d’El Mers,33.45001111111112,-4.433263888888889,Fés-Meknés,,Middle Atlas,,,geoheritage_expanded_20260809_group_64,point,geoheritage_expanded_20260809,1198,,False,,
obs2_00908,Anchrif site,33.483275,-4.6174333333333335,Fés-Meknés,,Middle Atlas,,,geoheritage_expanded_20260809_group_65,point,geoheritage_expanded_20260809,1199,,False,,
obs2_00909,Aari Aguelmam,33.16810555555556,-5.141450000000001,Fés-Meknés,,Middle Atlas,,,geoheritage_expanded_20260809_group_66,point,geoheritage_expanded_20260809,1200,,False,,
obs2_00910,Aghbalou Abrechane,33.13965,-5.056938888888888,Fés-Meknés,,Middle Atlas,,,geoheritage_expanded_20260809_group_66,point,geoheritage_expanded_20260809,1201,,False,,
obs2_00912,Aghbalou n’Brahim,33.1894,-5.085630555555555,Fés-Meknés,,Middle Atlas,,,geoheritage_expanded_20260809_group_66,point,geoheritage_expanded_20260809,1203,,False,,
obs2_00913,Aghbalou n’Talouat,33.14028611111111,-5.051758333333333,Fés-Meknés,,Middle Atlas,,,geoheritage_expanded_20260809_group_66,point,geoheritage_expanded_20260809,1204,,False,,
obs2_00915,Aghbalou Ou Mançour,33.22733055555556,-5.093702777777778,Fés-Meknés,,Middle Atlas,,,geoheritage_expanded_20260809_group_66,point,geoheritage_expanded_20260809,1206,,False,,
obs2_00917,Aghbalou Taddat,33.26463888888889,-5.365325,Fés-Meknés,,Middle Atlas,,,geoheritage_expanded_20260809_group_66,point,geoheritage_expanded_20260809,1208,,False,,
obs2_00918,Aghbalou Tagma,33.23162777777778,-4.971713888888889,Fés-Meknés,,Middle Atlas,,,geoheritage_expanded_20260809_group_66,point,geoheritage_expanded_20260809,1209,,False,,
obs2_00920,Aguelmam Abekhane,33.189636111111106,-5.141980555555556,Fés-Meknés,,Middle Atlas,,,geoheritage_expanded_20260809_group_66,point,geoheritage_expanded_20260809,1211,,False,,
obs2_00922,Aguelmam Afiroua,33.22733055555556,-5.093702777777778,Fés-Meknés,,Middle Atlas,,,geoheritage_expanded_20260809_group_66,point,geoheritage_expanded_20260809,1213,,False,,
obs2_00923,Aguelmam Aghbalou Oumlil,33.243291666666664,-4.651375000000001,Fés-Meknés,,Middle Atlas,,,geoheritage_expanded_20260809_group_66,point,geoheritage_expanded_20260809,1214,,False,,
obs2_00924,Aguelmam Ait Said,33.372619444444446,-4.847152777777778,Fés-Meknés,,Middle Atlas,,,geoheritage_expanded_20260809_group_66,point,geoheritage_expanded_20260809,1215,,False,,
obs2_00926,Aguelmam Azegza,33.02415833333333,-5.091247222222222,Fés-Meknés,,Middle Atlas,,,geoheritage_expanded_20260809_group_66,point,geoheritage_expanded_20260809,1217,,False,,
obs2_00927,Aguelmam Azougouarh,33.761294444444445,-5.296888888888889,Fés-Meknés,,Middle Atlas,,,geoheritage_expanded_20260809_group_66,point,geoheritage_expanded_20260809,1218,,False,,
obs2_00928,Aguelmam Bou Youssef,33.26079444444444,-5.156238888888889,Fés-Meknés,,Middle Atlas,,,geoheritage_expanded_20260809_group_66,point,geoheritage_expanded_20260809,1219,,False,,
obs2_00929,Aguelmam Boucherouidene,33.49388611111111,-5.120933333333333,Fés-Meknés,,Middle Atlas,,,geoheritage_expanded_20260809_group_66,point,geoheritage_expanded_20260809,1220,,False,,
obs2_00931,Aguelmam Ifrighraoune,33.28836111111111,-5.179252777777778,Fés-Meknés,,Middle Atlas,,,geoheritage_expanded_20260809_group_66,point,geoheritage_expanded_20260809,1222,,False,,
obs2_00933,Aguelmam Nad′Adim,33.178802777777776,-5.080147222222222,Fés-Meknés,,Middle Atlas,,,geoheritage_expanded_20260809_group_66,point,geoheritage_expanded_20260809,1224,,False,,
obs2_00935,Aguelmam n’Tghallouine,33.38611944444445,-5.095947222222222,Fés-Meknés,,Middle Atlas,,,geoheritage_expanded_20260809_group_66,point,geoheritage_expanded_20260809,1226,,False,,
obs2_00936,Aguelmam Ntifounassine,33.154177777777775,-5.093830555555555,Fés-Meknés,,Middle Atlas,,,geoheritage_expanded_20260809_group_66,point,geoheritage_expanded_20260809,1227,,False,,
obs2_00940,Aguelmam Ticharat,33.003816666666665,-5.131633333333333,Fés-Meknés,,Middle Atlas,,,geoheritage_expanded_20260809_group_66,point,geoheritage_expanded_20260809,1231,,False,,
obs2_00941,Aguelmam Tidouit,33.24382777777778,-5.096116666666666,Fés-Meknés,,Middle Atlas,,,geoheritage_expanded_20260809_group_66,point,geoheritage_expanded_20260809,1232,,False,,
obs2_00943,Ain Aberchaou,33.89761111111111,-4.014505555555556,Fés-Meknés,,Middle Atlas,,,geoheritage_expanded_20260809_group_66,point,geoheritage_expanded_20260809,1234,,False,,
obs2_00945,Ain Ait Meziane,33.66658611111111,-5.006430555555555,Fés-Meknés,,Middle Atlas,,,geoheritage_expanded_20260809_group_66,point,geoheritage_expanded_20260809,1236,,False,,
obs2_00946,Ain Ajaabou,33.272283333333334,-5.341147222222222,Fés-Meknés,,Middle Atlas,,,geoheritage_expanded_20260809_group_66,point,geoheritage_expanded_20260809,1237,,False,,
obs2_00947,Ain Akadous,33.308566666666664,-5.312166666666666,Fés-Meknés,,Middle Atlas,,,geoheritage_expanded_20260809_group_66,point,geoheritage_expanded_20260809,1238,,False,,
obs2_00948,Ain Amernoud,33.68457222222222,-4.644205555555555,Fés-Meknés,,Middle Atlas,,,geoheritage_expanded_20260809_group_66,point,geoheritage_expanded_20260809,1239,,False,,
obs2_00949,Ain Atshernat,33.860025,-4.071272222222222,Fés-Meknés,,Middle Atlas,,,geoheritage_expanded_20260809_group_66,point,geoheritage_expanded_20260809,1240,,False,,
obs2_00951,Ain Ben Smime,33.490525,-5.158630555555556,Fés-Meknés,,Middle Atlas,,,geoheritage_expanded_20260809_group_66,point,geoheritage_expanded_20260809,1242,,False,,
obs2_00952,Ain Dem,33.65043333333333,-4.67608888888889,Fés-Meknés,,Middle Atlas,,,geoheritage_expanded_20260809_group_66,point,geoheritage_expanded_20260809,1243,,False,,
obs2_00953,Ain El Aouda,34.09748888888889,-4.037113888888888,Fés-Meknés,,Middle Atlas,,,geoheritage_expanded_20260809_group_66,point,geoheritage_expanded_20260809,1244,,False,,
obs2_00954,Aïn Erreha,34.004419444444444,-4.204813888888889,Fés-Meknés,,Middle Atlas,,,geoheritage_expanded_20260809_group_66,point,geoheritage_expanded_20260809,1245,,False,,
obs2_00955,Ain Guenaz,33.823994444444445,-4.127375,Fés-Meknés,,Middle Atlas,,,geoheritage_expanded_20260809_group_66,point,geoheritage_expanded_20260809,1246,,False,,
obs2_00956,Ain Ighlfoun,33.86443333333334,-4.025452777777778,Fés-Meknés,,Middle Atlas,,,geoheritage_expanded_20260809_group_66,point,geoheritage_expanded_20260809,1247,,False,,
obs2_00957,Ain Ighoul,33.676491666666664,-4.528038888888889,Fés-Meknés,,Middle Atlas,,,geoheritage_expanded_20260809_group_66,point,geoheritage_expanded_20260809,1248,,False,,
obs2_00958,Ain Ighouzaz,33.91289722222222,-4.002994444444444,Fés-Meknés,,Middle Atlas,,,geoheritage_expanded_20260809_group_66,point,geoheritage_expanded_20260809,1249,,False,,
obs2_00959,Ain Jerjoub,34.03028333333333,-4.109444444444444,Fés-Meknés,,Middle Atlas,,,geoheritage_expanded_20260809_group_66,point,geoheritage_expanded_20260809,1250,,False,,
obs2_00960,Ain Jerrah,33.743072222222224,-5.032669444444444,Fés-Meknés,,Middle Atlas,,,geoheritage_expanded_20260809_group_66,point,geoheritage_expanded_20260809,1251,,False,,
obs2_00961,Ain Jorf,33.61043333333333,-4.880102777777778,Fés-Meknés,,Middle Atlas,,,geoheritage_expanded_20260809_group_66,point,geoheritage_expanded_20260809,1252,,False,,
obs2_00962,Ain Kahla,33.237175,-5.216227777777778,Fés-Meknés,,Middle Atlas,,,geoheritage_expanded_20260809_group_66,point,geoheritage_expanded_20260809,1253,,False,,
obs2_00963,Ain Kahla 2,33.24341666666667,-4.96685,Fés-Meknés,,Middle Atlas,,,geoheritage_expanded_20260809_group_66,point,geoheritage_expanded_20260809,1254,,False,,
obs2_00964,Aïn Khadem,33.68907222222222,-5.3714,Fés-Meknés,,Middle Atlas,,,geoheritage_expanded_20260809_group_66,point,geoheritage_expanded_20260809,1255,,False,,
obs2_00966,Ain Maarouf,33.67733055555556,-5.492633333333333,Fés-Meknés,,Middle Atlas,,,geoheritage_expanded_20260809_group_66,point,geoheritage_expanded_20260809,1257,,False,,
obs2_00967,Ain Melzit,33.81008611111111,-4.070302777777777,Fés-Meknés,,Middle Atlas,,,geoheritage_expanded_20260809_group_66,point,geoheritage_expanded_20260809,1258,,False,,
obs2_00968,Ain Mezdou,33.761786111111114,-4.820505555555555,Fés-Meknés,,Middle Atlas,,,geoheritage_expanded_20260809_group_66,point,geoheritage_expanded_20260809,1259,,False,,
obs2_00969,Ain Mghirta,33.68124722222222,-4.529213888888889,Fés-Meknés,,Middle Atlas,,,geoheritage_expanded_20260809_group_66,point,geoheritage_expanded_20260809,1260,,False,,
obs2_00970,Aïn n’Tislit,33.94585555555555,-4.224586111111111,Fés-Meknés,,Middle Atlas,,,geoheritage_expanded_20260809_group_66,point,geoheritage_expanded_20260809,1261,,False,,
obs2_00971,Ain Ouamender,33.746858333333336,-4.543055555555555,Fés-Meknés,,Middle Atlas,,,geoheritage_expanded_20260809_group_66,point,geoheritage_expanded_20260809,1262,,False,,
obs2_00972,Ain Regrag,33.77913611111111,-4.732255555555556,Fés-Meknés,,Middle Atlas,,,geoheritage_expanded_20260809_group_66,point,geoheritage_expanded_20260809,1263,,False,,
obs2_00973,Ain Sebou,33.73695,-4.532966666666667,Fés-Meknés,,Middle Atlas,,,geoheritage_expanded_20260809_group_66,point,geoheritage_expanded_20260809,1264,,False,,
obs2_00974,Ain Sidi Rached,33.458308333333335,-5.150641666666667,Fés-Meknés,,Middle Atlas,,,geoheritage_expanded_20260809_group_66,point,geoheritage_expanded_20260809,1265,,False,,
obs2_00975,Ain Skhounate,33.44908333333333,-4.339016666666667,Fés-Meknés,,Middle Atlas,,,geoheritage_expanded_20260809_group_66,point,geoheritage_expanded_20260809,1266,,False,,
obs2_00976,Ain Sultane,33.717844444444445,-5.003052777777778,Fés-Meknés,,Middle Atlas,,,geoheritage_expanded_20260809_group_66,point,geoheritage_expanded_20260809,1267,,False,,
obs2_00977,Ain Takeltount,33.61148055555556,-4.884241666666666,Fés-Meknés,,Middle Atlas,,,geoheritage_expanded_20260809_group_66,point,geoheritage_expanded_20260809,1268,,False,,
obs2_00978,Ain Takhouwat,33.69269166666666,-4.5870138888888885,Fés-Meknés,,Middle Atlas,,,geoheritage_expanded_20260809_group_66,point,geoheritage_expanded_20260809,1269,,False,,
obs2_00979,Ain Talghoulat,33.37153888888889,-5.101211111111111,Fés-Meknés,,Middle Atlas,,,geoheritage_expanded_20260809_group_66,point,geoheritage_expanded_20260809,1270,,False,,
obs2_00980,Ain Tamzirt,33.4929,-4.296519444444444,Fés-Meknés,,Middle Atlas,,,geoheritage_expanded_20260809_group_66,point,geoheritage_expanded_20260809,1271,,False,,
obs2_00981,Ain Tassiwine,33.815866666666665,-4.068025,Fés-Meknés,,Middle Atlas,,,geoheritage_expanded_20260809_group_66,point,geoheritage_expanded_20260809,1272,,False,,
obs2_00982,Ain Tataw,33.46128055555556,-4.295644444444444,Fés-Meknés,,Middle Atlas,,,geoheritage_expanded_20260809_group_66,point,geoheritage_expanded_20260809,1273,,False,,
obs2_00983,Ain Tidouit,33.23746388888889,-5.097741666666666,Fés-Meknés,,Middle Atlas,,,geoheritage_expanded_20260809_group_66,point,geoheritage_expanded_20260809,1274,,False,,
obs2_00984,Ain Tifratine,33.198430555555554,-5.196027777777778,Fés-Meknés,,Middle Atlas,,,geoheritage_expanded_20260809_group_66,point,geoheritage_expanded_20260809,1275,,False,,
obs2_00985,Ain Timedrine,33.74890277777778,-4.550766666666666,Fés-Meknés,,Middle Atlas,,,geoheritage_expanded_20260809_group_66,point,geoheritage_expanded_20260809,1276,,False,,
obs2_00986,Ain Vital,33.546438888888886,-5.112022222222222,Fés-Meknés,,Middle Atlas,,,geoheritage_expanded_20260809_group_66,point,geoheritage_expanded_20260809,1277,,False,,
obs2_00987,Ain Zerrouka,33.543908333333334,-5.094422222222222,Fés-Meknés,,Middle Atlas,,,geoheritage_expanded_20260809_group_66,point,geoheritage_expanded_20260809,1278,,False,,
obs2_00988,Aioun Imettassene,33.4994,-5.078819444444444,Fés-Meknés,,Middle Atlas,,,geoheritage_expanded_20260809_group_66,point,geoheritage_expanded_20260809,1279,,False,,
obs2_00989,Aioun Ras El Ma,33.46529166666667,-5.148561111111111,Fés-Meknés,,Middle Atlas,,,geoheritage_expanded_20260809_group_66,point,geoheritage_expanded_20260809,1280,,False,,
obs2_00990,Ait Athia,33.376755555555555,-4.430833333333334,Fés-Meknés,,Middle Atlas,,,geoheritage_expanded_20260809_group_66,point,geoheritage_expanded_20260809,1281,,False,,
obs2_00991,Amane Imellaline (Ain Joua),33.65430277777778,-4.143988888888889,Fés-Meknés,,Middle Atlas,,,geoheritage_expanded_20260809_group_66,point,geoheritage_expanded_20260809,1282,,False,,
obs2_00992,Anzar Oufounas,33.16446944444444,-5.14523888888889,Fés-Meknés,,Middle Atlas,,,geoheritage_expanded_20260809_group_66,point,geoheritage_expanded_20260809,1283,,False,,
obs2_00993,Cascade d’Aït smail,33.882127777777775,-4.049886111111111,Fés-Meknés,,Middle Atlas,,,geoheritage_expanded_20260809_group_66,point,geoheritage_expanded_20260809,1284,,False,,
obs2_00994,Cascade des vierges,33.531444444444446,-5.109008333333333,Fés-Meknés,,Middle Atlas,,,geoheritage_expanded_20260809_group_66,point,geoheritage_expanded_20260809,1285,,False,,
obs2_00995,Cascade d’Imouzar Marmoucha,33.46691111111112,-4.2956,Fés-Meknés,,Middle Atlas,,,geoheritage_expanded_20260809_group_66,point,geoheritage_expanded_20260809,1286,,False,,
obs2_00996,Cascade d’Imouzer Kandar,33.71819444444445,-5.014344444444444,Fés-Meknés,,Middle Atlas,,,geoheritage_expanded_20260809_group_66,point,geoheritage_expanded_20260809,1287,,False,,
obs2_00997,Cascade Hawai,33.20070833333334,-5.389233333333333,Fés-Meknés,,Middle Atlas,,,geoheritage_expanded_20260809_group_66,point,geoheritage_expanded_20260809,1288,,False,,
obs2_00998,Cascade Ras El Ma,34.144869444444446,-4.010294444444445,Fés-Meknés,,Middle Atlas,,,geoheritage_expanded_20260809_group_66,point,geoheritage_expanded_20260809,1289,,False,,
obs2_00999,Cascade Sefrou,33.82824444444445,-4.849566666666666,Fés-Meknés,,Middle Atlas,,,geoheritage_expanded_20260809_group_66,point,geoheritage_expanded_20260809,1290,,False,,
obs2_01000,Cascade Sidi Bou Shaq,33.050308333333334,-5.271638888888889,Fés-Meknés,,Middle Atlas,,,geoheritage_expanded_20260809_group_66,point,geoheritage_expanded_20260809,1291,,False,,
obs2_01001,Cascade Skoura,33.516016666666665,-4.537730555555555,Fés-Meknés,,Middle Atlas,,,geoheritage_expanded_20260809_group_66,point,geoheritage_expanded_20260809,1292,,False,,
obs2_01002,Cascade Tagoute,33.48372222222223,-4.610399999999999,Fés-Meknés,,Middle Atlas,,,geoheritage_expanded_20260809_group_66,point,geoheritage_expanded_20260809,1293,,False,,
obs2_01003,Dayet Aoua,33.654777777777774,-5.041138888888889,Fés-Meknés,,Middle Atlas,,,geoheritage_expanded_20260809_group_66,point,geoheritage_expanded_20260809,1294,,False,,
obs2_01004,Dayet El Jerane,33.56388055555555,-4.997213888888889,Fés-Meknés,,Middle Atlas,,,geoheritage_expanded_20260809_group_66,point,geoheritage_expanded_20260809,1295,,False,,
obs2_01005,Dayet Hachlaf,33.55094722222222,-4.999636111111111,Fés-Meknés,,Middle Atlas,,,geoheritage_expanded_20260809_group_66,point,geoheritage_expanded_20260809,1296,,False,,
obs2_01006,Dayet Iffer,33.60673611111111,-4.907886111111112,Fés-Meknés,,Middle Atlas,,,geoheritage_expanded_20260809_group_66,point,geoheritage_expanded_20260809,1297,,False,,
obs2_01007,Dayet Ifrah,33.55972222222222,-4.930000000000001,Fés-Meknés,,Middle Atlas,,,geoheritage_expanded_20260809_group_66,point,geoheritage_expanded_20260809,1298,,False,,
obs2_01008,Dayet Lakbira,33.458850000000005,-4.864397222222222,Fés-Meknés,,Middle Atlas,,,geoheritage_expanded_20260809_group_66,point,geoheritage_expanded_20260809,1299,,False,,
obs2_01009,Dayet Maasker,33.64201388888889,-5.098416666666666,Fés-Meknés,,Middle Atlas,,,geoheritage_expanded_20260809_group_66,point,geoheritage_expanded_20260809,1300,,False,,
obs2_01010,Dayet Moucherkour,33.50289166666666,-5.106875,Fés-Meknés,,Middle Atlas,,,geoheritage_expanded_20260809_group_66,point,geoheritage_expanded_20260809,1301,,False,,
obs2_01011,Dayet Tichout,33.50989444444444,-5.137066666666667,Fés-Meknés,,Middle Atlas,,,geoheritage_expanded_20260809_group_66,point,geoheritage_expanded_20260809,1302,,False,,
obs2_01012,Guelta Tameda,33.82848055555556,-4.078955555555555,Fés-Meknés,,Middle Atlas,,,geoheritage_expanded_20260809_group_66,point,geoheritage_expanded_20260809,1303,,False,,
obs2_01013,Ifri Ou Berid,33.252988888888886,-5.258861111111111,Fés-Meknés,,Middle Atlas,,,geoheritage_expanded_20260809_group_66,point,geoheritage_expanded_20260809,1304,,False,,
obs2_01014,Lac Afnourir,33.280388888888886,-5.253027777777778,Fés-Meknés,,Middle Atlas,,,geoheritage_expanded_20260809_group_66,point,geoheritage_expanded_20260809,1305,,False,,
obs2_01015,Lac Afourgagh,33.61366388888889,-4.878188888888889,Fés-Meknés,,Middle Atlas,,,geoheritage_expanded_20260809_group_66,point,geoheritage_expanded_20260809,1306,,False,,
obs2_01016,Lac Agoulmame,33.66503888888889,-4.85215,Fés-Meknés,,Middle Atlas,,,geoheritage_expanded_20260809_group_66,point,geoheritage_expanded_20260809,1307,,False,,
obs2_01018,Lac Tighboula-Laachoure,33.17588333333333,-5.098941666666667,Fés-Meknés,,Middle Atlas,,,geoheritage_expanded_20260809_group_66,point,geoheritage_expanded_20260809,1309,,False,,
obs2_01020,Ouoouchène,33.40856111111111,-4.911777777777778,Fés-Meknés,,Middle Atlas,,,geoheritage_expanded_20260809_group_66,point,geoheritage_expanded_20260809,1311,,False,,
obs2_01021,Rabiaa-Bitit,33.55803611111111,-5.2322500000000005,Fés-Meknés,,Middle Atlas,,,geoheritage_expanded_20260809_group_66,point,geoheritage_expanded_20260809,1312,,False,,
obs2_01022,Ras Adrar Izem,33.19446666666666,-5.161566666666667,Fés-Meknés,,Middle Atlas,,,geoheritage_expanded_20260809_group_66,point,geoheritage_expanded_20260809,1313,,False,,
obs2_01023,Ras El Ain,33.47276666666667,-4.278886111111111,Fés-Meknés,,Middle Atlas,,,geoheritage_expanded_20260809_group_66,point,geoheritage_expanded_20260809,1314,,False,,
obs2_01024,Ras El Ma,34.144869444444446,-4.010294444444445,Fés-Meknés,,Middle Atlas,,,geoheritage_expanded_20260809_group_66,point,geoheritage_expanded_20260809,1315,,False,,
obs2_01025,Résurgence d’Ademame,34.031533333333336,-4.154888888888889,Fés-Meknés,,Middle Atlas,,,geoheritage_expanded_20260809_group_66,point,geoheritage_expanded_20260809,1316,,False,,
obs2_01026,Sabhab,33.89850555555555,-4.045475,Fés-Meknés,,Middle Atlas,,,geoheritage_expanded_20260809_group_66,point,geoheritage_expanded_20260809,1317,,False,,
obs2_01027,Sidi Yahia,33.740775,-4.192327777777778,Fés-Meknés,,Middle Atlas,,,geoheritage_expanded_20260809_group_66,point,geoheritage_expanded_20260809,1318,,False,,
obs2_01028,Tabhirte,33.96127222222223,-4.247208333333333,Fés-Meknés,,Middle Atlas,,,geoheritage_expanded_20260809_group_66,point,geoheritage_expanded_20260809,1319,,False,,
obs2_01030,Tibakhbakhine,34.102355555555555,-4.004022222222222,Fés-Meknés,,Middle Atlas,,,geoheritage_expanded_20260809_group_66,point,geoheritage_expanded_20260809,1321,,False,,
obs2_01031,Tiguelmamine (El Hajeb),33.74834166666667,-5.234116666666667,Fés-Meknés,,Middle Atlas,,,geoheritage_expanded_20260809_group_66,point,geoheritage_expanded_20260809,1322,,False,,
obs2_01033,Tit-Zill,33.33423333333334,-4.885155555555556,Fés-Meknés,,Middle Atlas,,,geoheritage_expanded_20260809_group_66,point,geoheritage_expanded_20260809,1324,,False,,
obs2_01034,Zaouiat Ifrane,33.193913888888886,-5.419166666666667,Fés-Meknés,,Middle Atlas,,,geoheritage_expanded_20260809_group_66,point,geoheritage_expanded_20260809,1325,,False,,
obs2_01037,Assaka,33.47374722222222,-4.638691666666666,Fés-Meknés,,Middle Atlas,,,geoheritage_expanded_20260809_group_67,point,geoheritage_expanded_20260809,1328,,False,,
obs2_01038,Bizi,33.96036666666667,-3.96215,Fés-Meknés,,Middle Atlas,,,geoheritage_expanded_20260809_group_67,point,geoheritage_expanded_20260809,1329,,False,,
obs2_01039,El Aouinate,33.598683333333334,-4.774555555555556,Fés-Meknés,,Middle Atlas,,,geoheritage_expanded_20260809_group_67,point,geoheritage_expanded_20260809,1330,,False,,
obs2_01040,El Herahir,33.64166111111111,-4.991175,Fés-Meknés,,Middle Atlas,,,geoheritage_expanded_20260809_group_67,point,geoheritage_expanded_20260809,1331,,False,,
obs2_01041,Fellat,33.05074722222222,-5.280627777777778,Fés-Meknés,,Middle Atlas,,,geoheritage_expanded_20260809_group_67,point,geoheritage_expanded_20260809,1332,,False,,
obs2_01042,Gorge d’Issouka,33.44948333333333,-4.338158333333333,Fés-Meknés,,Middle Atlas,,,geoheritage_expanded_20260809_group_67,point,geoheritage_expanded_20260809,1333,,False,,
obs2_01043,Gorges d’El Mahssere,33.54183055555556,-4.4101944444444445,Fés-Meknés,,Middle Atlas,,,geoheritage_expanded_20260809_group_67,point,geoheritage_expanded_20260809,1334,,False,,
obs2_01044,Hayane,33.72211388888889,-4.227055555555555,Fés-Meknés,,Middle Atlas,,,geoheritage_expanded_20260809_group_67,point,geoheritage_expanded_20260809,1335,,False,,
obs2_01045,Issoumat,33.463369444444446,-4.682261111111111,Fés-Meknés,,Middle Atlas,,,geoheritage_expanded_20260809_group_67,point,geoheritage_expanded_20260809,1336,,False,,
obs2_01046,Jbel Lbghel,33.48104444444444,-4.7156,Fés-Meknés,,Middle Atlas,,,geoheritage_expanded_20260809_group_67,point,geoheritage_expanded_20260809,1337,,False,,
obs2_01047,Jider,33.72848611111111,-4.238280555555556,Fés-Meknés,,Middle Atlas,,,geoheritage_expanded_20260809_group_67,point,geoheritage_expanded_20260809,1338,,False,,
obs2_01048,Oudiksou,33.25000555555555,-4.836361111111111,Fés-Meknés,,Middle Atlas,,,geoheritage_expanded_20260809_group_67,point,geoheritage_expanded_20260809,1339,,False,,
obs2_01049,Qalaa,33.94078888888889,-3.992705555555556,Fés-Meknés,,Middle Atlas,,,geoheritage_expanded_20260809_group_67,point,geoheritage_expanded_20260809,1340,,False,,
obs2_01050,Taferdoust,33.47135,-4.651111111111112,Fés-Meknés,,Middle Atlas,,,geoheritage_expanded_20260809_group_67,point,geoheritage_expanded_20260809,1341,,False,,
obs2_01051,Taffert,33.73351666666667,-4.2394388888888885,Fés-Meknés,,Middle Atlas,,,geoheritage_expanded_20260809_group_67,point,geoheritage_expanded_20260809,1342,,False,,
obs2_01052,Taghzout,33.49350555555556,-4.734827777777777,Fés-Meknés,,Middle Atlas,,,geoheritage_expanded_20260809_group_67,point,geoheritage_expanded_20260809,1343,,False,,
obs2_01053,Tazemmakt,33.16766944444444,-5.177058333333334,Fés-Meknés,,Middle Atlas,,,geoheritage_expanded_20260809_group_67,point,geoheritage_expanded_20260809,1344,,False,,
obs2_01054,Teminte,33.762230555555554,-5.143988888888889,Fés-Meknés,,Middle Atlas,,,geoheritage_expanded_20260809_group_67,point,geoheritage_expanded_20260809,1345,,False,,
obs2_01055,Tiguelmamine,33.771563888888885,-5.196016666666667,Fés-Meknés,,Middle Atlas,,,geoheritage_expanded_20260809_group_67,point,geoheritage_expanded_20260809,1346,,False,,
obs2_01056,Tijma,33.48793888888889,-4.806505555555556,Fés-Meknés,,Middle Atlas,,,geoheritage_expanded_20260809_group_67,point,geoheritage_expanded_20260809,1347,,False,,
obs2_01057,Tmourhout,33.90555277777778,-4.027030555555555,Fés-Meknés,,Middle Atlas,,,geoheritage_expanded_20260809_group_67,point,geoheritage_expanded_20260809,1348,,False,,
obs2_01058,Ademame,34.04925,-4.109019444444444,Fés-Meknés,,Middle Atlas,,,geoheritage_expanded_20260809_group_68,point,geoheritage_expanded_20260809,1349,,False,,
obs2_01060,Agouni Izguère,33.43886388888888,-4.905830555555556,Fés-Meknés,,Middle Atlas,,,geoheritage_expanded_20260809_group_68,point,geoheritage_expanded_20260809,1351,,False,,
obs2_01061,Agrane,34.01224722222222,-4.145655555555556,Fés-Meknés,,Middle Atlas,,,geoheritage_expanded_20260809_group_68,point,geoheritage_expanded_20260809,1352,,False,,
obs2_01063,Ain El Aouda,34.09768888888889,-4.029902777777778,Fés-Meknés,,Middle Atlas,,,geoheritage_expanded_20260809_group_68,point,geoheritage_expanded_20260809,1354,,False,,
obs2_01064,Ain Erreha,34.004419444444444,-4.204813888888889,Fés-Meknés,,Middle Atlas,,,geoheritage_expanded_20260809_group_68,point,geoheritage_expanded_20260809,1355,,False,,
obs2_01065,Ain Jerjoub,34.03028333333333,-4.109444444444444,Fés-Meknés,,Middle Atlas,,,geoheritage_expanded_20260809_group_68,point,geoheritage_expanded_20260809,1356,,False,,
obs2_01066,Ain Kahla,33.23573611111111,-5.228925,Fés-Meknés,,Middle Atlas,,,geoheritage_expanded_20260809_group_68,point,geoheritage_expanded_20260809,1357,,False,,
obs2_01067,Ait Ahmed,33.865744444444445,-4.208452777777778,Fés-Meknés,,Middle Atlas,,,geoheritage_expanded_20260809_group_68,point,geoheritage_expanded_20260809,1358,,False,,
obs2_01070,Aoumchach I,34.03093055555556,-4.130636111111111,Fés-Meknés,,Middle Atlas,,,geoheritage_expanded_20260809_group_68,point,geoheritage_expanded_20260809,1361,,False,,
obs2_01071,Aoumchach II,34.025397222222225,-4.120247222222222,Fés-Meknés,,Middle Atlas,,,geoheritage_expanded_20260809_group_68,point,geoheritage_expanded_20260809,1362,,False,,
obs2_01072,Aven Koul,33.79396666666666,-4.4853,Fés-Meknés,,Middle Atlas,,,geoheritage_expanded_20260809_group_68,point,geoheritage_expanded_20260809,1363,,False,,
obs2_01074,Bab Bou Idir,34.08209444444445,-4.117308333333333,Fés-Meknés,,Middle Atlas,,,geoheritage_expanded_20260809_group_68,point,geoheritage_expanded_20260809,1365,,False,,
obs2_01075,Bab Tafertest,34.11956111111111,-4.018397222222222,Fés-Meknés,,Middle Atlas,,,geoheritage_expanded_20260809_group_68,point,geoheritage_expanded_20260809,1366,,False,,
obs2_01076,Bir Yala,33.74919444444445,-4.14486388888889,Fés-Meknés,,Middle Atlas,,,geoheritage_expanded_20260809_group_68,point,geoheritage_expanded_20260809,1367,,False,,
obs2_01077,Bled Nertène,33.28416111111111,-5.319883333333333,Fés-Meknés,,Middle Atlas,,,geoheritage_expanded_20260809_group_68,point,geoheritage_expanded_20260809,1368,,False,,
obs2_01078,Bou Hyati,34.07950277777778,-4.118461111111111,Fés-Meknés,,Middle Atlas,,,geoheritage_expanded_20260809_group_68,point,geoheritage_expanded_20260809,1369,,False,,
obs2_01079,Bou Imourdassane,33.73885555555556,-4.822591666666667,Fés-Meknés,,Middle Atlas,,,geoheritage_expanded_20260809_group_68,point,geoheritage_expanded_20260809,1370,,False,,
obs2_01080,Bou Lebrrouj,33.693686111111106,-5.193330555555556,Fés-Meknés,,Middle Atlas,,,geoheritage_expanded_20260809_group_68,point,geoheritage_expanded_20260809,1371,,False,,
obs2_01081,Bou Mennjel,33.72825555555556,-5.148302777777778,Fés-Meknés,,Middle Atlas,,,geoheritage_expanded_20260809_group_68,point,geoheritage_expanded_20260809,1372,,False,,
obs2_01082,Bouslama,34.09011944444445,-4.113386111111111,Fés-Meknés,,Middle Atlas,,,geoheritage_expanded_20260809_group_68,point,geoheritage_expanded_20260809,1373,,False,,
obs2_01083,Chaâra,33.97953055555556,-4.226177777777778,Fés-Meknés,,Middle Atlas,,,geoheritage_expanded_20260809_group_68,point,geoheritage_expanded_20260809,1374,,False,,
obs2_01084,El Khars,34.05381388888889,-4.128841666666666,Fés-Meknés,,Middle Atlas,,,geoheritage_expanded_20260809_group_68,point,geoheritage_expanded_20260809,1375,,False,,
obs2_01085,El Malekef,33.741255555555554,-4.140458333333334,Fés-Meknés,,Middle Atlas,,,geoheritage_expanded_20260809_group_68,point,geoheritage_expanded_20260809,1376,,False,,
obs2_01086,El Oulja,34.035275,-4.197847222222222,Fés-Meknés,,Middle Atlas,,,geoheritage_expanded_20260809_group_68,point,geoheritage_expanded_20260809,1377,,False,,
obs2_01087,El Qalaâ,33.93088611111111,-3.9908833333333336,Fés-Meknés,,Middle Atlas,,,geoheritage_expanded_20260809_group_68,point,geoheritage_expanded_20260809,1378,,False,,
obs2_01088,El-Malekef,33.75816944444444,-4.120233333333333,Fés-Meknés,,Middle Atlas,,,geoheritage_expanded_20260809_group_68,point,geoheritage_expanded_20260809,1379,,False,,
obs2_01089,Feldi,33.18620277777777,-4.955027777777778,Fés-Meknés,,Middle Atlas,,,geoheritage_expanded_20260809_group_68,point,geoheritage_expanded_20260809,1380,,False,,
obs2_01090,Ghar Bied,34.096113888888894,-4.0228166666666665,Fés-Meknés,,Middle Atlas,,,geoheritage_expanded_20260809_group_68,point,geoheritage_expanded_20260809,1381,,False,,
obs2_01091,Gouffre aux pigeons,33.73023611111111,-4.999361111111111,Fés-Meknés,,Middle Atlas,,,geoheritage_expanded_20260809_group_68,point,geoheritage_expanded_20260809,1382,,False,,
obs2_01092,Gouffre Friouato,34.104708333333335,-4.072527777777777,Fés-Meknés,,Middle Atlas,,,geoheritage_expanded_20260809_group_68,point,geoheritage_expanded_20260809,1383,,False,,
obs2_01093,Grotte Chaâra,33.95571666666667,-4.246575,Fés-Meknés,,Middle Atlas,,,geoheritage_expanded_20260809_group_68,point,geoheritage_expanded_20260809,1384,,False,,
obs2_01094,Grotte Chiker,34.121494444444444,-4.038452777777778,Fés-Meknés,,Middle Atlas,,,geoheritage_expanded_20260809_group_68,point,geoheritage_expanded_20260809,1385,,False,,
obs2_01095,Grotte El Kalaa,33.93854722222222,-4.005055555555556,Fés-Meknés,,Middle Atlas,,,geoheritage_expanded_20260809_group_68,point,geoheritage_expanded_20260809,1386,,False,,
obs2_01096,Ich Maakel I,34.00116111111111,-4.064649999999999,Fés-Meknés,,Middle Atlas,,,geoheritage_expanded_20260809_group_68,point,geoheritage_expanded_20260809,1387,,False,,
obs2_01097,Ich Maakel II,34.00245833333334,-4.065419444444444,Fés-Meknés,,Middle Atlas,,,geoheritage_expanded_20260809_group_68,point,geoheritage_expanded_20260809,1388,,False,,
obs2_01098,Ich Maakel III,34.00396111111111,-4.072811111111111,Fés-Meknés,,Middle Atlas,,,geoheritage_expanded_20260809_group_68,point,geoheritage_expanded_20260809,1389,,False,,
obs2_01100,Ifrah,33.55974444444444,-4.930127777777778,Fés-Meknés,,Middle Atlas,,,geoheritage_expanded_20260809_group_68,point,geoheritage_expanded_20260809,1391,,False,,
obs2_01102,Ifri Ahnachen,34.016525,-4.155694444444444,Fés-Meknés,,Middle Atlas,,,geoheritage_expanded_20260809_group_68,point,geoheritage_expanded_20260809,1393,,False,,
obs2_01103,Ifri Azeroual,33.84382777777778,-4.382872222222222,Fés-Meknés,,Middle Atlas,,,geoheritage_expanded_20260809_group_68,point,geoheritage_expanded_20260809,1394,,False,,
obs2_01104,Ifri Broud,33.69503611111111,-4.211777777777778,Fés-Meknés,,Middle Atlas,,,geoheritage_expanded_20260809_group_68,point,geoheritage_expanded_20260809,1395,,False,,
obs2_01105,Ifri Ichac,33.43965277777777,-4.333786111111111,Fés-Meknés,,Middle Atlas,,,geoheritage_expanded_20260809_group_68,point,geoheritage_expanded_20260809,1396,,False,,
obs2_01106,Ifri Jider,33.701680555555555,-4.101058333333333,Fés-Meknés,,Middle Atlas,,,geoheritage_expanded_20260809_group_68,point,geoheritage_expanded_20260809,1397,,False,,
obs2_01107,Ifri Ljahac,33.62057222222222,-4.2511,Fés-Meknés,,Middle Atlas,,,geoheritage_expanded_20260809_group_68,point,geoheritage_expanded_20260809,1398,,False,,
obs2_01108,Ifri n′Oudey (gouffre du juif),33.84540833333334,-4.400225000000001,Fés-Meknés,,Middle Atlas,,,geoheritage_expanded_20260809_group_68,point,geoheritage_expanded_20260809,1399,,False,,
obs2_01109,Ifri n′Tioutchilt,33.470038888888894,-4.218186111111112,Fés-Meknés,,Middle Atlas,,,geoheritage_expanded_20260809_group_68,point,geoheritage_expanded_20260809,1400,,False,,
obs2_01110,Ifri Ou Berrid,33.252988888888886,-5.258861111111111,Fés-Meknés,,Middle Atlas,,,geoheritage_expanded_20260809_group_68,point,geoheritage_expanded_20260809,1401,,False,,
obs2_01111,Ifri Ouska,33.301741666666665,-5.18895,Fés-Meknés,,Middle Atlas,,,geoheritage_expanded_20260809_group_68,point,geoheritage_expanded_20260809,1402,,False,,
obs2_01112,Ighrenba,33.19639166666666,-4.934025,Fés-Meknés,,Middle Atlas,,,geoheritage_expanded_20260809_group_68,point,geoheritage_expanded_20260809,1403,,False,,
obs2_01113,Jbel Aoua,33.64745,-5.048152777777777,Fés-Meknés,,Middle Atlas,,,geoheritage_expanded_20260809_group_68,point,geoheritage_expanded_20260809,1404,,False,,
obs2_01114,Kef Admam,34.02674444444445,-4.152305555555556,Fés-Meknés,,Middle Atlas,,,geoheritage_expanded_20260809_group_68,point,geoheritage_expanded_20260809,1405,,False,,
obs2_01115,Kef Aïn Hallouf,34.014247222222224,-4.164633333333334,Fés-Meknés,,Middle Atlas,,,geoheritage_expanded_20260809_group_68,point,geoheritage_expanded_20260809,1406,,False,,
obs2_01116,Kef Anghara,33.67386666666666,-4.1968250000000005,Fés-Meknés,,Middle Atlas,,,geoheritage_expanded_20260809_group_68,point,geoheritage_expanded_20260809,1407,,False,,
obs2_01117,Kef Bab Mfraj,34.095263888888894,-4.111138888888888,Fés-Meknés,,Middle Atlas,,,geoheritage_expanded_20260809_group_68,point,geoheritage_expanded_20260809,1408,,False,,
obs2_01118,Kef Bou Hayati,34.094011111111115,-4.098588888888888,Fés-Meknés,,Middle Atlas,,,geoheritage_expanded_20260809_group_68,point,geoheritage_expanded_20260809,1409,,False,,
obs2_01119,Kef Bou Hayati I,34.09700277777778,-4.109327777777778,Fés-Meknés,,Middle Atlas,,,geoheritage_expanded_20260809_group_68,point,geoheritage_expanded_20260809,1410,,False,,
obs2_01120,Kef Bou Hayati II,34.100544444444445,-4.1037027777777775,Fés-Meknés,,Middle Atlas,,,geoheritage_expanded_20260809_group_68,point,geoheritage_expanded_20260809,1411,,False,,
obs2_01121,Kef dial R′Kam,33.69868888888889,-4.108174999999999,Fés-Meknés,,Middle Atlas,,,geoheritage_expanded_20260809_group_68,point,geoheritage_expanded_20260809,1412,,False,,
obs2_01122,Kef El Ahnach,33.95576666666667,-4.229058333333334,Fés-Meknés,,Middle Atlas,,,geoheritage_expanded_20260809_group_68,point,geoheritage_expanded_20260809,1413,,False,,
obs2_01123,Kef El Bouk,34.05961388888888,-4.130733333333333,Fés-Meknés,,Middle Atlas,,,geoheritage_expanded_20260809_group_68,point,geoheritage_expanded_20260809,1414,,False,,
obs2_01124,Kef El Fiss,34.06856666666667,-3.9996666666666663,Fés-Meknés,,Middle Atlas,,,geoheritage_expanded_20260809_group_68,point,geoheritage_expanded_20260809,1415,,False,,
obs2_01125,Kef El Hmam,33.797325,-4.4108027777777785,Fés-Meknés,,Middle Atlas,,,geoheritage_expanded_20260809_group_68,point,geoheritage_expanded_20260809,1416,,False,,
obs2_01126,Kef el Jnoun,34.02441666666667,-4.149761111111111,Fés-Meknés,,Middle Atlas,,,geoheritage_expanded_20260809_group_68,point,geoheritage_expanded_20260809,1417,,False,,
obs2_01127,Kef El Ma,34.08997777777778,-4.1087694444444445,Fés-Meknés,,Middle Atlas,,,geoheritage_expanded_20260809_group_68,point,geoheritage_expanded_20260809,1418,,False,,
obs2_01128,Kef El Mohand,33.957425,-4.230377777777778,Fés-Meknés,,Middle Atlas,,,geoheritage_expanded_20260809_group_68,point,geoheritage_expanded_20260809,1419,,False,,
obs2_01129,Kef El Sao,34.13053611111111,-4.044863888888889,Fés-Meknés,,Middle Atlas,,,geoheritage_expanded_20260809_group_68,point,geoheritage_expanded_20260809,1420,,False,,
obs2_01130,Kef El Seroual,33.98164722222222,-4.218966666666667,Fés-Meknés,,Middle Atlas,,,geoheritage_expanded_20260809_group_68,point,geoheritage_expanded_20260809,1421,,False,,
obs2_01131,Kef Hazar,34.09831944444445,-4.045938888888889,Fés-Meknés,,Middle Atlas,,,geoheritage_expanded_20260809_group_68,point,geoheritage_expanded_20260809,1422,,False,,
obs2_01132,Kef Idra,33.990991666666666,-4.143722222222222,Fés-Meknés,,Middle Atlas,,,geoheritage_expanded_20260809_group_68,point,geoheritage_expanded_20260809,1423,,False,,
obs2_01133,Kef Izoura,34.094011111111115,-4.098588888888888,Fés-Meknés,,Middle Atlas,,,geoheritage_expanded_20260809_group_68,point,geoheritage_expanded_20260809,1424,,False,,
obs2_01134,Kef Kaouane,33.96104722222223,-4.247527777777778,Fés-Meknés,,Middle Atlas,,,geoheritage_expanded_20260809_group_68,point,geoheritage_expanded_20260809,1425,,False,,
obs2_01135,Kef Karia,34.143230555555554,-4.008675,Fés-Meknés,,Middle Atlas,,,geoheritage_expanded_20260809_group_68,point,geoheritage_expanded_20260809,1426,,False,,
obs2_01136,Kef Maakel El Tahtani,34.008225,-4.074116666666667,Fés-Meknés,,Middle Atlas,,,geoheritage_expanded_20260809_group_68,point,geoheritage_expanded_20260809,1427,,False,,
obs2_01137,Kef Meghous,33.966855555555554,-4.1729416666666665,Fés-Meknés,,Middle Atlas,,,geoheritage_expanded_20260809_group_68,point,geoheritage_expanded_20260809,1428,,False,,
obs2_01138,Kef Targat,34.02358611111111,-4.139525000000001,Fés-Meknés,,Middle Atlas,,,geoheritage_expanded_20260809_group_68,point,geoheritage_expanded_20260809,1429,,False,,
obs2_01139,Kef Toumat,33.84683611111112,-4.393052777777778,Fés-Meknés,,Middle Atlas,,,geoheritage_expanded_20260809_group_68,point,geoheritage_expanded_20260809,1430,,False,,
obs2_01140,Kef Zaarour,33.845888888888894,-4.3907694444444445,Fés-Meknés,,Middle Atlas,,,geoheritage_expanded_20260809_group_68,point,geoheritage_expanded_20260809,1431,,False,,
obs2_01141,Kef-El-Mers-Ahmed,34.082727777777784,-4.04535,Fés-Meknés,,Middle Atlas,,,geoheritage_expanded_20260809_group_68,point,geoheritage_expanded_20260809,1432,,False,,
obs2_01142,Kef-Nahal-Tikhoubaï,34.004672222222226,-4.047447222222222,Fés-Meknés,,Middle Atlas,,,geoheritage_expanded_20260809_group_68,point,geoheritage_expanded_20260809,1433,,False,,
obs2_01143,Kissarite,33.21616111111111,-5.353725,Fés-Meknés,,Middle Atlas,,,geoheritage_expanded_20260809_group_68,point,geoheritage_expanded_20260809,1434,,False,,
obs2_01145,Louta,34.02670277777778,-4.110097222222222,Fés-Meknés,,Middle Atlas,,,geoheritage_expanded_20260809_group_68,point,geoheritage_expanded_20260809,1436,,False,,
obs2_01146,Meshoul,34.05495,-4.098080555555555,Fés-Meknés,,Middle Atlas,,,geoheritage_expanded_20260809_group_68,point,geoheritage_expanded_20260809,1437,,False,,
obs2_01147,Meshoul I,34.0603,-4.10743611111111,Fés-Meknés,,Middle Atlas,,,geoheritage_expanded_20260809_group_68,point,geoheritage_expanded_20260809,1438,,False,,
obs2_01148,Mimejad,32.987833333333334,-5.266194444444444,Fés-Meknés,,Middle Atlas,,,geoheritage_expanded_20260809_group_68,point,geoheritage_expanded_20260809,1439,,False,,
obs2_01151,Moutferaoun,33.64672222222222,-4.8097916666666665,Fés-Meknés,,Middle Atlas,,,geoheritage_expanded_20260809_group_68,point,geoheritage_expanded_20260809,1442,,False,,
obs2_01154,Ouled-Ayach,34.04631111111111,-4.0373833333333335,Fés-Meknés,,Middle Atlas,,,geoheritage_expanded_20260809_group_68,point,geoheritage_expanded_20260809,1445,,False,,
obs2_01156,Ouoouchène,33.40856111111111,-4.911777777777778,Fés-Meknés,,Middle Atlas,,,geoheritage_expanded_20260809_group_68,point,geoheritage_expanded_20260809,1447,,False,,
obs2_01157,Poljé Ain El Aouda,34.10286666666667,-4.032969444444444,Fés-Meknés,,Middle Atlas,,,geoheritage_expanded_20260809_group_68,point,geoheritage_expanded_20260809,1448,,False,,
obs2_01158,Poljé Beni Mkoud,33.88270277777778,-4.301880555555555,Fés-Meknés,,Middle Atlas,,,geoheritage_expanded_20260809_group_68,point,geoheritage_expanded_20260809,1449,,False,,
obs2_01159,Poljé Chaâra,33.97953055555556,-4.226177777777778,Fés-Meknés,,Middle Atlas,,,geoheritage_expanded_20260809_group_68,point,geoheritage_expanded_20260809,1450,,False,,
obs2_01160,Poljé Chiker,34.1146,-4.043505555555555,Fés-Meknés,,Middle Atlas,,,geoheritage_expanded_20260809_group_68,point,geoheritage_expanded_20260809,1451,,False,,
obs2_01161,Poljé El Ghar,33.902611111111106,-4.279113888888888,Fés-Meknés,,Middle Atlas,,,geoheritage_expanded_20260809_group_68,point,geoheritage_expanded_20260809,1452,,False,,
obs2_01162,Poljé Kaouane,33.951372222222226,-4.268180555555555,Fés-Meknés,,Middle Atlas,,,geoheritage_expanded_20260809_group_68,point,geoheritage_expanded_20260809,1453,,False,,
obs2_01163,Poljé Laarouch,33.93301944444444,-4.264333333333333,Fés-Meknés,,Middle Atlas,,,geoheritage_expanded_20260809_group_68,point,geoheritage_expanded_20260809,1454,,False,,
obs2_01164,Poljé Madegh,33.94747777777778,-4.231369444444445,Fés-Meknés,,Middle Atlas,,,geoheritage_expanded_20260809_group_68,point,geoheritage_expanded_20260809,1455,,False,,
obs2_01165,Ras El Oued (Oued el bared),33.85398888888889,-4.002897222222222,Fés-Meknés,,Middle Atlas,,,geoheritage_expanded_20260809_group_68,point,geoheritage_expanded_20260809,1456,,False,,
obs2_01166,Sidi Amar,33.72283888888889,-4.261372222222223,Fés-Meknés,,Middle Atlas,,,geoheritage_expanded_20260809_group_68,point,geoheritage_expanded_20260809,1457,,False,,
obs2_01167,Sidi Maanar,33.73171666666667,-5.023344444444445,Fés-Meknés,,Middle Atlas,,,geoheritage_expanded_20260809_group_68,point,geoheritage_expanded_20260809,1458,,False,,
obs2_01168,Sidi Majbar,34.144730555555554,-4.023936111111111,Fés-Meknés,,Middle Atlas,,,geoheritage_expanded_20260809_group_68,point,geoheritage_expanded_20260809,1459,,False,,
obs2_01172,Taffert Est,33.672197222222216,-4.150244444444445,Fés-Meknés,,Middle Atlas,,,geoheritage_expanded_20260809_group_68,point,geoheritage_expanded_20260809,1463,,False,,
obs2_01173,Taffert Nord,33.67719722222222,-4.157125000000001,Fés-Meknés,,Middle Atlas,,,geoheritage_expanded_20260809_group_68,point,geoheritage_expanded_20260809,1464,,False,,
obs2_01174,Taffert Nord-Est,33.675463888888885,-4.138188888888889,Fés-Meknés,,Middle Atlas,,,geoheritage_expanded_20260809_group_68,point,geoheritage_expanded_20260809,1465,,False,,
obs2_01175,Taffert Ouest,33.67615277777777,-4.165661111111112,Fés-Meknés,,Middle Atlas,,,geoheritage_expanded_20260809_group_68,point,geoheritage_expanded_20260809,1466,,False,,
obs2_01176,Tahfourt,33.71246388888889,-4.173466666666667,Fés-Meknés,,Middle Atlas,,,geoheritage_expanded_20260809_group_68,point,geoheritage_expanded_20260809,1467,,False,,
obs2_01177,Talghremte,32.96511111111111,-5.264477777777778,Fés-Meknés,,Middle Atlas,,,geoheritage_expanded_20260809_group_68,point,geoheritage_expanded_20260809,1468,,False,,
obs2_01178,Talou Ou Taachat,33.73841111111111,-4.239441666666667,Fés-Meknés,,Middle Atlas,,,geoheritage_expanded_20260809_group_68,point,geoheritage_expanded_20260809,1469,,False,,
obs2_01179,Tidrine,33.495075,-5.065358333333333,Fés-Meknés,,Middle Atlas,,,geoheritage_expanded_20260809_group_68,point,geoheritage_expanded_20260809,1470,,False,,
obs2_01180,Tifratine,33.69466111111111,-5.380022222222221,Fés-Meknés,,Middle Atlas,,,geoheritage_expanded_20260809_group_68,point,geoheritage_expanded_20260809,1471,,False,,
obs2_01182,Timezouine,34.04939722222222,-4.101877777777777,Fés-Meknés,,Middle Atlas,,,geoheritage_expanded_20260809_group_68,point,geoheritage_expanded_20260809,1473,,False,,
obs2_01183,Timezouine,34.043175,-4.109075,Fés-Meknés,,Middle Atlas,,,geoheritage_expanded_20260809_group_68,point,geoheritage_expanded_20260809,1474,,False,,
obs2_01184,Tirardine,33.44990555555555,-4.364108333333333,Fés-Meknés,,Middle Atlas,,,geoheritage_expanded_20260809_group_68,point,geoheritage_expanded_20260809,1475,,False,,
obs2_01185,Tisfoula,33.244683333333334,-5.347758333333333,Fés-Meknés,,Middle Atlas,,,geoheritage_expanded_20260809_group_68,point,geoheritage_expanded_20260809,1476,,False,,
obs2_01186,Tit Azourane,34.10053611111111,-4.020405555555556,Fés-Meknés,,Middle Atlas,,,geoheritage_expanded_20260809_group_68,point,geoheritage_expanded_20260809,1477,,False,,
obs2_01190,Tlet fam,34.03856111111111,-4.091291666666667,Fés-Meknés,,Middle Atlas,,,geoheritage_expanded_20260809_group_68,point,geoheritage_expanded_20260809,1481,,False,,
obs2_01191,Toughlamte,34.129802777777776,-4.046383333333333,Fés-Meknés,,Middle Atlas,,,geoheritage_expanded_20260809_group_68,point,geoheritage_expanded_20260809,1482,,False,,
obs2_01192,Trou Arhelouet,33.67271944444444,-4.193761111111112,Fés-Meknés,,Middle Atlas,,,geoheritage_expanded_20260809_group_68,point,geoheritage_expanded_20260809,1483,,False,,
obs2_01193,Trou de Panthère,33.28542222222222,-5.223811111111111,Fés-Meknés,,Middle Atlas,,,geoheritage_expanded_20260809_group_68,point,geoheritage_expanded_20260809,1484,,False,,
obs2_01195,Bou-Teguerrouine,33.278841666666665,-5.094733333333333,Fés-Meknés,,Middle Atlas,,,geoheritage_expanded_20260809_group_70,point,geoheritage_expanded_20260809,1486,,False,,
obs2_01196,El Koudiate,33.51963055555555,-5.164138888888889,Fés-Meknés,,Middle Atlas,,,geoheritage_expanded_20260809_group_70,point,geoheritage_expanded_20260809,1487,,False,,
obs2_01197,Jbel Hébri,33.35566111111111,-5.154808333333333,Fés-Meknés,,Middle Atlas,,,geoheritage_expanded_20260809_group_70,point,geoheritage_expanded_20260809,1488,,False,,
obs2_01198,Taiissout,33.319897222222224,-5.111116666666667,Fés-Meknés,,Middle Atlas,,,geoheritage_expanded_20260809_group_70,point,geoheritage_expanded_20260809,1489,,False,,
obs2_01199,Lechmine Aït el Haj,33.381597222222226,-5.070113888888889,Fés-Meknés,,Middle Atlas,,,geoheritage_expanded_20260809_group_70,point,geoheritage_expanded_20260809,1490,,False,,
obs2_01200,Bou-Ibalrhatène,33.33925277777778,-5.047933333333333,Fés-Meknés,,Middle Atlas,,,geoheritage_expanded_20260809_group_70,point,geoheritage_expanded_20260809,1491,,False,,
obs2_01201,Lechmine n’Ikettane,33.376133333333335,-5.125405555555555,Fés-Meknés,,Middle Atlas,,,geoheritage_expanded_20260809_group_70,point,geoheritage_expanded_20260809,1492,,False,,
obs2_01202,Lechmine Izgar,33.264202777777776,-5.104872222222222,Fés-Meknés,,Middle Atlas,,,geoheritage_expanded_20260809_group_70,point,geoheritage_expanded_20260809,1493,,False,,
obs2_01203,Ouest Hébri,33.36046944444445,-5.141663888888889,Fés-Meknés,,Middle Atlas,,,geoheritage_expanded_20260809_group_70,point,geoheritage_expanded_20260809,1494,,False,,
obs2_01204,Tahbrite,33.346247222222225,-5.130202777777777,Fés-Meknés,,Middle Atlas,,,geoheritage_expanded_20260809_group_70,point,geoheritage_expanded_20260809,1495,,False,,
obs2_01205,Timahdite,33.23072777777778,-5.066408333333333,Fés-Meknés,,Middle Atlas,,,geoheritage_expanded_20260809_group_70,point,geoheritage_expanded_20260809,1496,,False,,
obs2_01206,Lechmine Ait el Haj,33.38143888888889,-5.299227777777777,Fés-Meknés,,Middle Atlas,,,geoheritage_expanded_20260809_group_71,point,geoheritage_expanded_20260809,1497,,False,,
obs2_01207,Michlifene,33.54006944444444,-5.155341666666667,Fés-Meknés,,Middle Atlas,,,geoheritage_expanded_20260809_group_71,point,geoheritage_expanded_20260809,1498,,False,,
obs2_01208,Lechmine Bou-Ibalrhatène,33.33996111111112,-5.061683333333333,Fés-Meknés,,Middle Atlas,,,geoheritage_expanded_20260809_group_71,point,geoheritage_expanded_20260809,1499,,False,,
obs2_01209,Ouest Hébri,33.35552777777778,-5.154836111111112,Fés-Meknés,,Middle Atlas,,,geoheritage_expanded_20260809_group_71,point,geoheritage_expanded_20260809,1500,,False,,
obs2_00361,Oued Chebeika estuary,28.29555555555556,-11.525,Guelmim-Oued Noun,SG&Me,Middle Atlas,,,geoheritage_expanded_20260809_group_33,point,geoheritage_expanded_20260809,575,,False,,
obs2_00362,Cliffs of the west border of the Chebeika estuary,28.29555555555556,-11.525,Guelmim-Oued Noun,SG&Me,Middle Atlas,,,geoheritage_expanded_20260809_group_33,point,geoheritage_expanded_20260809,576,,False,,
obs2_00363,Lower Cretaceous f luvial sandstones (“Tan-Tan sands”) beneath the Hamada Plateau,28.479166666666664,-11.204166666666666,Guelmim-Oued Noun,"S,G&PG",Middle Atlas,,,geoheritage_expanded_20260809_group_33,point,geoheritage_expanded_20260809,577,,False,,
obs2_00364,"Cross-bedding in the fluvial
 sandstones  (“Tan-Tan sands”)",28.479166666666664,-11.204166666666666,Guelmim-Oued Noun,"S,G&PG",Middle Atlas,,,geoheritage_expanded_20260809_group_33,point,geoheritage_expanded_20260809,578,,False,,
obs2_00365,Transgression of the Lower Cretaceous redbeds on the Bas Draa Precambrian Massif,28.39,-11.016944444444444,Guelmim-Oued Noun,"SG,Mo&PG",Middle Atlas,,,geoheritage_expanded_20260809_group_33,point,geoheritage_expanded_20260809,579,,False,,
obs2_00366,Upper Precambrian  metaconglomerates (south-western tip of the Bas Draa inlier),28.34611111111111,-10.934166666666666,Guelmim-Oued Noun,SG,Middle Atlas,,,geoheritage_expanded_20260809_group_33,point,geoheritage_expanded_20260809,580,,False,,
obs2_00367,Vertical Cambrian quartzites (“Barre de Goulimine”) crossed by directional fault,28.27777777777778,-10.901944444444444,Guelmim-Oued Noun,St&SG,Middle Atlas,,,geoheritage_expanded_20260809_group_33,point,geoheritage_expanded_20260809,581,,False,,
obs2_00370,Lower Ordovician (Llanvirn) oolithic iron bed section,28.059166666666663,-10.88861111111111,Guelmim-Oued Noun,SG&Ec,Middle Atlas,,,geoheritage_expanded_20260809_group_33,point,geoheritage_expanded_20260809,584,,False,,
obs2_00371,"Perched syncline formed by Rich 1 and Rich 2 
 Jbel Rich fold train)",28.059166666666663,-10.88861111111111,Guelmim-Oued Noun,SG&Ec,Middle Atlas,,,geoheritage_expanded_20260809_group_33,point,geoheritage_expanded_20260809,585,,False,,
obs2_00372,Open folds  of Jbel Rich,28.059166666666663,-10.88861111111111,Guelmim-Oued Noun,SG&Ec,Middle Atlas,,,geoheritage_expanded_20260809_group_33,point,geoheritage_expanded_20260809,586,,False,,
obs2_00373,Jbel Tazout cuesta (Tournaisian),28.016111111111112,-10.816944444444443,Guelmim-Oued Noun,SG,Middle Atlas,,,geoheritage_expanded_20260809_group_33,point,geoheritage_expanded_20260809,587,,False,,
obs2_00374,Jbel Ouarziz cuesta (Visean),28.016111111111112,-10.816944444444443,Guelmim-Oued Noun,SG,Middle Atlas,,,geoheritage_expanded_20260809_group_33,point,geoheritage_expanded_20260809,588,,False,,
obs2_00761,Bituminous marls & estuariarine morphology,28.29171666666667,-11.533661111111112,Guelmim-Oued Noun,,Sahara,,,geoheritage_expanded_20260809_group_56,point,geoheritage_expanded_20260809,1051,,False,,
obs2_00762,Marine terraces,28.476138888888887,-11.202719444444444,Guelmim-Oued Noun,,Sahara,,,geoheritage_expanded_20260809_group_56,point,geoheritage_expanded_20260809,1052,,False,,
obs2_00763,Lecture of a landscape & unconformity,28.40788333333333,-11.067736111111111,Guelmim-Oued Noun,,Sahara,,,geoheritage_expanded_20260809_group_56,point,geoheritage_expanded_20260809,1053,,False,,
obs2_00764,Basement-cover relationships,28.355225,-10.939730555555556,Guelmim-Oued Noun,,Sahara,,,geoheritage_expanded_20260809_group_56,point,geoheritage_expanded_20260809,1054,,False,,
obs2_00765,Cambrian quartzites & joint systems,28.278641666666665,-10.897116666666664,Guelmim-Oued Noun,,Sahara,,,geoheritage_expanded_20260809_group_56,point,geoheritage_expanded_20260809,1055,,False,,
obs2_00766,Ordovician glaciation deposit,28.221733333333333,-10.889041666666666,Guelmim-Oued Noun,,Sahara,,,geoheritage_expanded_20260809_group_56,point,geoheritage_expanded_20260809,1056,,False,,
obs2_00767,Cylindric anticline & oolithic iron,28.123997222222226,-10.889105555555554,Guelmim-Oued Noun,,Sahara,,,geoheritage_expanded_20260809_group_56,point,geoheritage_expanded_20260809,1057,,False,,
obs2_00768,"Perched syncline & subsidence, basin infilling",28.107197222222226,-10.890227777777778,Guelmim-Oued Noun,,Sahara,,,geoheritage_expanded_20260809_group_56,point,geoheritage_expanded_20260809,1058,,False,,
obs2_00769,Cratonic basin versus fold belt,28.02053055555556,-10.809047222222222,Guelmim-Oued Noun,,Sahara,,,geoheritage_expanded_20260809_group_56,point,geoheritage_expanded_20260809,1059,,False,,
obs2_00751,Continental uplift & coastal erosion,23.812833333333334,-15.892722222222222,Eddakhla-Oued Eddahab,,Sahara,,,geoheritage_expanded_20260809_group_56,point,geoheritage_expanded_20260809,1041,,False,,
obs2_00752,Artesian well,23.92295,-15.719727777777775,Eddakhla-Oued Eddahab,,Sahara,,,geoheritage_expanded_20260809_group_56,point,geoheritage_expanded_20260809,1042,,False,,
obs2_00753,Marine fossils & phosphate genesis,23.47686111111111,-15.94618611111111,Eddakhla-Oued Eddahab,,Sahara,,,geoheritage_expanded_20260809_group_56,point,geoheritage_expanded_20260809,1043,,False,,
obs2_00754,Continental fossils & sedimentaion,23.791772222222225,-15.67058611111111,Eddakhla-Oued Eddahab,,Sahara,,,geoheritage_expanded_20260809_group_56,point,geoheritage_expanded_20260809,1044,,False,,
obs2_00755,Continental sedimentation & unconformity,23.504219444444445,-15.081366666666666,Eddakhla-Oued Eddahab,,Sahara,,,geoheritage_expanded_20260809_group_56,point,geoheritage_expanded_20260809,1045,,False,,
obs2_00756,Metagabbros,23.12788611111111,-14.65530277777778,Eddakhla-Oued Eddahab,,Sahara,,,geoheritage_expanded_20260809_group_56,point,geoheritage_expanded_20260809,1046,,False,,
obs2_00757,Orthogenesis & dyke and pluton intrusions,22.505591666666668,-14.30453888888889,Eddakhla-Oued Eddahab,,Sahara,,,geoheritage_expanded_20260809_group_56,point,geoheritage_expanded_20260809,1047,,False,,
obs2_00758,Migmatites & deep petrogenesis,22.59975,-14.357177777777778,Eddakhla-Oued Eddahab,,Sahara,,,geoheritage_expanded_20260809_group_56,point,geoheritage_expanded_20260809,1048,,False,,
obs2_00759,Upper Ordovician glaciation & unconformity,22.712541666666667,-14.368130555555556,Eddakhla-Oued Eddahab,,Sahara,,,geoheritage_expanded_20260809_group_56,point,geoheritage_expanded_20260809,1049,,False,,
obs2_00760,Nappe kinematics & metapelites,22.590333333333334,-14.535102777777778,Eddakhla-Oued Eddahab,,Sahara,,,geoheritage_expanded_20260809_group_56,point,geoheritage_expanded_20260809,1050,,False,,
obs2_00770,Ouled Abdoun,32.76277777777778,-6.816944444444444,Béni Mellal-Khénifra,,Morocco,,,geoheritage_expanded_20260809_group_57,point,geoheritage_expanded_20260809,1060,,False,,
obs2_00771,Gantour,32.25930555555556,-7.826111111111111,Marrakech-Safi,,Morocco,,,geoheritage_expanded_20260809_group_57,point,geoheritage_expanded_20260809,1061,,False,,
obs2_00772,Meskala,31.31609166666667,-9.352891666666666,Marrakech-Safi,,Morocco,,,geoheritage_expanded_20260809_group_57,point,geoheritage_expanded_20260809,1062,,False,,
obs2_00773,Souss,30.455702777777777,-9.026147222222225,Souss-Massa,,Morocco,,,geoheritage_expanded_20260809_group_57,point,geoheritage_expanded_20260809,1063,,False,,
obs2_00774,Oued Eddahab,26.28188611111111,-13.033919444444445,Laayoune-Sakia El Hamra,,Morocco,,,geoheritage_expanded_20260809_group_57,point,geoheritage_expanded_20260809,1064,,False,,
obs2_00101,The lagoon of Oualidia,32.73916666666667,-8.559127777777778,Marrakech-Safi,H,Meseta,,,geoheritage_expanded_20260809_group_9,point,geoheritage_expanded_20260809,120,,False,,
obs2_00102,Panoramic view of the cliff,33.22108333333333,-8.555186111111112,Marrakech-Safi,G,Meseta,32.3003,-9.2511,geoheritage_expanded_20260809_group_10,point,geoheritage_expanded_20260809,121,legend_lookup,False,,
obs2_00104,Marine fauna of the lower limestone,33.21745277777778,-8.565969444444445,Marrakech-Safi,PL&S,Meseta,32.3003,-9.2511,geoheritage_expanded_20260809_group_10,point,geoheritage_expanded_20260809,123,legend_lookup,False,,
obs2_00105,Yellow dolomite lower limestone Contact,33.218075,-8.56158888888889,Marrakech-Safi,S&SG,Meseta,32.3003,-9.2511,geoheritage_expanded_20260809_group_10,point,geoheritage_expanded_20260809,124,legend_lookup,False,,
obs2_00108,Marabout Sidi Bouzid,33.21928055555556,-8.56093888888889,Marrakech-Safi,R,Meseta,32.3003,-9.2511,geoheritage_expanded_20260809_group_10,point,geoheritage_expanded_20260809,128,legend_lookup,False,,
obs2_00349,Toubkal national Park,31.063266666666667,-7.937475,Marrakech-Safi,,Meseta,,,geoheritage_expanded_20260809_group_31,point,geoheritage_expanded_20260809,533,,False,,
obs2_00711,Paradoxid Shale,32.67284444444444,-7.853861111111111,Marrakech-Safi,,Meseta,,,geoheritage_expanded_20260809_group_52,point,geoheritage_expanded_20260809,1000,,False,,
obs2_00713,Angular unconformity of Cambrian-Cretaceous,32.65006944444444,-7.798116666666666,Marrakech-Safi,,Meseta,,,geoheritage_expanded_20260809_group_52,point,geoheritage_expanded_20260809,1002,,False,,
