Locality_ID,Geosite_Name,Latitude_WGS84,Longitude_WGS84,Region,Elevation_m,Slope_deg,Ruggedness,Dist_to_Highway_m,LULC_Friction,Dist_to_Settlement_m
loc_00056,The architectural heritage of Zaouiat Ahansal,31.83156111111111,-6.100886111111111,Béni Mellal-Khénifra,1644.8607177734375,16.675317736234952,9.308125,1074.9605815044417,0.1,60740.248402719415
loc_00057,Panorama of Zaouiat Ahansal,31.82883888888889,-6.098708333333333,Béni Mellal-Khénifra,1649.6824951171875,24.862132164353522,15.318134765625,1421.5860690910772,0.1,61099.29455615761
loc_00058,The natural bridge of Imin Ifri,31.724191666666663,-6.971397222222223,Béni Mellal-Khénifra,1063.5201416015625,9.759545080409259,4.558583984375,1.523268545573127,0.05,89416.88760154587
loc_00059,The dinosaur geosites of Iouaridène,31.72577777777777,-6.906922222222223,Béni Mellal-Khénifra,1043.226318359375,5.390925889877793,2.8933203125,17.72025246125147,0.1,85440.88715545885
loc_00061,Aït Blal Rock engravings,31.750616666666662,-6.32005,Béni Mellal-Khénifra,2519.892333984375,19.41236568228167,11.541923828125,311.4858728285409,0.15,64966.521020550645
loc_00062,Tizi-n-Tighist Geo landscape,31.749802777777777,-6.320194444444444,Béni Mellal-Khénifra,2519.295166015625,22.139668206255916,12.54888671875,255.81120492742988,0.15,65056.26145103146
loc_00063,Paleo-dam of Tizi-n-Tighza,31.730963888888887,-6.307902777777778,Béni Mellal-Khénifra,2247.33056640625,8.813864868227872,5.69634765625,965.4550980873169,0.1,67212.59520113272
loc_00064,Ibaqualliwn Lamellibranches of Tizi-n-Tighist,31.733088888888886,-6.324652777777778,Béni Mellal-Khénifra,2569.735107421875,26.61230408078944,18.18201171875,20.634646311325707,0.15,66894.3871785143
loc_00065,Jbel Azoukri Ait Attab synclinal (1),31.757188888888887,-6.248361111111112,Béni Mellal-Khénifra,3499.822509765625,39.19832167395856,25.47123046875,2012.212577440792,0.1,64918.29653310061
loc_00066,"Ait Attab synclinal, Bougal (Taghia)",31.78695833333333,-6.072663888888889,Béni Mellal-Khénifra,1868.5748291015625,11.314623734016523,5.4159375,6590.146167077294,0.15,59155.74437624233
loc_00067,"The Bin El Ouidane dam ""Chocolate Marls""",32.108783333333335,-6.436002777777778,Béni Mellal-Khénifra,857.890869140625,19.698770818207514,11.38975341796875,46.26254744587702,0.15,26243.086667300475
loc_00068,The Ouzoud waterfalls,32.015011111111114,-6.7196694444444445,Béni Mellal-Khénifra,771.2587890625,17.716576840577027,8.83042236328125,319.9347066994651,0.55,49481.5792772321
loc_00069,The “Cathedral” Mastfrane,31.980719444444443,-6.137377777777778,Béni Mellal-Khénifra,1787.1624755859375,26.323412091706196,14.7501025390625,1242.7945122649712,0.35,44250.69072429665
loc_00070,Talmst Ride,31.906683333333334,-6.154858333333333,Béni Mellal-Khénifra,2302.75048828125,27.397979312936908,14.170556640625,5037.273473681996,0.15,51079.5881353159
loc_00072,Collective granary of Sidi Moussa,32.39897222222222,-6.027358333333333,Béni Mellal-Khénifra,1374.671630859375,19.108075015872103,10.6025390625,1075.715475689257,0.15,31451.56868823583
loc_00073,"Granary, Ighrem",32.20402222222223,-6.603461111111111,Béni Mellal-Khénifra,727.4781494140625,23.75340609105405,16.27612060546875,1543.6649534703627,0.55,27614.453125258402
loc_00074,Footprints of the carnivorous dinosaur (Tridactyl),32.19611111111111,-6.5825,Béni Mellal-Khénifra,869.3565063476562,30.23563713007345,20.4951513671875,1639.9147460188274,0.55,26458.038848996035
loc_00075,Herbivorous dinosaur footprints,32.10611111111111,-6.510025,Béni Mellal-Khénifra,885.2869873046875,26.326257890165596,18.489912109375,565.8091345831052,0.55,29333.89082151585
loc_00076,Izourar plateaus,31.952005555555555,-6.55725,Béni Mellal-Khénifra,1420.4300537109375,12.954370393371631,8.4384228515625,79.8865437749029,0.55,46632.74858026863
loc_00077,Rock engravings of Tizi-n-Tighist,32.009969444444444,-6.719222222222222,Béni Mellal-Khénifra,832.2334594726562,8.602718413784581,4.8126611328125,174.80107928386653,0.05,49856.786341551735
loc_00079,Sandstone-fault families,31.89700833333333,-8.860261111111111,Marrakech-Saf,328.1667175292969,2.410897005828105,1.4284423828125,307.3110719871933,0.15,49581.49918537336
loc_00080,"Faiult mirror-gradin 
crystallization",31.89871388888889,-8.863727777777777,Marrakech-Saf,335.52435302734375,8.223339209273426,4.68259765625,50.25985818213582,0.2,49637.87279148787
loc_00081,Karst networks of barite,31.907641666666667,-8.850891666666666,Marrakech-Saf,351.10430908203125,7.228864914567178,4.060523681640625,24.228934619903416,0.15,48105.55344241848
loc_00082,Calcite crystals,31.91326388888889,-8.84191388888889,Marrakech-Saf,375.6792297363281,1.6621177237577756,0.733424072265625,17.195013913392756,0.2,47089.532358763536
loc_00083,"Cambrian sandstone & shale,Gray massive Cambrian limestones",31.917627777777778,-8.835375,Marrakech-Saf,368.66827392578125,3.846160216345754,2.38003662109375,7.774381189879271,0.15,46326.978481368074
loc_00084,The western tip of the Cambrian crest,31.930247222222224,-8.828119444444445,Marrakech-Saf,369.34722900390625,5.4616528870483245,2.9679541015625,33.7765718877266,0.2,44800.541275025134
loc_00089,Cap Beddouza,32.55083333333333,-9.272777777777778,Marrakech-Safi,11.860176086425781,6.6317852258604075,2.806850471496582,306.2546866780887,0.1,28129.043672929147
loc_00094,beach of Sidi Bouzide,33.22591944444444,-8.555186111111112,Marrakech-Safi,0.0,3.00676456072625,0.7773285102844238,210.32595282187933,0.9,5586.782223275792
loc_00095,The source Lalla Mira,32.31843333333334,-9.25405,Marrakech-Safi,0.0,0.0,0.0,346.6768487242137,0.9,2515.794311624218
loc_00096,The wave of Saf,32.32473055555556,-9.28336388888889,Marrakech-Safi,0.0,0.0,0.0,1227.9583053189583,0.9,4988.493583657566
loc_00098,The caldera of the Michliffen,33.41329722222222,-5.079908333333333,Draa-Tafilalet & Fès-Méknès,1869.6600341796875,8.953750368578861,4.959384765625,356.0091935957427,0.15,12963.86167751399
loc_00099,Ruiniform landscape,33.287997222222224,-4.847411111111111,Draa-Tafilalet & Fès-Méknès,1893.1063232421875,5.724306711658693,2.5529296875,2752.0707309270247,0.15,13816.658646623193
loc_00100,Fairy chimneys of Assamar,31.681522222222224,-6.668716666666667,Béni Mellal-Khénifra ,1456.268798828125,27.7195152444188,17.0012060546875,923.1913669830619,0.15,78429.82426828088
loc_00105,Amsittene Fm,31.14655277777777,-9.743005555555555,Marrakech-Safi,375.937744140625,1.1775891658201618,0.6113818359375,549.9989161879427,0.1,40657.192424417124
loc_00106,Id ou Moulid Fm,31.143002777777777,-9.739027777777777,Marrakech-Safi,414.07733154296875,15.477826394253578,9.873702392578124,313.83061761655296,0.35,41069.96544294405
loc_00107,Arich Ouzella cave,31.162775,-9.700344444444443,Marrakech-Safi,452.1583251953125,24.002581102265342,15.340660400390625,806.7228167784211,0.35,39253.444995105776
loc_00108,Subvertical strata,31.141513888888888,-9.751880555555555,Marrakech-Safi,414.05694580078125,9.839578191728972,6.45735107421875,1450.3225048475335,0.15,41188.47946695576
loc_00109,Triassic-Quaternary contact,31.098191666666665,-9.822580555555556,Marrakech-Safi,44.27710723876953,14.204003470871106,7.679365005493164,71.39399882608672,0.15,46351.919300204056
loc_00110,Quaternary-Jurassic contact,31.09722777777778,-9.824833333333332,Marrakech-Safi,10.163599014282227,10.564291111957163,9.994418334960937,173.16817718265557,0.15,46485.238252011164
loc_00111,Fold hinge,31.09916944444444,-9.828880555555555,Marrakech-Safi,0.0,10.47195667808737,8.064375381469727,607.1560437513259,0.1,46322.22184831283
loc_00112,Cretaceous Quaternary contact,31.10043888888889,-9.833491666666667,Marrakech-Safi,7.111008644104004,15.382724481432335,12.933646373748779,1068.0457741518862,0.15,46244.622095845276
loc_00113,Triple point,31.10076111111111,-9.839516666666666,Marrakech-Safi,6.363839149475098,9.257102355142987,5.795493022203446,1627.213945669533,0.15,46296.669506308375
loc_00114,Macrofossils,31.15208055555556,-9.705341666666666,Marrakech-Safi,441.0716552734375,6.171238214821642,3.408128662109375,32.192483380297155,0.15,40363.59042232605
loc_00115,Fossiliferous dunes,31.160627777777776,-9.705713888888887,Marrakech-Safi,383.31329345703125,7.186310205388199,3.90877685546875,302.1257071389781,0.1,39417.0476328105
loc_00116,Folded structure1,31.192766666666667,-9.65986111111111,Marrakech-Safi,365.2033996582031,17.781481300059614,10.64741455078125,10.828921353417197,0.35,36782.134844993205
loc_00117,Folded structure 2,31.15841111111111,-9.686902777777778,Marrakech-Safi,661.5985107421875,26.85311900748578,15.9529931640625,1919.6428079379891,0.35,39941.71247623969
loc_00118,Folded structure 3,31.15719722222222,-9.697530555555556,Marrakech-Safi,492.7695617675781,18.263116882689612,9.698056640625,943.0102406844043,0.35,39907.02680024555
loc_00119,Amsittene folded structures,31.20817222222222,-9.703027777777775,Marrakech-Safi,274.30841064453125,9.649384399519619,5.026954345703125,34.7200619781668,0.05,34227.54351253357
loc_00120,Alluvial cone,31.09843333333333,-9.813108333333334,Marrakech-Safi,89.40814971923828,13.410289336252122,6.585305786132812,27.51019962353808,0.15,46222.23996803106
loc_00184,The alluvial plain of Tadakoust,29.250291666666666,-8.691086111111112,Souss-Massa,563.6367797851562,1.2458466373793442,0.56278076171875,290.1326810609437,0.1,88986.33535439178
loc_00185,Deflation phenomenon in the Drâa plain,29.22623611111111,-7.874097222222223,Souss-Massa,333.1604309082031,0.886455611088185,0.242518310546875,28225.740034313567,0.1,58572.799756908236
loc_00186,Engravings in Tamzrart region,29.31243055555556,-8.493838888888888,Souss-Massa,579.0457153320312,27.939648352680308,18.05424072265625,647.6535382131163,0.1,70007.02768807815
loc_00187,engravings in Tadakous,29.264425,-8.709041666666666,Souss-Massa,604.427001953125,36.53620952664103,25.80380126953125,1782.4403053976175,0.1,89401.53339158285
loc_00192,Laila Island,35.916551,-5.406037,Tanger-Tétouan-Al Hoceïma,74.5575180053711,22.77733457100382,11.78494644165039,1129.8182261070572,0.15,9492.997944012208
loc_00197,Akhfénir Cliff,28.15,-12.066666666666666,Laayoune-Dakhla,0.0,0.0,0.0,5728.080603499461,0.9,156881.41879184853
loc_00199,Sand dunes,28.15,-12.1,Laayoune-Dakhla,0.0,0.0,0.0,7233.550265190323,0.9,154572.33630207283
loc_00204,Akhfennir Sinkhole,28.166666666666668,-12.05,Laayoune-Dakhla,0.0,0.0,0.0,6591.580221496209,0.9,159346.1897945999
loc_00208,Water spring,34.889091666666666,-4.948152777777778,Tanger-Tétouan-Al Hoceïma,516.2889404296875,21.573050230658804,12.452291259765625,4823.910444196412,0.15,42628.105774661795
loc_00209,Panoramic view to the folded mountains,34.92726111111111,-4.86625,Tanger-Tétouan-Al Hoceïma,698.6382446289062,13.451138417363145,7.735771484375,6639.343318466891,0.15,45398.36203133429
loc_00210,Petrified wood intruded by iron deposits,34.88933611111111,-4.895605555555555,Tanger-Tétouan-Al Hoceïma,883.7911987304688,32.63461603844383,21.8155859375,8150.119612599887,0.35,46014.54791226941
loc_00211,Stromatolites,34.93650555555556,-4.911755555555556,Tanger-Tétouan-Al Hoceïma,584.5072631835938,20.093061854527402,12.09234619140625,3360.5489124690444,0.15,41480.622611913845
loc_00212,Caristified cave stalactite,34.91381388888889,-4.8143666666666665,Tanger-Tétouan-Al Hoceïma,1153.15283203125,16.64060665506177,9.4480908203125,4251.404558790859,0.15,50118.89774341145
loc_00213,Karastified limestone rocks eroded,34.90966111111111,-4.75915,Tanger-Tétouan-Al Hoceïma,1306.4986572265625,18.731290947907254,9.1878271484375,3503.196900898298,0.15,54582.03694796248
loc_00214,Hill shades of limestone rocks,34.959294444444446,-4.832261111111111,Tanger-Tétouan-Al Hoceïma,822.80224609375,7.463772028311458,3.93003173828125,3276.9190194069265,0.15,46020.102227411495
loc_00223,Targha mica-shist,35.40295890834344,-5.016487943783649,Tanger-Tétouan-Al Hoceïma,-0.9190643429756165,4.819587773176032,2.467520930469036,1036.5838571111137,0.9,33357.48878318234
loc_00225,Beni Bousera Kinzigites,35.318247912237204,-4.932783085516994,Tanger-Tétouan-Al Hoceïma,182.98268127441406,24.016769270763128,15.32809814453125,233.22822977115163,0.55,34711.479665877625
loc_00226,Tihissasse fan delta,35.333329499968634,-4.941882588174127,Tanger-Tétouan-Al Hoceïma,1.0327649116516113,0.7238797026836816,0.29154926657676694,800.5743515326036,0.15,34836.756565029886
loc_00273,Thedolerite sill of Ouzoud,32.03553888888889,-6.705880555555556,Beni Mellal-Khenifra,745.7640991210938,38.72423265450473,26.4269775390625,1074.5623304617843,0.15,46942.06279555676
loc_00274,Ouzoud travertines,32.01728611111111,-6.722075,Beni Mellal-Khenifra,711.20751953125,29.111398340891885,20.25622802734375,659.438595211254,0.55,49458.75039518599
loc_00275,Estuary of Oued Tassakht,31.98703888888889,-6.702097222222222,Beni Mellal-Khenifra,849.3216552734375,25.187475118929424,11.9757275390625,2588.982116380019,0.15,50674.47348005278
loc_00276,Oued EL Abid gorges and caves,32.16708611111111,-6.259005555555556,Beni Mellal-Khenifra,841.6160278320312,16.97496427158525,8.5710888671875,4810.149957753914,0.55,20590.282488556502
loc_00277,Azilal formation intruded by Tanaghmelt sill,32.01875277777778,-6.744566666666667,Beni Mellal-Khenifra,903.2830200195312,17.301221191660627,9.75216064453125,2201.3779619735706,0.35,50853.60953924793
loc_00278,Zaouit Tanaghmelt,32.01884722222222,-6.736566666666667,Beni Mellal-Khenifra,734.1459350585938,18.364878530874286,10.27474365234375,1810.9976873981925,0.35,50303.78508825421
loc_00279,Basaltic flows of Ouzoud,32.00188611111111,-6.746133333333334,Beni Mellal-Khenifra,776.8106689453125,9.61903961477389,4.85190673828125,972.3530336266026,0.15,52271.468240365575
loc_00280,Ouzoud springs,31.9898,-6.71375,Beni Mellal-Khenifra,805.941650390625,25.988617392564777,16.15991943359375,1841.1123439281585,0.55,51161.358459979965
loc_00290,Radiating dykes Taghia-n-Ait Boulmane,32.20174444444445,-6.117430555555555,Beni Mellal-Khénifra,1239.09033203125,16.75132387858506,10.52630859375,3261.6485102626307,0.15,26624.493782431073
loc_00295,Travertines of Tighalghalt,32.24314444444445,-6.2370833333333335,Beni Mellal-Khénifra,1301.8951416015625,13.7411714333889,9.1489892578125,1569.1220449224,0.15,14896.75257803648
loc_00298,The community granaries of Taghia-n-Ait Boulmane,32.18385277777777,-6.095055555555556,Beni Mellal-Khénifra,1418.819580078125,15.457194876008316,7.7826416015625,6002.977899964528,0.55,29483.660974184346
loc_00310,wadi Ziz canyon,32.15258333333333,-4.374058333333333,Draa-Tafilalet ,1221.9346923828125,10.328515836872139,5.655322265625,97.11297865410454,0.1,25487.274334807007
loc_00311,Hammat Moulay Ali Cherif,32.18263333333333,-4.367130555555555,Draa-Tafilalet ,1214.7119140625,5.2558036953288125,3.15484375,227.37662271747865,0.05,28890.23285137546
loc_00312,Hassan Addakhil Dam Lake,32.02576111111111,-4.463383333333334,Draa-Tafilalet ,1165.4847412109375,9.804620584593842,5.9761865234375,102.17846669305497,0.1,11099.083769459385
loc_00313,Tunnel Zaabel,32.171902777777774,-4.367847222222222,Draa-Tafilalet ,1283.3701171875,36.21056713421989,27.3458837890625,1.5533693487055127,0.1,27711.86836846297
loc_00314,Ziz Valley Ait Atmane,32.08546944444445,-4.383705555555556,Draa-Tafilalet ,1146.6533203125,2.849634781400028,0.864609375,284.01403851616925,0.1,18025.790358061502
loc_00315,Waterfall,32.079752777777784,-4.375116666666666,Draa-Tafilalet ,1300.927734375,28.915539532259587,16.788046875,708.4225725987916,0.35,17651.56446355436
loc_00316,Panoramic view from the Kettara intrusion,31.873697222222223,-8.168141666666665,Marrakech-Safi,473.4563293457031,6.839629425829573,3.472020263671875,1461.4422554021035,0.1,32343.044758800745
loc_00317,Mineralized quartz-chlorite vein cutting the schists at a low angle in the Kettara gossan,31.86613611111112,-8.177069444444443,Marrakech-Safi,478.0519104003906,13.335787052414611,8.903316650390625,537.333037699702,0.1,32089.630395323114
loc_00318,"Mineralized quartz-chlorite vein cutting the schists at a 
low angle in the Kettara gossan",31.876741666666668,-8.143633333333334,Marrakech-Safi,632.4528198242188,20.685784179801278,12.5391748046875,1681.112840757413,0.1,31492.456037195887
loc_00319,"Specimen from the drill core showing a mineralized quartz-chlorite 
vein crosscut by a carbonate (CC) vein",31.877572222222224,-8.187175,Marrakech-Safi,456.2500305175781,2.0965615131228716,1.21927490234375,142.85346003320672,0.2,33677.12354315281
loc_00320,Intrusion affected by subvertical schistosity,31.85823888888889,-8.164880555555555,Marrakech-Safi,528.315185546875,15.116534167966044,9.1141259765625,1152.5026262947915,0.1,30724.24680277663
loc_00321,Panorama of a geological succession with several uncon formities (Tahannaout; Douar Sour),31.343988888888887,-7.951219444444445,Marrakech-Safi,942.3464965820312,9.69385354537848,5.1170361328125,51.68382664758417,0.1,31544.66312052868
loc_00322,Normal faults with tilted blocks (Zawyat bou houta),31.330672222222223,-7.954158333333334,Marrakech-Safi,955.7674560546875,16.30850207486318,9.91682373046875,409.75301791308345,0.15,32986.99786127176
loc_00323,"Syn-sedimentary tectonic geosite: Hemigraben perched on visean basement, graben, tilted block and normal faults (Tibizzit)",31.32345277777777,-7.955347222222223,Marrakech-Safi,965.7528076171875,8.820794550208149,4.620283203125,215.48693294867388,0.55,33774.90695616549
loc_00324,"Syn-sedimentary tectonic geosite of a 
normal fault (Aghzane",31.306475,-7.971997222222222,Marrakech-Safi,1142.2244873046875,19.35972497875366,12.995771484375,646.5366720785889,0.15,35547.46987722346
loc_00325,Moulay Brahim landscape,31.29238611111112,-7.965736111111111,Marrakech-Safi,1037.993896484375,16.795974846622688,8.150341796875,71.95267081417268,0.15,37143.30334189791
loc_00326,Asni anticlinorium,31.25712777777778,-7.980569444444445,Marrakech-Safi,1160.47412109375,3.0877848619140473,1.9186376953125,554.5978932527762,0.55,41005.43937037223
loc_00327,Imlil landscape,31.13441111111111,-7.9208944444444445,Marrakech-Safi,1827.5001220703125,36.529333881526945,25.129677734375,187.72533348562737,0.15,55025.7557672822
loc_00328,Aerial courses and B tree climbing in Terre d’Amanar tourist site (Tahannaout),31.345327777777776,-7.9461,Marrakech-Safi,979.222900390625,17.044108991005718,9.24732421875,491.0603966907699,0.55,31456.08227997766
loc_00352,Jbel Irhoud,31.913833333333333,-8.838466666666667,Doukkala-Abda,374.3307189941406,4.474073710655336,2.62452880859375,119.30670178849097,0.2,46839.14857053644
loc_00353,Consolidated and unconsolidated dunes,32.718491666666665,-9.061522222222225,Doukkala-Abda,4.166420936584473,3.6975085590141115,1.3356567668914794,853.5354354452744,0.1,49497.71169278928
loc_00354,Oualidia caves,32.75201388888889,-9.012411111111112,Doukkala-Abda,29.046955108642578,13.762278670660498,9.190298919677735,281.1486788834131,0.55,54645.10613760196
loc_00355,Oualidia Lagoon,32.73180555555555,-8.961111111111112,Doukkala-Abda,90.94950103759766,1.6601379545308477,0.922457275390625,2460.9609056847257,0.15,54709.01606994804
loc_00368,Talaat Lakraa mixed flysch,35.82940000000001,-5.715833333333333, Tanger-Tétouan-Al Hoceïma,0.0,10.640839556681094,5.332305254936219,779.4490721291859,0.9,10318.463885553549
loc_00369,Beni Ider of Sidi Kankouch,35.83153055555556,-5.704813888888889, Tanger-Tétouan-Al Hoceïma,0.0,7.053674256323544,3.960387125015259,297.18297464577114,0.1,11240.53792305805
loc_00370,The Upper Cretaceous of the Beni Ider nappe and the Italian Castle,35.79333055555556,-5.8261416666666666, Tanger-Tétouan-Al Hoceïma,54.13597106933594,13.10430531425896,6.413778076171875,138.66516382558333,0.15,3342.3532463543834
loc_00371,Phoenician Necropolises and the Numidian,35.78498611111111,-5.929822222222223, Tanger-Tétouan-Al Hoceïma,14.302915573120117,9.944360484833814,4.582916126251221,1043.8710807785312,0.15,11536.170160185507
loc_00372,The Numidian of Cap Spartel,35.79096111111111,-5.923911111111112, Tanger-Tétouan-Al Hoceïma,68.91852569580078,19.79142376526275,9.939582214355468,1747.687265899172,0.05,11131.088106186286
loc_00373,Achakar calcarenites,35.77959722222222,-5.930925, Tanger-Tétouan-Al Hoceïma,0.0,5.343891684088795,2.382618103027344,493.08655366426854,0.9,11562.217440899332
loc_00374,Grotte Hercule,35.75993611111111,-5.939444444444445, Tanger-Tétouan-Al Hoceïma,11.444379806518555,10.969361265893404,8.133115923404693,142.07291475634256,0.1,12326.30049815506
loc_00399,"Red layers, layers of gypsum, interstratified basalt flow B2",32.13644722222222,-6.303011111111111,Béni Mellal-Khénifra,850.2476806640625,32.177028792158616,20.13718505859375,8.35600400941656,0.15,22492.00294300651
loc_00400,Houses and the granaries cover the sum mits of the red brick hills surrounding the lake,32.13279722222222,-6.330252777777778,Béni Mellal-Khénifra,862.0513916015625,21.220499741384966,15.96179443359375,103.17073987406171,0.15,22499.18190465281
loc_00401,Silty and sandstone strata tracks of footprints of theropod and sauropod dinosaurs,32.112341666666666,-6.340222222222222,Béni Mellal-Khénifra,945.20751953125,10.515224205579779,6.54845703125,223.11088967538555,0.15,24699.562318020937
loc_00402,Cross-stratification and current ripples) of Guettioua and Jbel Sidal Fms,32.083733333333335,-6.307263888888889,Béni Mellal-Khénifra,1719.621337890625,17.477139515595805,9.7099658203125,483.37964810346205,0.15,28185.133825472887
loc_00410,Troglodyte construction of the Ait Aloui and Ait Izza douars,32.08524444444445,-6.443269444444445,Béni Mellal-Khénifra,823.2761840820312,14.021335198013427,8.41017822265625,2293.8544240586875,0.15,28946.07627793934
loc_00412,Spring of Ain El Ghazi,32.32443055555556,-6.316886111111111,Béni Mellal-Khénifra,751.2222900390625,25.97354632219152,15.29802978515625,839.1015291470054,0.15,3592.605911962817
loc_00414,Canyon of Hansala,32.37435833333333,-6.143083333333334,Béni Mellal-Khénifra,1086.6060791015625,15.491238027761513,9.2711181640625,7635.558792740881,0.55,20248.15967674701
loc_00416,Timskar Waterfalls,32.28123611111111,-6.265222222222223,Béni Mellal-Khénifra,1479.3341064453125,11.093283337835418,5.744248046875,1199.2845037676946,0.35,10161.119823448322
loc_00417,Tazerkount ruiniformes landscapes,32.190777777777775,-6.517761111111111,Béni Mellal-Khénifra,875.7890625,30.30690900616295,18.16795166015625,268.03138100880255,0.55,22211.22273736
loc_00418,Ruiniformes Landscapes of Oribaa,32.30911666666666,-6.353455555555556,Béni Mellal-Khénifra,732.9319458007812,31.206835277079623,18.93763427734375,1947.2285246532492,0.55,2788.3840566741546
loc_00419,Caves of Orbiaa,32.306713888888886,-6.336480555555555,Béni Mellal-Khénifra,856.3054809570312,40.35676743406771,32.1939697265625,966.6468194080779,0.55,3441.604879853175
loc_00420,Caves of Ain El ghazi,32.33271388888889,-6.310772222222222,Béni Mellal-Khénifra,829.86279296875,39.03382585438229,27.46980712890625,1528.0268091123087,0.55,4002.3290221446227
loc_00421,Ain Orbiaa,32.30702222222222,-6.350052777777777,Béni Mellal-Khénifra,666.8530883789062,23.575141591875884,11.6428662109375,2039.2651571168176,0.55,3036.9543437884927
loc_00422,Ruiniformes Landscapes of Tassemit,32.29003055555555,-6.271786111111111,Béni Mellal-Khénifra,1770.8856201171875,23.236450842456957,14.879150390625,1828.2215271437706,0.55,9101.981018357154
loc_00423,Travertines of El Ksiba,32.56476388888888,-6.017641666666667,Béni Mellal-Khénifra,1104.4002685546875,13.298394322903192,7.8219921875,128.93540537664427,0.35,40614.330844394164
loc_00424,Panoramic view of rurate,32.18103055555555,-6.519197222222222,Béni Mellal-Khénifra,1150.20703125,29.046219100563526,17.407265625,15.374456968640088,0.55,23093.31078714143
loc_00425,Spring of Tamoudjout,32.49888055555556,-6.146663888888889,Béni Mellal-Khénifra,620.6895751953125,22.92925618258556,15.325078125,596.4245091943045,0.55,26677.606668947992
loc_00426,Spring of Ouchrah,32.429205555555555,-6.170663888888889,Béni Mellal-Khénifra,667.44970703125,26.49803026675014,14.72223876953125,1514.2368081001782,0.55,20146.00328194392
loc_00427,Panoramic view of   Beni Mellal city,32.32462777777778,-6.337727777777777,Béni Mellal-Khénifra,676.8629760742188,24.494457712059916,18.89115478515625,62.24263006766589,0.55,1811.5368736766386
loc_00428,Caves of the cliffs of Timoulilte,32.20083611111112,-6.4307138888888895,Béni Mellal-Khénifra,821.6721801757812,5.866705243056005,2.62854248046875,697.7691464886241,0.1,16517.21582020234
loc_00429,Cave of the cliffs of Tanougha,32.49078888888889,-6.135119444444445,Béni Mellal-Khénifra,832.3748168945312,7.05834699313499,3.15437744140625,1656.2757074460135,0.1,26885.089028623086
loc_00430,Cave of Foum El Ancer,32.370697222222226,-6.248286111111111,Béni Mellal-Khénifra,812.760498046875,45.91788004616852,37.51030029296875,1378.0541449885343,0.55,10669.945732484011
loc_00431,Sebkha Talaklekt,21.578180555555555,-15.657905555555557,,136.07162475585938,2.174491651736198,1.315350341796875,15781.662422952868,0.1,237089.4183255694
loc_00432,Sebkhet Dkhayla,21.753644444444443,-16.876597222222223,,9.481627464294434,0.5136570154268537,0.2923024749755859,2918.361332407932,0.1,236049.49281363437
loc_00433,Sebkhat Fares,22.41135833333333,-16.41094722222222,,17.501392364501953,1.138937190322789,0.7349296188354493,4395.241372308168,0.1,150447.40207758325
loc_00434,Sebkha of Imili,23.11620555555556,-16.093491666666665,,6.609831809997559,0.25874182139166296,0.11726245880126954,2152.9340121327937,0.1,66061.82386159916
loc_00435,Sebkhat Ad-Dam,23.863325,-15.676680555555556,,46.7088737487793,0.5724181580865383,0.1831109619140625,796.7629237385497,0.1,33004.58627158309
loc_00436,Sebkha of Skaymate,24.54140555555556,-14.960672222222222,,71.84088134765625,5.3050583788702745,2.927693176269531,3781.437176682262,0.1,137181.284023209
loc_00437,Sebkhat Aridal,26.268966666666667,-14.195486111111112,,81.0850830078125,7.839725532663769,4.506864929199219,2285.8349696744062,0.1,139869.62479006368
loc_00438,Sebkha Oum Dba,27.8315,-12.93711388888889,,15.729220390319824,1.0220334455493876,0.41055721282958985,3106.389682875165,0.1,79471.55758111448
loc_00439,Sebkha Tizfourine,27.87375277777777,-12.786202777777778,,18.59610366821289,1.4039282236869826,0.6326457977294921,9067.590256437134,0.1,89579.69833993228
loc_00440,Sebkha Tah,27.7551,-12.71916388888889,,-58.47246170043945,0.2510477742756943,0.07447662353515624,20059.152328825243,0.1,81657.32736548621
loc_00441,Sebkha Tazgha,27.994019444444444,-12.268030555555557,,0.0,7.3589410882800275,4.006783509254456,825.5984604144835,0.9,130646.75566720033
loc_00442,Sebkha Lahmira,28.138022222222222,-11.808975,,112.10525512695312,19.828787451303835,12.748785095214844,6272.583268310361,0.1,174951.32590325928
loc_00443,Sebkha Zima,31.91809444444445,-9.11181388888889,,393.59857177734375,15.64320065860265,8.785460205078126,3288.4519677067437,0.2,44075.256003871196
loc_00444,Sebkha Lamhaguen,27.85493055555556,-12.649913888888888,,33.27138900756836,0.7759972993967685,0.3910136413574219,13879.291266464017,0.1,94657.28761976578
loc_00445,Akchour Dam,35.23816699846036,-5.176274938018656,Tanger-Al Hoceima,417.1019287109375,27.257830677050183,16.655718994140624,1313.1434843880281,0.55,11380.561849732707
loc_00446,Sidi Abdel Hamid Ecomuseum,35.17232940013272,-5.268751286983315,Tanger-Al Hoceima,618.5391845703125,11.691743430731947,5.2930859375,207.23496775994198,0.05,396.9715854063339
loc_00447,Sidi Abdel Hamid Lookout,35.17314093736768,-5.269189069131,Tanger-Al Hoceima,628.2081298828125,20.825246753516165,12.09524658203125,283.01912692519056,0.15,491.5113558779632
loc_00448,Bab Taza Phtanites,35.064510140672404,-5.181156471058046,Tanger-Al Hoceima,891.7669067382812,17.47834049547339,12.24082763671875,52.12916928276498,0.35,14046.485264010807
loc_00449,Ametrasse fallen blocks,35.07907970516082,-5.08136111904997,Tanger-Al Hoceima,862.85546875,37.43140722081393,22.99759765625,16.417841904572068,0.55,19714.66910578958
loc_00450,Jbel Chrafate Panorama,35.0790706925359,-5.081361152532858,Tanger-Al Hoceima,862.85546875,37.43140465248407,22.99759765625,16.669558061627903,0.55,19715.17430008565
loc_00452,Koudiat Sbaâ Panorama,35.06633352933115,-5.040103522290227,Tanger-Al Hoceima,1003.3384399414062,11.22407671869156,6.03478759765625,34.971524121457335,0.05,23679.429191110794
loc_00453,Raghdat Southern entry of TNP,35.09006160553466,-5.156661160915913,Tanger-Al Hoceima,1284.2694091796875,7.891984267220902,4.367470703125,2306.546020123774,0.15,13407.64715634922
loc_00454,Jbel Bou Slimane Panorama,35.12139744629058,-5.133855304695491,Tanger-Al Hoceima,1650.9124755859375,23.190559946457224,12.1303173828125,5912.766144270691,0.55,13314.859146252573
loc_00455,Jbel Kelti Panorama,35.0841271788377,-5.0815068304971005,Tanger-Al Hoceima,858.8257446289062,13.282938488283518,8.69836181640625,88.02402933504617,0.35,19424.707978151055
loc_00456,Oued El Kelaa Gorge and waterfall,35.20843181074154,-5.131553454074437,Tanger-Al Hoceima,1034.336181640625,41.24634544544919,30.516142578125,6469.182781242665,0.55,13189.935740854313
loc_00457,Jbel Tissouka Panorama,35.160710459075226,-5.216027758962821,Tanger-Al Hoceima,2113.244140625,31.300650907497477,20.90724609375,4112.254984344272,0.15,4839.567939612952
loc_00458,Ammonites from Alma,30.510416666666668,-9.590416666666668,Souss-Massa,272.5751037597656,4.7752861275507295,2.5367431640625,10.418822179349155,0.05,10016.249091401258
loc_00459,The anticlinal fold of the Paradis Valley,30.587777777777777,-9.528083333333337,Souss-Massa,301.77838134765625,7.862271236175717,3.83789794921875,322.1362510236774,0.55,19350.89513791531
loc_00460,The gorges of the Paradise Valley,30.58908333333333,-9.524611111111112,Souss-Massa,324.5436096191406,19.126018835799872,10.3134130859375,537.6771595968311,0.35,19584.258324811148
loc_00461,Imouzzer Ida-Outanane faults and fold,30.691222222222223,-9.6215,Souss-Massa,543.841552734375,16.155852842614483,9.3727880859375,3211.880267818786,0.15,30316.218269582823
loc_00462,Imouzzer Ida-Outanane waterfalls,30.67741666666667,-9.48011111111111,Souss-Massa,1075.0301513671875,41.977487343100194,32.86793212890625,259.7515541951467,0.15,30244.171063953163
loc_00463,The Moulay Abd Allah dam,30.77252777777778,-9.675916666666666,Souss-Massa,204.0,0.0,0.0,1420.8869515435015,0.9,40121.495946466326
loc_00464,Imi Ouggoug cave,30.614722222222223,-9.468666666666667,Souss-Massa,875.4675903320312,28.97239022085008,17.15700927734375,2401.5277954858752,0.35,24250.328794884044
loc_00465,Assif n’El Had cave,30.746972222222222,-9.476666666666668,Souss-Massa,716.9615478515625,20.005036790262476,10.12248046875,2105.315626117911,0.15,37722.49852288021
loc_00466,The Birfichou chasm,30.694777777777777,-9.402555555555557,Souss-Massa,1476.78125,5.520912720819997,3.0109375,7.318353782246795,0.15,35091.17999866718
loc_00467,The Win Timdwin cave,30.680444444444447,-9.344833333333334,Souss-Massa,1364.9366455078125,44.04137057423583,36.5008642578125,2733.059979601652,0.1,36867.857706412986
loc_00468,Beni Moussa spring,35.318922,-5.342704,Tanger-Al Houceima,678.052978515625,7.882309384223509,4.11908203125,1211.7347145320666,0.2,18009.520819335245
loc_00469,Boujmil spring,35.761002,-5.441038,Tanger-Al Houceima,264.9482421875,29.63421271404326,19.99313720703125,3246.7443121020574,0.55,11277.265949338984
loc_00470,Zarjoun spring,35.745521,-5.432185,Tanger-Al Houceima,227.16407775878906,23.171270784997215,15.506571044921875,5128.95859666348,0.55,12023.448689186607
loc_00471,Al Kouf spring,35.714694,-5.430446,Tanger-Al Houceima,168.85401916503906,11.92287944106273,5.155154418945313,6773.259169217353,0.15,10290.715800607382
loc_00472,Polje of Fahs Lamhar,35.664804,-5.441151,Tanger-Al Houceima,587.7177734375,1.6486549590332844,0.73788330078125,5257.537207137896,0.15,10850.906685611175
loc_00473,Onsar spring,35.648108,-5.431448,Tanger-Al Houceima,325.44677734375,24.379803448225694,15.205101318359375,5871.884987637251,0.15,10107.128427234733
loc_00474,Azeroual spring,35.611045,-5.389665,Tanger-Al Houceima,370.56707763671875,16.490627480337935,9.941636962890625,2264.662297144462,0.15,4782.358944615192
loc_00475,Al Mashar cave,35.664627,-5.426957,Tanger-Al Houceima,687.5676879882812,29.78242188882859,18.167568359375,6495.823730049495,0.15,9599.53026829607
loc_00476,Alouiya spring,35.641148,-5.443133,Tanger-Al Houceima,385.4710998535156,11.013134726049689,5.678800048828125,4862.292580422786,0.15,10061.50590016901
loc_00477,Al Keddane spring,35.654769,-5.456236,Tanger-Al Houceima,388.5570373535156,8.03913500043062,3.891748046875,3682.09374174579,0.15,11983.938536414986
loc_00478,Limestone pavement of Bhar Nazef,35.60087,-5.390362,Tanger-Al Houceima,432.1781921386719,2.7529439577744608,1.686810302734375,1720.1699553931103,0.15,3734.577224817384
loc_00479,Doline of Dersa Mountain,35.594108,-5.379917,Tanger-Al Houceima,463.4529113769531,8.235753667031695,4.39281494140625,677.6603356896011,0.15,2744.379839836787
loc_00480,Torreta spring,35.548847,-5.355334,Tanger-Al Houceima,66.76341247558594,20.134140960295102,11.291901702880859,511.17780545377246,0.15,2914.1698305299296
loc_00481,Zarka spring,35.312201,-5.203304,Tanger-Al Houceima,92.85731506347656,27.272809246162627,16.21881866455078,898.8923043881842,0.15,17007.005203924255
loc_00482,Taht Lghar cave,35.304508,-5.195604,Tanger-Al Houceima,359.1605224609375,6.191226510145497,3.442685546875,71.44397757855512,0.15,16475.416395412198
loc_00483,Uvala of Dar Akhanous,35.501247,-5.34851,Tanger-Al Houceima,672.4542236328125,42.720225301068766,33.60533203125,5522.608304072174,0.15,7981.956909410731
loc_00484,Al Hamma cave,35.27706,-5.18095,Tanger-Al Houceima,681.8136596679688,18.498298467179303,9.2079052734375,2940.1498388671903,0.15,14422.3129508717
loc_00485,Moukdassen spring,35.536092,-5.334538,Tanger-Al Houceima,47.904449462890625,12.94014381996004,8.365141143798828,2716.6200306158426,0.15,5219.251065186095
loc_00486,Limestone pavement of Jebala,35.373907,-5.265274,Tanger-Al Houceima,872.388427734375,17.652952479574434,11.1231103515625,1790.459545309702,0.15,22811.364092872496
loc_00487,Spring of Mountain Moussa,35.543071,-5.24645,Tanger-Al Houceima,36.377498626708984,7.976093037969202,4.061575546264648,757.9250301402747,0.2,8640.764647456059
loc_00488,Knadel cave,35.2448045,-5.314465,Tanger-Al Houceima,377.389892578125,13.563341381182344,7.398623046875,963.1667595227431,0.15,9435.557332749246
loc_00489,Complex of cavities of Mountain Kelti,35.373904,-5.265272,Tanger-Al Houceima,872.388427734375,17.65295231638723,11.1231103515625,1790.70999344901,0.15,22811.032753143063
loc_00490,Achakrade spring,35.305593,-5.334694,Tanger-Al Houceima,739.2481079101562,2.256957555117418,1.0553564453125,1346.1033236456337,0.2,16363.399639896003
loc_00491,Kelti spring,35.348393,-5.269338,Tanger-Al Houceima,1232.9619140625,20.204254510833593,13.1445751953125,3972.560743206135,0.35,19972.83591219882
loc_00492,Bouattou spring,35.3471335,-5.325466,Tanger-Al Houceima,1117.9951171875,36.45230536024079,28.5492919921875,672.8825590976671,0.15,20499.51446743385
loc_00493,Avens of Kayat,35.286726,-5.229632,Tanger-Al Houceima,312.0285339355469,20.923506817361226,12.495745849609374,210.8527046040936,0.55,13578.7808144467
loc_00494,Ifahssa old cave,35.300705,-5.238901,Tanger-Al Houceima,488.69549560546875,38.845043876390285,27.552301025390626,1121.6696213801322,0.55,14911.725452783992
loc_00495,Block of Limestone Rocks,35.299242,-5.239654,Tanger-Al Houceima,437.1004943847656,34.78437045089727,24.6919189453125,1093.3572059685766,0.55,14739.473171216636
loc_00496,Travertine of Ifahsa,35.299126,-5.21998,Tanger-Al Houceima,116.1525650024414,12.953512622027434,8.916936950683594,143.54180360623874,0.55,15145.418323388285
loc_00497,Ifahsa spring,35.297071,-5.233062,Tanger-Al Houceima,242.26809692382812,30.256984538977925,19.61426025390625,455.3555390297559,0.55,14621.394671476148
loc_00498,Oued Adelmane cave,35.21421,-5.035252,Tanger-Al Houceima,599.979248046875,56.97380244065415,54.66337768554688,3755.956452081682,0.55,21775.807890743457
loc_00499,Al Kalaa spring,35.219337,-5.138959,Tanger-Al Houceima,692.6703491210938,27.174711431941894,16.68539306640625,5162.56906272392,0.55,13032.33933487815
loc_00500,Ruiniform Chaos of Bab Al Arz,35.332065,-5.558865,Tanger-Al Houceima,605.9994506835938,12.073696432465074,7.3251953125,1625.16391109538,0.55,31258.39230519809
loc_00501,Lkhoujja spring,35.260086,-5.260401,Tanger-Al Houceima,216.9290771484375,18.300936356263374,8.664998168945312,85.22978044685284,0.1,10178.960417200307
loc_00502,Tazroute springs,35.318987,-5.498023,Tanger-Al Houceima,1019.5840454101562,22.001254145950124,12.46739990234375,957.0265175868253,0.35,26721.347600328398
loc_00503,Monte spring,35.271547,-5.505652,Tanger-Al Houceima,1031.830322265625,18.444954500572358,10.80810791015625,932.9169474051105,0.55,24398.610695207753
loc_00504,Souyah spring,35.207925,-5.045195,Tanger-Al Houceima,556.2886962890625,61.71590021804024,58.4457080078125,4683.7363797908265,0.55,20740.87923733789
loc_00505,Talassemtane spring,35.127342,-5.069507,Tanger-Al Houceima,1347.7347412109375,7.240067024653596,3.533076171875,4815.1082663652405,0.2,18656.275347605348
loc_00506,Ruiniform landscape of Afaska,35.184135,-5.213966,Tanger-Al Houceima,1770.4932861328125,31.376352651939836,22.8293994140625,4840.239168361445,0.55,5229.265789910125
loc_00507,Imezzar spring,35.188157,-5.178,Tanger-Al Houceima,922.6757202148438,27.332467377214503,14.74072509765625,6725.114817677813,0.55,8489.302001846296
loc_00508,Kaf Lahmam cave,35.183612,-5.196393,Tanger-Al Houceima,1222.095458984375,20.455775567783103,13.382763671875,6299.773284582223,0.55,6744.57830777569
loc_00509,Tizi cave,35.185283,-5.194535,Tanger-Al Houceima,1255.8482666015625,22.09372652287776,15.1343701171875,6522.140627838849,0.55,6955.090467829858
loc_00510,Azilane spring,35.179224,-5.246292,Tanger-Al Houceima,1048.0145263671875,25.604420265065578,15.5043212890625,2069.51125058846,0.15,2316.870396989959
loc_00513,Assifane cavities,35.112876,-4.967752,Tanger-Al Houceima,672.646484375,27.303711468104567,17.50154052734375,173.75889180653485,0.15,28030.340050013725
loc_00514,Limestone pavement of Bouhalla,35.09254,-5.149741,Tanger-Al Houceima,1343.3555908203125,14.843393503956625,7.7682421875,2593.7928006913407,0.55,13718.350483122464
loc_00515,Polje Al Malaab,35.601983,-5.388492,Tanger-Al Houceima,429.5802917480469,2.635770379260838,1.30732421875,1603.5072558856089,0.15,3790.377228244214
loc_00516,Limestone pavement of Tissemlal,35.178221,-5.246293,Tanger-Al Houceima,1078.2724609375,27.85506736997567,17.874462890625,1992.2760516242204,0.55,2262.927910952595
loc_00517,Karst complex of Mountain Lakraa,35.132726,-5.136942,Tanger-Al Houceima,1705.0224609375,15.28037069015295,8.500634765625,7105.2239138778,0.55,12601.390156244126
loc_00518,Doline of Tissouka,35.186232,-5.138926,Tanger-Al Houceima,1402.0194091796875,24.541584697112597,13.8305224609375,8003.8839315803325,0.35,11921.703906550089
loc_00520,Taghobayt cave,35.092642,-5.149841,Tanger-Al Houceima,1340.5592041015625,16.15061946819755,8.6735986328125,2605.865611373905,0.55,13704.187113049049
loc_00521,Ketama spring,34.875649,-4.626438,Tanger-Al Houceima,1291.8304443359375,14.77854673267532,7.7059130859375,71.40684434839311,0.55,66925.73002111171
loc_00522,Ruiniform Chaos of Bou Slimane,35.086438,-5.142154,Tanger-Al Houceima,1622.664306640625,26.105984661686808,14.962822265625,1961.8561966105772,0.55,14680.819022585929
loc_00523,Al Khattabi undersea cavities,35.213251,-4.65117,Tanger-Al Houceima,22.372915267944336,27.11298190946894,17.381028671264648,1454.8206481868615,0.9,56301.75579675217
loc_00524,Oulassen spring,35.015721,-4.908043,Tanger-Al Houceima,1825.241943359375,15.57866677927739,8.93546875,1958.7787562977765,0.55,36935.76571184454
loc_00525,Lamouassif spring,34.988318,-4.820548,Tanger-Al Houceima,1447.8492431640625,20.600092173662294,11.10734375,331.6150109756682,0.55,45421.23365221053
loc_00526,Charika spring,34.957309,-4.678067,Tanger-Al Houceima,1738.32177734375,31.421013606615073,18.9551953125,389.22981783187294,0.35,58644.6664132947
loc_00527,Complex of cavities of Badis,35.154371,-4.225422,Tanger-Al Houceima,394.0517272949219,23.531769989347694,13.72552490234375,4485.428839525424,0.15,28660.78855001602
loc_00528,Ksar Seghir beach,35.844381,-5.553495,Tanger-Al Houceima,0.0,4.964306462551895,4.052738037109375,143.27890324771474,0.15,17322.524955255456
loc_00529,Dalia beach,35.905462,-5.473829,Tanger-Al Houceima,0.0,5.574435807365259,2.720141191482544,742.5426358186497,0.05,12524.012301521247
loc_00530,Oued Lmarsa beach,35.904153,-5.446488,Tanger-Al Houceima,0.7845090627670288,1.8016786662559774,1.185533435344696,130.65823353322773,0.1,10530.703251649862
loc_00531,Laila small island,35.511708,-5.466257,Tanger-Al Houceima,289.905029296875,16.914487546542134,10.726588134765626,2353.292508367131,0.15,10505.099724564896
loc_00533,Sebta peninsula,35.898229,-5.326348,Tanger-Al Houceima,2.428896188735962,2.7247470152310393,0.8938181161880493,600.4798125851685,0.05,7284.190620785632
loc_00534,Rifiyin beach,35.837834,-5.35421,Tanger-Al Houceima,19.180435180664062,9.157587134463885,4.649205207824707,123.03197248839622,0.2,668.0696414234682
loc_00535,Tres Pierdas beach,35.772728,-5.345322,Tanger-Al Houceima,0.0,0.0,0.0,299.27455403226224,0.9,7533.613556542409
loc_00536,Smir lagoon,35.32247,-5.447082,Tanger-Al Houceima,419.5976257324219,9.469069857976098,5.43886962890625,4895.364720962456,0.15,23569.6236604535
loc_00537,Mdiq beach,35.695322,-5.327791,Tanger-Al Houceima,2.3937857151031494,2.6635612914986315,1.4495710015296936,155.1040616403104,0.1,1392.827476812774
loc_00538,Negro Cape beach,35.663249,-5.283808,Tanger-Al Houceima,0.0,0.6350425224516381,0.1748455572128296,340.15091751332614,0.1,4203.845828751484
loc_00539,Swamp of Oued Al Mallah,35.591054,-5.260202,Tanger-Al Houceima,0.0,0.11969284206587134,0.029131671190261842,1987.3710810987948,0.9,3193.744199895745
loc_00540,Martil beach,35.624365,-5.271424,Tanger-Al Houceima,0.0,0.0,0.0,90.56290633805068,0.9,808.4915652285586
loc_00541,Coastal erosion of Sidi Abdeslam,35.571666,-5.253896,Tanger-Al Houceima,13.901686668395996,2.0375895100053465,0.6763460922241211,455.30317700582265,0.2,5409.501818481594
loc_00542,Azla beach,35.550158,-5.2403,Tanger-Al Houceima,0.0,3.1606992744614457,1.3922475957870484,161.77917889896756,0.9,8083.671212652341
loc_00543,Amsa beach,35.540827,-5.217951,Tanger-Al Houceima,1.7890864610671997,1.2155843523900274,0.6496040749549866,490.2380458782269,0.1,9920.160751325966
loc_00544,Tamrabet beach,35.533503,-5.193817,Tanger-Al Houceima,15.807310104370117,15.391515584524962,8.820155181884765,251.57335151300293,0.15,11828.116651031462
loc_00545,Tamernout beach,35.524625,-5.169756,Tanger-Al Houceima,0.0,1.8937286581818815,0.7058859395980835,380.30570308032276,0.9,13988.334727518273
loc_00546,Ouachtam beach,35.505256,-5.154237,Tanger-Al Houceima,12.583038330078125,18.732235205578764,12.291794519424439,37.18239356430906,0.15,16530.98524959051
loc_00547,Cape of Mekkad,35.475134,-5.108713,Tanger-Al Houceima,102.78482818603516,26.690776704760736,16.362431030273438,48.50765512931152,0.55,21781.500081982147
loc_00548,Oued Laou beach,35.311751,-5.411482,Tanger-Al Houceima,571.2356567382812,21.432246663973277,10.915576171875,2481.252336467421,0.15,20536.179942028575
loc_00549,Targha beach,35.394421,-5.020287,Tanger-Al Houceima,80.30411529541016,19.942248133828016,12.352669982910156,241.97280143851165,0.15,33712.535457660866
loc_00550,Stihat beach,35.337057,-4.944453,Tanger-Al Houceima,1.1066066026687622,1.1234438488457672,0.5475441932678222,1149.6860317177197,0.15,34858.50831814047
loc_00551,Sidi Yahya Aarab beach,35.299876,-4.878001,Tanger-Al Houceima,0.0,11.77602915087934,6.075729293823242,216.93594851915466,0.9,38332.717632496395
loc_00552,Jnane Enich beach,35.304252,-4.895643,Tanger-Al Houceima,14.999631881713867,21.929787078521276,20.10143560886383,434.6763022725036,0.9,37050.15643613244
loc_00553,Amtar beach,35.245279,-4.795919,Tanger-Al Houceima,3.5081636905670166,1.0998812662968802,0.6929011344909668,310.2200908356,0.2,43756.904196413336
loc_00554,Monica beach,35.212507,-4.653219,Tanger-Al Houceima,0.0,9.815205429102049,3.848826041221619,1250.9557439455982,0.1,56109.30590720177
loc_00555,Lhwad beach,35.211957,-4.64893,Tanger-Al Houceima,0.0,16.09313948541283,8.992662115097046,1440.6274793118112,0.9,56492.560119150665
loc_00556,Cala Iris beach,35.117838,-5.145054,Tanger-Al Houceima,1894.7452392578125,19.247171894304447,12.769658203125,5395.038817621059,0.35,12559.940601584029
loc_00557,Badis small island,35.170472,-4.296347,Tanger-Al Houceima,1.4582343101501465,6.787123850459575,3.2569746923446656,3426.390879096914,0.1,34286.77138302132
loc_00558,Taoussert beach,35.188456,-4.21334,Tanger-Al Houceima,16.14724349975586,25.060383167732216,14.916580476760863,8292.558156339366,0.55,26482.994914107996
loc_00559,Bousikour beach,35.233504,-4.033563,Tanger-Al Houceima,2.731919765472412,15.714408716192198,8.079572658538819,4384.8135700885105,0.9,9476.87249068078
loc_00560,Boumehdi beach,35.238055,-3.975661,Tanger-Al Houceima,0.711591899394989,6.1291129093348085,3.063108727931976,45.63099569599655,0.9,4203.779744057535
loc_00561,Tala Youssef beach,35.236105,-3.981783,Tanger-Al Houceima,3.235933780670166,13.899740547276233,9.865088443756104,42.53804475502481,0.9,4791.762440107303
loc_00562,Rmod beach,35.242967,-3.9673,Tanger-Al Houceima,33.694576263427734,31.99407863017848,27.92482786178589,220.49717445960835,0.9,3378.880854695291
loc_00563,Isri beach,35.218844,-3.911254,Tanger-Al Houceima,2.2576076984405518,8.782831291077844,6.16612368106842,584.7745735484597,0.9,3389.6238868784253
loc_00564,Cliff of Al Hoceima,35.223953,-4.050532,Tanger-Al Houceima,287.0141906738281,25.159713975301234,17.67389831542969,6054.265122308777,0.35,11180.67080418558
loc_00565,Quemado beach,35.244087,-3.92618,Tanger-Al Houceima,0.0,1.4818345804897866,0.4119707202911377,110.06544431997064,0.1,381.2971933359099
loc_00566,Cara Bonita beach,35.234276,-3.922583,Tanger-Al Houceima,0.0,7.286703801379862,3.2233160877227784,338.8001083662407,0.9,1388.9256862705336
loc_00567,Maktoa beach,35.229936,-3.919097,Tanger-Al Houceima,30.99403190612793,17.89972145694825,12.342970213890077,873.3729491833768,0.1,1965.3630555576055
loc_00568,Small islands of Al Hoceima,35.216773,-3.901165,Tanger-Al Houceima,0.0,1.2702360787528046,0.36843563318252565,1407.9390813458108,0.9,4108.43004958981
loc_00569,Sfiha beach,35.2062,-3.88821,Tanger-Al Houceima,3.2239599227905273,3.058650090797154,2.684250831604004,1004.1469867159558,0.9,5767.232235957364
loc_00570,Al Hoceima Bay,35.211857,-3.831492,Tanger-Al Houceima,0.0,0.0,0.0,2207.442914283333,0.9,9697.22468160581
loc_00571,Strait of Gibraltar,35.929746,-5.438324,Tanger-Al Houceima,0.0,0.0,0.0,2987.7536044717026,0.9,12220.693706855001
loc_00572,Hill of Taifour,35.676276,-5.298678,Tanger-Al Houceima,272.73046875,19.226543790939484,10.155980834960937,1067.141086614361,0.55,2352.1499227390814
loc_00573,Fault of Samsa,35.598793,-5.413419,Tanger-Al Houceima,324.5277099609375,20.85842737222629,13.6350537109375,1049.1987607527667,0.35,4760.378185939178
loc_00574,Cluse of Tetouan,35.54326,-5.443002,Tanger-Al Houceima,29.371530532836914,7.155791476232924,2.823370590209961,1657.6695106135082,0.2,6847.777185195723
loc_00575,Anticline of Nator cliff,35.52956,-5.372524,Tanger-Al Houceima,583.987060546875,22.787973776667844,9.71075927734375,1983.9054637676968,0.15,4478.313248473739
loc_00576,Synclinal of Tazarine,35.50192,-5.368411,Tanger-Al Houceima,935.0760498046875,20.957106253116283,12.582470703125,4381.093047187933,0.15,7568.8114062754075
loc_00577,Chefchaouen furrow,35.178822,-5.256485,Tanger-Al Houceima,1109.909912109375,38.303976623892694,24.950634765625,1475.9505960332672,0.35,1552.494613144457
loc_00578,Fault escarpment of Mizlafene,35.267876,-5.22021,Tanger-Al Houceima,490.19793701171875,57.07814075169536,49.406937255859376,699.3408204475975,0.15,11855.423725778703
loc_00579,Cliff of Imezar,35.180251,-5.197536,Tanger-Al Houceima,1288.1812744140625,18.213872639935907,11.0349755859375,6085.689886248319,0.55,6561.218330768162
loc_00580,Folds of Sidi Abdelhamid,35.179166,-5.246346,Tanger-Al Houceima,1048.0145263671875,25.60441517348622,15.5043212890625,2061.48165198896,0.15,2309.392499371817
loc_00581,Klippes of Soukna,35.115764,-5.411627,Tanger-Al Houceima,1353.3851318359375,18.30401604574061,10.172421875,2412.630625840288,0.55,14299.587375700326
loc_00582,Folds and fault of Amtar,35.082901,-4.192447,Tanger-Al Houceima,342.9808349609375,4.7006510618535575,2.504287109375,2444.11731895304,0.15,29894.768757878686
loc_00583,Cirque of Jebha,35.211084,-4.661205,Tanger-Al Houceima,58.906124114990234,29.717981824441335,18.10656711578369,556.0945066563102,0.1,55373.17884984656
loc_00584,Fauld of Mtioua,35.31734,-4.92847,Tanger-Al Houceima,85.08541870117188,27.519065280423366,17.66835678100586,75.80254525774023,0.15,35008.2478336031
loc_00585,Bar of Tizirene,35.009775,-4.918015,Tanger-Al Houceima,2022.621337890625,33.49938248260647,26.5842724609375,1198.293310537916,0.55,36450.04932040134
loc_00586,Oued Rmel dam,35.872707,-5.476005,Tanger-Al Houceima,87.20890045166016,16.142502216212833,12.272964782714844,1079.392175423518,0.35,10977.541547652785
loc_00587,Al Raouz dam,35.711,-5.498116,Tanger-Al Houceima,116.5,0.0,0.0,1549.0061751817425,0.9,16090.20460310841
loc_00588,Smir dam,35.402013,-5.2355,Tanger-Al Houceima,339.184814453125,23.685827220644885,14.20485107421875,1152.088854708557,0.35,22514.313264660235
loc_00589,Ajras dam,35.564636,-5.494865,Tanger-Al Houceima,44.64872741699219,0.8323587347148584,0.3697750854492188,252.53426229335193,0.9,10884.761188790037
loc_00590,Martil dam,35.477117,-5.428091,Tanger-Al Houceima,97.12396240234375,18.506380018762634,13.867826232910156,1310.787085148682,0.9,11382.237109775235
loc_00591,Nakhla dam,35.441739,-5.396691,Tanger-Al Houceima,190.0,0.0,0.0,368.927796063756,0.9,14377.835870939083
loc_00592,Prissa dam,35.364628,-5.17617,Tanger-Al Houceima,25.0,19.42729448598877,8.302144241333007,162.01776360091537,0.9,23330.365452020582
loc_00593,Oued Laou dam,35.246227,-5.291671,Tanger-Al Houceima,262.0,0.99335391817678,0.1958056640625,256.5368466319264,0.2,8869.198087544382
loc_00594,Moulay Bouchta dam,35.264187,-5.351637,Tanger-Al Houceima,339.9729919433594,2.312310741943482,1.06250732421875,292.22832612784856,0.9,13031.147006734218
loc_00595,Jaber lake,35.31665,-5.496082,Tanger-Al Houceima,975.8909301757812,6.20482389126705,2.607509765625,1126.9110808025234,0.15,26421.721384329852
loc_00596,Bouhachem lake,35.56615,-5.226447,Tanger-Al Houceima,0.0,0.0,0.0,1860.3152499591365,0.9,7150.95376818923
loc_00598,Al Houmar lake,35.07728,-5.26288,Tanger-Al Houceima,612.40478515625,6.735916723882059,3.6162109375,2246.6104624144145,0.15,10185.893234800898
loc_00599,Laarays lake,35.07686,-5.26586,Tanger-Al Houceima,590.052490234375,12.715473626728382,7.03157958984375,2285.897199497332,0.15,10222.958816973598
loc_00600,Al Mhad lake,35.07556,-5.26466,Tanger-Al Houceima,620.9495239257812,8.014662810133451,4.26831787109375,2429.116870692706,0.15,10370.431046845639
loc_00601,Al Garn lake,35.022547,-5.205902,Tanger-Al Houceima,1198.3670654296875,14.14845360896223,8.59828125,2.7719677794512214,0.15,17223.671525725607
loc_00602,Ifrat Fouden lake,35.0163612,-4.904481,Tanger-Al Houceima,1713.8857421875,20.80434167590613,10.8765185546875,2052.538034511769,0.55,37191.084214109746
loc_00603,Al Jomoaa dam,34.933095,-4.319152,Tanger-Al Houceima,977.0,1.0392091006243618,0.3109375,1056.617313738136,0.9,49560.27231609259
loc_00604,Mujer dormida mountain,35.402279,-5.322191,Tanger-Al Houceima,1051.82763671875,23.066843330585467,13.2080322265625,258.23517341333934,0.15,19223.980257881274
loc_00605,Gully of Tamghart,35.488401,-5.130791,Tanger-Al Houceima,134.47152709960938,26.644779201915487,16.30741638183594,288.1327731016247,0.55,19341.37141258299
loc_00606,Rockfall niche of Azenti,35.375224,-4.994033,Tanger-Al Houceima,91.8402328491211,27.201829847198805,15.693424224853516,227.89103857662175,0.55,33869.13202603805
loc_00607,Scree cone of Mountain Kelti,35.372808,-5.265224,Tanger-Al Houceima,894.3287353515625,22.46747563078983,15.28814208984375,1904.032489252439,0.15,22689.226306659148
loc_00608,Rockfall niche of Ametras,35.083446,-5.079801,Tanger-Al Houceima,836.2837524414062,11.665645365896449,7.51539794921875,39.50493267191064,0.15,19597.181443783786
loc_00609,Badlands of Idsoulyene,35.001798,-5.370017,Tanger-Al Houceima,543.3031005859375,29.89287142584586,17.5478662109375,132.35698869666217,0.55,20744.06245948236
loc_00610,Slippage of Cara Bonita,35.232057,-3.922928,Tanger-Al Houceima,29.380449295043945,22.705828117252025,13.62527473449707,456.8739258340637,0.15,1594.5005694784554
loc_00611,Plain of Restinga,35.789824,-5.361532,Tanger-Al Houceima,5.780057907104492,0.9187128619862673,0.30988542556762694,548.8758722480171,0.15,5491.358872108866
loc_00612,Alluvial plain of Martil,35.593329,-5.288213,Tanger-Al Houceima,1.4398531913757324,0.7353914044720503,0.2911710262298584,968.486753347688,0.2,2967.149649104972
loc_00613,Cascades of Ezarka,35.520043,-5.340233,Tanger-Al Houceima,159.4627685546875,22.750552151534166,14.009252319335937,3865.9620099915687,0.55,6350.248945892908
loc_00614,Cascades of Akherkhour,35.300691,-5.20585,Tanger-Al Houceima,290.78033447265625,11.880020393172664,7.41558837890625,51.50082011404642,0.15,15728.313013808774
loc_00615,Alluvial plain of Amsa,35.537348,-5.22077,Tanger-Al Houceima,3.3013975620269775,0.7573866655330036,0.3440278720855713,392.3632898201065,0.2,10130.390272538638
loc_00616,Alluvial plain of Oued Laou,35.082902,-4.192445,Tanger-Al Houceima,342.9808349609375,4.700651079033368,2.504287109375,2444.0269875696836,0.15,29894.55656681524
loc_00617,Meander of Oued Laou,35.429939,-5.098185,Tanger-Al Houceima,2.8182666301727295,1.3543298453935195,0.7468867075443267,1133.4909954122518,0.2,26235.40764673631
loc_00618,Cascades of Talembote,35.296245,-5.22719,Tanger-Al Houceima,220.7696533203125,27.892714296640914,15.690253295898437,6.222585255668675,0.55,14658.645041292211
loc_00619,Alluvial plain of Bouhmed,35.330213,-4.952795,Tanger-Al Houceima,5.265829563140869,0.3330980396118752,0.13597728729248046,539.3664337221791,0.2,33812.74831117163
loc_00620,Sidi Yahya Aarab valley,35.273273,-4.900421,Tanger-Al Houceima,235.6973876953125,31.560643623288193,16.434864501953125,1639.9826822367672,0.55,35384.08042930497
loc_00621,Cascade of Oued Al Kalaa,35.242975,-5.158297,Tanger-Al Houceima,880.480712890625,30.478657795771742,20.24272216796875,2328.0155508049093,0.35,12963.196718611414
loc_00622,Cascades of Akchour,35.185251,-5.194523,Tanger-Al Houceima,1255.8482666015625,22.093724844208555,15.1343701171875,6521.924386364737,0.55,6955.205611099716
loc_00623,Cascades of Taourart,35.218905,-5.139681,Tanger-Al Houceima,747.185302734375,49.163784895529744,39.86107421875,5142.306780991153,0.55,12952.464741360525
loc_00624,River terrace of Issaguen,34.918387,-4.565299,Tanger-Al Houceima,1483.921875,2.9244100701189577,1.2312060546875,192.9040137447106,0.2,68262.36906175937
loc_00625,Alluvial plain of Nekor,35.190059,-3.877818,Tanger-Al Houceima,11.52963638305664,2.208721240203565,0.96710205078125,618.2171706636743,0.15,7752.954691495961
loc_00626,Canyon of Laou river,35.280073,-5.233774,Tanger-Al Houceima,167.2307586669922,29.571974665230776,15.772229614257812,3.8246173326202717,0.55,12767.996996107016
loc_00627,Natural bridge of Akchour,35.195231,-5.178878,Tanger-Al Houceima,765.8876342773438,22.059479389942172,13.52265625,5936.588221775778,0.55,8646.828767937515
loc_00628,Canyon of Farda river,35.195315,-5.178814,Tanger-Al Houceima,765.8876342773438,22.059495077381744,13.52265625,5927.661094416562,0.55,8655.4747484251
loc_00629,Canyon of Adelmane river,35.211334,-5.04086,Tanger-Al Houceima,360.7762756347656,34.27448578471175,21.158028564453126,4263.744265108139,0.55,21207.142183439202
loc_00630,Natural bridge and travertine of Assifane,35.074391,-4.564801,Tanger-Al Houceima,1175.596923828125,15.533306571247959,9.5492724609375,230.0653732437606,0.15,60734.08693329795
loc_00631,Cascades of Imlil canyon,35.08114,-4.104749,Tanger-Al Houceima,407.9076843261719,7.749620350386743,3.773531494140625,539.9548673926005,0.2,24171.281922419625
loc_00632,Snow niche of Mountain Lakraa,35.122193,-5.08885,Tanger-Al Houceima,1978.81591796875,14.171676094335867,7.47048828125,4275.360187027265,0.15,17122.543436883745
loc_00633,Accumulation glaze of Soukna,35.106971,-5.387428,Tanger-Al Houceima,1112.21044921875,21.53903175258624,12.5527587890625,1716.4677937804845,0.55,12825.062139556947
loc_00634,Dunes of Al Hoceima,35.182938,-3.934226,Tanger-Al Houceima,234.84925842285156,7.587976207088478,3.816312255859375,718.9000330300623,0.1,6923.3907887620635
loc_00635,Izourhar lake,31.70484722222222,-6.260811111111111,Béni Mellal-Khénifra,2533.4287109375,0.9043178497220331,0.27556640625,5106.453935323282,0.9,70521.61273721118
loc_00636,Ibakliwn 1,31.663308333333333,-6.36565,Béni Mellal-Khénifra,2025.3370361328125,43.14706044980777,34.079111328125,818.794871059076,0.15,74608.00969912866
loc_00637,Ibakilwn 2,31.659866666666662,-6.387611111111111,Béni Mellal-Khénifra,1903.049072265625,4.238634658481701,2.6632373046875,45.45935859831165,0.55,75051.30168204913
loc_00638,Oued Rbat,31.65869722222222,-6.409952777777778,Béni Mellal-Khénifra,1859.8812255859375,0.975092458270985,0.4741259765625,207.67243721865455,0.55,75301.22305880518
loc_00639,Tabant,31.65948611111111,-6.425027777777778,Béni Mellal-Khénifra,1896.2392578125,30.185948811286384,20.0981201171875,81.21590444777652,0.55,75327.98165940848
loc_00640,Grenier Sidi Moussa,31.65757777777777,-6.432652777777778,Béni Mellal-Khénifra,1946.95166015625,27.423867771089913,17.2624072265625,191.29812881675906,0.15,75607.07765257906
loc_00641,Site Sidi Moussa,31.65786111111111,-6.436194444444444,Béni Mellal-Khénifra,1854.02783203125,18.93896139587476,11.519208984375,22.39101199944271,0.15,75609.51104285796
loc_00642,Aguered N'Ouzrou,31.653125,-6.438833333333333,Béni Mellal-Khénifra,1845.783203125,3.598036173464096,2.15205078125,492.6936811396738,0.15,76159.30673587287
loc_00643,Ait Bouguemez,31.647419444444445,-6.451566666666666,Béni Mellal-Khénifra,1833.1148681640625,13.84980396947579,8.530205078125,609.6193723796487,0.15,76925.5857090517
loc_00644,Kimmeridgian Reef of Cap Ghir,30.625833333333333,-9.865,Souss-Massa,33.907676696777344,5.715622825969861,3.468275451660156,133.70450400013135,0.35,35304.92146034886
loc_00645,Reef of the main fossils at Cap Ghir,30.63305555555556,-9.887777777777778,Souss-Massa,16.78900146484375,3.752225096307466,2.031189727783203,549.3468516866135,0.15,37496.11635796355
loc_00646,The Tamri estuary,30.711111111111112,-9.854722222222222,Souss-Massa,2.9816575050354004,2.2074803357620914,1.9722644805908203,357.36125349410287,0.15,41432.85323587444
loc_00647,The Timlaline gorges,30.766666666666666,-9.8275,Souss-Massa,48.34831619262695,10.520884297284741,6.384620971679688,604.7498127197854,0.1,45003.99638502272
loc_00648,Dayet Aoua,33.652,-5.032997222222222,,1463.0,0.0,0.0,220.75025722293898,0.15,15454.227805565173
loc_00649,Cambrian Gres-Quartzitic Facies,32.718325,-7.937405555555555,Marrakech-Safi,277.1278076171875,13.343506382817237,7.108487548828125,96.09745327289427,0.15,43329.213722110035
loc_00650,Conglomerates of Machraâ Ben Abbou,32.62585555555555,-7.809649999999999,Marrakech-Safi,271.1191101074219,7.105867388801059,4.422418212890625,651.4971283109535,0.2,45213.59649316382
loc_00651,Conglomerates of Sidi Abdelah,32.54581388888889,-7.831752777777777,Marrakech-Safi,342.6968078613281,3.2519866192380893,1.82594970703125,490.4828147374809,0.2,36117.240971046165
loc_00652,Conglomerates of Kef El Mounib,32.44246111111111,-7.944344444444445,Marrakech-Safi,549.7748413085938,8.01968775749554,4.3587255859375,986.1109767544298,0.2,22657.113094376327
loc_00653,Granite of Sebt Brikiine,32.29926944444444,-8.038086111111111,Marrakech-Safi,465.57525634765625,1.9633710812015104,1.002093505859375,1648.2598851961234,0.2,10068.44023590297
loc_00654,Micashiste of Lalla Titaf,32.249405555555555,-7.97335,Marrakech-Safi,461.9107360839844,1.0946539779668272,0.706624755859375,348.91958491642424,0.2,1838.1038808736132
loc_00655,Pegmatite of Sidi Bouathmane,31.89772777777777,-7.953302777777778,Marrakech-Safi,525.2009887695312,4.89583367159301,2.4387255859375,494.7447229912838,0.2,30423.6022114389
loc_00656,Pyrrhotites of Kettara,30.947883333333333,-8.265052777777777,Marrakech-Safi,1315.20263671875,8.860613730240903,3.6091796875,89.39901951112027,0.55,79049.98293485623
loc_00657,Imi-n-Ifri natural bridge,31.73014444444444,-6.969363888888889,Beni Mellal-Khenifra,1062.60693359375,10.814198933637302,5.540400390625,612.5446733102569,0.15,88789.11406785413
loc_00658,"Dinosaur footprints, Iwariden",31.726241666666667,-6.867927777777778,Beni Mellal-Khenifra,973.1372680664062,3.505300613048995,2.203623046875,190.7933740708241,0.35,83204.68167496259
loc_00659,Jbel Rat ascension,31.572263888888887,-6.635019444444444,Beni Mellal-Khenifra,2380.565185546875,24.234426246400307,15.988427734375,4332.905883529068,0.15,77105.1450515275
loc_00660,Jbel M'Goun ascension,31.63596111111111,-6.529952777777778,Beni Mellal-Khenifra,1684.9814453125,30.482024558489226,19.80177734375,46.781952900313634,0.55,79406.6182770257
loc_00661,Ait Bouguemez valley trek,31.65081111111111,-6.461511111111111,Beni Mellal-Khenifra,1826.3768310546875,9.500734641853805,5.526689453125,79.82012244937184,0.15,76670.32717938808
loc_00662,"Dinosaur footprints, Ibakaliwine",31.6842,-6.371152777777778,Beni Mellal-Khenifra,2070.109619140625,27.861503508470594,17.78671875,494.7922263065107,0.15,72295.4465896704
loc_00663,Hiking lake Izoughar,31.736925,-6.314761111111111,Beni Mellal-Khenifra,2717.210693359375,27.251921888649722,18.340546875,949.5678584033059,0.15,66512.63016120752
loc_00664,Jbel Azourki ascension,31.79435833333333,-6.1931,Beni Mellal-Khenifra,2618.9697265625,22.911856625528596,13.223310546875,1102.8685665506812,0.15,61896.78730052869
loc_00665,Taghia sources,31.821613888888887,-6.089266666666666,Beni Mellal-Khenifra,1782.3016357421875,32.3031021969964,22.1813232421875,2621.388748572476,0.55,62189.845140477744
loc_00666,Cliffs of Ait Abdi Plateau,31.94306388888889,-6.076766666666667,Beni Mellal-Khenifra,1716.66845703125,29.330225448027143,19.2705126953125,545.3300166901108,0.55,50691.41051547455
loc_00667,Hiking around Imsfran Cathedral,31.98318055555556,-6.121394444444444,Beni Mellal-Khenifra,1206.1207275390625,26.401522873410343,19.155244140625,369.37472326988745,0.55,44722.617713203676
loc_00668,Panoramic view of the Bin El Ouidane dam,32.102986111111115,-6.296983333333333,Beni Mellal-Khenifra,1857.2574462890625,11.039334498959425,5.431171875,1694.6721849549774,0.15,26249.89137450551
loc_00669,Panoramic view of the Tadla plain,32.18390833333333,-6.5110166666666665,Beni Mellal-Khenifra,1120.0401611328125,32.58054335564649,23.65052734375,277.4583641052375,0.55,22340.40632716525
loc_00670,Panorama of the Atlas Front,31.95245555555556,-4.472580555555556,Draa-Tafilalet,1060.02978515625,1.8873456556448607,1.1114501953125,42.328095987074924,0.1,4466.351748104332
loc_00671,South Atlas Fault,31.977077777777776,-4.483280555555556,Draa-Tafilalet,1079.700439453125,4.761856265813312,2.307236328125,40.39420829872261,0.1,7072.541485716908
loc_00672,Jbel Hamdoun Anticline Structure,31.98295,-4.500036111111111,Draa-Tafilalet,1133.753173828125,4.742758485767381,2.025986328125,204.49515659325965,0.1,8636.451812065772
loc_00673,Jurassic/Cretaceous Contact,31.999597222222224,-4.4928638888888885,Draa-Tafilalet,1166.3497314453125,5.0669789588571845,2.3549072265625,144.12575309265085,0.1,9603.05821690875
loc_00674,Perched Syncline Between Two Atlassic Faults,32.02611111111111,-4.467666666666667,Draa-Tafilalet,1140.615234375,1.8808566722616855,1.1707568359375,52.73378528490871,0.1,11243.857885951216
loc_00675,Ait Atmane Fault (Amzouj Fault),32.02828888888889,-4.441061111111111,Draa-Tafilalet,1158.43603515625,6.47626409872616,4.166591796875,29.44252814577457,0.1,11050.15625381149
loc_00676,Panorama of El Hassan Addakhil Dam,32.04982777777778,-4.404466666666667,Draa-Tafilalet,1362.9739990234375,20.78077582070827,13.8347412109375,16.069040906681,0.1,13712.961313791322
loc_00677,Dermchane Waterfall,32.05456944444444,-4.483105555555556,Draa-Tafilalet,1465.2216796875,36.458560705353406,22.750673828125,3295.2174275436323,0.1,14698.844388960888
loc_00678,Plainof Fezouata Shales,30.42605555555556,-5.644177777777777,Draa-Tafilalet,814.4889526367188,1.762278623930808,0.90785888671875,1323.3867855926555,0.1,21476.709363227503
loc_00679,Fossiliferous outcropof Fezouata Shales 1,30.44685277777777,-5.616483333333333,Draa-Tafilalet,1015.1376342773438,11.089133622735494,6.3847509765625,2771.152624700629,0.1,24946.334609871894
loc_00680,Fossiliferous outcropof Fezouata Shales 2,30.426875000000003,-5.626283333333334,Draa-Tafilalet,846.08544921875,2.587995992573852,1.65242431640625,577.2753276120852,0.1,23015.074400104524
loc_00681,Fossiliferous outcropof Fezouata Shales 3,30.46266111111111,-5.639013888888888,Draa-Tafilalet,871.1193237304688,1.893358145047759,1.0767431640625,4721.159073946342,0.1,24188.81423129525
loc_00682,Block1: Condensed series Block 2: Hardground,30.434141666666665,-5.606144444444444,Draa-Tafilalet,1266.179443359375,43.95132562955378,35.8341943359375,1363.0971738828803,0.1,25098.364238872204
loc_00683,Desert landforms 1,30.31458888888889,-5.568783333333333,Draa-Tafilalet,726.7024536132812,7.297421545727592,3.78796630859375,10070.259700114599,0.1,25786.74317263547
loc_00684,Desert landforms 2,30.22558888888889,-5.555236111111111,Draa-Tafilalet,661.8984985351562,0.7712848778985548,0.49417724609375,1800.6479069903671,0.1,29351.44427810735
loc_00685,The members of the first Bani are horizontal,29.9411,-5.5833916666666665,Draa-Tafilalet,598.0836181640625,1.5106468459510833,0.65526611328125,539.9326581208217,0.1,49444.03136040957
loc_00686,The first Bani constitutes a naturalbar that blocks sand deposits,30.39215,-5.767797222222222,Draa-Tafilalet,740.5068969726562,1.2841686489059716,0.61544677734375,2527.5192523217943,0.1,9752.594449303788
loc_00687,Ediacaran dyke structures,31.352991666666668,-5.718,Draa-Tafilalet,1528.5802001953125,7.319314570764393,4.1070361328125,4845.724816331103,0.1,25779.379646976962
loc_00688,Ediacaran-Lower Cambrian contact,31.355447222222224,-5.719055555555555,Draa-Tafilalet,1550.660888671875,10.605084684927217,6.3538671875,4562.417504753855,0.1,25651.13996167852
loc_00689,Lower Cambrian “Brèche à Micmacca”,31.355397222222223,-5.7198166666666665,Draa-Tafilalet,1550.5753173828125,10.120651205523883,4.5212548828125,4527.842516729936,0.1,25705.365015017567
loc_00690,Middle Cambrian Paradoxides-type trilobites,31.355894444444445,-5.718358333333334,Draa-Tafilalet,1558.9259033203125,10.856510133663983,6.54265625,4557.999518826895,0.1,25569.3878900334
loc_00691,Middle Cambrian regression sequences,31.36165555555556,-5.734269444444444,Draa-Tafilalet,1455.087890625,13.93144416936415,8.1667431640625,3289.757158461714,0.1,26201.278925994502
loc_00692,Lower Ordovician oncolite structures,31.36876388888889,-5.735255555555556,Draa-Tafilalet,1426.4842529296875,3.7451689025752617,2.47064453125,2522.7737423376875,0.1,25741.98506289473
loc_00693,Middle Ordovician burrows and oolitic iron,31.37255,-5.7333694444444445,Draa-Tafilalet,1432.091552734375,7.087918643430478,6.1203955078125,2231.8155375925735,0.1,25330.45105616865
loc_00694,Upper Ordovician bioturbation and karstification,31.38072777777778,-5.732627777777778,Draa-Tafilalet,1399.0615234375,1.358055039016007,0.5103759765625,1564.4895390100667,0.1,24691.001260060257
loc_00695,Upper Ordovician sequences and faults,31.37605,-5.735016666666667,Draa-Tafilalet,1420.672119140625,7.803430684383193,4.253837890625,1819.0443344415637,0.1,25197.449389744957
loc_00696,Visean–Infra-Cenomanian unconformity,31.434166666666663,-5.645,Draa-Tafilalet,1349.5887451171875,7.348141956268375,3.846708984375,551.1427744978039,0.1,14507.759894766526
loc_00697,Quaternary fluvial terraces,31.43638888888889,-5.645555555555555,Draa-Tafilalet,1342.25146484375,3.94041227560719,1.5067822265625,311.1745866003151,0.1,14383.45506179909
loc_00698,Infra-Cenomanian gypsum & Quaternary travertine,31.44083333333333,-5.647777777777777,Draa-Tafilalet,1356.89697265625,4.9579735272592185,2.441259765625,160.97797629022324,0.1,14226.847708493433
loc_00699,Cenomanian–Turonian lithified and flint-rich limestone,31.444166666666668,-5.654722222222222,Draa-Tafilalet,1411.417236328125,16.290664522459927,11.210322265625,702.9231546357436,0.1,14522.347318548527
loc_00700,Senonian–Neogene basalt unconformity,31.44833333333333,-5.6625000000000005,Draa-Tafilalet,1491.4305419921875,27.080154308998786,16.9708740234375,1529.2361795074316,0.1,14865.486210231085
loc_00701,Neogene volcano-sedimentary deposits,31.45555555555556,-5.662777777777778,Draa-Tafilalet,1528.9168701171875,8.175413704319237,4.8755859375,2179.725072519623,0.1,14464.97414458479
loc_00702,Paleocene fossiliferous limestone,31.451666666666664,-5.664722222222222,Draa-Tafilalet,1501.218994140625,4.150965030009761,2.1596337890625,1944.0435194546699,0.1,14845.549165181246
loc_00703,Geosite 1,31.336166666666667,-5.593294444444444,Draa-Tafilalet,1750.4129638671875,18.997643622951724,11.9714697265625,955.3623066546228,0.1,21416.52119697395
loc_00704,Geosite 2,31.434561111111112,-5.989994444444444,Draa-Tafilalet,1653.18017578125,19.16049098187564,11.735791015625,517.2315671375151,0.15,44568.459814385635
loc_00705,Geosite 3,31.52831944444444,-5.9246944444444445,Draa-Tafilalet,1802.60400390625,44.26755952634549,31.7216015625,2.728864751244875,0.1,37308.49645840882
loc_00706,Geosite 4,30.854141666666667,-6.802416666666667,Draa-Tafilalet,1231.7174072265625,13.354969917230692,8.0634375,324.299035575826,0.1,12694.60883687529
loc_00707,Geosite 5,30.758930555555555,-6.642613888888889,Draa-Tafilalet,1515.8836669921875,24.57603898521563,15.2842578125,2259.4042924192468,0.1,31268.651347553794
loc_00708,Geosite 6,30.524880555555555,-6.443355555555556,Draa-Tafilalet,1435.36669921875,18.315560793122266,10.675654296875,10483.097590498488,0.1,62127.27738808925
loc_00709,Geosite 8,30.283786111111112,-6.432008333333334,Draa-Tafilalet,1319.1253662109375,7.933352544763471,4.419267578125,2157.488697173124,0.1,57331.11738719668
loc_00710,Geosite 9,30.52151111111111,-7.246663888888889,Draa-Tafilalet,1442.3902587890625,1.2324617467516426,0.6689501953125,1856.9303037708958,0.1,54729.02908355119
loc_00711,Kerrouchène,32.812261111111106,-5.319172222222222,Beni Mellal-Khenifra,1382.8548583984375,9.006925706475753,5.4903662109375,1503.047526147938,0.2,56126.1589732709
loc_00712,Aghbaloun Assounane,32.91218611111111,-5.335925,Beni Mellal-Khenifra,1644.242919921875,0.3037313202756146,0.1243115234375,506.37012822904165,0.2,58930.36807611303
loc_00713,Aguelmam Admar Izam,33.10306388888889,-5.394455555555556,Beni Mellal-Khenifra,1547.5,0.0,0.0,1042.935270023055,0.9,39991.20691626973
loc_00714,Aguelmam Almis Guigou,32.97318333333334,-5.443508333333334,Beni Mellal-Khenifra,1491.0,0.0,0.0,2818.741149249631,0.9,55092.10285334846
loc_00715,Aguelmam Dial Tachnkourt,33.145561111111114,-5.386361111111111,Beni Mellal-Khenifra,1588.6456298828125,1.5200936115104724,0.4724365234375,3181.7702664366984,0.9,35363.93523819622
loc_00716,Aguelmam Miammi,32.90421944444444,-5.373591666666666,Beni Mellal-Khenifra,1472.3189697265625,0.6864969504035057,0.284765625,1802.8492986739552,0.15,60498.43368608615
loc_00717,Aguelmam n’Harcha,33.13122222222222,-5.351230555555556,Beni Mellal-Khenifra,1613.2445068359375,0.6922217647772733,0.2334765625,174.00692865936054,0.15,35625.884072116365
loc_00718,Aguelmam Ou Houli,33.129616666666664,-5.359891666666666,Beni Mellal-Khenifra,1629.0,1.0238293583344504,0.24791015625,213.7882602615589,0.9,36063.416659736926
loc_00719,Aguelmam Sidi Abderahman Ou Said,33.085411111111114,-5.400916666666667,Beni Mellal-Khenifra,1537.404541015625,0.9610851170204695,0.407080078125,652.3334499599998,0.2,42034.06040428054
loc_00720,Lac Ajdir,32.96297222222223,-5.434805555555556,Beni Mellal-Khenifra,1614.3389892578125,3.3143623707813616,1.72482421875,2155.482213661136,0.15,55864.62888383918
loc_00721,Oum Er-Rbiaa,33.05158888888889,-5.412147222222223,Beni Mellal-Khenifra,1253.29541015625,28.111330655184055,14.9716064453125,387.4956515179565,0.35,45910.562432214036
loc_00722,Taguelmant Yéj,32.97243888888889,-5.569052777777777,Beni Mellal-Khenifra,1288.5782470703125,5.238348024402762,2.9110595703125,3576.5100594990254,0.2,60427.891134316604
loc_00723,Tiguelmamines,32.90577222222222,-5.343172222222222,Beni Mellal-Khenifra,1621.5,0.0,0.0,818.123929530251,0.9,59751.8343891213
loc_00724,Aghbal,33.044958333333334,-5.480861111111111,Beni Mellal-Khenifra,1240.904052734375,19.419415927882138,9.510908203125,1594.709676517359,0.35,49320.07069810012
loc_00725,Aït Ou Hammou,33.05758333333333,-5.379052777777777,Beni Mellal-Khenifra,1328.5634765625,20.69685643017963,15.6194970703125,324.4396370358244,0.55,44212.57142192824
loc_00726,Aferrane,33.026,-5.460927777777778,Beni Mellal-Khenifra,1462.8255615234375,0.5226177890969289,0.307080078125,243.71786422520879,0.15,50351.37235431508
loc_00727,Ahoussal,32.964169444444444,-5.316977777777778,Beni Mellal-Khenifra,1896.369140625,9.698149276429357,3.73173828125,4695.988437505262,0.15,52937.18026511598
loc_00728,Ajdir,32.96297222222223,-5.434805555555556,Beni Mellal-Khenifra,1614.3389892578125,3.3143623707813616,1.72482421875,2155.482213661136,0.15,55864.62888383918
loc_00729,Al Maarad,33.005766666666666,-5.501008333333333,Beni Mellal-Khenifra,1536.5673828125,4.368247468670526,2.6121923828125,823.9870390418736,0.55,54047.3180135951
loc_00730,Azegza,32.99203333333333,-5.471388888888889,Beni Mellal-Khenifra,1513.5,0.9662631234071675,0.1932568359375,972.2593802785485,0.1,54184.441379950804
loc_00731,Iferaoun,33.14539444444444,-5.383291666666667,Beni Mellal-Khenifra,1590.1275634765625,2.5794256120241603,1.2956396484375,2957.828961060005,0.15,35261.97071587067
loc_00732,Ifrennta,33.15681111111111,-5.365311111111111,Beni Mellal-Khenifra,1654.8311767578125,1.281156362506869,0.6450048828125,2217.7645821768033,0.9,33430.12564005627
loc_00733,Kssouatène,33.12797777777778,-5.385097222222223,Beni Mellal-Khenifra,1592.8729248046875,2.236278931061284,1.4755029296875,1817.7550306816588,0.15,37101.2487897675
loc_00734,Mirssa,32.952450000000006,-5.291522222222223,Beni Mellal-Khenifra,1927.308837890625,1.3961912833019419,0.8699169921875,4426.679742190143,0.15,53907.71267570962
loc_00735,Missartène,32.99635555555555,-5.447777777777778,Beni Mellal-Khenifra,1554.19482421875,1.6066481654976872,0.9056689453125,2858.5113269144554,0.2,52855.34465998984
loc_00736,Ouaousseguerna,33.156302777777775,-5.4298777777777785,Beni Mellal-Khenifra,1573.3250732421875,2.2640375270434214,1.3074072265625,4233.129954607365,0.15,36218.8762825563
loc_00737,Ouiouane,33.12708333333333,-5.345638888888889,Beni Mellal-Khenifra,1604.4031982421875,5.566267387469336,2.7933642578125,254.27796375920516,0.15,35897.87589812893
loc_00738,Ounane,33.15134444444444,-5.408222222222222,Beni Mellal-Khenifra,1566.2850341796875,2.952504714138422,1.7802001953125,5098.6223670395275,0.15,35695.922104643476
loc_00739,Taboughout,32.944266666666664,-5.483897222222223,Beni Mellal-Khenifra,1498.572509765625,1.7690268870099561,1.008427734375,175.16953091705935,0.2,59507.28800052863
loc_00740,Taboughout Nord,32.95751388888889,-5.494613888888889,Beni Mellal-Khenifra,1536.287353515625,8.516794134055417,3.6124951171875,1090.0220191369697,0.15,58578.54535028317
loc_00741,Tigouyal,32.969319444444444,-5.374294444444444,Beni Mellal-Khenifra,1624.6263427734375,8.65829700753978,4.440439453125,2586.834357009768,0.1,53487.70527234621
loc_00742,Tizaraght,32.961666666666666,-5.471636111111112,Beni Mellal-Khenifra,1574.4461669921875,1.963838631182024,0.9017822265625,92.52467382516167,0.15,57276.67159039501
loc_00743,Tizaraght Est,32.95620277777778,-5.456361111111112,Beni Mellal-Khenifra,1602.75048828125,0.9651289149888147,0.5538427734375,1537.6719068664152,0.15,57289.37241416824
loc_00744,Tizerghine,32.96671944444444,-5.397927777777778,Beni Mellal-Khenifra,1628.8848876953125,2.930711977721137,1.21873046875,2252.0575332368307,0.2,54370.78951254686
loc_00745,Lower Devonian quartzite bars of Bou Trou-Al Aççama,33.367333333333335,-5.490166666666667,Fés-Meknés,915.4171752929688,2.5599724952232075,1.41258056640625,2557.6762131667133,0.15,25571.692836643662
loc_00746,Lower Devonian paleosol of Bou Trou-Al Aççama,33.35933333333333,-5.491833333333333,Fés-Meknés,1004.2195434570312,17.09137673527729,11.97384765625,3348.6321252120238,0.15,25991.951299284297
loc_00747,Lower Devonian dwarf brachiopods of Bou Trou Al Aççama,33.3595,-5.490833333333334,Fés-Meknés,1005.3816528320312,13.084067211056581,7.28312255859375,3277.536181665263,0.1,25898.052383655933
loc_00748,Emsien crinoids grassland of Bab Al Ari,33.4605,-5.1865,Fés-Meknés,1531.67724609375,15.151522542886964,9.249599609375,1490.2979226310508,0.15,4732.261106862234
loc_00749,Givetian calciturbidites of Ben Aarab,33.501333333333335,-5.4015,Fés-Meknés,1097.872802734375,23.44079839319268,15.8036474609375,909.1344632729774,0.15,17858.4559144065
loc_00750,Givetian-Famennian paleolapiaz of Bab Al Ari,33.4605,-5.1865,Fés-Meknés,1531.67724609375,15.151522542886964,9.249599609375,1490.2979226310508,0.15,4732.261106862234
loc_00751,Askour,33.630408333333335,-4.1826083333333335,Fés-Meknés,2515.531494140625,33.03440531642411,20.52685546875,1433.0744300904687,0.15,58747.248417098206
loc_00752,Azzaba,33.81390833333333,-4.675672222222223,Fés-Meknés,791.6115112304688,22.750403161048208,12.71334716796875,930.7571609663081,0.35,14616.198591928745
loc_00753,Bab Azhar,34.06423888888889,-4.2653944444444445,Fés-Meknés,830.8389282226562,17.648778349950227,9.47622314453125,35.93873510828753,0.55,29871.191608973088
loc_00754,Ben Smime,33.49503888888889,-5.189722222222223,Fés-Meknés,1368.9915771484375,19.842176872803943,13.661953125,638.2832547240677,0.55,7580.705185975984
loc_00755,Beni Mkoud,33.89700833333333,-4.344252777777777,Fés-Meknés,1216.7462158203125,16.29630078254005,8.86552734375,6156.733410715641,0.15,45865.96466442952
loc_00756,Bhalil,33.86452777777778,-4.890405555555555,Fés-Meknés,960.5989990234375,18.208742547333518,9.57384033203125,845.5108221038391,0.15,6870.007387705602
loc_00757,Bled Ech Chrif,33.970197222222225,-4.049877777777778,Fés-Meknés,1378.96484375,12.298602115239985,6.694482421875,595.9717110275798,0.55,29137.050880605657
loc_00758,Bon Massaoud,34.10189444444445,-4.083633333333333,Fés-Meknés,1537.2919921875,22.316470405170087,13.842666015625,796.138957481859,0.55,15785.047916157751
loc_00759,Bou Tazzert,33.430074999999995,-4.946205555555556,Fés-Meknés,1745.6129150390625,5.579465782613645,2.825478515625,1243.8591713622923,0.15,18470.02560185323
loc_00760,Bsabis,33.69928611111111,-4.693583333333334,Fés-Meknés,1563.8626708984375,20.28549792374963,10.6707421875,1586.1381911250169,0.15,19026.028920671895
loc_00761,Col de Touaher,34.192763888888884,-4.166980555555556,Fés-Meknés,554.9652709960938,7.204688144634332,3.2969873046875,75.58829463019612,0.05,15012.739853112811
loc_00762,Diapir de Mellaha,33.77836666666666,-4.5620416666666666,Fés-Meknés,875.7269897460938,6.739768807988068,3.5442919921875,2814.7867021486986,0.15,25595.856070677477
loc_00763,El Ghar,33.88885555555556,-4.262888888888889,Fés-Meknés,1429.318603515625,35.34147320187256,21.1603076171875,3971.96927893833,0.55,44525.51462795213
loc_00764,El Harira,33.920541666666665,-4.363547222222222,Fés-Meknés,989.4691772460938,14.324479442505147,7.53783935546875,3983.701720825118,0.15,44656.96762963243
loc_00765,Ic h Amellal,33.5172,-4.913855555555556,Fés-Meknés,1896.22802734375,9.489326361698764,5.9723486328125,5064.817417252092,0.15,17979.548154318298
loc_00766,Ic h Bab El Mansour,33.66533333333333,-4.196561111111111,Fés-Meknés,1810.0357666015625,12.460819091941634,6.035771484375,2338.7970566218905,0.55,59716.22181800625
loc_00767,Ic h Maalem,33.704905555555555,-4.166080555555556,Fés-Meknés,2048.541748046875,25.505806542428896,15.3954248046875,3882.959322988835,0.1,60150.25451228988
loc_00768,Ic h n’Tili,33.59842777777778,-4.2674,Fés-Meknés,2353.26513671875,19.137131712613208,10.668505859375,1351.6602587388043,0.15,50179.63762319871
loc_00769,Ic h Ouarich,33.49328611111111,-4.916116666666667,Fés-Meknés,1938.0911865234375,15.094981129431554,8.221640625,4720.833213630307,0.15,18141.040050443622
loc_00770,Issouka,33.44167777777778,-4.334855555555556,Fés-Meknés,1809.70849609375,21.122236507202143,12.5253466796875,1063.5111358449237,0.35,37650.45529444796
loc_00771,It Ougmar,33.410669444444444,-4.8735388888888895,Fés-Meknés,1549.7137451171875,8.525556974958121,4.364140625,3977.3795777932314,0.15,14346.524821588102
loc_00772,Ito,33.59500555555556,-5.3587444444444445,Fés-Meknés,1290.5048828125,4.91313285367261,2.61736328125,687.1067141528611,0.15,21674.99466708493
loc_00773,Jbel Bouslama,33.92851388888889,-4.261708333333333,Fés-Meknés,1281.1561279296875,1.5308429398388417,0.6628125,5762.430153832189,0.2,40767.05968665827
loc_00774,Jbel Hamda,33.76776944444445,-4.508608333333333,Fés-Meknés,1327.60693359375,11.068437106915308,6.05513671875,1130.0299085945135,0.35,30671.549863112465
loc_00776,Jbel Messassa,33.898377777777775,-4.388580555555556,Fés-Meknés,1267.708740234375,23.852310739972925,15.537001953125,3181.0696659818186,0.35,41871.22682800497
loc_00777,Jbel Nerkibat,33.836244444444446,-4.089855555555555,Fés-Meknés,2079.178955078125,10.910210357402743,5.878369140625,3092.441183097698,0.1,44413.08687372744
loc_00778,Jbel Sehrij,33.92944166666666,-3.992011111111111,Fés-Meknés,1393.549560546875,39.17711518041749,25.8553857421875,4190.8330867925915,0.55,33479.29030646473
loc_00779,Jbel Tazrakht,33.74353611111111,-4.613408333333333,Fés-Meknés,1249.9666748046875,18.45624813834748,9.2353369140625,1953.7946131049189,0.15,22247.872863074255
loc_00780,Jbel Tichaou,33.91208888888889,-4.409205555555556,Fés-Meknés,1155.5108642578125,29.74520589024208,21.726201171875,2434.047913347103,0.35,40341.1078640207
loc_00781,Jbel Tnidilt,33.92292777777777,-4.298558333333333,Fés-Meknés,1547.7158203125,2.7272548457601724,1.538720703125,4039.231872816945,0.35,43276.51381052223
loc_00782,Jerf EI Gaz,33.424166666666665,-4.3422222222222215,Fés-Meknés,1401.6822509765625,30.12937716012483,19.5530419921875,75.93712355268472,0.15,36581.95172170291
loc_00783,Kandar,33.779780555555554,-5.065452777777778,Fés-Meknés,937.0804443359375,5.521616220848748,3.07782470703125,965.3549292763067,0.15,22026.230737183258
loc_00784,Koudiat Ech Chham,33.45149166666667,-4.929327777777778,Fés-Meknés,1852.416748046875,15.251288815162583,8.627431640625,1402.7567718044766,0.15,18556.690044185663
loc_00785,Laârouch,33.92948055555555,-4.256008333333333,Fés-Meknés,1371.6046142578125,29.98724113399735,16.990615234375,5231.586227158707,0.35,40381.86254731011
loc_00786,Mâafa Tamekrant,33.480158333333335,-4.928294444444445,Fés-Meknés,1944.3228759765625,10.09549294733593,6.3569384765625,3980.730281193145,0.15,17425.228694081787
loc_00787,Maafa Tamezian,33.491391666666665,-4.932941666666667,Fés-Meknés,1907.776611328125,14.307545900267817,8.6150634765625,4919.586691289153,0.15,16669.09472735284
loc_00788,Merzidki,33.44587222222222,-4.871861111111111,Fés-Meknés,1579.521240234375,2.085250761210224,1.205849609375,1067.294673086335,0.2,16054.242278418249
loc_00789,Mou Aguerbez,33.46251111111111,-4.945358333333334,Fés-Meknés,1814.123291015625,13.506783096048764,7.6729638671875,1587.3569163254188,0.15,16679.111643558033
loc_00790,Pontde Sebou,33.83229722222222,-4.646211111111111,Fés-Meknés,485.45672607421875,13.956868762476985,9.34022216796875,20.133665786911543,0.05,17304.36355676414
loc_00791,Tamezziant,33.44653888888889,-4.891249999999999,Fés-Meknés,1649.015625,11.692159999007158,7.2055322265625,841.8850790642525,0.15,17603.329654094658
loc_00792,Tichoukt,33.394725,-4.6585,Fés-Meknés,2732.783447265625,34.31549024146909,24.96939453125,5403.149941405649,0.15,7441.884236701271
loc_00793,Tizi Bou-Zaabel,33.64558888888889,-4.1551,Fés-Meknés,2263.26318359375,22.208373631716572,10.585341796875,11.438738653098362,0.1,61797.415855260326
loc_00794,Tizi Oughmari,33.46958888888889,-5.16506388888889,Fés-Meknés,1623.0601806640625,27.328244222023976,15.6332568359375,14.856496659994354,0.55,6933.816952264848
loc_00795,Tleta Zerarda,33.99356944444445,-4.383002777777778,Fés-Meknés,756.1414184570312,9.80293381552695,6.29509033203125,368.0874535874519,0.15,43250.72616727155
loc_00796,Zitounat,33.40253611111111,-5.020261111111111,Fés-Meknés,1818.0089111328125,9.941262073666485,5.2970947265625,5086.042875425956,0.15,16085.833398717416
loc_00797,Jbel Shala,33.687755555555555,-4.305622222222223,Fés-Meknés,2055.439453125,43.87844607663666,33.91267578125,4974.335725162456,0.1,51114.0123061474
loc_00798,Cave of Tamezguid n’Rbi,33.66263611111111,-4.289038888888888,Fés-Meknés,2276.26611328125,24.112489915454237,14.443564453125,4477.6380323208,0.1,52652.22923491816
loc_00799,Aderj Plateau,33.62390555555556,-4.447261111111112,Fés-Meknés,1062.3541259765625,13.8799808149924,7.6282421875,333.4715801356775,0.15,39011.21938326559
loc_00800,Aghram Amellal,33.68239166666667,-4.457058333333333,Fés-Meknés,861.42529296875,9.578802374839409,5.79780029296875,88.87410359467344,0.15,38226.32570719471
loc_00801,Aghram Iroumine,33.645875,-4.472341666666667,Fés-Meknés,908.860595703125,10.089483647086322,5.6655224609375,2628.0212668617824,0.15,38866.27607180163
loc_00802,Bel Jeraf,33.82606944444445,-4.846188888888888,Fés-Meknés,935.1889038085938,18.114088623343665,10.7425439453125,463.5970861352086,0.15,1194.3935067181644
loc_00803,Beni Mghora,33.69641111111111,-4.353727777777777,Fés-Meknés,1222.3917236328125,12.955719180054917,7.18845703125,982.0094636879002,0.35,46581.80113264966
loc_00804,El Karia,33.77083888888889,-4.319133333333333,Fés-Meknés,839.8147583007812,4.2695870415089745,2.202607421875,139.86372948882286,0.55,47892.83095632446
loc_00805,Foum Khneg,33.15085,-5.053672222222222,Fés-Meknés,1920.428466796875,3.3495228602506546,1.848623046875,265.50558578073947,0.15,35369.92760905332
loc_00806,Gara Tazouta,33.64585833333333,-4.650772222222223,Fés-Meknés,1378.5233154296875,35.688581740422656,25.444453125,1178.3651783223045,0.35,26102.42729754614
loc_00807,Ich n’Bouk,33.648944444444446,-4.417163888888889,Fés-Meknés,1118.2537841796875,7.710686636877195,4.7305859375,1896.8861951222505,0.15,42945.94409993247
loc_00808,Laazib,33.73292222222222,-4.382358333333333,Fés-Meknés,1066.5474853515625,4.689745373695243,2.4216015625,1454.2929420688984,0.2,42917.509468361146
loc_00809,Lebbouaddis,33.82904444444445,-4.649525,Fés-Meknés,553.9539794921875,19.736648507689633,12.181865234375,247.04307783992573,0.15,16985.26994444983
loc_00810,Miocene of Bizi,33.932319444444445,-3.987136111111111,Fés-Meknés,1491.491943359375,8.992015672188709,6.0221826171875,4742.980879720557,0.35,33185.28545947679
loc_00811,Oued Mdez,33.65264722222222,-4.565633333333333,Fés-Meknés,917.2529296875,2.1507767611145314,1.137197265625,259.74890142612566,0.15,31298.55676312453
loc_00812,Oued Zra,33.70815555555556,-4.641630555555556,Fés-Meknés,1046.878173828125,22.127880327937486,12.8252197265625,2901.7320532123917,0.35,21966.68632205318
loc_00813,Ribat al Khayr,33.81769444444445,-4.421363888888889,Fés-Meknés,1099.8790283203125,3.2380506734553944,1.916669921875,461.463769727716,0.2,38065.66940697924
loc_00814,Sidi Yahya,33.74138888888889,-4.326219444444444,Fés-Meknés,1077.5333251953125,8.1235464620095,4.5328173828125,2.869901584621676,0.2,47778.41469223637
loc_00815,Silt of Sefrou,33.85794722222222,-4.850958333333333,Fés-Meknés,803.017822265625,6.337987112025647,3.861259765625,23.041523725546924,0.15,4019.1802969887467
loc_00816,Skoura Travertines,33.58542222222223,-4.531686111111111,Fés-Meknés,875.5919799804688,4.945672344433525,2.14041748046875,1084.375678142718,0.1,30727.78391732533
loc_00817,Tannint ou Moudou,33.6672,-4.486122222222222,Fés-Meknés,837.5370483398438,7.827983738430436,4.99843505859375,2790.430953301923,0.15,36580.0048952536
loc_00818,Timahdite limestones,33.23932777777778,-5.05505,Fés-Meknés,1839.586181640625,9.282231396037053,4.3026123046875,116.02251259676812,0.1,26898.236975243686
loc_00819,Aïn ou N’Jourh,33.47506666666667,-4.453991666666667,Fés-Meknés,1438.8193359375,9.013015724814272,4.1921240234375,237.99177342279515,0.35,28412.367999831236
loc_00820,Aït Abdellah,33.41758333333333,-4.443222222222222,Fés-Meknés,1617.5784912109375,10.645495644690884,6.689306640625,25.890339000737328,0.1,27249.669100712163
loc_00821,Aït Bazza,33.409930555555555,-4.309961111111111,Fés-Meknés,1444.7086181640625,8.820654740311236,4.7220849609375,35.63268892431195,0.1,39295.265455284905
loc_00823,Botane,33.48017222222222,-4.465558333333333,Fés-Meknés,1592.0947265625,12.636834720979127,6.166708984375,299.641595271615,0.15,27709.865344441932
loc_00824,Botane Sud,33.47431666666667,-4.462652777777778,Fés-Meknés,1578.26513671875,19.21374198803211,10.417197265625,282.96710285479145,0.35,27653.897686026135
loc_00825,Bou Ifraoun,33.41518611111111,-4.376255555555555,Fés-Meknés,1450.66259765625,11.51574721556727,6.5224462890625,2928.1195716381567,0.15,33296.89735274885
loc_00826,Bou Ifraoun Ouest,33.415524999999995,-4.3809,Fés-Meknés,1420.2939453125,5.49259235496644,2.9363720703125,3331.5527079878207,0.15,32878.68825752474
loc_00827,Boulahfa,33.29682222222222,-4.703822222222223,Fés-Meknés,1948.89111328125,25.45577731977279,16.3686865234375,1332.2499921152103,0.15,7822.020589436082
loc_00828,Darak,33.423427777777775,-4.452688888888889,Fés-Meknés,1704.907958984375,6.63328598727975,2.944931640625,734.2009344845422,0.1,26546.890401934175
loc_00829,Djmila,33.51165833333334,-4.435205555555556,Fés-Meknés,1353.6209716796875,15.978103614405448,8.5904443359375,1941.3338591712334,0.15,31881.28114419837
loc_00831,Jbel Oudiksou,33.249405555555555,-4.829572222222222,Fés-Meknés,2106.531005859375,4.4909260026981075,2.56935546875,91.99447791511678,0.2,15752.60354179868
loc_00832,Ksar Aït Moulay (Tisfoula Tasra),33.44374444444444,-4.391513888888889,Fés-Meknés,1263.5926513671875,8.313119114607954,5.2873583984375,3954.8718095718086,0.1,32616.01741913262
loc_00833,Oued Boukamouche,33.446866666666665,-4.422569444444445,Fés-Meknés,1397.8507080078125,10.76189316527296,6.554970703125,2340.3851230753858,0.35,29957.454123005533
loc_00834,Oued Mers,33.445027777777774,-4.315963888888889,Fés-Meknés,1402.7025146484375,7.941758038100051,4.5085400390625,1291.4423413102238,0.15,39442.086246416795
loc_00835,Oued Tamemchet,33.42992777777778,-4.3973,Fés-Meknés,1433.694091796875,2.8331724469516524,1.4449951171875,4430.562997263129,0.15,31710.86653549713
loc_00836,Oued Tamghilt,33.44323055555555,-4.317419444444444,Fés-Meknés,1393.6973876953125,5.969293713648748,3.3247509765625,1229.5862584314975,0.15,39265.524765162765
loc_00837,Oulad Ali,33.46462777777778,-3.971455555555556,Fés-Meknés,1450.4691162109375,19.987077767442912,12.2302587890625,112.78200557019234,0.15,71252.8436394736
loc_00838,Selghert,33.147,-4.980333333333333,Fés-Meknés,1988.9359130859375,2.3881677627396796,1.37921875,11.465825537176714,0.15,33538.00741607864
loc_00839,Taghit,33.45751944444445,-4.459761111111112,Fés-Meknés,1525.3016357421875,11.54586577627835,6.15259765625,242.45331529551953,0.15,27125.815071792615
loc_00840,Taghit Aït Youssef,33.456136111111114,-4.453475,Fés-Meknés,1556.216796875,18.085143796986838,10.4404150390625,314.37591553376217,0.15,27608.02903451425
loc_00841,Taghit Tissenflet,33.45088333333334,-4.423069444444445,Fés-Meknés,1532.8671875,18.765491744204017,13.5944482421875,2378.7408538917134,0.35,30053.603317265584
loc_00844,Tamgert Iktaaïn (Tizi N’Julierh),33.467105555555555,-4.449630555555556,Fés-Meknés,1532.3729248046875,17.864086186600172,10.2842041015625,14.72297929033144,0.1,28408.998839061765
loc_00845,Tamgert N’Tarit,33.46763888888889,-4.434291666666667,Fés-Meknés,1446.863037109375,18.109143058325902,11.1097998046875,1398.1728939537322,0.35,29739.55753911342
loc_00846,Tamgert N’Tarit Nord,33.467083333333335,-4.4334444444444445,Fés-Meknés,1493.877197265625,22.73002696321956,13.5766796875,1473.741973617329,0.35,29788.247104367038
loc_00847,Tamguert N’rate,33.45396388888889,-4.312311111111111,Fés-Meknés,1521.54736328125,15.500974637403814,8.852060546875,1489.6763251444747,0.35,40007.66311909586
loc_00848,Tasra,33.45984166666667,-4.393072222222223,Fés-Meknés,1237.307373046875,12.906288917612553,7.454921875,4222.481311304972,0.15,33008.999919759575
loc_00849,Tasra Est,33.459563888888894,-4.386308333333334,Fés-Meknés,1271.4453125,8.101880182648932,4.4171923828125,3595.793747661069,0.15,33593.90184723155
loc_00850,Tichniouine,33.42688888888889,-4.419608333333334,Fés-Meknés,1443.678955078125,8.261688254904916,4.879580078125,2329.9679566739483,0.15,29618.86318972793
loc_00851,Tichou Moulay Said,33.44114166666667,-4.395372222222223,Fés-Meknés,1300.6700439453125,21.181365092113108,13.3184716796875,4309.261984877849,0.15,32193.49394729596
loc_00852,Tirardine,33.43595277777777,-4.359125,Fés-Meknés,1454.6881103515625,31.98113392539149,20.5323974609375,1007.7264294580359,0.15,35312.80789781569
loc_00855,Aari Aguelmam,33.16810555555556,-5.141450000000001,Fés-Meknés,1882.772705078125,0.6190867634514986,0.3740625,1538.9444502178128,0.15,30628.324019371234
loc_00856,Aghbalou Abrechane,33.13965,-5.056938888888888,Fés-Meknés,1926.009765625,4.646462484058714,2.7148193359375,535.614574765787,0.15,36351.388624404
loc_00857,Aghbalou n’Brahim,33.1894,-5.085630555555555,Fés-Meknés,1877.029052734375,7.088114233265802,4.0783642578125,2145.419178145531,0.15,30208.525046142386
loc_00858,Aghbalou n’Talouat,33.14028611111111,-5.051758333333333,Fés-Meknés,1922.9063720703125,2.979264580812238,1.9443212890625,146.8044326325964,0.15,36499.49366076975
loc_00859,Aghbalou Ou Mançour,33.22733055555556,-5.093702777777778,Fés-Meknés,1831.989013671875,0.48138395558248614,0.2562744140625,1115.8017022614247,0.2,26106.95211192711
loc_00860,Aghbalou Taddat,33.26463888888889,-5.365325,Fés-Meknés,1423.07470703125,8.434493247982173,3.3877490234375,190.71061388054417,0.05,22836.823118314933
loc_00861,Aghbalou Tagma,33.23162777777778,-4.971713888888889,Fés-Meknés,2128.01318359375,5.229612871259418,2.917138671875,4587.817796751212,0.15,26878.077754901333
loc_00862,Aguelmam Abekhane,33.189636111111106,-5.141980555555556,Fés-Meknés,1873.897216796875,0.7379935309664135,0.216455078125,922.6265782154788,0.9,28308.27493169315
loc_00863,Aguelmam Afiroua,33.22733055555556,-5.093702777777778,Fés-Meknés,1831.989013671875,0.48138395558248614,0.2562744140625,1115.8017022614247,0.2,26106.95211192711
loc_00864,Aguelmam Aghbalou Oumlil,33.243291666666664,-4.651375000000001,Fés-Meknés,1747.0,0.0,0.0,1788.3931774840657,0.9,15243.377681324175
loc_00865,Aguelmam Ait Said,33.372619444444446,-4.847152777777778,Fés-Meknés,1486.612548828125,1.20664897843766,0.4823095703125,155.18975175109404,0.2,10962.829098410579
loc_00866,Aguelmam Azegza,33.02415833333333,-5.091247222222222,Fés-Meknés,2054.622314453125,0.9331782805120197,0.490009765625,914.9643947105602,0.15,47300.725876826364
loc_00867,Aguelmam Azougouarh,33.761294444444445,-5.296888888888889,Fés-Meknés,842.3836669921875,3.0832008911017548,1.895732421875,1372.6024023941552,0.35,26546.73954778206
loc_00868,Aguelmam Bou Youssef,33.26079444444444,-5.156238888888889,Fés-Meknés,1894.09326171875,0.7088119903403326,0.21138671875,3227.667130271875,0.9,20359.342542679173
loc_00869,Aguelmam Boucherouidene,33.49388611111111,-5.120933333333333,Fés-Meknés,1661.58251953125,0.2285574787073886,0.1417724609375,223.12533326022805,0.15,3953.504813237839
loc_00870,Aguelmam Ifrighraoune,33.28836111111111,-5.179252777777778,Fés-Meknés,1876.0633544921875,1.1670360608093906,0.4033984375,381.07706299057554,0.9,16802.14315829399
loc_00871,Aguelmam Nad′Adim,33.178802777777776,-5.080147222222222,Fés-Meknés,1879.9952392578125,0.2720646578569345,0.224296875,1186.5382024636401,0.15,31491.681762338416
loc_00872,Aguelmam n’Tghallouine,33.38611944444445,-5.095947222222222,Fés-Meknés,1856.5,0.0,0.0,2981.098825902195,0.9,13253.367996610292
loc_00873,Aguelmam Ntifounassine,33.154177777777775,-5.093830555555555,Fés-Meknés,1914.0,0.0,0.0,1719.5074202722308,0.9,33493.17767436981
loc_00874,Aguelmam Ticharat,33.003816666666665,-5.131633333333333,Fés-Meknés,2064.686279296875,0.4941372262074618,0.4513671875,1998.2858193664404,0.9,48664.98328668119
loc_00875,Aguelmam Tidouit,33.24382777777778,-5.096116666666666,Fés-Meknés,1830.828125,7.952378113128968,4.38919921875,2244.3207387260168,0.15,24393.228151725198
loc_00876,Ain Aberchaou,33.89761111111111,-4.014505555555556,Fés-Meknés,1350.6253662109375,27.15573529017764,15.137333984375,1328.3240288705815,0.15,36979.41611298929
loc_00877,Ain Ait Meziane,33.66658611111111,-5.006430555555555,Fés-Meknés,1448.265380859375,2.0545860628381147,1.0283642578125,39.543172680148615,0.15,18063.642286276343
loc_00878,Ain Ajaabou,33.272283333333334,-5.341147222222222,Fés-Meknés,1611.195068359375,25.812728696418045,17.281806640625,29.19486127197293,0.55,20912.875551894707
loc_00879,Ain Akadous,33.308566666666664,-5.312166666666666,Fés-Meknés,1447.85986328125,17.38182342139821,10.631708984375,819.2811505066599,0.15,16071.444907950476
loc_00880,Ain Amernoud,33.68457222222222,-4.644205555555555,Fés-Meknés,1022.8644409179688,15.266969851909579,9.3277099609375,1150.2223585355255,0.15,23434.993517609128
loc_00881,Ain Atshernat,33.860025,-4.071272222222222,Fés-Meknés,1034.69970703125,29.2137289302076,16.704677734375,2561.543478235742,0.55,41540.65146899959
loc_00882,Ain Ben Smime,33.490525,-5.158630555555556,Fés-Meknés,1566.011474609375,24.22523436789848,17.235498046875,338.7357503381205,0.55,6289.1614710461035
loc_00883,Ain Dem,33.65043333333333,-4.67608888888889,Fés-Meknés,1263.00390625,5.273915079761199,2.698837890625,433.840354817081,0.15,24243.90370033663
loc_00884,Ain El Aouda,34.09748888888889,-4.037113888888888,Fés-Meknés,1479.3004150390625,12.212783019505098,6.363828125,9.376101949575485,0.15,14959.652940985436
loc_00885,Aïn Erreha,34.004419444444444,-4.204813888888889,Fés-Meknés,1038.2938232421875,14.016230817949358,8.7133154296875,3578.1412439363526,0.55,30843.60452780693
loc_00886,Ain Guenaz,33.823994444444445,-4.127375,Fés-Meknés,1953.8212890625,22.83270370535205,14.5191796875,5684.793941946279,0.15,46438.01620233111
loc_00887,Ain Ighlfoun,33.86443333333334,-4.025452777777778,Fés-Meknés,1383.08154296875,17.88847074538774,11.612548828125,453.94352820110817,0.15,40690.9738789425
loc_00888,Ain Ighoul,33.676491666666664,-4.528038888888889,Fés-Meknés,816.5462646484375,15.194014906209244,9.94575439453125,569.1316533152005,0.15,32695.976312321
loc_00889,Ain Ighouzaz,33.91289722222222,-4.002994444444444,Fés-Meknés,1303.5699462890625,22.674506513989932,13.1242626953125,2463.8678758116175,0.35,35283.53252876637
loc_00890,Ain Jerjoub,34.03028333333333,-4.109444444444444,Fés-Meknés,1321.5152587890625,6.447630459430928,3.547978515625,2419.2507337904344,0.2,24032.133458842807
loc_00891,Ain Jerrah,33.743072222222224,-5.032669444444444,Fés-Meknés,1168.1060791015625,2.4372472354428827,1.1702001953125,375.16240563675206,0.55,20546.496015828565
loc_00892,Ain Jorf,33.61043333333333,-4.880102777777778,Fés-Meknés,1436.52001953125,13.404302824791861,6.677275390625,1261.3972876298728,0.15,22985.660897089896
loc_00893,Ain Kahla,33.237175,-5.216227777777778,Fés-Meknés,2003.6456298828125,2.9203892050072304,1.4253125,101.2444084762555,0.15,21929.360286205094
loc_00894,Ain Kahla 2,33.24341666666667,-4.96685,Fés-Meknés,2000.4632568359375,23.145961656951428,13.8668701171875,3204.6883983916737,0.15,25795.58024128595
loc_00895,Aïn Khadem,33.68907222222222,-5.3714,Fés-Meknés,995.159912109375,9.061781156911497,3.93219482421875,91.80277646390992,0.05,27613.934242429434
loc_00896,Ain Maarouf,33.67733055555556,-5.492633333333333,Fés-Meknés,766.250732421875,4.303027077028835,2.698330078125,1800.3318426298717,0.15,24853.13785711562
loc_00897,Ain Melzit,33.81008611111111,-4.070302777777777,Fés-Meknés,1831.10302734375,22.02449986871763,11.1713037109375,203.6446357438821,0.55,47037.869485905125
loc_00898,Ain Mezdou,33.761786111111114,-4.820505555555555,Fés-Meknés,1226.644287109375,7.58503691949322,3.898359375,721.6685722227885,0.2,7117.173966208995
loc_00899,Ain Mghirta,33.68124722222222,-4.529213888888889,Fés-Meknés,867.7547607421875,31.565671378413093,20.118291015625,459.56996046549665,0.1,32337.123630282906
loc_00900,Aïn n’Tislit,33.94585555555555,-4.224586111111111,Fés-Meknés,1328.6185302734375,21.31443963456659,12.0595703125,2367.159717268817,0.35,37275.713313396285
loc_00901,Ain Ouamender,33.746858333333336,-4.543055555555555,Fés-Meknés,691.259521484375,5.818170574465262,3.0809521484375,296.56979540367666,0.1,28195.252247985976
loc_00902,Ain Regrag,33.77913611111111,-4.732255555555556,Fés-Meknés,1033.8487548828125,10.356291617889394,6.157744140625,1116.0699026484301,0.15,10635.95105627352
loc_00903,Ain Sidi Rached,33.458308333333335,-5.150641666666667,Fés-Meknés,1537.9097900390625,2.0059952187774663,1.2268798828125,844.7729979780167,0.15,7540.147657757486
loc_00904,Ain Skhounate,33.44908333333333,-4.339016666666667,Fés-Meknés,1332.6370849609375,26.892117154989393,16.5333349609375,379.8108989101814,0.1,37473.03103802686
loc_00905,Ain Sultane,33.717844444444445,-5.003052777777778,Fés-Meknés,1368.613525390625,11.786602910380294,6.942041015625,757.5201325008755,0.55,19692.42252110334
loc_00906,Ain Takeltount,33.61148055555556,-4.884241666666666,Fés-Meknés,1430.610107421875,9.30649247771128,5.1697998046875,1649.7321652250762,0.15,22682.360899625484
loc_00907,Ain Takhouwat,33.69269166666666,-4.5870138888888885,Fés-Meknés,1036.2188720703125,3.7291951665779433,1.8865966796875,2196.167951124637,0.15,27104.36859265241
loc_00908,Ain Talghoulat,33.37153888888889,-5.101211111111111,Fés-Meknés,1849.7340087890625,17.97501577409354,11.2983154296875,3272.7599610749335,0.55,13565.655684151734
loc_00909,Ain Tamzirt,33.4929,-4.296519444444444,Fés-Meknés,1435.435791015625,20.132683810290903,12.041044921875,2164.861783026299,0.15,42674.83945742002
loc_00910,Ain Tassiwine,33.815866666666665,-4.068025,Fés-Meknés,1782.909423828125,23.993475648157844,15.8675830078125,409.00498821265535,0.55,46374.99615079678
loc_00911,Ain Tataw,33.46128055555556,-4.295644444444444,Fés-Meknés,1612.33154296875,15.893635378884039,8.354658203125,16.50131767623095,0.35,41709.48087064494
loc_00912,Ain Tidouit,33.23746388888889,-5.097741666666666,Fés-Meknés,1810.0716552734375,1.8862297227560774,1.2808740234375,2021.1926075820375,0.15,24937.179060860235
loc_00913,Ain Tifratine,33.198430555555554,-5.196027777777778,Fés-Meknés,1951.2884521484375,5.493951957575043,3.276484375,23.423652437668892,0.2,26369.828016783405
loc_00914,Ain Timedrine,33.74890277777778,-4.550766666666666,Fés-Meknés,698.1841430664062,22.426917565699075,15.020029296875,430.893408425591,0.15,27446.94769180185
loc_00915,Ain Vital,33.546438888888886,-5.112022222222222,Fés-Meknés,1577.88818359375,10.565970667451747,6.0971533203125,184.39995089792245,0.55,2137.4538996536457
loc_00916,Ain Zerrouka,33.543908333333334,-5.094422222222222,Fés-Meknés,1604.913818359375,2.6712713542060453,1.4123388671875,32.6504117241335,0.15,2176.0184306999445
loc_00917,Aioun Imettassene,33.4994,-5.078819444444444,Fés-Meknés,1681.4608154296875,1.9299642178229344,1.2053662109375,316.3226655183783,0.15,4106.196618654291
loc_00918,Aioun Ras El Ma,33.46529166666667,-5.148561111111111,Fés-Meknés,1579.0784912109375,12.980513854850424,8.7850244140625,196.3653015933989,0.15,7910.2542673828975
loc_00919,Ait Athia,33.376755555555555,-4.430833333333334,Fés-Meknés,1515.168701171875,6.024399955819084,4.2253857421875,877.8389306939829,0.35,27779.318014991662
loc_00920,Amane Imellaline (Ain Joua),33.65430277777778,-4.143988888888889,Fés-Meknés,2103.905029296875,25.16125234552079,15.169580078125,131.5964458493664,0.15,63175.08203071922
loc_00921,Anzar Oufounas,33.16446944444444,-5.14523888888889,Fés-Meknés,1884.2353515625,0.7006032716837377,0.5419287109375,1689.7673787963552,0.15,30931.167842683484
loc_00922,Cascade d’Aït smail,33.882127777777775,-4.049886111111111,Fés-Meknés,915.655517578125,18.428530698713367,11.91900634765625,740.7179538183751,0.15,38872.00945847476
loc_00923,Cascade des vierges,33.531444444444446,-5.109008333333333,Fés-Meknés,1633.7755126953125,6.9322807255617445,5.565673828125,69.42840797821995,0.55,451.9632140564705
loc_00924,Cascade d’Imouzar Marmoucha,33.46691111111112,-4.2956,Fés-Meknés,1584.6051025390625,31.0019577902336,21.873671875,72.95036874317303,0.35,41879.26904864752
loc_00925,Cascade d’Imouzer Kandar,33.71819444444445,-5.014344444444444,Fés-Meknés,1341.223876953125,13.648736859901298,11.28337890625,286.0908054057132,0.15,20510.989192464494
loc_00926,Cascade Hawai,33.20070833333334,-5.389233333333333,Fés-Meknés,1449.083740234375,33.64137276715848,25.062265625,3064.5275710861483,0.55,30040.7253120135
loc_00927,Cascade Ras El Ma,34.144869444444446,-4.010294444444445,Fés-Meknés,1016.1276245117188,11.346523631629506,6.87031982421875,43.43631577125084,0.55,9483.3372723992
loc_00928,Cascade Sefrou,33.82824444444445,-4.849566666666666,Fés-Meknés,863.8521728515625,20.77578159197107,13.58868408203125,694.2984449689188,0.55,1544.7554324999348
loc_00929,Cascade Sidi Bou Shaq,33.050308333333334,-5.271638888888889,Fés-Meknés,1632.188720703125,24.33737149921805,16.773720703125,1537.2711096948126,0.15,42891.81007024685
loc_00930,Cascade Skoura,33.516016666666665,-4.537730555555555,Fés-Meknés,1285.1295166015625,26.341063171038982,20.7317138671875,239.64661128500663,0.15,24563.536600407722
loc_00931,Cascade Tagoute,33.48372222222223,-4.610399999999999,Fés-Meknés,1095.013427734375,27.89063599505686,17.0666357421875,400.3821109034024,0.15,17324.9328702465
loc_00932,Dayet Aoua,33.654777777777774,-5.041138888888889,Fés-Meknés,1463.0,0.0,0.0,215.88109522735346,0.15,15415.73919014913
loc_00933,Dayet El Jerane,33.56388055555555,-4.997213888888889,Fés-Meknés,1689.8575439453125,0.3794773115222453,0.15552734375,2065.1036622738875,0.2,10979.975412974047
loc_00934,Dayet Hachlaf,33.55094722222222,-4.999636111111111,Fés-Meknés,1665.53173828125,0.3598545793873954,0.3335205078125,1007.3443325907795,0.15,10320.21034211201
loc_00935,Dayet Iffer,33.60673611111111,-4.907886111111112,Fés-Meknés,1511.0,0.4025503187738859,0.0793310546875,1084.1141168482407,0.9,20473.317112136316
loc_00937,Dayet Lakbira,33.458850000000005,-4.864397222222222,Fés-Meknés,1551.2822265625,0.3116995149197807,0.0883154296875,328.1830640594523,0.2,16380.357684044551
loc_00938,Dayet Maasker,33.64201388888889,-5.098416666666666,Fés-Meknés,1369.0,0.20348931356354286,0.0665673828125,2392.3096416669828,0.15,12748.923752671082
loc_00939,Dayet Moucherkour,33.50289166666666,-5.106875,Fés-Meknés,1669.6796875,0.5684519072354234,0.15271484375,418.59218297340357,0.2,2748.4415122342125
loc_00940,Dayet Tichout,33.50989444444444,-5.137066666666667,Fés-Meknés,1632.60009765625,0.9145407718663656,1.0942578125,791.374183435475,0.1,3381.9854039651336
loc_00942,Ifri Ou Berid,33.252988888888886,-5.258861111111111,Fés-Meknés,1855.7113037109375,5.216490846243389,3.199951171875,1518.9631021552018,0.15,20371.383888027634
loc_00943,Lac Afnourir,33.280388888888886,-5.253027777777778,Fés-Meknés,1802.5,0.0,0.0,1907.9356424219243,0.9,17278.24585921126
loc_00944,Lac Afourgagh,33.61366388888889,-4.878188888888889,Fés-Meknés,1406.5,0.0,0.0,1100.718414530156,0.9,23293.128317129107
loc_00945,Lac Agoulmame,33.66503888888889,-4.85215,Fés-Meknés,1385.0181884765625,9.11689611668388,4.502451171875,364.71101972171067,0.2,17860.43760590846
loc_00946,Lac Tighboula-Laachoure,33.17588333333333,-5.098941666666667,Fés-Meknés,1900.52294921875,2.3922053113974036,0.8840185546875,306.5782639011256,0.35,31077.05315885651
loc_00947,Ouoouchène,33.40856111111111,-4.911777777777778,Fés-Meknés,1653.5032958984375,0.4866168457335291,0.143330078125,3496.412580140214,0.9,17633.854808805754
loc_00948,Rabiaa-Bitit,33.55803611111111,-5.2322500000000005,Fés-Meknés,1458.716552734375,11.945044210112256,9.5617919921875,1561.0319550073518,0.55,12054.762235696247
loc_00949,Ras Adrar Izem,33.19446666666666,-5.161566666666667,Fés-Meknés,1865.7132568359375,0.9253004027176235,0.370498046875,841.8457386454497,0.9,27333.51176565851
loc_00950,Ras El Ain,33.47276666666667,-4.278886111111111,Fés-Meknés,1642.75341796875,14.444286284647701,9.8847412109375,585.7818652264184,0.15,43548.65576904665
loc_00951,Ras El Ma,34.144869444444446,-4.010294444444445,Fés-Meknés,1016.1276245117188,11.346523631629506,6.87031982421875,43.43631577125084,0.55,9483.3372723992
loc_00952,Résurgence d’Ademame,34.031533333333336,-4.154888888888889,Fés-Meknés,1260.0552978515625,9.809742766863122,4.8117626953125,146.41469508728142,0.2,25794.781217579744
loc_00953,Sabhab,33.89850555555555,-4.045475,Fés-Meknés,1164.0975341796875,11.29961653620858,6.1668701171875,20.375713825096696,0.55,37021.387847391044
loc_00954,Sidi Yahia,33.740775,-4.192327777777778,Fés-Meknés,1854.047119140625,15.107215200815704,7.4221435546875,5662.054002783906,0.55,56951.18366060366
loc_00955,Tabhirte,33.96127222222223,-4.247208333333333,Fés-Meknés,1174.149658203125,22.297490072235206,12.2278466796875,4979.751078635928,0.35,37021.35934827184
loc_00956,Tibakhbakhine,34.102355555555555,-4.004022222222222,Fés-Meknés,1514.3917236328125,28.364022563876855,16.617001953125,2922.1371642223357,0.55,14221.661731455373
loc_00957,Tiguelmamine (El Hajeb),33.74834166666667,-5.234116666666667,Fés-Meknés,961.3593139648438,3.3201235955490485,1.73209228515625,1404.382234842958,0.15,27203.736377343987
loc_00958,Tit-Zill,33.33423333333334,-4.885155555555556,Fés-Meknés,1518.2701416015625,4.0772640994598754,2.528955078125,1073.6771317753876,0.2,14820.295357369332
loc_00959,Zaouiat Ifrane,33.193913888888886,-5.419166666666667,Fés-Meknés,1314.4158935546875,39.11700309865727,36.209912109375,408.8777707954455,0.15,32156.956499613625
loc_00960,Assaka,33.47374722222222,-4.638691666666666,Fés-Meknés,1216.483154296875,22.53863510092343,14.6402294921875,259.13843592005327,0.15,14853.432339276533
loc_00961,Bizi,33.96036666666667,-3.96215,Fés-Meknés,1228.287353515625,33.41302392640976,22.4455712890625,3677.027163888008,0.55,30322.329196579132
loc_00962,El Aouinate,33.598683333333334,-4.774555555555556,Fés-Meknés,1474.72607421875,14.217622137475733,9.4738232421875,2310.19525554112,0.15,25734.811018677305
loc_00963,El Herahir,33.64166111111111,-4.991175,Fés-Meknés,1495.085205078125,9.366993086709902,5.9157763671875,632.6047403584067,0.15,16636.51231576561
loc_00964,Fellat,33.05074722222222,-5.280627777777778,Fés-Meknés,1587.829833984375,30.750561221683967,23.8043701171875,1553.0013653473109,0.15,42933.028128818674
loc_00965,Gorge d’Issouka,33.44948333333333,-4.338158333333333,Fés-Meknés,1342.886962890625,25.958094305194656,15.8967333984375,465.35646190835286,0.15,37561.29341413098
loc_00966,Gorges d’El Mahssere,33.54183055555556,-4.4101944444444445,Fés-Meknés,1002.31298828125,26.846306199301566,12.50006103515625,2755.204266892191,0.15,35635.07080784893
loc_00967,Hayane,33.72211388888889,-4.227055555555555,Fés-Meknés,1238.8206787109375,23.456333556701818,9.426806640625,2103.686548442693,0.15,57191.92377216231
loc_00968,Issoumat,33.463369444444446,-4.682261111111111,Fés-Meknés,1339.7427978515625,14.911833106884378,9.1682080078125,789.1081885549904,0.15,11911.184731594929
loc_00969,Jbel Lbghel,33.48104444444444,-4.7156,Fés-Meknés,1419.6044921875,15.924892766489243,9.3374462890625,402.9691486939232,0.35,13101.807652367881
loc_00970,Jider,33.72848611111111,-4.238280555555556,Fés-Meknés,1140.9842529296875,35.094060239075134,18.7445947265625,1208.9592736273974,0.35,56033.8447084437
loc_00971,Oudiksou,33.25000555555555,-4.836361111111111,Fés-Meknés,2237.478271484375,21.10834476711648,12.827529296875,683.595515160411,0.15,16080.2559631505
loc_00972,Qalaa,33.94078888888889,-3.992705555555556,Fés-Meknés,902.8536987304688,38.715369208152346,25.85675537109375,3705.204106072569,0.55,32215.912009581672
loc_00973,Taffert,33.73351666666667,-4.2394388888888885,Fés-Meknés,1157.4622802734375,43.565830595777086,38.39783203125,1415.5717477477376,0.15,55822.66091847706
loc_00975,Tazemmakt,33.16766944444444,-5.177058333333334,Fés-Meknés,1728.0906982421875,22.746770514157586,10.9420947265625,2808.1256425067513,0.15,29992.35689915712
loc_00976,Teminte,33.762230555555554,-5.143988888888889,Fés-Meknés,1070.7708740234375,14.866713935151324,8.524951171875,2960.7068656097067,0.15,26308.010167082884
loc_00977,Tiguelmamine,33.771563888888885,-5.196016666666667,Fés-Meknés,884.7761840820312,0.29139122349716357,0.091396484375,1370.1809196254437,0.2,28339.808859089324
loc_00978,Tijma,33.48793888888889,-4.806505555555556,Fés-Meknés,1568.5889892578125,10.415086626039322,6.095283203125,4062.074867846755,0.15,15541.032212991084
loc_00979,Tmourhout,33.90555277777778,-4.027030555555555,Fés-Meknés,876.13525390625,7.736933598318186,3.75603759765625,200.83932164968368,0.35,36127.778356295596
loc_00981,Agouni Izguère,33.43886388888888,-4.905830555555556,Fés-Meknés,1675.3389892578125,2.209971356692955,1.1411279296875,898.2371130761987,0.2,18367.92678480277
loc_00982,Agrane,34.01224722222222,-4.145655555555556,Fés-Meknés,1180.4215087890625,1.8922593704836628,0.8519970703125,729.5267480539356,0.2,27254.409130178017
loc_00983,Ain El Aouda,34.09768888888889,-4.029902777777778,Fés-Meknés,1610.9056396484375,21.38788783099159,12.415576171875,604.7621041415312,0.55,14841.772320041615
loc_00984,Ain Kahla,33.23573611111111,-5.228925,Fés-Meknés,2028.8079833984375,15.570014901606303,6.6051904296875,573.9566005156105,0.55,22069.234559160777
loc_00985,Ait Ahmed,33.865744444444445,-4.208452777777778,Fés-Meknés,1053.0133056640625,9.166950355398692,5.7295947265625,357.461359322429,0.15,44450.76695106355
loc_00986,Aoumchach I,34.03093055555556,-4.130636111111111,Fés-Meknés,1381.3533935546875,7.3790410406205,2.7749462890625,1597.8680471674,0.15,24775.46012316852
loc_00987,Aoumchach II,34.025397222222225,-4.120247222222222,Fés-Meknés,1514.320068359375,32.232887529024325,19.745771484375,2517.1988575957666,0.55,24923.21078483537
loc_00988,Aven Koul,33.79396666666666,-4.4853,Fés-Meknés,1003.7688598632812,3.9284898729580537,2.1542041015625,1530.7606049471096,0.15,32338.822990483706
loc_00989,Bab Bou Idir,34.08209444444445,-4.117308333333333,Fés-Meknés,1459.40380859375,22.235070407456657,13.218212890625,45.39651317361267,0.15,19192.60092937609
loc_00990,Bab Tafertest,34.11956111111111,-4.018397222222222,Fés-Meknés,1402.07861328125,2.2211880567958397,1.00060546875,1560.1247888539233,0.2,12321.122623926292
loc_00991,Bir Yala,33.74919444444445,-4.14486388888889,Fés-Meknés,1984.73974609375,16.11503442207176,8.4938427734375,6307.602076356907,0.15,54904.57102897528
loc_00992,Bled Nertène,33.28416111111111,-5.319883333333333,Fés-Meknés,1788.978271484375,8.838774876128596,5.651513671875,1629.8400879797966,0.55,18798.930229382095
loc_00993,Bou Hyati,34.07950277777778,-4.118461111111111,Fés-Meknés,1432.633056640625,14.59902819348385,8.7816943359375,113.47081520406047,0.15,19494.484364030228
loc_00994,Bou Imourdassane,33.73885555555556,-4.822591666666667,Fés-Meknés,1422.3673095703125,9.383497064511044,5.5423486328125,847.8290312555272,0.15,9618.8765139255
loc_00995,Bou Lebrrouj,33.693686111111106,-5.193330555555556,Fés-Meknés,1271.0350341796875,4.411505932897169,2.381279296875,2132.1038597875636,0.2,20108.59883082052
loc_00996,Bou Mennjel,33.72825555555556,-5.148302777777778,Fés-Meknés,1144.179931640625,4.088601954130535,1.550087890625,2336.200385608937,0.35,22630.317495971132
loc_00997,Bouslama,34.09011944444445,-4.113386111111111,Fés-Meknés,1575.9739990234375,28.063779622516908,18.2376708984375,574.6900335583188,0.35,18242.025514378063
loc_00998,Chaâra,33.97953055555556,-4.226177777777778,Fés-Meknés,1237.1920166015625,13.901647375606872,8.9362353515625,4020.330414690216,0.55,34240.44455122417
loc_00999,El Khars,34.05381388888889,-4.128841666666666,Fés-Meknés,1621.896484375,6.902799171907204,3.4308349609375,1093.7648087051525,0.2,22447.548482742113
loc_01000,El Malekef,33.741255555555554,-4.140458333333334,Fés-Meknés,2180.199462890625,19.040927531278744,12.12380859375,5382.707414022185,0.15,55675.829309277986
loc_01001,El Oulja,34.035275,-4.197847222222222,Fés-Meknés,1140.9078369140625,17.28157269118545,9.652548828125,961.3760041737991,0.55,27715.90533890186
loc_01002,El Qalaâ,33.93088611111111,-3.9908833333333336,Fés-Meknés,1458.0013427734375,25.607962984535284,15.047177734375,4369.351595958757,0.15,33324.23054924128
loc_01003,El-Malekef,33.75816944444444,-4.120233333333333,Fés-Meknés,2177.83837890625,26.614497342060332,17.628916015625,4555.24162675195,0.15,53455.43130208592
loc_01004,Feldi,33.18620277777777,-4.955027777777778,Fés-Meknés,2132.702880859375,1.3411872235829663,0.645478515625,4934.746563885342,0.2,28796.552960552377
loc_01005,Ghar Bied,34.096113888888894,-4.0228166666666665,Fés-Meknés,1660.0491943359375,28.507487002187858,19.828232421875,1212.3733615937776,0.55,14950.516033215521
loc_01006,Gouffre aux pigeons,33.73023611111111,-4.999361111111111,Fés-Meknés,1505.0062255859375,17.381708593751323,10.4063134765625,432.6347267425035,0.35,18608.124708787665
loc_01007,Gouffre Friouato,34.104708333333335,-4.072527777777777,Fés-Meknés,1468.5908203125,15.202367222427112,10.418388671875,370.7187051508353,0.35,15085.069144559433
loc_01008,Grotte Chaâra,33.95571666666667,-4.246575,Fés-Meknés,1237.3763427734375,32.13046432603063,25.3578662109375,4655.353241899401,0.55,37488.5326970484
loc_01010,Grotte El Kalaa,33.93854722222222,-4.005055555555556,Fés-Meknés,1034.7230224609375,37.259780315393314,22.86554443359375,3265.5592394347373,0.15,32428.638426082875
loc_01011,Ich Maakel I,34.00116111111111,-4.064649999999999,Fés-Meknés,1502.10009765625,12.117219802375121,6.83029296875,1018.3197510476814,0.55,25953.36555774308
loc_01012,Ich Maakel II,34.00245833333334,-4.065419444444444,Fés-Meknés,1510.0625,12.363311347598977,5.78541015625,1116.2331208954652,0.55,25825.72760597949
loc_01013,Ich Maakel III,34.00396111111111,-4.072811111111111,Fés-Meknés,1391.8067626953125,23.56791924932291,13.27841796875,816.6938161534465,0.55,25805.56453119204
loc_01014,Ifrah,33.55974444444444,-4.930127777777778,Fés-Meknés,1619.0,0.0,0.0,1019.2377790607845,0.9,16813.98906996608
loc_01015,Ifri Ahnachen,34.016525,-4.155694444444444,Fés-Meknés,1269.5458984375,20.078678471269438,10.90671875,243.1227454087801,0.55,27274.2519866671
loc_01016,Ifri Azeroual,33.84382777777778,-4.382872222222222,Fés-Meknés,1148.239501953125,4.908332258129427,3.9486962890625,2646.352996470855,0.15,41659.87627054882
loc_01017,Ifri Broud,33.69503611111111,-4.211777777777778,Fés-Meknés,1381.2628173828125,33.96581103930653,21.6023876953125,2884.5914110974986,0.35,59246.15336850397
loc_01018,Ifri Ichac,33.43965277777777,-4.333786111111111,Fés-Meknés,1801.2130126953125,23.12097283876031,14.6445654296875,1289.8371257024069,0.15,37696.469947565034
loc_01019,Ifri Jider,33.701680555555555,-4.101058333333333,Fés-Meknés,2024.326904296875,3.978068359026814,2.4894482421875,247.44868896248497,0.1,59359.30049141866
loc_01020,Ifri Ljahac,33.62057222222222,-4.2511,Fés-Meknés,1768.36474609375,17.07574620569819,7.0233837890625,3102.492993645127,0.35,52762.87813027457
loc_01021,Ifri n′Oudey (gouffre du juif),33.84540833333334,-4.400225000000001,Fés-Meknés,1156.668212890625,9.383185228831438,4.9802392578125,2056.4175949930786,0.15,40068.48425960973
loc_01022,Ifri n′Tioutchilt,33.470038888888894,-4.218186111111112,Fés-Meknés,1940.0447998046875,18.822950688395782,11.276494140625,3448.9754491073163,0.15,48911.4859732694
loc_01023,Ifri Ouska,33.301741666666665,-5.18895,Fés-Meknés,1858.9970703125,6.137253475592374,2.87515625,1063.0092294104666,0.15,15137.999564167692
loc_01024,Ighrenba,33.19639166666666,-4.934025,Fés-Meknés,2106.593017578125,0.34956033594799435,0.1350390625,6828.6448877279745,0.15,26602.713075820564
loc_01025,Jbel Aoua,33.64745,-5.048152777777777,Fés-Meknés,1708.89013671875,8.688808932887767,4.49521484375,744.93932635634,0.55,14412.26775155883
loc_01026,Kef Admam,34.02674444444445,-4.152305555555556,Fés-Meknés,1345.3214111328125,20.081573945858693,11.2571826171875,239.59811158984553,0.55,26132.440360304263
loc_01027,Kef Aïn Hallouf,34.014247222222224,-4.164633333333334,Fés-Meknés,1485.3197021484375,12.014136338497783,5.1418115234375,897.7836991515328,0.55,27905.538045726305
loc_01028,Kef Anghara,33.67386666666666,-4.1968250000000005,Fés-Meknés,1542.77685546875,37.970459175343436,24.5128125,3043.594053241282,0.15,60232.03996428049
loc_01029,Kef Bab Mfraj,34.095263888888894,-4.111138888888888,Fés-Meknés,1547.265380859375,20.78658382650234,13.230380859375,748.4672220091036,0.55,17646.29516324048
loc_01030,Kef Bou Hayati,34.094011111111115,-4.098588888888888,Fés-Meknés,1382.8065185546875,5.342724905676456,2.3879248046875,60.61259998822535,0.55,17188.83881094489
loc_01031,Kef Bou Hayati I,34.09700277777778,-4.109327777777778,Fés-Meknés,1573.4288330078125,17.283510212362803,8.65451171875,734.7845178281192,0.55,17394.157374411912
loc_01032,Kef Bou Hayati II,34.100544444444445,-4.1037027777777775,Fés-Meknés,1521.6556396484375,9.832136900676424,6.22078125,877.0482818059364,0.55,16788.850699255858
loc_01033,Kef dial R′Kam,33.69868888888889,-4.108174999999999,Fés-Meknés,2047.4666748046875,6.322118708379944,3.3423583984375,414.9190187307126,0.1,59784.42355075994
loc_01034,Kef El Ahnach,33.95576666666667,-4.229058333333334,Fés-Meknés,1316.11767578125,29.345541346352316,18.2639501953125,3228.8258595042016,0.35,36570.562133729276
loc_01035,Kef El Bouk,34.05961388888888,-4.130733333333333,Fés-Meknés,1619.93896484375,21.27352914592652,11.8851318359375,435.2560879242902,0.55,21973.69031990808
loc_01036,Kef El Fiss,34.06856666666667,-3.999666666666666,Fés-Meknés,1233.8062744140625,26.98373264830778,12.199298095703124,1386.4369754683241,0.55,17993.45540997131
loc_01037,Kef El Hmam,33.797325,-4.4108027777777785,Fés-Meknés,924.3414306640625,13.904872595290977,8.56669189453125,1862.9725635630352,0.15,39157.717889685984
loc_01038,Kef el Jnoun,34.02441666666667,-4.149761111111111,Fés-Meknés,1255.43701171875,29.38781972298294,18.3776953125,127.36837143654849,0.15,26241.355638802448
loc_01039,Kef El Ma,34.08997777777778,-4.1087694444444445,Fés-Meknés,1406.5604248046875,11.732858783344016,5.44666015625,225.39351452903242,0.55,18038.00015089389
loc_01040,Kef El Mohand,33.957425,-4.230377777777778,Fés-Meknés,1314.507568359375,26.086765646856815,15.9498974609375,3423.8223764169916,0.55,36484.159477658126
loc_01041,Kef El Sao,34.13053611111111,-4.044863888888889,Fés-Meknés,1510.1199951171875,6.716723384551515,3.0173974609375,775.224336264136,0.55,11529.378289055374
loc_01042,Kef El Seroual,33.98164722222222,-4.218966666666667,Fés-Meknés,1221.849853515625,8.858610597621748,5.4254833984375,3635.766389219537,0.55,33665.41540254009
loc_01043,Kef Hazar,34.09831944444445,-4.045938888888889,Fés-Meknés,1439.6541748046875,9.561849308663861,5.1896923828125,756.2620363196532,0.15,15025.635552728514
loc_01044,Kef Idra,33.990991666666666,-4.143722222222222,Fés-Meknés,1199.435791015625,20.475091604763392,13.8961328125,626.2492165642425,0.15,29301.09332056228
loc_01045,Kef Izoura,34.094011111111115,-4.098588888888888,Fés-Meknés,1382.8065185546875,5.342724905676456,2.3879248046875,60.61259998822535,0.55,17188.83881094489
loc_01046,Kef Kaouane,33.96104722222223,-4.247527777777778,Fés-Meknés,1187.3582763671875,28.03963451792719,15.2881298828125,4993.429485188908,0.15,37058.92948252533
loc_01047,Kef Karia,34.143230555555554,-4.008675,Fés-Meknés,1082.2313232421875,24.481659285316685,17.18673828125,249.9216572624576,0.55,9666.450919878647
loc_01048,Kef Maakel El Tahtani,34.008225,-4.074116666666667,Fés-Meknés,1227.5205078125,20.538638372088975,14.007578125,945.7714477335093,0.15,25371.289464032554
loc_01049,Kef Meghous,33.966855555555554,-4.1729416666666665,Fés-Meknés,1247.3056640625,21.164317149909152,13.816845703125,528.0790406008733,0.55,32893.5619204142
loc_01050,Kef Targat,34.02358611111111,-4.139525000000001,Fés-Meknés,1504.4486083984375,21.985540333484515,14.85541015625,770.371669361277,0.55,25874.857554695187
loc_01051,Kef Toumat,33.84683611111112,-4.393052777777778,Fés-Meknés,1116.3583984375,6.884273256386149,4.001103515625,2397.0109356223415,0.2,40738.735318308856
loc_01052,Kef Zaarour,33.845888888888894,-4.3907694444444445,Fés-Meknés,1109.3389892578125,6.333243145757508,3.41,2395.544915923066,0.2,40943.339504798
loc_01053,Kef-El-Mers-Ahmed,34.082727777777784,-4.04535,Fés-Meknés,1570.7408447265625,21.36712710121543,11.8339306640625,262.90744370189384,0.55,16710.884633830396
loc_01054,Kef-Nahal-Tikhoubaï,34.004672222222226,-4.047447222222222,Fés-Meknés,1128.93359375,34.26003056378034,21.8206005859375,2371.8991720740714,0.55,25307.116165387346
loc_01055,Kissarite,33.21616111111111,-5.353725,Fés-Meknés,1713.135498046875,8.99549567553857,5.8923974609375,980.2984890646128,0.55,26968.814772196438
loc_01056,Louta,34.02670277777778,-4.110097222222222,Fés-Meknés,1300.5938720703125,1.5969061747392361,0.74447265625,2226.5811251807727,0.2,24423.45156309518
loc_01057,Meshoul,34.05495,-4.098080555555555,Fés-Meknés,1565.3624267578125,15.37342120751488,8.24591796875,2631.1901304206103,0.55,21097.329191473782
loc_01058,Meshoul I,34.0603,-4.10743611111111,Fés-Meknés,1560.8753662109375,4.29881719692066,2.2453271484375,1583.8030072092242,0.55,20903.350165734417
loc_01059,Mimejad,32.987833333333334,-5.266194444444444,Fés-Meknés,2039.6395263671875,2.751774144065136,1.2411474609375,4274.758641868082,0.15,49770.206956242866
loc_01060,Moutferaoun,33.64672222222222,-4.8097916666666665,Fés-Meknés,1370.84375,0.3822953254004779,0.1825244140625,1106.093354602257,0.2,19931.506588420394
loc_01061,Ouled-Ayach,34.04631111111111,-4.0373833333333335,Fés-Meknés,1284.1717529296875,11.899925914504344,5.609140625,290.10928034199475,0.35,20596.102068247703
loc_01062,Poljé Ain El Aouda,34.10286666666667,-4.032969444444444,Fés-Meknés,1457.398193359375,9.574877377666139,5.0928564453125,293.0975577848772,0.2,14309.301274472587
loc_01063,Poljé Beni Mkoud,33.88270277777778,-4.301880555555555,Fés-Meknés,1341.3077392578125,1.3869305469185633,0.6963720703125,4771.656253196766,0.2,47065.46267238002
loc_01064,Poljé Chaâra,33.97953055555556,-4.226177777777778,Fés-Meknés,1237.1920166015625,13.901647375606872,8.9362353515625,4020.330414690216,0.55,34240.44455122417
loc_01066,Poljé El Ghar,33.902611111111106,-4.279113888888888,Fés-Meknés,1269.36865234375,6.333598256918371,3.2505419921875,5914.446451671254,0.1,44051.22629358574
loc_01067,Poljé Kaouane,33.951372222222226,-4.268180555555555,Fés-Meknés,1283.5596923828125,2.515846579629784,1.438935546875,5296.356287300266,0.2,39060.69367751644
loc_01068,Poljé Laarouch,33.93301944444444,-4.264333333333333,Fés-Meknés,1279.0775146484375,1.10846422295897,0.5605908203125,5940.045965548491,0.2,40494.814617587894
loc_01069,Poljé Madegh,33.94747777777778,-4.231369444444445,Fés-Meknés,1305.1099853515625,6.506329407447351,3.996630859375,3019.069700415758,0.2,37458.84522080829
loc_01070,Ras El Oued (Oued el bared),33.85398888888889,-4.002897222222222,Fés-Meknés,921.2977905273438,28.08226037934515,19.44630615234375,2827.191499183696,0.55,41833.03354114751
loc_01071,Sidi Amar,33.72283888888889,-4.261372222222223,Fés-Meknés,1497.4814453125,19.002691005254892,13.048203125,171.3980371729951,0.55,54070.55121159284
loc_01072,Sidi Maanar,33.73171666666667,-5.023344444444445,Fés-Meknés,1238.198486328125,6.916451621494987,3.7296240234375,953.270560378666,0.15,20390.224788930183
loc_01073,Sidi Majbar,34.144730555555554,-4.023936111111111,Fés-Meknés,1263.9869384765625,23.038075030812227,14.090146484375,217.26164093366828,0.15,9583.592914034805
loc_01074,Taffert Est,33.672197222222216,-4.150244444444445,Fés-Meknés,1927.534423828125,22.492118599898063,14.5893408203125,177.73450047766624,0.15,63374.31177589762
loc_01075,Taffert Nord,33.67719722222222,-4.157125000000001,Fés-Meknés,1935.8450927734375,26.500946929590736,15.814453125,965.7988971307933,0.1,62963.67018731442
loc_01076,Taffert Nord-Est,33.675463888888885,-4.138188888888889,Fés-Meknés,2032.4024658203125,30.605431686961776,24.427451171875,244.23743414732994,0.1,62800.06164488253
loc_01077,Taffert Ouest,33.67615277777777,-4.165661111111112,Fés-Meknés,1933.450927734375,25.62757731614323,15.78537109375,1672.0744080982727,0.15,62762.46648241586
loc_01078,Tahfourt,33.71246388888889,-4.173466666666667,Fés-Meknés,1853.4898681640625,38.36946279256126,26.8573193359375,4943.356028506938,0.35,59503.15614800586
loc_01079,Talghremte,32.96511111111111,-5.264477777777778,Fés-Meknés,1988.7958984375,9.779850866334868,5.2232373046875,4687.08042012715,0.15,52279.23096088131
loc_01080,Talou Ou Taachat,33.73841111111111,-4.239441666666667,Fés-Meknés,1260.207275390625,35.95456229444362,23.96037109375,1817.502725630914,0.35,55724.369240170345
loc_01081,Tidrine,33.495075,-5.065358333333333,Fés-Meknés,1720.96826171875,5.220010888146554,2.5847607421875,606.3864187835433,0.35,5318.10156242748
loc_01082,Tifratine,33.69466111111111,-5.380022222222221,Fés-Meknés,923.7615966796875,7.857311263315421,4.105419921875,97.44841179496537,0.15,26663.329988916572
loc_01083,Timezouine,34.04939722222222,-4.101877777777777,Fés-Meknés,1531.4503173828125,20.619523927282703,10.457548828125,2611.690073638183,0.35,21801.878507733993
loc_01084,Timezouine,34.043175,-4.109075,Fés-Meknés,1521.586669921875,8.457890393856692,5.33845703125,2967.394784402233,0.55,22699.058915126694
loc_01085,Tirardine,33.44990555555555,-4.364108333333333,Fés-Meknés,1460.5584716796875,19.1465246856803,11.783466796875,1511.4985953274556,0.35,35249.25065357686
loc_01086,Tisfoula,33.244683333333334,-5.347758333333333,Fés-Meknés,1699.108642578125,2.5775462855735314,1.5442822265625,58.2636099489559,0.15,23890.579528205228
loc_01087,Tit Azourane,34.10053611111111,-4.020405555555556,Fés-Meknés,1434.376708984375,7.330746277541059,4.009990234375,1419.4046983086444,0.2,14444.09258553686
loc_01088,Tlet fam,34.03856111111111,-4.091291666666667,Fés-Meknés,1552.7135009765625,22.55259628577884,16.09642578125,1279.707639421868,0.55,22576.727120338728
loc_01089,Toughlamte,34.129802777777776,-4.046383333333333,Fés-Meknés,1516.702880859375,8.881960673997442,4.5783154296875,829.7120059078658,0.55,11647.025771568406
loc_01090,Trou Arhelouet,33.67271944444444,-4.193761111111112,Fés-Meknés,1656.6259765625,31.10536619552759,20.065546875,3123.277460491635,0.55,60392.775418495774
loc_01091,Trou de Panthère,33.28542222222222,-5.223811111111111,Fés-Meknés,1821.703125,1.1596330348019266,0.6688671875,203.98989730311666,0.15,16545.36162088012
loc_01092,Bou-Teguerrouine,33.278841666666665,-5.094733333333333,Fés-Meknés,1861.7901611328125,6.528701680105875,3.106591796875,1808.207095860338,0.15,21176.085884540345
loc_01093,El Koudiate,33.51963055555555,-5.164138888888889,Fés-Meknés,1699.59228515625,10.4535745420664,6.6526171875,1559.970065296709,0.35,5333.1044631949935
loc_01094,Jbel Hébri,33.35566111111111,-5.154808333333333,Fés-Meknés,1865.5693359375,2.5165033294341437,1.2884521484375,557.8096380964189,0.15,10985.807385504024
loc_01095,Taiissout,33.319897222222224,-5.111116666666667,Fés-Meknés,1936.6173095703125,22.273743524378318,15.3203955078125,783.1415645215427,0.55,16629.166893320275
loc_01096,Lechmine Aït el Haj,33.381597222222226,-5.070113888888889,Fés-Meknés,1749.630615234375,6.204695895110698,3.4054833984375,3851.471286050196,0.15,15658.875409718312
loc_01097,Bou-Ibalrhatène,33.33925277777778,-5.047933333333333,Fés-Meknés,1725.880126953125,0.69150359822085,0.4015380859375,6090.352370320477,0.15,19663.057104993077
loc_01098,Lechmine n’Ikettane,33.376133333333335,-5.125405555555555,Fés-Meknés,1825.3153076171875,4.615372835221069,2.544443359375,966.5275981316835,0.15,11398.477738242715
loc_01099,Lechmine Izgar,33.264202777777776,-5.104872222222222,Fés-Meknés,1807.52880859375,10.2500413311476,5.1813330078125,2965.49412344852,0.15,22026.303336500907
loc_01100,Ouest Hébri,33.36046944444445,-5.141663888888889,Fés-Meknés,2077.508544921875,23.13570771778522,13.459580078125,673.9066979049026,0.55,11374.838546887613
loc_01101,Tahbrite,33.346247222222225,-5.130202777777777,Fés-Meknés,2014.3245849609375,19.123530125110406,11.12970703125,799.9356793208584,0.15,13256.792767678948
loc_01102,Timahdite,33.23072777777778,-5.066408333333333,Fés-Meknés,1873.031494140625,2.79921255742532,1.3778125,579.5503179887127,0.15,27080.9110480381
loc_01103,Lechmine Ait el Haj,33.38143888888889,-5.299227777777777,Fés-Meknés,1179.5782470703125,7.067585855897755,3.8915234375,656.6441782795911,0.15,8936.814961869115
loc_01104,Michlifene,33.54006944444444,-5.155341666666667,Fés-Meknés,1675.537109375,2.478764978927033,1.516064453125,348.19671325122806,0.15,4654.022711686609
loc_01105,Lechmine Bou-Ibalrhatène,33.33996111111112,-5.061683333333333,Fés-Meknés,1710.933349609375,0.4786317864449346,0.1976171875,5451.251521034091,0.2,18554.053222617822
loc_01106,Ouest Hébri,33.35552777777778,-5.154836111111112,Fés-Meknés,1865.5693359375,2.516502580933125,1.2884521484375,567.7070320773277,0.15,10996.037394153203
loc_01107,Oued Chebeika estuary,28.29555555555556,-11.525,Guelmim-Oued Noun,21.919282913208008,11.825010636905127,8.072665023803712,5.678765503592185,0.1,162516.4754403445
loc_01108,Cliffs of the west border of the Chebeika estuary,28.29555555555556,-11.525,Guelmim-Oued Noun,21.919282913208008,11.825010636905127,8.072665023803712,5.678765503592185,0.1,162516.4754403445
loc_01109,Lower Cretaceous f luvial sandstones (“Tan-Tan sands”) beneath the Hamada Plateau,28.479166666666664,-11.204166666666666,Guelmim-Oued Noun,143.33653259277344,5.3521837050369685,2.979599609375,162.8465728725539,0.1,125229.03516806148
loc_01110,"Cross-bedding in the fluvial
 sandstones  (“Tan-Tan sands”)",28.479166666666664,-11.204166666666666,Guelmim-Oued Noun,143.33653259277344,5.3521837050369685,2.979599609375,162.8465728725539,0.1,125229.03516806148
loc_01111,Transgression of the Lower Cretaceous redbeds on the Bas Draa Precambrian Massif,28.39,-11.016944444444444,Guelmim-Oued Noun,125.1245346069336,3.717935412167897,2.8187496948242186,70.72556899680903,0.1,114706.61458013208
loc_01112,Upper Precambrian  metaconglomerates (south-western tip of the Bas Draa inlier),28.34611111111111,-10.934166666666666,Guelmim-Oued Noun,200.962158203125,2.467093625583769,1.217408447265625,146.08456323088686,0.1,111290.08618190828
loc_01113,Vertical Cambrian quartzites (“Barre de Goulimine”) crossed by directional fault,28.27777777777778,-10.901944444444444,Guelmim-Oued Noun,252.2122802734375,8.096244645624084,4.2994970703125,11.233819184355605,0.1,114024.59490878563
loc_01114,Lower Ordovician (Llanvirn) oolithic iron bed section,28.059166666666663,-10.88861111111111,Guelmim-Oued Noun,311.6436767578125,17.44964440753914,10.185078125,1467.5727354293542,0.1,131240.13781149636
loc_01115,"Perched syncline formed by Rich 1 and Rich 2 
 Jbel Rich fold train)",28.059166666666663,-10.88861111111111,Guelmim-Oued Noun,311.6436767578125,17.44964440753914,10.185078125,1467.5727354293542,0.1,131240.13781149636
loc_01116,Open folds  of Jbel Rich,28.059166666666663,-10.88861111111111,Guelmim-Oued Noun,311.6436767578125,17.44964440753914,10.185078125,1467.5727354293542,0.1,131240.13781149636
loc_01117,Jbel Tazout cuesta (Tournaisian),28.016111111111112,-10.816944444444443,Guelmim-Oued Noun,268.10540771484375,0.7872239633794899,0.28434326171875,835.1375260891666,0.1,130951.35585027322
loc_01118,Jbel Ouarziz cuesta (Visean),28.016111111111112,-10.816944444444443,Guelmim-Oued Noun,268.10540771484375,0.7872239633794899,0.28434326171875,835.1375260891666,0.1,130951.35585027322
loc_01119,Bituminous marls & estuariarine morphology,28.29171666666667,-11.533661111111112,Guelmim-Oued Noun,0.0,2.2845412770452973,1.0937862586975098,187.21264981410548,0.1,163465.3781207848
loc_01120,Marine terraces,28.476138888888887,-11.202719444444444,Guelmim-Oued Noun,154.51849365234375,5.386149107254869,2.9583563232421874,84.15517029403009,0.1,125256.64307016863
loc_01121,Lecture of a landscape & unconformity,28.40788333333333,-11.067736111111111,Guelmim-Oued Noun,93.90806579589844,2.1371053611747333,1.1466152954101563,87.45170742975212,0.1,117678.06855493698
loc_01122,Basement-cover relationships,28.355225,-10.939730555555556,Guelmim-Oued Noun,194.13600158691406,1.555835068451029,0.69041259765625,696.4019673877206,0.1,111061.82727964819
loc_01123,Cambrian quartzites & joint systems,28.278641666666665,-10.897116666666664,Guelmim-Oued Noun,259.7463684082031,3.430972196392246,1.994820556640625,473.5831231706553,0.1,113617.68498880047
loc_01124,Ordovician glaciation deposit,28.221733333333333,-10.889041666666666,Guelmim-Oued Noun,498.8127746582031,11.30906380518027,7.158638916015625,251.45748623729392,0.1,117558.51117145803
loc_01125,Cylindric anticline & oolithic iron,28.123997222222226,-10.889105555555554,Guelmim-Oued Noun,242.5115966796875,0.6742209716146587,0.3445245361328125,321.29850978347736,0.1,125671.29431954482
loc_01126,"Perched syncline & subsidence, basin infilling",28.107197222222226,-10.890227777777778,Guelmim-Oued Noun,232.0,0.09908714369980216,0.0286968994140625,804.3410344786357,0.1,127176.64474100906
loc_01127,Cratonic basin versus fold belt,28.02053055555556,-10.809047222222222,Guelmim-Oued Noun,373.2113342285156,29.99683873346288,19.09796630859375,1410.7450358856534,0.1,130108.75791548441
loc_01128,Continental uplift & coastal erosion,23.812833333333334,-15.892722222222222,Eddakhla-Oued Eddahab,10.376712799072266,0.661347243407683,0.23526351928710937,690.9467215141011,0.1,14167.67592195321
loc_01129,Artesian well,23.92295,-15.719727777777775,Eddakhla-Oued Eddahab,1.771447777748108,1.604533605013722,1.0702632862329482,2321.669061124604,0.1,34121.121291937605
loc_01130,Marine fossils & phosphate genesis,23.47686111111111,-15.94618611111111,Eddakhla-Oued Eddahab,47.96494674682617,0.5197956634622148,0.3268031311035156,141.8767568833711,0.1,24154.126331541363
loc_01131,Continental fossils & sedimentaion,23.791772222222225,-15.67058611111111,Eddakhla-Oued Eddahab,52.80573272705078,0.6766162865229253,0.3815193176269531,4042.9017391464035,0.1,29791.847264077638
loc_01132,Continental sedimentation & unconformity,23.504219444444445,-15.081366666666666,Eddakhla-Oued Eddahab,241.6957244873047,0.6484001952164542,0.3433160400390625,23950.265300178657,0.1,90311.2473919484
loc_01133,Metagabbros,23.12788611111111,-14.65530277777778,Eddakhla-Oued Eddahab,236.2509002685547,0.7070891094198374,0.3719207763671875,22429.79571121443,0.1,145712.26398431195
loc_01134,Orthogenesis & dyke and pluton intrusions,22.505591666666668,-14.30453888888889,Eddakhla-Oued Eddahab,284.2257080078125,0.669316074170591,0.273504638671875,2318.6016336673565,0.1,213424.9472385202
loc_01135,Migmatites & deep petrogenesis,22.59975,-14.357177777777778,Eddakhla-Oued Eddahab,295.6584777832031,0.591004300032917,0.20949951171875,1442.8388702267505,0.1,202728.49531355288
loc_01136,Upper Ordovician glaciation & unconformity,22.712541666666667,-14.368130555555556,Eddakhla-Oued Eddahab,325.9266052246094,0.9068841729310361,0.396246337890625,6828.2761517413865,0.1,194474.6455843028
loc_01137,Nappe kinematics & metapelites,22.590333333333334,-14.535102777777778,Eddakhla-Oued Eddahab,263.4624328613281,0.9066243614259352,0.476510009765625,10457.8377695777,0.1,189176.6465880055
loc_01138,Ouled Abdoun,32.76277777777778,-6.816944444444444,Béni Mellal-Khénifra,664.6143798828125,4.713591139622341,1.44544189453125,1938.7146976688546,0.15,16134.809933608149
loc_01139,Gantour,32.25930555555556,-7.826111111111111,Marrakech-Safi,514.9751586914062,5.132685845410566,2.823922119140625,4443.814764466281,0.1,12618.312177513262
loc_01140,Meskala,31.31609166666667,-9.352891666666666,Marrakech-Safi,580.0991821289062,8.359505409659006,4.9339453125,2521.148649550059,0.15,44515.04888973539
loc_01141,Souss,30.455702777777777,-9.026147222222225,Souss-Massa,158.70327758789062,2.123630591609411,0.9608966064453125,1854.6392968141085,0.1,14303.557074125833
loc_01142,Oued Eddahab,26.28188611111111,-13.033919444444445,Laayoune-Sakia El Hamra,173.27940368652344,0.7106102957615075,0.3424774169921875,20856.923846753536,0.1,98348.00598745007
loc_01143,The lagoon of Oualidia,32.73916666666667,-8.559127777777778,Marrakech-Safi,149.61936950683594,1.200405401043096,0.6809722900390625,2102.299397679193,0.2,54916.83367511397
loc_01145,Marine fauna of the lower limestone,33.21745277777778,-8.565969444444445,Marrakech-Safi,4.510181427001953,6.357591093198916,6.3974467512965205,38.329444736333976,0.15,6874.981970732658
loc_01146,Yellow dolomite lower limestone Contact,33.218075,-8.56158888888889,Marrakech-Safi,11.787344932556152,5.150462965052976,2.8151165199279786,29.995820190696197,0.15,6476.863150006958
loc_01147,Marabout Sidi Bouzid,33.21928055555556,-8.56093888888889,Marrakech-Safi,16.229820251464844,4.968050861089041,2.0654493618011474,75.17934566122261,0.15,6364.927196256905
loc_01148,Toubkal national Park,31.063266666666667,-7.937475,Marrakech-Safi,3157.923828125,15.762927713937765,9.574619140625,6455.82968948075,0.15,62745.98701168746
loc_01149,Paradoxid Shale,32.67284444444444,-7.853861111111111,Marrakech-Safi,227.97119140625,14.789436792171394,7.95332763671875,5509.137630769579,0.15,42670.161316539496
loc_01150,Angular unconformity of Cambrian-Cretaceous,32.65006944444444,-7.798116666666666,Marrakech-Safi,218.28118896484375,6.337657466005919,4.0654840087890625,254.6706449677409,0.2,42570.45668329824
