Locality_ID,Geosite_Name,Latitude_WGS84,Longitude_WGS84,Geology_Class,Soil_Class,Elevation_m,Slope_deg,Ruggedness,presence
loc_00006,Tension joints & veins,32.59281111111111,-4.504277777777777,71,9,1842.2276611328125,5.132140907205022,7.20684360472624,1
loc_00007,Fault mirror,32.59246944444445,-4.504686111111111,71,9,1837.501220703125,6.555289278319837,5.549568617639463,1
loc_00008,Turbidite/tempesitie,32.59108611111111,-4.504991666666666,71,9,1818.8858642578125,9.556786017890891,10.361137453189563,1
loc_00009,Synsedimentary Fd,32.590869444444444,-4.504938888888889,71,9,1818.43994140625,9.487167551309083,9.60714948669938,1
loc_00010,Bioclastic limestone,32.59060277777778,-4.505005555555556,71,9,1816.2840576171875,9.798683615690704,10.357080885201446,1
loc_00011,Current ripples,32.590297222222226,-4.5050638888888885,71,9,1815.4425048828125,9.629708343916157,10.830442318246384,1
loc_00012,Th. Burrows,32.59028055555556,-4.504902777777778,71,9,1815.4425048828125,9.62970707284274,10.830442318246384,1
loc_00013,Limestone-marls  seq.,32.590050000000005,-4.504761111111111,71,9,1812.68408203125,9.488703333880071,11.80099714294938,1
loc_00014,Horst-graben structures,32.590025000000004,-4.504727777777778,71,9,1812.68408203125,9.488701857189737,11.80099714294938,1
loc_00015,Rhizocorallium burrows,32.58986388888889,-4.504866666666667,71,9,1816.0859375,10.07140583678105,10.721105654377585,1
loc_00016,Tridactyl footpreints,32.58935,-4.504527777777778,71,9,1809.46533203125,11.908621582411673,13.092888445893594,1
loc_00017,Lac Tislit,32.19583333333333,-5.636666666666666,71,9,2250.5,0.0,0.0,1
loc_00018,Imelouan Folds,32.155833333333334,-5.598333333333333,18,9,2178.271240234375,20.867695102836485,17.622465779958677,1
loc_00019,"Ait Ali Ou-Ikkou ""Red beds""",32.14472222222222,-5.557777777777778,71,9,2311.35546875,17.020516787957284,15.63974730436467,1
loc_00020,Todgha Gorges,31.584444444444443,-5.590833333333333,71,9,1482.126953125,36.74385944178508,64.64197382651085,1
loc_00022,Tissadrine Folds,31.529444444444444,-5.925833333333333,71,9,1773.1461181640625,24.38729956571733,25.53653332418647,1
loc_00023,"Msemrir ""Red Beds""",31.72,-5.826666666666666,71,7,2049.147705078125,8.194471849094496,7.6302490234375,1
loc_00024,Ait Aritane Panoramic view,31.542222222222225,-5.566944444444444,66,9,1449.9647216796875,23.42981133832883,37.44224359181302,1
loc_00026,"Tamtetoucht ""Red beds""",31.71722222222222,-5.507777777777778,71,9,1824.85009765625,4.315124525708093,4.49892961486312,1
loc_00027,Ait Hani Triassic salt cave,31.86416666666667,-5.470555555555555,71,9,2562.140869140625,23.419379524837392,29.10595904894112,1
loc_00028,Ighrem N’Ougdal Middle Jurassic strata,32.009166666666665,-5.490833333333334,71,9,2342.634765625,4.974522714638319,5.927389349819215,1
loc_00029,Tinghir Paleozoic-Cretaceous unconformity,31.48305555555556,-5.539444444444444,8,9,1276.69384765625,8.489027910253434,5.819573016206095,1
loc_00030,Foum El Kouss Basalts,31.435277777777777,-5.655,13,9,1366.206298828125,2.9008153060247,4.072700437435434,1
loc_00032,Imider Tertiary strata,31.375,-5.7908333333333335,13,9,1502.0279541015625,20.42420071062835,24.62287335356405,1
loc_00033,Anou N’Izm Tertiary strata,31.33944444444444,-5.838611111111111,13,8,1535.18701171875,13.183673837953906,17.97025217103564,1
loc_00034,Ait Youl Basalts,31.425,-6.011388888888889,71,9,1571.80419921875,6.061686706962852,10.783147638494318,1
loc_00035,Ait Ibriren Quaternary deposits,31.441944444444445,-6.010833333333333,71,9,1684.2000732421875,21.27934631138978,26.20928501097624,1
loc_00037,Taghia N’Ait Hammou Gorges,31.53666666666667,-5.919444444444445,71,9,1871.8389892578125,49.67938960083032,78.03858228951447,1
loc_00038,Tilmi Folds,31.80138888888889,-5.926111111111111,71,7,3235.072509765625,21.22899931563965,25.019224560950413,1
loc_00039,Ait Attou Oumoussa Jurassic strata,31.861666666666668,-5.708055555555556,71,7,2308.11962890625,33.16465038142086,61.97328980501033,1
loc_00040,Redbeds,32.166,-5.523,71,9,2291.8017578125,12.045384344476895,9.531647485149794,1
loc_00041,Intraformational unc,32.193,-5.639,71,9,2250.5,9.687231265319118,8.755005891658058,1
loc_00042,Isli Lake,32.222,-5.55,71,9,2283.41796875,5.047793928497748,5.039518498192149,1
loc_00043,Tisli Lake,32.199,-5.629,71,9,2257.7021484375,6.21348457153992,7.550444295583677,1
loc_00044,Dolerite dykes and sills,32.153,-5.64,71,9,2174.27734375,17.843734852498383,14.163580271823347,1
loc_00045,Fairy chimneys,32.176,-5.599,71,9,2237.878662109375,18.043591056444985,17.447846720041323,1
loc_00048,Msadrid ridge,32.153,-5.593,18,9,2193.627197265625,26.173386549165667,29.111279700413224,1
loc_00049,Ait Ali Ou Ikkou's diapirsm,32.153,-5.593,18,9,2193.627197265625,26.173386549165667,29.111279700413224,1
loc_00050,Late Jurassic theropod tracks,32.142,-5.57,71,9,2215.2734375,19.43486581913366,18.16287609762397,1
loc_00053,Traces of Crocodylopodus meijidei,32.183,-5.458,71,9,2407.218017578125,14.632680179065732,15.959504939307852,1
loc_00055,Akhiam cave,31.958,-5.696,71,7,2743.482177734375,15.273143359347486,13.318962664643594,1
loc_00056,The cliff granaries of Aoujgal,32.0,-6.333333333333333,71,9,1310.7635498046875,12.490324977480784,18.71419566761364,1
loc_00059,Chaâba valley,32.30277777777778,-9.230833333333331,69,8,24.019086837768555,12.903740604452636,14.99053740698444,1
loc_00060,Sidi Abderrahmane clayquarry,32.3325,-9.176666666666666,69,8,84.00806427001953,5.691311732770572,7.723564652371998,1
loc_00061,Sidi Abderrahmane dam,32.323888888888895,-9.180277777777777,69,8,73.5,0.0,0.120706857728564,1
loc_00064,El Goraan cave,32.5575,-9.254166666666666,17,3,48.8121452331543,5.463482067130809,6.387559685825316,1
loc_00066,Sidi Tiji Gypsum quarry,32.157777777777774,-8.865277777777777,68,8,335.76287841796875,20.08525852384037,20.674009717200413,1
loc_00070,Lake Afourgagh- charophytes tufas & gyrogonites,33.61666666666667,-4.883333333333333,71,3,1437.128173828125,4.549120902683868,7.977585469395661,1
loc_00071,Lake Aoua (Dayet Aoua),33.65555555555555,-5.333333333333333,71,3,1164.968017578125,1.7954283082448508,2.151592160059401,1
loc_00072,Lake Ifrah (Dayet Ifrah),33.5625,-4.916666666666667,71,3,1685.5123291015625,5.260107957112422,6.175748966942149,1
loc_00073,Lake Aguelmame Sidi Ali,33.07611111111112,-5.003611111111111,71,9,2083.602783203125,1.8879821345795669,3.161181237086777,1
loc_00076,Famennian Zebra griottes limestones of Ziyar,33.0425,-5.738666666666667,8,3,972.6912231445312,10.078278478595164,10.629656326672263,1
loc_00077,Arich OuzellaFm,31.142222222222223,-9.707777777777777,68,3,430.5691528320313,7.210997754611064,9.64733911939889,1
loc_00078,Chiker polje,34.118611111111115,-4.040555555555556,71,8,1344.6116943359375,0.558368552798187,2.8388379309788223,1
loc_00079,Chiker cave,34.12166666666667,-4.038333333333333,71,8,1346.4769287109375,7.865995902008005,13.296947636880166,1
loc_00081,Ras El Oued cave,33.95916666666667,-4.0,18,8,888.1976318359375,26.63726363993884,39.11704508463541,1
loc_00082,Chaâra lapiaz,33.97361111111111,-4.224722222222223,26,9,1218.2015380859375,6.538174542175571,4.547774890237603,1
loc_00084,GueltaTameda Lake,33.81777777777778,-4.081666666666666,71,9,1457.727294921875,1.63319636452748,3.5823934255552685,1
loc_00085,Taffert canyons,33.72138888888889,-4.2275,71,9,1181.843017578125,40.12698614723842,46.226998321281,1
loc_00086,Aïn Sebou,33.73694444444445,-4.532777777777778,71,8,673.1033935546875,24.27007134084491,17.372701849819215,1
loc_00087,Addan onion peels,29.213335,-8.203033,46,7,450.4251403808594,2.019416004034639,2.239810912077092,1
loc_00090,Imitek Karsts,29.603338,-8.251098,56,7,770.0392456054688,18.33481131104658,17.14321268885589,1
loc_00091,Issafenflat-irons,29.854611,-8.533996,56,7,1131.458251953125,3.1260740200288675,3.16756521177686,1
loc_00092,Tadakoust Pyramids,29.270107,-8.678496,56,7,731.8260498046875,32.48429056559153,35.3710579359827,1
loc_00094,Ait Ouabelli chasms,29.213335,-8.203033,46,7,450.4251403808594,2.019416004034639,2.239810912077092,1
loc_00095,Tagmout mask,29.270107,-8.678496,56,7,731.8260498046875,32.48429056559153,35.3710579359827,1
loc_00098,Tamzrart Petrified waterfall,29.339495,-8.52788,49,3,736.9594116210938,29.39721078804148,46.131295196281,1
loc_00099,Foum Zguid water gap,30.140782,-6.877585,8,3,677.3510131835938,1.65072685623932,1.3149232470299588,1
loc_00100,Tissint water gap,29.91642,-7.374716,10,3,621.0863037109375,5.20687268704095,8.004744600658574,1
loc_00101,Sidi Rezzoug water gap,29.748743,-7.659674,8,9,615.0166015625,1.0049701208304378,1.2619422092910642,1
loc_00102,Tata water gap,29.705037,-7.986517,8,7,631.6235961914062,0.9649669112691428,0.9674218548230888,1
loc_00105,Icht water gap,29.086675,-8.85169,14,7,532.5695190429688,0.752924066313655,0.3279065849367252,1
loc_00106,Fam El Hisn water gap,29.06027,-8.925848,24,7,543.4288940429688,0.8771481501016923,0.7460352369576446,1
loc_00107,Tizgui Ida Ou Baloul water gap,29.741683,-8.50205,49,7,1009.016357421875,20.66498786999203,26.947661596881456,1
loc_00108,Ibn Yaakoub water gap,30.068945,-7.954123,56,9,1457.3282470703125,10.22826042315406,5.937042992962294,1
loc_00110,Targant water gap,29.912618,-7.684191,49,3,1336.66943359375,7.306577507384361,17.51383026375258,1
loc_00112,Desert mermaid,29.646508,-7.756531,14,7,485.0333862304688,6.755124416802448,5.011232990863895,1
loc_00113,Tata oyster,29.646508,-7.756531,14,7,485.0333862304688,6.755124416802448,5.011232990863895,1
loc_00114,Akka Phillyrea,29.646508,-7.756531,14,7,485.0333862304688,6.755124416802448,5.011232990863895,1
loc_00116,Tagragra of Tata inlier,29.899215,-7.94165,49,9,1219.5758056640625,5.140937341587993,6.51601945861312,1
loc_00121,Alougoum gorge,30.308991,-6.837444,10,9,809.2957153320312,1.1312669676933715,1.177775233245093,1
loc_00122,Tlit gorge,30.278531,-7.062836,49,9,935.4249267578124,7.783566986596692,11.000997748256715,1
loc_00123,Aguinane gorge,30.195719,-7.540216,49,9,1114.17529296875,7.72601520562961,9.68513829254907,1
loc_00125,Agouliz gorge,29.732906,-8.189294,38,7,948.2532958984376,9.629127835856108,13.825940344944474,1
loc_00126,Aygou gorge,29.734488,-8.261025,49,7,975.6331176757812,10.491992966549876,14.140487797004132,1
loc_00128,Tamzrart gorge,29.361629,-8.518739,49,3,629.822509765625,35.772209616724425,34.93805385621126,1
loc_00129,Tadakoust gorge,29.254602,-8.694864,56,7,589.399169921875,25.56594265965004,26.830497300329288,1
loc_00131,Tamanart canyon,29.167098,-8.958087,56,9,684.3395385742188,17.673320572633347,20.60880197572314,1
loc_00132,Foum Zguid mesa,29.888118,-6.827353,60,7,694.3156127929688,29.37609952730305,36.243154982889976,1
loc_00133,Addana Onion Peels,29.21444444444444,-8.233055555555556,46,7,496.9561767578125,10.60281612870176,12.926857435998835,1
loc_00135,"Badlands of Akka (glaciofluvial,
 fluviomarine, & stream alluviums)",29.47055555555556,-8.293055555555556,8,7,574.3182983398438,2.2216868585441016,1.9429623942729848,1
loc_00137,Karsts of Imitek,29.61583333333333,-8.261111111111111,56,7,776.7150268554688,6.327861822444092,10.140965485375776,1
loc_00154,Tazgha salt Flats,27.9,-12.333333333333334,13,7,29.947938919067383,0.4450265989444568,0.5715048923965328,1
loc_00158,Amtoudi travertines,29.23935,-9.168466666666667,56,3,1004.4431762695312,41.460871627163165,58.14011048876549,1
loc_00159,Amtoudi waterfall and Bougaa source,29.23933333333333,-9.168466666666667,56,3,1004.4431762695312,41.460871048506846,58.14011048876549,1
loc_00160,Abaynou station,29.093,-10.019,14,6,410.3265380859375,3.0628580545428448,2.293175815550749,1
loc_00161,Pigeon cave,29.3,-9.695,56,9,1149.3814697265625,14.736049673434932,13.97467999418905,1
loc_00162,Assaka Basin,29.116666666666667,-10.416666666666666,56,9,103.29280853271484,6.123384184109721,6.86956547508555,1
loc_00176,BeniBousera Peridotitic Complex,35.52732169189336,-5.194990926733846,82,3,83.80628967285156,26.896264014242817,24.542275137152554,1
loc_00328,Talambote bad lands,35.25514905973631,-5.194830135719653,7,9,507.9841918945313,16.799601930772464,22.869668503438145,1
loc_00184,Bouhala Landslice,35.313233448135364,-5.438441306152264,8,3,492.4430541992188,14.910861604891616,14.062167080965908,1
loc_00192,Raghdat Southern,35.299406646993035,-5.411120390022425,8,9,550.3638305664062,7.587224814526551,11.199743854112862,1
loc_00193,Jbel Bou Sliman,35.31806624622103,-5.372840869212867,32,8,687.8427124023438,16.482144436310897,14.459128639914772,1
loc_00194,Jbel Lakraa,35.21666666666667,-5.25,25,3,778.6937866210938,18.72286272371955,23.397899280894887,1
loc_00198,Jbel Tellouja karst,35.23181859593759,-5.279753047641164,25,3,470.8674011230469,17.127058831983526,19.280079486941503,1
loc_00199,Raghdat Arimlal,35.16939288330852,-5.084877527601663,25,9,1231.6953125,37.05495566514106,48.84736267594266,1
loc_00205,Givetian reefal lime stones Stromatoporas,33.54575277777778,-6.007341666666667,28,9,1070.009521484375,5.556494651297465,6.160515399018595,1
loc_00206,Givetian reefal lime stones Algal laminitis,33.556780555555555,-6.039383333333333,28,9,902.5297241210938,20.928065071545408,16.832032763268337,1
loc_00207,Givetian reefal lime stones Slump balls,33.54856111111111,-6.030172222222222,28,9,1011.2996215820312,11.490284717562034,12.061248527085484,1
loc_00208,Famenno-Tournai sian calcareous (Mid Devonian reef limestones) rocks falls of Tiliouine,33.545833333333334,-6.0075,28,9,1067.983642578125,5.24675434150337,6.475165248902376,1
loc_00209,Middle Devonian reefal limestone olistoliths within the Tournisian turbid ites West of Tiliouine,33.55333333333333,-6.070277777777777,8,9,827.38720703125,16.379841052853482,12.895450308303202,1
loc_00210,Tournaisian reefal limestones Olistoliths of Tiddas,33.52833333333333,-6.251666666666667,28,9,635.47900390625,21.21919430792612,15.589568839585484,1
loc_00212,Granite of Zaer,33.39418611111111,-6.580788888888889,67,3,663.9046020507812,4.49880831711727,6.043435341070507,1
loc_00213,Variscan synoro genic Granite of Oulmes,33.441111111111105,-6.0525,30,9,1057.6158447265625,9.770978255625971,10.299477821539256,1
loc_00214,Oulmes Granite and metamorphism aureole contact,33.441111111111105,-6.0525,30,9,1057.6158447265625,9.770978255625971,10.299477821539256,1
loc_00215,The El Karit mine: fillonien complex with the Tin and tungsten,33.418055555555554,-6.1025,67,9,1094.5390625,9.260121288228264,12.3679390899406,1
loc_00216,The El Karit mine: giant andalusite,33.4225,-6.101944444444444,67,9,1090.9998779296875,14.85193425768101,15.642600319602272,1
loc_00218,Autunian Trachy andesite of Tiddas,33.57888888888889,-6.270833333333333,56,9,459.6910705566406,6.196516039786277,7.525026179542226,1
loc_00222,Visean-Miocene uncon,33.565216666666664,-6.749641666666666,14,9,370.12109375,28.495191909957573,33.90506183214424,1
loc_00223,Triassic-Miocene uncon of Maaziz,33.61027777777778,-6.405,8,9,305.7875366210937,6.376587451304848,12.05689409744641,1
loc_00224,Quaternary Basal tic flow of El Harcha,33.48583333333333,-6.158333333333334,30,9,966.596923828125,8.407937950893986,11.69063599641658,1
loc_00225,Gabroic Intrusion of Idemrane,32.20277777777778,-6.119999999999999,71,9,1237.0390625,7.363446724399254,6.398190332838326,1
loc_00227,Folded marly limstones of the Bine El OuidaneII  Fm,32.26083333333333,-6.262777777777778,71,9,1687.9600830078125,23.352479479078053,19.34767844460228,1
loc_00228,Fossil wood of the Azilal Fm,32.27,-6.263888888888889,71,9,1758.47216796875,19.75033106115509,26.026701115379648,1
loc_00229,Chaos alteration of gabbros,32.26972222222222,-6.258611111111111,71,9,1734.606201171875,24.09392174962056,25.01479875548812,1
loc_00230,Red facies of the Guettioua Fm,32.21472222222223,-6.222777777777778,69,9,1393.31494140625,23.86492167756713,28.889130899728823,1
loc_00232,Dinosaur footprints of Ait wissadane,32.22777777777778,-6.248611111111111,69,9,1294.999267578125,13.687307631224453,15.058435361247415,1
loc_00233,Basaltic flow B1,32.20722222222223,-6.256666666666667,69,9,1413.5147705078125,22.95727674905869,25.701849819214875,1
loc_00236,Dyke of Taguelft,32.20916666666667,-6.118888888888889,71,9,1265.3377685546875,22.45232594156723,29.364462608148244,1
loc_00237,Fault-fold associated with the magmatic intrusion of Ait Boulmane,32.193888888888885,-6.101944444444444,71,9,1360.9290771484375,23.84165692854812,20.224570030023244,1
loc_00242,Panoramic view of the Ouaouizaght Syncline,32.13167777777778,-6.397130555555556,69,5,885.3196411132812,4.019874997324269,5.623744996126033,1
loc_00245,Oued el Abid Bridge,32.13381666666667,-6.311780555555555,71,9,842.4544067382812,31.979126557880168,31.86414936160253,1
loc_00249,Taghbaloute- n- Ouhlima,32.55341501,-6.01361989,71,9,1142.0794677734375,11.471146983523562,9.792559158703511,1
loc_00250,Jurassic tabular structures,32.36833333333334,-4.987777777777778,71,9,2280.297607421875,28.195112842622336,34.60735529119318,1
loc_00251,Typical coastal cliff of the Dakhla peninsula,23.75555555555556,-15.925,82,7,5.2284321784973145,3.1794252686017423,2.5911170278698945,1
loc_00252,North border of the Dakhla lagoon north of the artesian well,23.91027777777778,-15.71861111111111,40,7,3.2029595375061035,0.9614659874186248,0.4684742472388528,1
loc_00253,Sphinx Rock,23.91027777777778,-15.71861111111111,40,7,3.2029595375061035,0.9614659874186248,0.4684742472388528,1
loc_00254,"Outcrops of Eocene for
mations beneath Miocene deposits",23.91027777777778,-15.71861111111111,40,7,3.2029595375061035,0.9614659874186248,0.4684742472388528,1
loc_00255,Lower Eocene Izik Formation with chert nodules,23.91027777777778,-15.71861111111111,40,7,3.2029595375061035,0.9614659874186248,0.4684742472388528,1
loc_00256,Dewatering fold,23.59083333333333,-15.698055555555555,37,6,74.04351806640625,2.2174620736693926,1.484307911770403,1
loc_00257,Neptunian dyke in the Izik deposits,23.59083333333333,-15.698055555555555,37,6,74.04351806640625,2.2174620736693926,1.484307911770403,1
loc_00258,Shark tooth,23.59083333333333,-15.698055555555555,37,6,74.04351806640625,2.2174620736693926,1.484307911770403,1
loc_00259,Miocene-Pliocene succession,23.59083333333333,-15.698055555555555,37,6,74.04351806640625,2.2174620736693926,1.484307911770403,1
loc_00260,Neolithic engravings on Lower Cretaceous sandstones,23.326666666666668,-15.23277777777778,69,7,179.62554931640625,3.979556238821704,2.145162282896436,1
loc_00261,Metabasite,23.2075,-15.088333333333331,29,7,165.50787353515625,0.516905594132378,0.3731265737990702,1
loc_00262,Metagabbro of the Adrar Souttouf massif,23.2075,-15.088333333333331,29,7,165.50787353515625,0.516905594132378,0.3731265737990702,1
loc_00263,Rounded hills of nepheline syenite,22.55027777777778,-14.317222222222222,8,7,309.59716796875,0.7922918861089138,0.8448534248288998,1
loc_00264,Magmatic lineation,22.55027777777778,-14.317222222222222,8,7,309.59716796875,0.7922918861089138,0.8448534248288998,1
loc_00267,Laglat mica-schists showing superimposed structures,22.612222222222226,-14.4825,39,7,343.8375244140625,23.40587610820144,28.309610414110924,1
loc_00269,Sidi Saïd Mâachou Basin,33.009166666666665,-8.002222222222223,17,5,208.83653259277344,0.4881636700737152,0.603247524293001,1
loc_00274,Zima Lake,32.080000000000005,-8.66,14,5,356.6802673339844,0.4748735202811199,0.1884556289546745,1
loc_00277,Current patterns and inverted series of the Tizirène nappe at Ksar Sghir,35.848888888888894,-5.566388888888889,82,3,0.0,0.0,0.0,1
loc_00278,The sandstone-mica flysch of the Oued Ledian coast,35.848888888888894,-5.566388888888889,82,3,0.0,0.0,0.0,1
loc_00281,"Taghbaloute-n- Ouhlima, El Ksiba city",32.55341501,-6.01361989,71,9,1142.0794677734375,11.471146983523562,9.792559158703511,1
loc_00284,"Jbel Taçmit, Foum El Ancer",32.29302956,-6.214958909,71,9,2010.3250732421875,15.35528882750611,17.684162738894628,1
loc_00297,Panoramic view of the Ouaouizaght syncline (Cretaceous formation),32.13167777777778,-6.397130555555556,69,5,885.3196411132812,4.019874997324269,5.623744996126033,1
loc_00298,Gypsum of the Iouaridene Fm of Lower Barremian (sabkha environment),32.13381666666667,-6.311780555555555,71,9,842.4544067382812,31.979126557880168,31.86414936160253,1
loc_00299,Euphorbia resinifiera (in Arabic Zakoum) couvering  the Iouardene Fm,32.13381666666667,-6.311780555555555,71,9,842.4544067382812,31.979126557880168,31.86414936160253,1
loc_00300,The basaltic flow B2  (The Major effusive Upper Barremian event),32.13381666666667,-6.311780555555555,71,9,842.4544067382812,31.979126557880168,31.86414936160253,1
loc_00301,Mio-Pliocene alluvial terraces,32.13302222222222,-6.300258333333333,71,9,818.4636840820312,17.739396303853002,12.962135504099948,1
loc_00302,The acted conglomerates deposited by the ancient Oued El Abid River,32.13302222222222,-6.300258333333333,71,9,818.4636840820312,17.739396303853002,12.962135504099948,1
loc_00310,Deep gorges in Fm BIII limestones from the Assif Assemssil river,32.08027777777778,-6.46,71,3,824.09423828125,15.015368344902354,10.037420603854596,1
loc_00311,Well-distinguished fault making contact between the Fm m. BIII & the Guettioua Fm,32.07277777777778,-6.445277777777778,71,3,867.159423828125,13.027255523468405,18.219178759362087,1
loc_00312,"Oblique, cross-stratification, bioclasts of brachiopods & lamellibranchs on granary stone",32.07277777777778,-6.445277777777778,71,3,867.159423828125,13.027255523468405,18.219178759362087,1
loc_00313,"Limestone banks rich in fossils of gastropods, lamellibranch, brachio pods, ammonites, & places polypiers in the Ouaouizaght syncline",32.07277777777778,-6.445277777777778,71,3,867.159423828125,13.027255523468405,18.219178759362087,1
loc_00314,Spring of Ain Asserdoune,32.38333333333333,-5.916666666666667,71,9,1619.8720703125,5.4945534074939415,5.000073645725723,1
loc_00358,Jbel Aghanja’s fold,33.378861111111114,-4.010527777777778,8,3,1980.199462890625,43.70732714881464,57.55572963746126,1
loc_00360,Calcite quarry,33.47083333333334,-3.963638888888889,18,9,1747.4276123046875,26.33389167528007,34.57670858083678,1
loc_00367,Guigou valley,33.40472222222222,-4.721111111111111,18,9,1533.9971923828125,7.754783770727434,11.201537077091942,1
loc_00369,Taferdoust,33.47361111111111,-4.654444444444445,18,9,1254.5496826171875,19.99698516601553,14.861116267432852,1
loc_00370,Taghrout,33.48305555555556,-4.6075,18,9,1100.0439453125,19.33486096379772,15.432729169356922,1
loc_00371,Anchrif,33.48222222222223,-4.61888888888889,18,9,1124.27783203125,14.779994107816991,13.978211962487087,1
loc_00373,Tadaout,33.51916666666666,-4.055555555555555,18,9,2433.591796875,11.851720645022391,15.002092345686984,1
loc_00374,El Mers,33.44444444444444,-4.45,18,9,1475.0999755859375,12.697051634207044,11.324646500516527,1
loc_00375,Fahs-Anjra (Melloussa),35.725,-5.6685,69,3,230.19204711914065,9.311161231054548,9.016625396476304,1
loc_00376,The architectural heritage of Zaouiat Ahansal,31.83156111111111,-6.100886111111111,71,9,1644.8607177734375,16.675317736234952,9.308125,1
loc_00377,Panorama of Zaouiat Ahansal,31.82883888888889,-6.098708333333333,71,9,1649.6824951171875,24.86213216435352,15.318134765625,1
loc_00378,The natural bridge of Imin Ifri,31.724191666666663,-6.971397222222223,18,8,1063.5201416015625,9.75954508040926,4.558583984375,1
loc_00380,Aït Blal Rock engravings,31.750616666666662,-6.32005,71,9,2519.892333984375,19.41236568228167,11.541923828125,1
loc_00381,Tizi-n-Tighist Geo landscape,31.749802777777777,-6.320194444444444,71,9,2519.295166015625,22.13966820625592,12.54888671875,1
loc_00384,Jbel Azoukri Ait Attab synclinal (1),31.757188888888887,-6.248361111111112,71,7,3499.822509765625,39.19832167395856,25.47123046875,1
loc_00388,The “Cathedral” Mastfrane,31.980719444444443,-6.137377777777778,59,9,1787.1624755859375,26.3234120917062,14.7501025390625,1
loc_00389,Talmst Ride,31.906683333333334,-6.154858333333333,71,9,2302.75048828125,27.397979312936908,14.170556640625,1
loc_00390,Collective granary of Sidi Moussa,32.39897222222222,-6.027358333333333,13,9,1374.671630859375,19.108075015872103,10.6025390625,1
loc_00392,Footprints of the carnivorous dinosaur (Tridactyl),32.19611111111111,-6.5825,71,5,869.3565063476562,30.23563713007345,20.4951513671875,1
loc_00395,Rock engravings of Tizi-n-Tighist,32.009969444444444,-6.719222222222222,18,3,832.2334594726562,8.602718413784581,4.8126611328125,1
loc_00397,"Faiult mirror-gradin 
crystallization",31.89871388888889,-8.863727777777777,10,8,335.5243530273437,8.223339209273426,4.68259765625,1
loc_00400,"Cambrian sandstone & shale,Gray massive Cambrian limestones",31.917627777777778,-8.835375,10,8,368.6682739257813,3.846160216345754,2.38003662109375,1
loc_00401,The western tip of the Cambrian crest,31.930247222222224,-8.828119444444445,10,8,369.3472290039063,5.4616528870483245,2.9679541015625,1
loc_00404,The source Lalla Mira,32.31843333333334,-9.25405,69,5,0.0,0.0,0.0,1
loc_00405,The wave of Saf,32.32473055555556,-9.28336388888889,82,5,0.0,0.0,0.0,1
loc_00406,The caldera of the Michliffen,33.41329722222222,-5.079908333333333,71,3,1869.6600341796875,8.953750368578861,4.959384765625,1
loc_00407,Ruiniform landscape,33.287997222222224,-4.847411111111111,66,9,1893.1063232421875,5.724306711658693,2.5529296875,1
loc_00408,Fairy chimneys of Assamar,31.681522222222224,-6.668716666666667,71,9,1456.268798828125,27.7195152444188,17.0012060546875,1
loc_00409,Amsittene Fm,31.14655277777777,-9.743005555555555,45,3,375.937744140625,1.1775891658201618,0.6113818359375,1
loc_00412,Subvertical strata,31.141513888888888,-9.751880555555555,45,3,414.0569458007813,9.839578191728972,6.45735107421875,1
loc_00413,Triassic-Quaternary contact,31.098191666666665,-9.822580555555556,68,5,44.27710723876953,14.204003470871106,7.679365005493164,1
loc_00415,Fold hinge,31.09916944444444,-9.828880555555555,68,5,0.0,10.47195667808737,8.064375381469727,1
loc_00416,Cretaceous Quaternary contact,31.10043888888889,-9.833491666666667,68,5,7.111008644104004,15.382724481432335,12.93364637374878,1
loc_00419,Fossiliferous dunes,31.160627777777776,-9.705713888888887,45,3,383.3132934570313,7.186310205388199,3.90877685546875,1
loc_00421,Folded structure 2,31.15841111111111,-9.686902777777778,18,3,661.5985107421875,26.85311900748578,15.9529931640625,1
loc_00425,The alluvial plain of Tadakoust,29.250291666666666,-8.691086111111112,56,7,563.6367797851562,1.2458466373793442,0.56278076171875,1
loc_00426,Deflation phenomenon in the Drâa plain,29.22623611111111,-7.874097222222223,8,7,333.1604309082031,0.886455611088185,0.242518310546875,1
loc_00427,Engravings in Tamzrart region,29.31243055555556,-8.493838888888888,56,7,579.0457153320312,27.939648352680308,18.05424072265625,1
loc_00428,engravings in Tadakous,29.264425,-8.709041666666666,56,7,604.427001953125,36.53620952664103,25.80380126953125,1
loc_00433,Water spring,34.889091666666666,-4.948152777777778,13,8,516.2889404296875,21.573050230658804,12.452291259765625,1
loc_00434,Panoramic view to the folded mountains,34.92726111111111,-4.86625,69,8,698.6382446289062,13.451138417363143,7.735771484375,1
loc_00435,Petrified wood intruded by iron deposits,34.88933611111111,-4.895605555555555,69,8,883.7911987304688,32.63461603844383,21.8155859375,1
loc_00437,Caristified cave stalactite,34.91381388888889,-4.8143666666666665,69,8,1153.15283203125,16.64060665506177,9.4480908203125,1
loc_00443,Thedolerite sill of Ouzoud,32.03553888888889,-6.705880555555556,71,3,745.7640991210938,38.72423265450473,26.4269775390625,1
loc_00445,Estuary of Oued Tassakht,31.98703888888889,-6.702097222222222,71,3,849.3216552734375,25.187475118929424,11.9757275390625,1
loc_00446,Oued EL Abid gorges and caves,32.16708611111111,-6.259005555555556,69,9,841.6160278320312,16.97496427158525,8.5710888671875,1
loc_00449,Basaltic flows of Ouzoud,32.00188611111111,-6.746133333333334,18,3,776.8106689453125,9.61903961477389,4.85190673828125,1
loc_00450,Ouzoud springs,31.9898,-6.71375,71,3,805.941650390625,25.988617392564777,16.15991943359375,1
loc_00451,Radiating dykes Taghia-n-Ait Boulmane,32.20174444444445,-6.117430555555555,71,9,1239.09033203125,16.75132387858506,10.52630859375,1
loc_00452,Travertines of Tighalghalt,32.24314444444445,-6.2370833333333335,71,9,1301.8951416015625,13.7411714333889,9.1489892578125,1
loc_00453,The community granaries of Taghia-n-Ait Boulmane,32.18385277777777,-6.095055555555556,71,9,1418.819580078125,15.457194876008316,7.7826416015625,1
loc_00454,wadi Ziz canyon,32.15258333333333,-4.374058333333333,71,3,1221.9346923828125,10.32851583687214,5.655322265625,1
loc_00455,Hammat Moulay Ali Cherif,32.18263333333333,-4.367130555555555,71,3,1214.7119140625,5.2558036953288125,3.15484375,1
loc_00456,Hassan Addakhil Dam Lake,32.02576111111111,-4.463383333333334,13,9,1165.4847412109375,9.804620584593842,5.9761865234375,1
loc_00457,Tunnel Zaabel,32.171902777777774,-4.367847222222222,71,3,1283.3701171875,36.21056713421989,27.3458837890625,1
loc_00458,Ziz Valley Ait Atmane,32.08546944444445,-4.383705555555556,71,9,1146.6533203125,2.849634781400028,0.864609375,1
loc_00459,Waterfall,32.079752777777784,-4.375116666666666,71,9,1300.927734375,28.915539532259587,16.788046875,1
loc_00461,Mineralized quartz-chlorite vein cutting the schists at a low angle in the Kettara gossan,31.86613611111112,-8.177069444444443,56,5,478.0519104003906,13.335787052414611,8.903316650390625,1
loc_00464,Intrusion affected by subvertical schistosity,31.85823888888889,-8.164880555555555,56,5,528.315185546875,15.116534167966044,9.1141259765625,1
loc_00465,Panorama of a geological succession with several uncon formities (Tahannaout; Douar Sour),31.343988888888887,-7.951219444444445,8,3,942.3464965820312,9.69385354537848,5.1170361328125,1
loc_00466,Normal faults with tilted blocks (Zawyat bou houta),31.330672222222223,-7.954158333333334,8,3,955.7674560546876,16.30850207486318,9.91682373046875,1
loc_00467,"Syn-sedimentary tectonic geosite: Hemigraben perched on visean basement, graben, tilted block and normal faults (Tibizzit)",31.32345277777777,-7.955347222222223,8,3,965.7528076171876,8.820794550208149,4.620283203125,1
loc_00468,"Syn-sedimentary tectonic geosite of a 
normal fault (Aghzane",31.306475,-7.971997222222222,56,3,1142.2244873046875,19.35972497875366,12.995771484375,1
loc_00469,Moulay Brahim landscape,31.29238611111112,-7.965736111111111,56,3,1037.993896484375,16.795974846622688,8.150341796875,1
loc_00470,Asni anticlinorium,31.25712777777778,-7.980569444444445,19,3,1160.47412109375,3.087784861914048,1.9186376953125,1
loc_00471,Imlil landscape,31.13441111111111,-7.9208944444444445,38,7,1827.5001220703125,36.52933388152695,25.129677734375,1
loc_00472,Aerial courses and B tree climbing in Terre d’Amanar tourist site (Tahannaout),31.345327777777776,-7.9461,8,3,979.222900390625,17.044108991005718,9.24732421875,1
loc_00473,Jbel Irhoud,31.913833333333333,-8.838466666666667,10,8,374.3307189941406,4.474073710655336,2.62452880859375,1
loc_00475,Oualidia caves,32.75201388888889,-9.012411111111112,17,3,29.04695510864257,13.762278670660498,9.190298919677735,1
loc_00476,Oualidia Lagoon,32.73180555555555,-8.961111111111112,17,3,90.94950103759766,1.6601379545308477,0.922457275390625,1
loc_00478,Beni Ider of Sidi Kankouch,35.83153055555556,-5.704813888888889,82,3,0.0,7.053674256323544,3.960387125015259,1
loc_00487,Cross-stratification and current ripples) of Guettioua and Jbel Sidal Fms,32.083733333333335,-6.307263888888889,71,9,1719.621337890625,17.477139515595805,9.7099658203125,1
loc_00488,Troglodyte construction of the Ait Aloui and Ait Izza douars,32.08524444444445,-6.443269444444445,71,3,823.2761840820312,14.021335198013428,8.41017822265625,1
loc_00489,Spring of Ain El Ghazi,32.32443055555556,-6.316886111111111,71,5,751.2222900390625,25.97354632219152,15.29802978515625,1
loc_00490,Canyon of Hansala,32.37435833333333,-6.143083333333334,71,9,1086.6060791015625,15.491238027761511,9.2711181640625,1
loc_00492,Tazerkount ruiniformes landscapes,32.190777777777775,-6.517761111111111,71,5,875.7890625,30.30690900616295,18.16795166015625,1
loc_00494,Caves of Orbiaa,32.306713888888886,-6.336480555555555,71,5,856.3054809570312,40.35676743406771,32.1939697265625,1
loc_00495,Caves of Ain El ghazi,32.33271388888889,-6.310772222222222,71,5,829.86279296875,39.03382585438229,27.46980712890625,1
loc_00497,Ruiniformes Landscapes of Tassemit,32.29003055555555,-6.271786111111111,71,9,1770.8856201171875,23.23645084245696,14.879150390625,1
loc_00499,Panoramic view of rurate,32.18103055555555,-6.519197222222222,71,5,1150.20703125,29.04621910056353,17.407265625,1
loc_00503,Caves of the cliffs of Timoulilte,32.20083611111112,-6.4307138888888895,71,5,821.6721801757812,5.866705243056005,2.62854248046875,1
loc_00504,Cave of the cliffs of Tanougha,32.49078888888889,-6.135119444444445,66,5,832.3748168945312,7.05834699313499,3.15437744140625,1
loc_00506,Sebkha Talaklekt,21.578180555555555,-15.657905555555557,29,7,136.07162475585938,2.174491651736198,1.315350341796875,1
loc_00507,Sebkhet Dkhayla,21.753644444444443,-16.876597222222223,62,7,9.481627464294434,0.5136570154268537,0.2923024749755859,1
loc_00508,Sebkhat Fares,22.41135833333333,-16.41094722222222,40,7,17.501392364501953,1.138937190322789,0.7349296188354493,1
loc_00509,Sebkha of Imili,23.11620555555556,-16.093491666666665,37,6,6.609831809997559,0.2587418213916629,0.1172624588012695,1
loc_00510,Sebkhat Ad-Dam,23.863325,-15.676680555555556,40,7,46.7088737487793,0.5724181580865383,0.1831109619140625,1
loc_00511,Sebkha of Skaymate,24.54140555555556,-14.960672222222222,37,7,71.84088134765625,5.3050583788702745,2.927693176269531,1
loc_00512,Sebkhat Aridal,26.268966666666667,-14.195486111111112,37,6,81.0850830078125,7.839725532663769,4.506864929199219,1
loc_00513,Sebkha Oum Dba,27.8315,-12.93711388888889,45,7,15.729220390319824,1.0220334455493876,0.4105572128295898,1
loc_00514,Sebkha Tizfourine,27.87375277777777,-12.786202777777778,40,7,18.59610366821289,1.4039282236869826,0.6326457977294921,1
loc_00515,Sebkha Tah,27.7551,-12.71916388888889,63,7,-58.47246170043945,0.2510477742756943,0.0744766235351562,1
loc_00516,Sebkha Tazgha,27.994019444444444,-12.268030555555557,13,7,0.0,7.3589410882800275,4.006783509254456,1
loc_00518,Sebkha Zima,31.91809444444445,-9.11181388888889,68,8,393.59857177734375,15.64320065860265,8.785460205078126,1
loc_00519,Sebkha Lamhaguen,27.85493055555556,-12.649913888888888,40,7,33.27138900756836,0.7759972993967685,0.3910136413574219,1
loc_00526,Koudiat Sbaâ Panorama,35.06633352933115,-5.040103522290227,32,3,1003.3384399414062,11.22407671869156,6.03478759765625,1
loc_00527,Raghdat Southern entry of TNP,35.09006160553466,-5.156661160915913,25,3,1284.2694091796875,7.891984267220902,4.367470703125,1
loc_00528,Jbel Bou Slimane Panorama,35.12139744629058,-5.133855304695491,25,9,1650.9124755859375,23.190559946457224,12.1303173828125,1
loc_00532,Ammonites from Alma,30.510416666666668,-9.590416666666668,69,5,272.5751037597656,4.7752861275507295,2.5367431640625,1
loc_00533,The anticlinal fold of the Paradis Valley,30.587777777777777,-9.528083333333337,68,5,301.77838134765625,7.862271236175717,3.83789794921875,1
loc_00534,The gorges of the Paradise Valley,30.58908333333333,-9.524611111111112,68,5,324.5436096191406,19.126018835799872,10.3134130859375,1
loc_00536,Imouzzer Ida-Outanane waterfalls,30.67741666666667,-9.48011111111111,68,3,1075.0301513671875,41.977487343100194,32.86793212890625,1
loc_00537,The Moulay Abd Allah dam,30.77252777777778,-9.675916666666666,69,3,204.0,0.0,0.0,1
loc_00538,Imi Ouggoug cave,30.614722222222223,-9.468666666666667,68,3,875.4675903320312,28.97239022085008,17.15700927734375,1
loc_00539,Assif n’El Had cave,30.746972222222222,-9.476666666666668,68,3,716.9615478515625,20.00503679026248,10.12248046875,1
loc_00540,The Birfichou chasm,30.694777777777777,-9.402555555555557,68,8,1476.78125,5.520912720819997,3.0109375,1
loc_00549,Al Mashar cave,35.664627,-5.426957,69,3,687.5676879882812,29.78242188882859,18.167568359375,1
loc_00555,Zarka spring,35.312201,-5.203304,25,9,92.85731506347656,27.272809246162627,16.21881866455078,1
loc_00559,Moukdassen spring,35.536092,-5.334538,7,10,47.90444946289063,12.94014381996004,8.365141143798828,1
loc_00562,Knadel cave,35.2448045,-5.314465,32,3,377.389892578125,13.563341381182344,7.398623046875,1
loc_00565,Kelti spring,35.348393,-5.269338,25,9,1232.9619140625,20.2042545108336,13.1445751953125,1
loc_00566,Bouattou spring,35.3471335,-5.325466,25,9,1117.9951171875,36.45230536024079,28.5492919921875,1
loc_00571,Ifahsa spring,35.297071,-5.233062,25,9,242.26809692382807,30.256984538977925,19.61426025390625,1
loc_00572,Oued Adelmane cave,35.21421,-5.035252,25,9,599.979248046875,56.97380244065415,54.66337768554688,1
loc_00573,Al Kalaa spring,35.219337,-5.138959,25,9,692.6703491210938,27.17471143194189,16.68539306640625,1
loc_00579,Talassemtane spring,35.127342,-5.069507,25,3,1347.7347412109375,7.240067024653596,3.533076171875,1
loc_00581,Imezzar spring,35.188157,-5.178,25,9,922.6757202148438,27.332467377214503,14.74072509765625,1
loc_00584,Azilane spring,35.179224,-5.246292,25,9,1048.0145263671875,25.604420265065578,15.5043212890625,1
loc_00585,Assifane cavities,35.112876,-4.967752,7,3,672.646484375,27.303711468104567,17.50154052734375,1
loc_00588,Limestone pavement of Tissemlal,35.178221,-5.246293,25,9,1078.2724609375,27.85506736997567,17.874462890625,1
loc_00590,Doline of Tissouka,35.186232,-5.138926,25,3,1402.0194091796875,24.5415846971126,13.8305224609375,1
loc_00601,Oued Lmarsa beach,35.904153,-5.446488,82,10,0.7845090627670288,1.8016786662559767,1.185533435344696,1
loc_00612,Azla beach,35.550158,-5.2403,82,3,0.0,3.1606992744614457,1.3922475957870484,1
loc_00613,Amsa beach,35.540827,-5.217951,82,3,1.7890864610671997,1.2155843523900274,0.6496040749549866,1
loc_00626,Cala Iris beach,35.117838,-5.145054,25,9,1894.7452392578125,19.247171894304447,12.769658203125,1
loc_00632,Rmod beach,35.242967,-3.9673,82,10,33.694576263427734,31.99407863017848,27.92482786178589,1
loc_00636,Cara Bonita beach,35.234276,-3.922583,25,3,0.0,7.286703801379862,3.2233160877227784,1
loc_00637,Maktoa beach,35.229936,-3.919097,25,3,30.99403190612793,17.89972145694825,12.342970213890077,1
loc_00644,Cluse of Tetouan,35.54326,-5.443002,24,10,29.37153053283692,7.155791476232924,2.823370590209961,1
loc_00646,Synclinal of Tazarine,35.50192,-5.368411,25,3,935.0760498046876,20.957106253116283,12.582470703125,1
loc_00650,Folds of Sidi Abdelhamid,35.179166,-5.246346,25,9,1048.0145263671875,25.60441517348622,15.5043212890625,1
loc_00652,Folds and fault of Amtar,35.082901,-4.192447,69,3,342.9808349609375,4.7006510618535575,2.504287109375,1
loc_00656,Oued Rmel dam,35.872707,-5.476005,69,8,87.20890045166016,16.142502216212833,12.272964782714844,1
loc_00658,Smir dam,35.402013,-5.2355,7,9,339.184814453125,23.685827220644885,14.20485107421875,1
loc_00663,Oued Laou dam,35.246227,-5.291671,25,3,262.0,0.99335391817678,0.1958056640625,1
loc_00673,Mujer dormida mountain,35.402279,-5.322191,25,3,1051.82763671875,23.066843330585467,13.2080322265625,1
loc_00679,Slippage of Cara Bonita,35.232057,-3.922928,25,3,29.380449295043945,22.705828117252025,13.62527473449707,1
loc_00682,Cascades of Ezarka,35.520043,-5.340233,7,10,159.4627685546875,22.75055215153417,14.009252319335936,1
loc_00684,Alluvial plain of Amsa,35.537348,-5.22077,82,3,3.301397562026977,0.7573866655330036,0.3440278720855713,1
loc_00685,Alluvial plain of Oued Laou,35.082902,-4.192445,69,3,342.9808349609375,4.700651079033368,2.504287109375,1
loc_00689,Sidi Yahya Aarab valley,35.273273,-4.900421,8,9,235.6973876953125,31.5606436232882,16.434864501953125,1
loc_00692,Cascades of Taourart,35.218905,-5.139681,25,9,747.185302734375,49.163784895529744,39.86107421875,1
loc_00694,Alluvial plain of Nekor,35.190059,-3.877818,82,6,11.52963638305664,2.208721240203565,0.96710205078125,1
loc_00696,Natural bridge of Akchour,35.195231,-5.178878,25,9,765.8876342773438,22.05947938994217,13.52265625,1
loc_00697,Canyon of Farda river,35.195315,-5.178814,25,9,765.8876342773438,22.059495077381744,13.52265625,1
loc_00699,Natural bridge and travertine of Assifane,35.074391,-4.564801,69,9,1175.596923828125,15.53330657124796,9.5492724609375,1
loc_00701,Snow niche of Mountain Lakraa,35.122193,-5.08885,25,9,1978.81591796875,14.171676094335869,7.47048828125,1
loc_00703,Dunes of Al Hoceima,35.182938,-3.934226,69,10,234.8492584228516,7.587976207088478,3.816312255859375,1
loc_00705,Ibakliwn 1,31.663308333333333,-6.36565,71,9,2025.3370361328125,43.14706044980777,34.079111328125,1
loc_00706,Ibakilwn 2,31.659866666666662,-6.387611111111111,71,9,1903.049072265625,4.238634658481701,2.6632373046875,1
loc_00707,Oued Rbat,31.65869722222222,-6.409952777777778,71,9,1859.8812255859373,0.975092458270985,0.4741259765625,1
loc_00708,Tabant,31.65948611111111,-6.425027777777778,71,9,1896.2392578125,30.185948811286384,20.0981201171875,1
loc_00709,Grenier Sidi Moussa,31.65757777777777,-6.432652777777778,71,9,1946.95166015625,27.42386777108992,17.2624072265625,1
loc_00710,Site Sidi Moussa,31.65786111111111,-6.436194444444444,71,9,1854.02783203125,18.93896139587476,11.519208984375,1
loc_00711,Aguered N'Ouzrou,31.653125,-6.438833333333333,71,9,1845.783203125,3.598036173464096,2.15205078125,1
loc_00712,Ait Bouguemez,31.647419444444445,-6.451566666666666,71,9,1833.1148681640625,13.84980396947579,8.530205078125,1
loc_00713,Kimmeridgian Reef of Cap Ghir,30.625833333333333,-9.865,82,5,33.907676696777344,5.715622825969861,3.468275451660156,1
loc_00714,Reef of the main fossils at Cap Ghir,30.63305555555556,-9.887777777777778,82,5,16.78900146484375,3.752225096307466,2.031189727783203,1
loc_00717,Dayet Aoua,33.652,-5.032997222222222,14,3,1463.0,0.0,0.0,1
loc_00718,Cambrian Gres-Quartzitic Facies,32.718325,-7.937405555555555,11,11,277.1278076171875,13.343506382817235,7.108487548828125,1
loc_00721,Conglomerates of Kef El Mounib,32.44246111111111,-7.944344444444445,10,8,549.7748413085938,8.01968775749554,4.3587255859375,1
loc_00723,Micashiste of Lalla Titaf,32.249405555555555,-7.97335,8,5,461.9107360839844,1.0946539779668272,0.706624755859375,1
loc_00724,Pegmatite of Sidi Bouathmane,31.89772777777777,-7.953302777777778,14,5,525.2009887695312,4.89583367159301,2.4387255859375,1
loc_00725,Pyrrhotites of Kettara,30.947883333333333,-8.265052777777777,19,9,1315.20263671875,8.860613730240903,3.6091796875,1
loc_00726,Imi-n-Ifri natural bridge,31.73014444444444,-6.969363888888889,18,8,1062.60693359375,10.814198933637302,5.540400390625,1
loc_00729,Jbel M'Goun ascension,31.63596111111111,-6.529952777777778,71,9,1684.9814453125,30.482024558489226,19.80177734375,1
loc_00730,Ait Bouguemez valley trek,31.65081111111111,-6.461511111111111,71,9,1826.3768310546875,9.500734641853803,5.526689453125,1
loc_00731,"Dinosaur footprints, Ibakaliwine",31.6842,-6.371152777777778,71,9,2070.109619140625,27.861503508470594,17.78671875,1
loc_00733,Jbel Azourki ascension,31.79435833333333,-6.1931,71,9,2618.9697265625,22.9118566255286,13.223310546875,1
loc_00734,Taghia sources,31.821613888888887,-6.089266666666666,71,9,1782.3016357421875,32.3031021969964,22.1813232421875,1
loc_00735,Cliffs of Ait Abdi Plateau,31.94306388888889,-6.076766666666667,71,9,1716.66845703125,29.330225448027143,19.2705126953125,1
loc_00737,Panoramic view of the Bin El Ouidane dam,32.102986111111115,-6.296983333333333,71,9,1857.2574462890625,11.039334498959423,5.431171875,1
loc_00738,Panoramic view of the Tadla plain,32.18390833333333,-6.5110166666666665,71,5,1120.0401611328125,32.58054335564649,23.65052734375,1
loc_00739,Panorama of the Atlas Front,31.95245555555556,-4.472580555555556,14,11,1060.02978515625,1.887345655644861,1.1114501953125,1
loc_00742,Jurassic/Cretaceous Contact,31.999597222222224,-4.4928638888888885,13,9,1166.3497314453125,5.0669789588571845,2.3549072265625,1
loc_00743,Perched Syncline Between Two Atlassic Faults,32.02611111111111,-4.467666666666667,13,9,1140.615234375,1.8808566722616853,1.1707568359375,1
loc_00744,Ait Atmane Fault (Amzouj Fault),32.02828888888889,-4.441061111111111,71,9,1158.43603515625,6.47626409872616,4.166591796875,1
loc_00745,Panorama of El Hassan Addakhil Dam,32.04982777777778,-4.404466666666667,71,9,1362.9739990234375,20.78077582070827,13.8347412109375,1
loc_00746,Dermchane Waterfall,32.05456944444444,-4.483105555555556,71,9,1465.2216796875,36.458560705353406,22.750673828125,1
loc_00747,Plainof Fezouata Shales,30.42605555555556,-5.644177777777777,14,3,814.4889526367188,1.762278623930808,0.90785888671875,1
loc_00751,Block1: Condensed series Block 2: Hardground,30.434141666666665,-5.606144444444444,11,3,1266.179443359375,43.95132562955378,35.8341943359375,1
loc_00753,Desert landforms 2,30.22558888888889,-5.555236111111111,14,3,661.8984985351562,0.7712848778985548,0.49417724609375,1
loc_00754,The members of the first Bani are horizontal,29.9411,-5.5833916666666665,63,7,598.0836181640625,1.5106468459510831,0.65526611328125,1
loc_00755,The first Bani constitutes a naturalbar that blocks sand deposits,30.39215,-5.767797222222222,14,3,740.5068969726562,1.2841686489059716,0.61544677734375,1
loc_00762,Middle Ordovician burrows and oolitic iron,31.37255,-5.7333694444444445,56,9,1432.091552734375,7.087918643430478,6.1203955078125,1
loc_00763,Upper Ordovician bioturbation and karstification,31.38072777777778,-5.732627777777778,56,9,1399.0615234375,1.358055039016007,0.5103759765625,1
loc_00764,Upper Ordovician sequences and faults,31.37605,-5.735016666666667,56,9,1420.672119140625,7.803430684383193,4.253837890625,1
loc_00766,Quaternary fluvial terraces,31.43638888888889,-5.645555555555555,13,9,1342.25146484375,3.94041227560719,1.5067822265625,1
loc_00767,Infra-Cenomanian gypsum & Quaternary travertine,31.44083333333333,-5.647777777777777,13,9,1356.89697265625,4.9579735272592185,2.441259765625,1
loc_00768,Cenomanian–Turonian lithified and flint-rich limestone,31.444166666666668,-5.654722222222222,13,9,1411.417236328125,16.290664522459927,11.210322265625,1
loc_00772,Geosite 1,31.336166666666667,-5.593294444444444,38,9,1750.4129638671875,18.997643622951724,11.9714697265625,1
loc_00774,Geosite 3,31.52831944444444,-5.9246944444444445,71,9,1802.60400390625,44.26755952634549,31.7216015625,1
loc_00775,Geosite 4,30.854141666666667,-6.802416666666667,38,3,1231.7174072265625,13.354969917230692,8.0634375,1
loc_00778,Geosite 8,30.283786111111112,-6.432008333333334,49,3,1319.1253662109375,7.933352544763471,4.419267578125,1
loc_00781,Aghbaloun Assounane,32.91218611111111,-5.335925,71,9,1644.242919921875,0.3037313202756146,0.1243115234375,1
loc_00784,Aguelmam Dial Tachnkourt,33.145561111111114,-5.386361111111111,71,9,1588.6456298828125,1.5200936115104724,0.4724365234375,1
loc_00785,Aguelmam Miammi,32.90421944444444,-5.373591666666666,71,9,1472.3189697265625,0.6864969504035057,0.284765625,1
loc_00789,Lac Ajdir,32.96297222222223,-5.434805555555556,71,9,1614.3389892578125,3.3143623707813616,1.72482421875,1
loc_00790,Oum Er-Rbiaa,33.05158888888889,-5.412147222222223,71,9,1253.29541015625,28.11133065518405,14.9716064453125,1
loc_00792,Tiguelmamines,32.90577222222222,-5.343172222222222,71,9,1621.5,0.0,0.0,1
loc_00793,Aghbal,33.044958333333334,-5.480861111111111,71,9,1240.904052734375,19.41941592788213,9.510908203125,1
loc_00795,Aferrane,33.026,-5.460927777777778,71,9,1462.8255615234375,0.5226177890969289,0.307080078125,1
loc_00796,Ahoussal,32.964169444444444,-5.316977777777778,71,9,1896.369140625,9.698149276429357,3.73173828125,1
loc_00797,Ajdir,32.96297222222223,-5.434805555555556,71,9,1614.3389892578125,3.3143623707813616,1.72482421875,1
loc_00798,Al Maarad,33.005766666666666,-5.501008333333333,71,9,1536.5673828125,4.368247468670526,2.6121923828125,1
loc_00799,Azegza,32.99203333333333,-5.471388888888889,71,9,1513.5,0.9662631234071676,0.1932568359375,1
loc_00803,Mirssa,32.952450000000006,-5.291522222222223,71,9,1927.308837890625,1.396191283301942,0.8699169921875,1
loc_00804,Missartène,32.99635555555555,-5.447777777777778,71,9,1554.19482421875,1.6066481654976872,0.9056689453125,1
loc_00805,Ouaousseguerna,33.156302777777775,-5.4298777777777785,71,9,1573.3250732421875,2.264037527043421,1.3074072265625,1
loc_00806,Ouiouane,33.12708333333333,-5.345638888888889,71,7,1604.4031982421875,5.566267387469336,2.7933642578125,1
loc_00807,Ounane,33.15134444444444,-5.408222222222222,71,9,1566.2850341796875,2.952504714138422,1.7802001953125,1
loc_00808,Taboughout,32.944266666666664,-5.483897222222223,71,9,1498.572509765625,1.769026887009956,1.008427734375,1
loc_00809,Taboughout Nord,32.95751388888889,-5.494613888888889,71,9,1536.287353515625,8.516794134055417,3.6124951171875,1
loc_00810,Tigouyal,32.969319444444444,-5.374294444444444,71,9,1624.6263427734375,8.65829700753978,4.440439453125,1
loc_00812,Tizaraght Est,32.95620277777778,-5.456361111111112,71,9,1602.75048828125,0.9651289149888148,0.5538427734375,1
loc_00813,Tizerghine,32.96671944444444,-5.397927777777778,71,9,1628.8848876953125,2.930711977721137,1.21873046875,1
loc_00814,Lower Devonian quartzite bars of Bou Trou-Al Aççama,33.367333333333335,-5.490166666666667,8,3,915.4171752929688,2.5599724952232075,1.41258056640625,1
loc_00815,Lower Devonian paleosol of Bou Trou-Al Aççama,33.35933333333333,-5.491833333333333,8,3,1004.2195434570312,17.09137673527729,11.97384765625,1
loc_00816,Lower Devonian dwarf brachiopods of Bou Trou Al Aççama,33.3595,-5.490833333333334,8,3,1005.3816528320312,13.08406721105658,7.28312255859375,1
loc_00817,Emsien crinoids grassland of Bab Al Ari,33.4605,-5.1865,71,3,1531.67724609375,15.151522542886964,9.249599609375,1
loc_00818,Givetian calciturbidites of Ben Aarab,33.501333333333335,-5.4015,8,3,1097.872802734375,23.44079839319268,15.8036474609375,1
loc_00819,Givetian-Famennian paleolapiaz of Bab Al Ari,33.4605,-5.1865,71,3,1531.67724609375,15.151522542886964,9.249599609375,1
loc_00820,Askour,33.630408333333335,-4.1826083333333335,18,9,2515.531494140625,33.03440531642411,20.52685546875,1
loc_00822,Bab Azhar,34.06423888888889,-4.2653944444444445,26,9,830.8389282226562,17.648778349950227,9.47622314453125,1
loc_00823,Ben Smime,33.49503888888889,-5.189722222222223,8,3,1368.9915771484375,19.842176872803943,13.661953125,1
loc_00824,Beni Mkoud,33.89700833333333,-4.344252777777777,26,9,1216.7462158203125,16.29630078254005,8.86552734375,1
loc_00825,Bhalil,33.86452777777778,-4.890405555555555,8,8,960.5989990234376,18.20874254733352,9.57384033203125,1
loc_00827,Bon Massaoud,34.10189444444445,-4.083633333333333,71,8,1537.2919921875,22.316470405170087,13.842666015625,1
loc_00828,Bou Tazzert,33.430074999999995,-4.946205555555556,71,9,1745.6129150390625,5.579465782613645,2.825478515625,1
loc_00831,Diapir de Mellaha,33.77836666666666,-4.5620416666666666,71,3,875.7269897460938,6.739768807988068,3.5442919921875,1
loc_00833,El Harira,33.920541666666665,-4.363547222222222,21,9,989.4691772460938,14.324479442505147,7.53783935546875,1
loc_00834,Ic h Amellal,33.5172,-4.913855555555556,71,3,1896.22802734375,9.489326361698764,5.9723486328125,1
loc_00835,Ic h Bab El Mansour,33.66533333333333,-4.196561111111111,71,9,1810.0357666015625,12.460819091941634,6.035771484375,1
loc_00836,Ic h Maalem,33.704905555555555,-4.166080555555556,71,9,2048.541748046875,25.505806542428896,15.3954248046875,1
loc_00838,Ic h Ouarich,33.49328611111111,-4.916116666666667,71,9,1938.0911865234373,15.094981129431554,8.221640625,1
loc_00840,It Ougmar,33.410669444444444,-4.8735388888888895,14,9,1549.7137451171875,8.525556974958121,4.364140625,1
loc_00841,Ito,33.59500555555556,-5.3587444444444445,71,3,1290.5048828125,4.91313285367261,2.61736328125,1
loc_00843,Jbel Hamda,33.76776944444445,-4.508608333333333,71,8,1327.60693359375,11.068437106915308,6.05513671875,1
loc_00844,Jbel Messassa,33.898377777777775,-4.388580555555556,21,3,1267.708740234375,23.852310739972925,15.537001953125,1
loc_00845,Jbel Nerkibat,33.836244444444446,-4.089855555555555,71,9,2079.178955078125,10.910210357402743,5.878369140625,1
loc_00846,Jbel Sehrij,33.92944166666666,-3.992011111111111,18,8,1393.549560546875,39.17711518041749,25.8553857421875,1
loc_00847,Jbel Tazrakht,33.74353611111111,-4.613408333333333,71,9,1249.9666748046875,18.45624813834748,9.2353369140625,1
loc_00849,Jbel Tnidilt,33.92292777777777,-4.298558333333333,26,9,1547.7158203125,2.7272548457601724,1.538720703125,1
loc_00850,Jerf EI Gaz,33.424166666666665,-4.3422222222222215,18,9,1401.6822509765625,30.12937716012483,19.5530419921875,1
loc_00851,Kandar,33.779780555555554,-5.065452777777778,71,3,937.0804443359376,5.521616220848748,3.07782470703125,1
loc_00852,Koudiat Ech Chham,33.45149166666667,-4.929327777777778,71,9,1852.416748046875,15.251288815162583,8.627431640625,1
loc_00853,Laârouch,33.92948055555555,-4.256008333333333,71,9,1371.6046142578125,29.98724113399735,16.990615234375,1
loc_00854,Mâafa Tamekrant,33.480158333333335,-4.928294444444445,71,9,1944.3228759765625,10.09549294733593,6.3569384765625,1
loc_00855,Maafa Tamezian,33.491391666666665,-4.932941666666667,71,9,1907.776611328125,14.307545900267815,8.6150634765625,1
loc_00857,Mou Aguerbez,33.46251111111111,-4.945358333333334,71,9,1814.123291015625,13.506783096048764,7.6729638671875,1
loc_00859,Tamezziant,33.44653888888889,-4.891249999999999,71,9,1649.015625,11.692159999007158,7.2055322265625,1
loc_00860,Tichoukt,33.394725,-4.6585,71,9,2732.783447265625,34.31549024146909,24.96939453125,1
loc_00861,Tizi Bou-Zaabel,33.64558888888889,-4.1551,18,9,2263.26318359375,22.20837363171657,10.585341796875,1
loc_00862,Tizi Oughmari,33.46958888888889,-5.16506388888889,71,3,1623.0601806640625,27.328244222023976,15.6332568359375,1
loc_00864,Zitounat,33.40253611111111,-5.020261111111111,71,3,1818.0089111328125,9.941262073666485,5.2970947265625,1
loc_00865,Jbel Shala,33.687755555555555,-4.305622222222223,18,8,2055.439453125,43.87844607663666,33.91267578125,1
loc_00868,Aghram Amellal,33.68239166666667,-4.457058333333333,18,8,861.42529296875,9.578802374839409,5.79780029296875,1
loc_00869,Aghram Iroumine,33.645875,-4.472341666666667,59,8,908.860595703125,10.089483647086322,5.6655224609375,1
loc_00870,Bel Jeraf,33.82606944444445,-4.846188888888888,48,8,935.1889038085938,18.114088623343665,10.7425439453125,1
loc_00872,El Karia,33.77083888888889,-4.319133333333333,18,8,839.8147583007812,4.269587041508975,2.202607421875,1
loc_00874,Gara Tazouta,33.64585833333333,-4.650772222222223,8,9,1378.5233154296875,35.688581740422656,25.444453125,1
loc_00875,Ich n’Bouk,33.648944444444446,-4.417163888888889,18,8,1118.2537841796875,7.710686636877195,4.7305859375,1
loc_00876,Laazib,33.73292222222222,-4.382358333333333,18,8,1066.5474853515625,4.689745373695243,2.4216015625,1
loc_00879,Oued Mdez,33.65264722222222,-4.565633333333333,59,8,917.2529296875,2.1507767611145314,1.137197265625,1
loc_00880,Oued Zra,33.70815555555556,-4.641630555555556,71,9,1046.878173828125,22.127880327937486,12.8252197265625,1
loc_00881,Ribat al Khayr,33.81769444444445,-4.421363888888889,71,8,1099.8790283203125,3.2380506734553944,1.916669921875,1
loc_00886,Timahdite limestones,33.23932777777778,-5.05505,58,9,1839.586181640625,9.282231396037051,4.3026123046875,1
loc_00887,Aïn ou N’Jourh,33.47506666666667,-4.453991666666667,18,9,1438.8193359375,9.013015724814272,4.1921240234375,1
loc_00888,Aït Abdellah,33.41758333333333,-4.443222222222222,18,9,1617.5784912109375,10.645495644690884,6.689306640625,1
loc_00890,Botane,33.48017222222222,-4.465558333333333,18,9,1592.0947265625,12.636834720979127,6.166708984375,1
loc_00891,Botane Sud,33.47431666666667,-4.462652777777778,18,9,1578.26513671875,19.21374198803211,10.417197265625,1
loc_00892,Bou Ifraoun,33.41518611111111,-4.376255555555555,18,9,1450.66259765625,11.51574721556727,6.5224462890625,1
loc_00893,Bou Ifraoun Ouest,33.415524999999995,-4.3809,18,9,1420.2939453125,5.49259235496644,2.9363720703125,1
loc_00895,Darak,33.423427777777775,-4.452688888888889,18,9,1704.907958984375,6.63328598727975,2.944931640625,1
loc_00896,Djmila,33.51165833333334,-4.435205555555556,18,9,1353.6209716796875,15.978103614405448,8.5904443359375,1
loc_00898,Ksar Aït Moulay (Tisfoula Tasra),33.44374444444444,-4.391513888888889,18,9,1263.5926513671875,8.313119114607954,5.2873583984375,1
loc_00899,Oued Boukamouche,33.446866666666665,-4.422569444444445,18,9,1397.8507080078125,10.76189316527296,6.554970703125,1
loc_00901,Oued Tamemchet,33.42992777777778,-4.3973,18,9,1433.694091796875,2.8331724469516524,1.4449951171875,1
loc_00903,Oulad Ali,33.46462777777778,-3.971455555555556,18,9,1450.4691162109375,19.987077767442912,12.2302587890625,1
loc_00905,Taghit,33.45751944444445,-4.459761111111112,18,9,1525.3016357421875,11.54586577627835,6.15259765625,1
loc_00906,Taghit Aït Youssef,33.456136111111114,-4.453475,18,9,1556.216796875,18.08514379698684,10.4404150390625,1
loc_00907,Taghit Tissenflet,33.45088333333334,-4.423069444444445,18,9,1532.8671875,18.765491744204017,13.5944482421875,1
loc_00908,Tamgert Iktaaïn (Tizi N’Julierh),33.467105555555555,-4.449630555555556,18,9,1532.3729248046875,17.864086186600172,10.2842041015625,1
loc_00909,Tamgert N’Tarit,33.46763888888889,-4.434291666666667,18,9,1446.863037109375,18.109143058325905,11.1097998046875,1
loc_00910,Tamgert N’Tarit Nord,33.467083333333335,-4.4334444444444445,18,9,1493.877197265625,22.73002696321956,13.5766796875,1
loc_00911,Tamguert N’rate,33.45396388888889,-4.312311111111111,8,9,1521.54736328125,15.500974637403814,8.852060546875,1
loc_00912,Tasra,33.45984166666667,-4.393072222222223,18,9,1237.307373046875,12.906288917612551,7.454921875,1
loc_00913,Tasra Est,33.459563888888894,-4.386308333333334,18,9,1271.4453125,8.101880182648932,4.4171923828125,1
loc_00914,Tichniouine,33.42688888888889,-4.419608333333334,18,9,1443.678955078125,8.261688254904916,4.879580078125,1
loc_00915,Tichou Moulay Said,33.44114166666667,-4.395372222222223,18,9,1300.6700439453125,21.181365092113108,13.3184716796875,1
loc_00916,Tirardine,33.43595277777777,-4.359125,18,9,1454.6881103515625,31.98113392539149,20.5323974609375,1
loc_00917,Aari Aguelmam,33.16810555555556,-5.141450000000001,32,7,1882.772705078125,0.6190867634514986,0.3740625,1
loc_00919,Aghbalou n’Brahim,33.1894,-5.085630555555555,58,7,1877.029052734375,7.088114233265802,4.0783642578125,1
loc_00921,Aghbalou Ou Mançour,33.22733055555556,-5.093702777777778,58,7,1831.989013671875,0.4813839555824861,0.2562744140625,1
loc_00923,Aghbalou Tagma,33.23162777777778,-4.971713888888889,66,9,2128.01318359375,5.229612871259418,2.917138671875,1
loc_00925,Aguelmam Afiroua,33.22733055555556,-5.093702777777778,58,7,1831.989013671875,0.4813839555824861,0.2562744140625,1
loc_00926,Aguelmam Aghbalou Oumlil,33.243291666666664,-4.651375000000001,18,7,1747.0,0.0,0.0,1
loc_00928,Aguelmam Azegza,33.02415833333333,-5.091247222222222,71,9,2054.622314453125,0.9331782805120196,0.490009765625,1
loc_00931,Aguelmam Boucherouidene,33.49388611111111,-5.120933333333333,71,3,1661.58251953125,0.2285574787073886,0.1417724609375,1
loc_00932,Aguelmam Ifrighraoune,33.28836111111111,-5.179252777777778,58,7,1876.0633544921875,1.1670360608093906,0.4033984375,1
loc_00934,Aguelmam n’Tghallouine,33.38611944444445,-5.095947222222222,58,3,1856.5,0.0,0.0,1
loc_00937,Aguelmam Tidouit,33.24382777777778,-5.096116666666666,58,7,1830.828125,7.952378113128968,4.38919921875,1
loc_00938,Ain Aberchaou,33.89761111111111,-4.014505555555556,71,9,1350.6253662109375,27.15573529017764,15.137333984375,1
loc_00940,Ain Ajaabou,33.272283333333334,-5.341147222222222,71,3,1611.195068359375,25.812728696418045,17.281806640625,1
loc_00942,Ain Amernoud,33.68457222222222,-4.644205555555555,71,9,1022.8644409179688,15.26696985190958,9.3277099609375,1
loc_00945,Ain Dem,33.65043333333333,-4.67608888888889,8,9,1263.00390625,5.273915079761199,2.698837890625,1
loc_00946,Ain El Aouda,34.09748888888889,-4.037113888888888,71,8,1479.3004150390625,12.212783019505098,6.363828125,1
loc_00947,Aïn Erreha,34.004419444444444,-4.204813888888889,26,9,1038.2938232421875,14.016230817949358,8.7133154296875,1
loc_00948,Ain Guenaz,33.823994444444445,-4.127375,71,9,1953.8212890625,22.83270370535205,14.5191796875,1
loc_00949,Ain Ighlfoun,33.86443333333334,-4.025452777777778,71,9,1383.08154296875,17.88847074538774,11.612548828125,1
loc_00951,Ain Ighouzaz,33.91289722222222,-4.002994444444444,71,8,1303.5699462890625,22.67450651398993,13.1242626953125,1
loc_00952,Ain Jerjoub,34.03028333333333,-4.109444444444444,71,9,1321.5152587890625,6.447630459430928,3.547978515625,1
loc_00953,Ain Jerrah,33.743072222222224,-5.032669444444444,71,3,1168.1060791015625,2.4372472354428827,1.1702001953125,1
loc_00954,Ain Jorf,33.61043333333333,-4.880102777777778,71,3,1436.52001953125,13.40430282479186,6.677275390625,1
loc_00955,Ain Kahla,33.237175,-5.216227777777778,71,7,2003.6456298828125,2.9203892050072304,1.4253125,1
loc_00956,Ain Kahla 2,33.24341666666667,-4.96685,66,9,2000.4632568359373,23.145961656951428,13.8668701171875,1
loc_00959,Ain Melzit,33.81008611111111,-4.070302777777777,71,9,1831.10302734375,22.02449986871763,11.1713037109375,1
loc_00960,Ain Mezdou,33.761786111111114,-4.820505555555555,71,3,1226.644287109375,7.58503691949322,3.898359375,1
loc_00964,Ain Regrag,33.77913611111111,-4.732255555555556,71,9,1033.8487548828125,10.356291617889394,6.157744140625,1
loc_00965,Ain Sidi Rached,33.458308333333335,-5.150641666666667,71,3,1537.9097900390625,2.0059952187774663,1.2268798828125,1
loc_00966,Ain Skhounate,33.44908333333333,-4.339016666666667,71,9,1332.6370849609375,26.8921171549894,16.5333349609375,1
loc_00968,Ain Takeltount,33.61148055555556,-4.884241666666666,71,3,1430.610107421875,9.30649247771128,5.1697998046875,1
loc_00969,Ain Takhouwat,33.69269166666666,-4.5870138888888885,59,9,1036.2188720703125,3.7291951665779433,1.8865966796875,1
loc_00970,Ain Talghoulat,33.37153888888889,-5.101211111111111,58,3,1849.7340087890625,17.97501577409354,11.2983154296875,1
loc_00972,Ain Tassiwine,33.815866666666665,-4.068025,71,9,1782.909423828125,23.993475648157844,15.8675830078125,1
loc_00973,Ain Tataw,33.46128055555556,-4.295644444444444,8,9,1612.33154296875,15.89363537888404,8.354658203125,1
loc_00974,Ain Tidouit,33.23746388888889,-5.097741666666666,58,7,1810.0716552734373,1.8862297227560767,1.2808740234375,1
loc_00976,Ain Timedrine,33.74890277777778,-4.550766666666666,71,3,698.1841430664062,22.426917565699075,15.020029296875,1
loc_00977,Ain Vital,33.546438888888886,-5.112022222222222,71,3,1577.88818359375,10.565970667451747,6.0971533203125,1
loc_00978,Ain Zerrouka,33.543908333333334,-5.094422222222222,71,3,1604.913818359375,2.6712713542060453,1.4123388671875,1
loc_00979,Aioun Imettassene,33.4994,-5.078819444444444,71,3,1681.4608154296875,1.9299642178229344,1.2053662109375,1
loc_00980,Aioun Ras El Ma,33.46529166666667,-5.148561111111111,71,3,1579.0784912109375,12.980513854850424,8.7850244140625,1
loc_00985,Cascade des vierges,33.531444444444446,-5.109008333333333,71,3,1633.7755126953125,6.9322807255617445,5.565673828125,1
loc_00986,Cascade d’Imouzar Marmoucha,33.46691111111112,-4.2956,8,9,1584.6051025390625,31.0019577902336,21.873671875,1
loc_00988,Cascade Hawai,33.20070833333334,-5.389233333333333,18,9,1449.083740234375,33.64137276715848,25.062265625,1
loc_00989,Cascade Ras El Ma,34.144869444444446,-4.010294444444445,71,8,1016.1276245117188,11.346523631629506,6.87031982421875,1
loc_00991,Cascade Sidi Bou Shaq,33.050308333333334,-5.271638888888889,66,7,1632.188720703125,24.33737149921805,16.773720703125,1
loc_00993,Cascade Tagoute,33.48372222222223,-4.610399999999999,18,9,1095.013427734375,27.89063599505686,17.0666357421875,1
loc_00994,Dayet Aoua,33.654777777777774,-5.041138888888889,71,3,1463.0,0.0,0.0,1
loc_00995,Dayet El Jerane,33.56388055555555,-4.997213888888889,71,3,1689.8575439453125,0.3794773115222453,0.15552734375,1
loc_00996,Dayet Hachlaf,33.55094722222222,-4.999636111111111,71,3,1665.53173828125,0.3598545793873954,0.3335205078125,1
loc_00997,Dayet Iffer,33.60673611111111,-4.907886111111112,71,3,1511.0,0.4025503187738859,0.0793310546875,1
loc_00999,Dayet Maasker,33.64201388888889,-5.098416666666666,71,3,1369.0,0.2034893135635428,0.0665673828125,1
loc_01000,Dayet Moucherkour,33.50289166666666,-5.106875,71,3,1669.6796875,0.5684519072354234,0.15271484375,1
loc_01004,Lac Afourgagh,33.61366388888889,-4.878188888888889,71,3,1406.5,0.0,0.0,1
loc_01005,Lac Agoulmame,33.66503888888889,-4.85215,24,3,1385.0181884765625,9.11689611668388,4.502451171875,1
loc_01006,Lac Tighboula-Laachoure,33.17588333333333,-5.098941666666667,58,7,1900.52294921875,2.392205311397404,0.8840185546875,1
loc_01007,Ouoouchène,33.40856111111111,-4.911777777777778,71,9,1653.5032958984375,0.4866168457335291,0.143330078125,1
loc_01008,Rabiaa-Bitit,33.55803611111111,-5.2322500000000005,71,3,1458.716552734375,11.945044210112256,9.5617919921875,1
loc_01010,Ras El Ain,33.47276666666667,-4.278886111111111,8,9,1642.75341796875,14.4442862846477,9.8847412109375,1
loc_01011,Ras El Ma,34.144869444444446,-4.010294444444445,71,8,1016.1276245117188,11.346523631629506,6.87031982421875,1
loc_01012,Résurgence d’Ademame,34.031533333333336,-4.154888888888889,8,9,1260.0552978515625,9.809742766863122,4.8117626953125,1
loc_01013,Sabhab,33.89850555555555,-4.045475,18,9,1164.0975341796875,11.29961653620858,6.1668701171875,1
loc_01014,Sidi Yahia,33.740775,-4.192327777777778,71,9,1854.047119140625,15.107215200815704,7.4221435546875,1
loc_01015,Tabhirte,33.96127222222223,-4.247208333333333,26,9,1174.149658203125,22.29749007223521,12.2278466796875,1
loc_01016,Tibakhbakhine,34.102355555555555,-4.004022222222222,71,8,1514.3917236328125,28.36402256387685,16.617001953125,1
loc_01017,Tiguelmamine (El Hajeb),33.74834166666667,-5.234116666666667,8,3,961.3593139648438,3.3201235955490485,1.73209228515625,1
loc_01020,Assaka,33.47374722222222,-4.638691666666666,18,9,1216.483154296875,22.53863510092343,14.6402294921875,1
loc_01021,Bizi,33.96036666666667,-3.96215,18,8,1228.287353515625,33.41302392640976,22.4455712890625,1
loc_01022,El Aouinate,33.598683333333334,-4.774555555555556,71,3,1474.72607421875,14.217622137475733,9.4738232421875,1
loc_01023,El Herahir,33.64166111111111,-4.991175,71,3,1495.085205078125,9.366993086709902,5.9157763671875,1
loc_01025,Gorge d’Issouka,33.44948333333333,-4.338158333333333,71,9,1342.886962890625,25.958094305194656,15.8967333984375,1
loc_01026,Gorges d’El Mahssere,33.54183055555556,-4.4101944444444445,18,9,1002.31298828125,26.84630619930157,12.50006103515625,1
loc_01027,Hayane,33.72211388888889,-4.227055555555555,71,9,1238.8206787109375,23.45633355670181,9.426806640625,1
loc_01028,Issoumat,33.463369444444446,-4.682261111111111,18,9,1339.7427978515625,14.911833106884378,9.1682080078125,1
loc_01030,Jider,33.72848611111111,-4.238280555555556,71,9,1140.9842529296875,35.094060239075134,18.7445947265625,1
loc_01032,Qalaa,33.94078888888889,-3.992705555555556,18,8,902.8536987304688,38.715369208152346,25.85675537109375,1
loc_01033,Taffert,33.73351666666667,-4.2394388888888885,71,9,1157.4622802734375,43.565830595777086,38.39783203125,1
loc_01035,Teminte,33.762230555555554,-5.143988888888889,71,3,1070.7708740234375,14.866713935151324,8.524951171875,1
loc_01036,Tiguelmamine,33.771563888888885,-5.196016666666667,71,3,884.7761840820312,0.2913912234971635,0.091396484375,1
loc_01037,Tijma,33.48793888888889,-4.806505555555556,71,9,1568.5889892578125,10.415086626039322,6.095283203125,1
loc_01038,Tmourhout,33.90555277777778,-4.027030555555555,18,9,876.13525390625,7.736933598318186,3.75603759765625,1
loc_01039,Agouni Izguère,33.43886388888888,-4.905830555555556,71,9,1675.3389892578125,2.209971356692955,1.1411279296875,1
loc_01041,Ain El Aouda,34.09768888888889,-4.029902777777778,71,8,1610.9056396484375,21.38788783099159,12.415576171875,1
loc_01042,Ain Kahla,33.23573611111111,-5.228925,71,7,2028.8079833984373,15.570014901606305,6.6051904296875,1
loc_01043,Ait Ahmed,33.865744444444445,-4.208452777777778,18,9,1053.0133056640625,9.166950355398692,5.7295947265625,1
loc_01045,Aoumchach II,34.025397222222225,-4.120247222222222,71,9,1514.320068359375,32.232887529024325,19.745771484375,1
loc_01046,Aven Koul,33.79396666666666,-4.4853,71,8,1003.7688598632812,3.9284898729580537,2.1542041015625,1
loc_01047,Bab Bou Idir,34.08209444444445,-4.117308333333333,67,9,1459.40380859375,22.235070407456657,13.218212890625,1
loc_01048,Bab Tafertest,34.11956111111111,-4.018397222222222,71,8,1402.07861328125,2.22118805679584,1.00060546875,1
loc_01049,Bir Yala,33.74919444444445,-4.14486388888889,71,9,1984.73974609375,16.11503442207176,8.4938427734375,1
loc_01050,Bled Nertène,33.28416111111111,-5.319883333333333,71,3,1788.978271484375,8.838774876128596,5.651513671875,1
loc_01051,Bou Hyati,34.07950277777778,-4.118461111111111,67,9,1432.633056640625,14.59902819348385,8.7816943359375,1
loc_01052,Bou Imourdassane,33.73885555555556,-4.822591666666667,71,3,1422.3673095703125,9.383497064511044,5.5423486328125,1
loc_01053,Bou Lebrrouj,33.693686111111106,-5.193330555555556,71,3,1271.0350341796875,4.411505932897169,2.381279296875,1
loc_01054,Bou Mennjel,33.72825555555556,-5.148302777777778,71,3,1144.179931640625,4.088601954130535,1.550087890625,1
loc_01056,Chaâra,33.97953055555556,-4.226177777777778,26,9,1237.1920166015625,13.901647375606872,8.9362353515625,1
loc_01058,El Malekef,33.741255555555554,-4.140458333333334,71,9,2180.199462890625,19.040927531278744,12.12380859375,1
loc_01059,El Oulja,34.035275,-4.197847222222222,26,9,1140.9078369140625,17.28157269118545,9.652548828125,1
loc_01060,El Qalaâ,33.93088611111111,-3.9908833333333336,18,8,1458.0013427734375,25.607962984535284,15.047177734375,1
loc_01061,El-Malekef,33.75816944444444,-4.120233333333333,71,9,2177.83837890625,26.61449734206033,17.628916015625,1
loc_01062,Feldi,33.18620277777777,-4.955027777777778,71,9,2132.702880859375,1.3411872235829665,0.645478515625,1
loc_01063,Ghar Bied,34.096113888888894,-4.0228166666666665,71,8,1660.0491943359375,28.50748700218785,19.828232421875,1
loc_01065,Gouffre Friouato,34.104708333333335,-4.072527777777777,71,8,1468.5908203125,15.202367222427112,10.418388671875,1
loc_01068,Ich Maakel I,34.00116111111111,-4.064649999999999,71,9,1502.10009765625,12.11721980237512,6.83029296875,1
loc_01069,Ich Maakel II,34.00245833333334,-4.065419444444444,71,9,1510.0625,12.363311347598977,5.78541015625,1
loc_01070,Ich Maakel III,34.00396111111111,-4.072811111111111,71,9,1391.8067626953125,23.56791924932291,13.27841796875,1
loc_01071,Ifrah,33.55974444444444,-4.930127777777778,71,3,1619.0,0.0,0.0,1
loc_01074,Ifri Broud,33.69503611111111,-4.211777777777778,71,9,1381.2628173828125,33.96581103930653,21.6023876953125,1
loc_01076,Ifri Jider,33.701680555555555,-4.101058333333333,71,9,2024.326904296875,3.978068359026814,2.4894482421875,1
loc_01079,Ifri n′Tioutchilt,33.470038888888894,-4.218186111111112,18,9,1940.0447998046875,18.822950688395785,11.276494140625,1
loc_01080,Ifri Ouska,33.301741666666665,-5.18895,58,7,1858.9970703125,6.137253475592374,2.87515625,1
loc_01081,Ighrenba,33.19639166666666,-4.934025,71,9,2106.593017578125,0.3495603359479943,0.1350390625,1
loc_01083,Kef Admam,34.02674444444445,-4.152305555555556,8,9,1345.3214111328125,20.081573945858693,11.2571826171875,1
loc_01085,Kef Anghara,33.67386666666666,-4.1968250000000005,71,9,1542.77685546875,37.97045917534344,24.5128125,1
loc_01090,Kef dial R′Kam,33.69868888888889,-4.108174999999999,71,9,2047.4666748046875,6.322118708379944,3.3423583984375,1
loc_01093,Kef El Fiss,34.06856666666667,-3.999666666666666,71,8,1233.8062744140625,26.98373264830778,12.199298095703124,1
loc_01094,Kef El Hmam,33.797325,-4.4108027777777785,18,8,924.3414306640624,13.904872595290977,8.56669189453125,1
loc_01095,Kef el Jnoun,34.02441666666667,-4.149761111111111,8,9,1255.43701171875,29.38781972298294,18.3776953125,1
loc_01099,Kef El Seroual,33.98164722222222,-4.218966666666667,26,9,1221.849853515625,8.858610597621748,5.4254833984375,1
loc_01100,Kef Hazar,34.09831944444445,-4.045938888888889,71,8,1439.6541748046875,9.56184930866386,5.1896923828125,1
loc_01101,Kef Idra,33.990991666666666,-4.143722222222222,71,9,1199.435791015625,20.475091604763392,13.8961328125,1
loc_01103,Kef Kaouane,33.96104722222223,-4.247527777777778,26,9,1187.3582763671875,28.03963451792719,15.2881298828125,1
loc_01104,Kef Karia,34.143230555555554,-4.008675,71,8,1082.2313232421875,24.481659285316685,17.18673828125,1
loc_01105,Kef Maakel El Tahtani,34.008225,-4.074116666666667,71,9,1227.5205078125,20.53863837208897,14.007578125,1
loc_01106,Kef Meghous,33.966855555555554,-4.1729416666666665,71,9,1247.3056640625,21.164317149909152,13.816845703125,1
loc_01110,Kef-El-Mers-Ahmed,34.082727777777784,-4.04535,71,8,1570.7408447265625,21.36712710121543,11.8339306640625,1
loc_01111,Kef-Nahal-Tikhoubaï,34.004672222222226,-4.047447222222222,71,9,1128.93359375,34.26003056378034,21.8206005859375,1
loc_01113,Louta,34.02670277777778,-4.110097222222222,71,9,1300.5938720703125,1.596906174739236,0.74447265625,1
loc_01115,Meshoul I,34.0603,-4.10743611111111,67,9,1560.8753662109375,4.29881719692066,2.2453271484375,1
loc_01116,Mimejad,32.987833333333334,-5.266194444444444,71,9,2039.6395263671875,2.751774144065136,1.2411474609375,1
loc_01119,Poljé Ain El Aouda,34.10286666666667,-4.032969444444444,71,8,1457.398193359375,9.57487737766614,5.0928564453125,1
loc_01121,Poljé Chaâra,33.97953055555556,-4.226177777777778,26,9,1237.1920166015625,13.901647375606872,8.9362353515625,1
loc_01122,Poljé El Ghar,33.902611111111106,-4.279113888888888,26,9,1269.36865234375,6.333598256918371,3.2505419921875,1
loc_01126,Ras El Oued (Oued el bared),33.85398888888889,-4.002897222222222,71,9,921.2977905273438,28.08226037934515,19.44630615234375,1
loc_01127,Sidi Amar,33.72283888888889,-4.261372222222223,71,9,1497.4814453125,19.00269100525489,13.048203125,1
loc_01128,Sidi Maanar,33.73171666666667,-5.023344444444445,14,3,1238.198486328125,6.916451621494987,3.7296240234375,1
loc_01129,Sidi Majbar,34.144730555555554,-4.023936111111111,71,8,1263.9869384765625,23.038075030812227,14.090146484375,1
loc_01130,Taffert Est,33.672197222222216,-4.150244444444445,71,9,1927.534423828125,22.492118599898063,14.5893408203125,1
loc_01131,Taffert Nord,33.67719722222222,-4.157125000000001,71,9,1935.8450927734373,26.500946929590736,15.814453125,1
loc_01132,Taffert Nord-Est,33.675463888888885,-4.138188888888889,71,9,2032.4024658203125,30.605431686961776,24.427451171875,1
loc_01133,Taffert Ouest,33.67615277777777,-4.165661111111112,71,9,1933.450927734375,25.62757731614323,15.78537109375,1
loc_01134,Tahfourt,33.71246388888889,-4.173466666666667,71,9,1853.4898681640625,38.36946279256126,26.8573193359375,1
loc_01136,Talou Ou Taachat,33.73841111111111,-4.239441666666667,71,9,1260.207275390625,35.95456229444362,23.96037109375,1
loc_01137,Tidrine,33.495075,-5.065358333333333,71,3,1720.96826171875,5.220010888146554,2.5847607421875,1
loc_01138,Tifratine,33.69466111111111,-5.380022222222221,8,3,923.7615966796876,7.857311263315421,4.105419921875,1
loc_01140,Timezouine,34.043175,-4.109075,71,9,1521.586669921875,8.457890393856692,5.33845703125,1
loc_01141,Tirardine,33.44990555555555,-4.364108333333333,18,9,1460.5584716796875,19.1465246856803,11.783466796875,1
loc_01142,Tisfoula,33.244683333333334,-5.347758333333333,71,7,1699.108642578125,2.5775462855735314,1.5442822265625,1
loc_01143,Tit Azourane,34.10053611111111,-4.020405555555556,71,8,1434.376708984375,7.330746277541059,4.009990234375,1
loc_01144,Tlet fam,34.03856111111111,-4.091291666666667,71,9,1552.7135009765625,22.55259628577884,16.09642578125,1
loc_01146,Trou Arhelouet,33.67271944444444,-4.193761111111112,71,9,1656.6259765625,31.10536619552759,20.065546875,1
loc_01148,Bou-Teguerrouine,33.278841666666665,-5.094733333333333,58,7,1861.7901611328125,6.528701680105875,3.106591796875,1
loc_01149,El Koudiate,33.51963055555555,-5.164138888888889,58,3,1699.59228515625,10.4535745420664,6.6526171875,1
loc_01150,Jbel Hébri,33.35566111111111,-5.154808333333333,58,3,1865.5693359375,2.516503329434144,1.2884521484375,1
loc_01152,Lechmine Aït el Haj,33.381597222222226,-5.070113888888889,58,3,1749.630615234375,6.204695895110698,3.4054833984375,1
loc_01153,Bou-Ibalrhatène,33.33925277777778,-5.047933333333333,58,9,1725.880126953125,0.69150359822085,0.4015380859375,1
loc_01154,Lechmine n’Ikettane,33.376133333333335,-5.125405555555555,58,3,1825.3153076171875,4.615372835221069,2.544443359375,1
loc_01155,Lechmine Izgar,33.264202777777776,-5.104872222222222,58,7,1807.52880859375,10.2500413311476,5.1813330078125,1
loc_01156,Ouest Hébri,33.36046944444445,-5.141663888888889,58,3,2077.508544921875,23.13570771778522,13.459580078125,1
loc_01157,Tahbrite,33.346247222222225,-5.130202777777777,58,3,2014.3245849609373,19.12353012511041,11.12970703125,1
loc_01158,Timahdite,33.23072777777778,-5.066408333333333,58,9,1873.031494140625,2.79921255742532,1.3778125,1
loc_01160,Michlifene,33.54006944444444,-5.155341666666667,58,3,1675.537109375,2.478764978927033,1.516064453125,1
loc_01161,Lechmine Bou-Ibalrhatène,33.33996111111112,-5.061683333333333,58,9,1710.933349609375,0.4786317864449346,0.1976171875,1
loc_01162,Ouest Hébri,33.35552777777778,-5.154836111111112,58,3,1865.5693359375,2.516502580933125,1.2884521484375,1
loc_01163,Oued Chebeika estuary,28.29555555555556,-11.525,82,7,21.919282913208008,11.825010636905128,8.072665023803712,1
loc_01164,Cliffs of the west border of the Chebeika estuary,28.29555555555556,-11.525,82,7,21.919282913208008,11.825010636905128,8.072665023803712,1
loc_01168,Upper Precambrian  metaconglomerates (south-western tip of the Bas Draa inlier),28.34611111111111,-10.934166666666666,33,7,200.962158203125,2.467093625583769,1.217408447265625,1
loc_01169,Vertical Cambrian quartzites (“Barre de Goulimine”) crossed by directional fault,28.27777777777778,-10.901944444444444,10,7,252.2122802734375,8.096244645624084,4.2994970703125,1
loc_01175,Bituminous marls & estuariarine morphology,28.29171666666667,-11.533661111111112,82,7,0.0,2.2845412770452973,1.0937862586975098,1
loc_01177,Lecture of a landscape & unconformity,28.40788333333333,-11.067736111111111,14,7,93.90806579589844,2.1371053611747333,1.1466152954101565,1
loc_01178,Basement-cover relationships,28.355225,-10.939730555555556,33,7,194.1360015869141,1.555835068451029,0.69041259765625,1
loc_01179,Cambrian quartzites & joint systems,28.278641666666665,-10.897116666666664,10,7,259.7463684082031,3.430972196392246,1.994820556640625,1
loc_01180,Ordovician glaciation deposit,28.221733333333333,-10.889041666666666,8,7,498.8127746582031,11.30906380518027,7.158638916015625,1
loc_01181,Cylindric anticline & oolithic iron,28.123997222222226,-10.889105555555554,14,7,242.5115966796875,0.6742209716146587,0.3445245361328125,1
loc_01184,Continental uplift & coastal erosion,23.812833333333334,-15.892722222222222,40,7,10.376712799072266,0.661347243407683,0.2352635192871093,1
loc_01185,Artesian well,23.92295,-15.719727777777775,40,7,1.771447777748108,1.604533605013722,1.0702632862329482,1
loc_01187,Continental fossils & sedimentaion,23.791772222222225,-15.67058611111111,40,6,52.80573272705078,0.6766162865229253,0.3815193176269531,1
loc_01188,Continental sedimentation & unconformity,23.504219444444445,-15.081366666666666,69,7,241.6957244873047,0.6484001952164542,0.3433160400390625,1
loc_01189,Metagabbros,23.12788611111111,-14.65530277777778,39,7,236.2509002685547,0.7070891094198374,0.3719207763671875,1
loc_01190,Orthogenesis & dyke and pluton intrusions,22.505591666666668,-14.30453888888889,8,7,284.2257080078125,0.669316074170591,0.273504638671875,1
loc_01191,Migmatites & deep petrogenesis,22.59975,-14.357177777777778,8,7,295.6584777832031,0.591004300032917,0.20949951171875,1
loc_01193,Nappe kinematics & metapelites,22.590333333333334,-14.535102777777778,39,7,263.4624328613281,0.9066243614259352,0.476510009765625,1
loc_01197,Souss,30.455702777777777,-9.026147222222225,24,6,158.70327758789062,2.123630591609411,0.9608966064453124,1
loc_01198,Oued Eddahab,26.28188611111111,-13.033919444444445,23,6,173.27940368652344,0.7106102957615075,0.3424774169921875,1
loc_01199,The lagoon of Oualidia,32.73916666666667,-8.559127777777778,24,3,149.61936950683594,1.200405401043096,0.6809722900390625,1
loc_01203,Toubkal national Park,31.063266666666667,-7.937475,66,7,3157.923828125,15.762927713937763,9.574619140625,1
loc_01205,Angular unconformity of Cambrian-Cretaceous,32.65006944444444,-7.798116666666666,8,11,218.2811889648437,6.337657466005919,4.065484008789063,1
bg_00000,background,24.148166115168603,-14.71312784245513,23,7,179.81500244140625,0.3840350828661844,0.150697021484375,0
bg_00001,background,25.161989166320367,-14.240945281783274,23,7,133.86065673828125,0.1782214818480968,0.1036444091796875,0
bg_00002,background,23.909782763987902,-14.113941072371553,23,7,320.5413818359375,1.03214916513343,0.55117431640625,0
bg_00003,background,30.874356978014895,-5.1572562486294276,14,3,833.6870727539062,1.0127587331187375,0.563310546875,0
bg_00004,background,26.88663330214028,-10.499015115955066,8,7,331.5299377441406,8.395478138148595,5.289610595703125,0
bg_00005,background,23.956676572910414,-12.701672270326297,8,7,221.23867797851562,0.9865864584663616,0.4081402587890625,0
bg_00006,background,22.350761449914028,-14.18930078042621,8,7,267.2503356933594,0.611020234728937,0.24741455078125,0
bg_00007,background,26.248063574143412,-10.275987211895282,8,7,475.5389709472656,0.4586060356050962,0.359217529296875,0
bg_00008,background,29.055393379716392,-8.824026793608075,14,7,483.2347106933594,0.8320538669387728,0.43945556640625,0
bg_00009,background,22.414605563118645,-15.783888637069335,8,7,166.5567169189453,1.2253063633413956,0.6548809814453125,0
bg_00010,background,30.956972946129962,-4.550395746769741,8,8,892.0588989257812,20.34490016397339,13.468095703125,0
bg_00011,background,22.852421649944837,-14.770600701731327,29,7,290.7837829589844,0.975314541796128,0.48146240234375,0
bg_00012,background,32.05412016457166,-4.289234947112494,71,9,1561.935302734375,27.081999041305806,17.098388671875,0
bg_00013,background,26.188029993138827,-12.109562877488152,8,7,379.1481018066406,1.1315294134383058,0.747830810546875,0
bg_00015,background,25.10807584324174,-14.387554708802256,27,7,97.27310943603516,2.3431323947707994,1.1634072875976562,0
bg_00016,background,33.16730908701381,-3.627792557639614,14,3,935.9320678710938,0.8003202473510991,0.41409423828125,0
bg_00018,background,31.20289249924599,-6.174332471661812,14,3,1394.5201416015625,9.124629328796605,5.255712890625,0
bg_00019,background,33.913466891426964,-6.262460540158152,14,10,339.1236877441406,1.9355355097318476,0.96329345703125,0
bg_00020,background,32.58203849823484,-5.5938423572206055,59,9,1864.0135498046875,3.786576976885233,2.29423828125,0
bg_00021,background,25.176563780298476,-12.842400067377211,8,7,282.8269348144531,0.7908566873402048,0.366859130859375,0
bg_00022,background,31.09310323772097,-4.239120057817596,8,3,1025.667236328125,8.689476877968776,5.126943359375,0
bg_00023,background,30.45842144518125,-5.589289735013135,11,3,1308.7376708984375,11.209547709809145,6.218359375,0
bg_00024,background,25.063125750196985,-13.718875205419211,23,7,281.5577392578125,0.33972828083331874,0.20020751953125,0
bg_00025,background,34.74608549299786,-6.219095053181916,14,2,10.287453651428223,0.8405247729102754,0.36299636840820315,0
bg_00026,background,32.216326806936465,-4.550890520818114,71,3,1730.1739501953125,26.89664241560886,15.9597216796875,0
bg_00027,background,22.05868529279018,-14.01598162654367,8,7,218.851318359375,1.8209554841112676,1.0133251953125,0
bg_00028,background,34.52460625181784,-5.546634684595043,48,3,120.59062957763672,8.81554176986281,4.563932495117188,0
bg_00029,background,21.892264121623626,-15.728059047184885,29,7,159.29042053222656,0.4674541183505923,0.2085986328125,0
bg_00030,background,22.582154586299296,-13.19965783358078,8,7,307.6902770996094,1.2770392512263071,0.62088134765625,0
bg_00031,background,32.71026528706917,-5.32897300647982,59,6,1757.607177734375,9.154401212102561,5.2116357421875,0
bg_00032,background,34.19395439701195,-2.566334000846089,18,9,740.1512451171875,2.6870971257357747,1.786728515625,0
bg_00033,background,26.327364162724994,-9.608416583535202,8,7,473.0422058105469,0.6740073760426928,0.361343994140625,0
bg_00034,background,31.444356642787092,-4.147423188230444,69,4,903.622314453125,7.317269710083486,3.9536083984375,0
bg_00035,background,24.49057791668143,-14.932132171574114,37,7,115.14799499511719,4.521085291950342,3.1691876220703126,0
bg_00036,background,34.86588474831175,-5.624871440104363,8,10,353.90350341796875,11.577207896618196,6.293594970703125,0
bg_00037,background,25.627210888042516,-14.542595490595897,37,6,105.80001068115234,0.8659741586748998,0.4572503662109375,0
bg_00038,background,32.15293792462561,-4.651875496319005,71,9,1732.2486572265625,16.052779228145145,10.54103515625,0
bg_00039,background,30.41206561496327,-9.441860499197377,32,6,96.1730728149414,3.5679734762243815,1.981461181640625,0
bg_00040,background,32.83522143617248,-1.6612728748148518,14,3,1192.4033203125,3.5034759428184725,1.9793212890625,0
bg_00041,background,22.8318988335088,-14.506547509489872,39,7,314.666259765625,0.43768813601005313,0.235,0
bg_00042,background,26.362858045122312,-11.838843743307644,69,7,388.77490234375,2.166578277089339,1.37335693359375,0
bg_00043,background,21.966379380180385,-15.724645761432978,29,7,175.28396606445312,0.5061225953630565,0.41962890625,0
bg_00044,background,26.783015813528987,-12.982333214877528,8,6,173.95774841308594,3.422021464741294,2.627818603515625,0
bg_00045,background,22.819099543503267,-15.519596484927275,39,7,206.89022827148438,1.7049065875561973,1.0414862060546874,0
bg_00047,background,33.030522239559055,-5.392075499477187,71,9,1522.5472412109375,11.017004239762889,5.9089013671875,0
bg_00048,background,25.191352828757235,-13.100142794490992,8,7,212.66452026367188,0.42441354294138517,0.14872314453125,0
bg_00049,background,23.216180706802003,-12.874037833384913,8,7,284.3519287109375,0.7599928607978339,0.397249755859375,0
bg_00050,background,26.29870222268513,-10.078328219504575,8,7,488.2452697753906,0.7384911565348007,0.377584228515625,0
bg_00051,background,33.231139086114496,-7.818208234597535,17,5,224.56280517578125,0.8812909756225578,0.405009765625,0
bg_00052,background,23.09378351123393,-15.868695602378333,23,7,122.25979614257812,2.1240090380635848,1.388642578125,0
bg_00053,background,27.041100621782142,-12.777342300125675,8,6,141.86842346191406,1.4891876804851945,0.889146728515625,0
bg_00054,background,31.727079187036754,-5.941624643983238,71,7,2382.784912109375,35.05732337281329,21.50349609375,0
bg_00055,background,33.06933844184263,-6.3809576692316625,56,3,819.8652954101562,12.81102811189957,7.633515625,0
bg_00056,background,23.038709018005914,-13.156784804434016,8,7,325.4524841308594,0.47443498014667923,0.247269287109375,0
bg_00057,background,30.074480791198745,-5.600748487423093,8,8,691.7227172851562,2.9139866787561592,1.27685546875,0
bg_00058,background,31.23737084870371,-5.4294896221517766,36,9,1891.3607177734375,17.435551330219916,9.4936962890625,0
bg_00060,background,25.0455961972361,-12.0405598472456,63,7,338.3007507324219,0.45540352008666013,0.264322509765625,0
bg_00061,background,23.31263302559223,-14.174328870954927,8,7,295.1688232421875,2.719082942665864,1.266798095703125,0
bg_00062,background,24.76981343131885,-14.634576703935124,23,6,121.1140365600586,0.7381965535461396,0.24022430419921875,0
bg_00063,background,21.385629014662864,-16.607418311178254,62,7,27.59908676147461,0.9628399626430386,0.500364761352539,0
bg_00064,background,26.41123566039803,-9.918808871556074,24,7,498.3044738769531,1.5583256466540614,0.81066650390625,0
bg_00065,background,34.202263721943886,-6.162582111902013,14,3,68.16807556152344,0.8150429808418348,0.3292559814453125,0
bg_00067,background,31.099314785898436,-8.157722126539706,47,9,1682.5892333984375,37.871625871736825,28.3561474609375,0
bg_00068,background,25.385960653227595,-13.80574412999912,23,6,188.6656951904297,0.5000098793046805,0.2472515869140625,0
bg_00069,background,33.69394681651881,-3.8980371351059238,18,9,1608.8154296875,13.046074687959635,8.6403759765625,0
bg_00070,background,21.89368017041021,-14.757240266847486,8,7,236.04998779296875,0.652240581261246,0.6661309814453125,0
bg_00071,background,33.6853876345447,-1.8803294001113302,43,3,1086.09814453125,0.3757928553717753,0.0981201171875,0
bg_00072,background,33.329299398947256,-5.239462987721553,71,3,1818.3387451171875,9.924220352822978,5.1920068359375,0
bg_00073,background,21.640370429776986,-13.844000733283886,45,6,212.8495330810547,1.173733422290666,0.5825103759765625,0
bg_00074,background,32.257704266815814,-2.8921054347532165,56,3,978.3348388671875,1.190949274655557,0.6715966796875,0
bg_00075,background,23.91606942812166,-15.324504062006811,23,6,80.39987182617188,1.2837395778649145,0.698377685546875,0
bg_00076,background,28.02371895912769,-11.834507295761057,27,6,154.95361328125,1.0562295422303474,0.586514892578125,0
bg_00077,background,32.54297672046439,-4.068837339001628,71,9,2074.284423828125,15.810747407437978,9.076728515625,0
bg_00078,background,30.130935746099215,-8.87693422367196,49,9,1112.2408447265625,19.394262397261297,12.618349609375,0
bg_00079,background,33.64300715908904,-4.115872584797981,71,9,2157.024658203125,24.35259409155873,14.64416015625,0
bg_00080,background,26.229823283020686,-10.204402142764074,8,7,467.159423828125,0.4794058773998962,0.187813720703125,0
bg_00081,background,21.826060443044966,-14.029184249396593,8,7,257.79547119140625,0.7128271184269905,0.39037841796875,0
bg_00082,background,27.717047301594384,-8.702978270554816,27,6,473.7779235839844,0.5230689119222642,0.141812744140625,0
bg_00083,background,24.933736025606898,-12.98621004533703,15,7,236.16363525390625,0.775019742103637,0.3480419921875,0
bg_00084,background,27.777196227073784,-9.494771252286855,27,6,519.5328979492188,1.715733013862691,1.07886474609375,0
bg_00085,background,26.865490479044777,-10.960244752779175,24,7,222.59930419921875,0.6019620617959677,0.2477227783203125,0
bg_00087,background,34.357071780513586,-2.702572534433456,18,3,1455.861572265625,13.15131530246333,7.099765625,0
bg_00088,background,24.757577132445835,-14.389294945461643,23,6,155.51055908203125,1.106339473580671,0.4634521484375,0
bg_00089,background,23.83302820883275,-13.727256501535583,69,7,314.8324890136719,1.3082179994499803,0.78470703125,0
bg_00090,background,29.59426351351782,-5.794816774774026,82,7,583.2275390625,7.058676486857922,3.61102294921875,0
bg_00091,background,23.070983186315694,-13.147973589174946,8,7,330.3211669921875,0.48286952102153263,0.19663818359375,0
bg_00092,background,24.36594578293662,-12.917978094166916,8,7,218.1627197265625,0.8495641457050069,0.405723876953125,0
bg_00093,background,30.02966646987611,-7.782032310352961,49,9,1290.17529296875,17.709152595259408,10.2589404296875,0
bg_00094,background,33.84619829399401,-3.3453206414136187,18,3,984.4576416015625,22.526200686563417,11.62314697265625,0
bg_00096,background,26.49699322689389,-9.616024760391657,61,7,503.5251159667969,0.5203553839585536,0.195352783203125,0
bg_00097,background,24.999928869318968,-14.412266186574668,27,7,89.9061050415039,3.0983313569133366,1.7152420043945313,0
bg_00098,background,21.923001013195126,-16.714803522324615,62,7,14.300117492675781,0.5281787021658392,0.2018035888671875,0
bg_00099,background,34.2561943263673,-2.4871603404397447,18,9,1019.4976196289062,12.530668141414242,7.3913720703125,0
bg_00100,background,23.773893838585128,-15.493987779469055,23,6,86.28803253173828,1.0330865040073385,0.4509344482421875,0
bg_00101,background,33.74419194017641,-4.7915369905346274,71,3,1415.9658203125,8.816065863581333,5.5825,0
bg_00102,background,34.620707574682626,-5.443552015764923,64,1,176.93106079101562,17.560261691542166,9.90636962890625,0
bg_00103,background,24.20552472232597,-12.097615420469568,8,7,220.515380859375,1.414528658813312,0.719876708984375,0
bg_00104,background,30.852074494799975,-9.684388131519507,69,3,439.6871032714844,2.735110388209015,1.488455810546875,0
bg_00105,background,34.42774573866671,-2.5200260827292937,14,3,836.0416870117188,1.7620383868392948,0.81377685546875,0
bg_00106,background,23.523628599290706,-15.329858547411884,23,6,170.1168212890625,1.1588889313327093,0.6289154052734375,0
bg_00107,background,26.39561726990597,-11.428007333479359,24,7,253.82237243652344,0.7922827541867723,0.4728924560546875,0
bg_00108,background,27.321688108921336,-9.117553534839587,27,7,465.6694641113281,0.6663142102505589,0.30002685546875,0
bg_00109,background,32.776375133011,-8.121720484929927,14,3,202.42855834960938,0.631361379421639,0.358121337890625,0
bg_00110,background,31.519828241558038,-9.192775842201163,13,5,483.66802978515625,5.330002162300595,3.36407958984375,0
bg_00112,background,23.74106224469298,-12.260383303386531,8,7,279.2244873046875,0.654828447427081,0.38906005859375,0
bg_00113,background,27.79030133448531,-9.100441604429296,27,6,497.32867431640625,0.39691775378221006,0.16177978515625,0
bg_00114,background,32.12301982984271,-5.191472004015972,71,9,1854.465576171875,7.354881697057376,4.1226953125,0
bg_00115,background,33.62453681819969,-4.435124089994667,18,8,1030.7984619140625,8.730303382509932,3.78440185546875,0
bg_00116,background,33.92642434879045,-5.814484830573355,48,3,377.6302795410156,14.577496642797028,7.5894775390625,0
bg_00117,background,27.690987890284447,-10.830299281682953,14,7,327.07110595703125,0.8678725360135858,0.3642333984375,0
bg_00119,background,33.63671830433472,-6.144880589289984,56,9,448.407470703125,7.703758169901089,4.598909912109375,0
bg_00120,background,32.58117863632181,-4.900409973849672,14,6,1949.8541259765625,5.716692044714761,3.130419921875,0
bg_00121,background,26.44162383344798,-13.912334250626166,40,6,70.0295639038086,0.7908741291903738,0.3902676391601563,0
bg_00122,background,34.183075515188634,-5.1993607959137345,12,10,418.601318359375,13.497373503545806,7.42073486328125,0
bg_00123,background,23.979087018676218,-13.313723405265792,69,7,300.4543762207031,0.6013297986900239,0.341507568359375,0
bg_00124,background,23.53259540310829,-15.22743582541739,23,6,200.55816650390625,0.4427178252546692,0.2589752197265625,0
bg_00125,background,27.192688682403404,-12.027178384006202,13,6,334.56048583984375,0.7022916644587244,0.422923583984375,0
bg_00126,background,32.81366310560988,-7.263070211233395,32,3,666.1076049804688,1.076351830702083,0.56597900390625,0
bg_00127,background,30.577852554980144,-7.562207794588364,33,1,1700.191650390625,5.876613995684118,2.455576171875,0
bg_00128,background,27.995331410843338,-10.200187336189437,24,7,422.2651062011719,0.7898474217802964,0.250985107421875,0
bg_00129,background,23.51095584230526,-13.791068812219464,8,7,341.68463134765625,0.8176067914249763,0.5352197265625,0
bg_00130,background,23.920698579619607,-12.434305161848172,8,7,251.35545349121094,0.6616115323607932,0.292752685546875,0
bg_00131,background,30.591753686498812,-8.808333118456716,24,6,379.95208740234375,1.3590191440500845,0.805089111328125,0
bg_00132,background,30.393116669794274,-7.7423805383612185,56,7,1699.4390869140625,3.941276461289494,2.26453125,0
bg_00133,background,27.20688369151036,-12.850043743067458,27,6,95.23831939697266,0.6046939909315968,0.3788006591796875,0
bg_00134,background,21.549884929440243,-16.333488901822914,42,6,67.38780975341797,1.020407454336507,0.621512451171875,0
bg_00135,background,32.90537351422089,-3.266029671488995,32,7,1595.741943359375,3.5259594457491987,2.1653173828125,0
bg_00136,background,27.333767775416415,-9.975515254151086,27,7,530.3595581054688,1.591861282990872,0.7846728515625,0
bg_00137,background,23.08713055826511,-12.909666564853083,8,3,316.4216613769531,0.9215550408280987,0.437755126953125,0
bg_00138,background,26.744861447976746,-11.853291145068093,24,7,194.83871459960938,1.2384573962771708,0.711976318359375,0
bg_00139,background,27.985717638315354,-12.132056487029237,32,7,55.999916076660156,0.6061353384149403,0.25973236083984375,0
bg_00140,background,32.23731658128468,-4.5004521831082265,71,3,1388.46484375,8.180109780067296,4.9194580078125,0
bg_00141,background,27.613163084040323,-11.542999201633933,14,7,264.77508544921875,1.6182723015553688,0.69747314453125,0
bg_00142,background,26.741393030588025,-10.656856680083212,15,7,271.7264099121094,1.7459176308836453,0.9005224609375,0
bg_00143,background,30.757203203720326,-5.503448448424454,14,3,829.4384765625,1.9117593316488966,0.73753662109375,0
bg_00144,background,26.017167095897552,-14.038777583565246,23,6,121.88648986816406,0.46213411141535204,0.2963201904296875,0
bg_00145,background,23.612494920454917,-12.11361045473393,8,7,300.7392272949219,0.3538794353683724,0.14582763671875,0
bg_00146,background,27.351317736357764,-8.844823180605534,27,6,461.7587890625,0.48591670260285097,0.1529296875,0
bg_00147,background,26.93615529336988,-9.51724994169212,27,7,504.8503723144531,2.33016393130946,1.32602783203125,0
bg_00148,background,22.055248507920062,-13.642921018229345,8,7,261.4136657714844,0.7782748695048456,0.35971435546875,0
bg_00149,background,23.772197622426393,-15.747155108335004,40,7,19.098499298095703,2.162810765369336,1.21877197265625,0
bg_00150,background,26.020316810801873,-12.932702855434584,8,6,217.6136474609375,0.7120111227315151,0.3414501953125,0
bg_00151,background,26.309570259901335,-14.112950316946277,37,6,80.92162322998047,0.4090935995404737,0.203291015625,0
bg_00152,background,30.8223882182139,-8.569708001159393,47,9,1479.06396484375,27.11498316741128,15.877041015625,0
bg_00153,background,27.04884921581809,-11.339504127528773,8,7,195.62173461914062,3.1692278129057785,1.546036376953125,0
bg_00154,background,31.921551708674375,-3.1769644710188176,32,3,828.1843872070312,0.48641821410633695,0.16824951171875,0
bg_00155,background,22.32015341659788,-13.903314332163648,8,7,238.53549194335938,1.3206332687437239,0.6993359375,0
bg_00156,background,25.92451714948337,-13.85384830152516,23,7,134.3154296875,0.8648855059390049,0.32500244140625,0
bg_00157,background,21.738334545644104,-13.222145091609548,45,7,259.66033935546875,0.908456828894193,0.74890380859375,0
bg_00158,background,32.36410273099468,-1.2910094368772247,35,3,1091.3037109375,5.933404401757015,2.2058740234375,0
bg_00159,background,34.59638347518616,-6.269284272413784,24,2,4.881383895874023,0.28449958639973877,0.11296747207641601,0
bg_00160,background,33.340723205899295,-2.606667716766801,43,3,1211.3101806640625,0.4732165228477169,0.278330078125,0
bg_00161,background,31.5134609041542,-9.391960495678164,69,8,375.29925537109375,10.618348678911255,6.5086767578125,0
bg_00162,background,35.17609012594319,-3.8071116783506227,24,6,15.746200561523438,0.5711721882340506,0.3337406158447266,0
bg_00164,background,25.196424068439686,-13.637224989377236,23,7,275.3604736328125,0.5126523199887164,0.298448486328125,0
bg_00165,background,24.757515616373485,-12.4266030229763,8,7,261.8650207519531,0.43267053359004176,0.225230712890625,0
bg_00166,background,32.94221669636924,-8.760098003313285,17,3,140.80625915527344,3.0174745534697367,1.675877685546875,0
bg_00167,background,22.715525658928318,-16.066948744201127,8,7,109.04193878173828,3.608354611284806,1.9318569946289061,0
bg_00168,background,25.890371510042637,-12.969312459446428,8,6,242.14370727539062,0.36063862660949564,0.1914544677734375,0
bg_00169,background,32.47720919212037,-7.596058097351036,8,8,282.0,0.0,0.0,0
bg_00170,background,21.946650059692058,-16.265160240814836,39,6,89.567626953125,1.357131647918756,0.6473623657226563,0
bg_00171,background,31.600016894970302,-5.616649569630531,71,9,2127.902099609375,15.490609393803926,8.98505859375,0
bg_00172,background,30.66812843220633,-6.3548568011275695,8,9,917.9243774414062,9.809542240317581,7.0550537109375,0
bg_00173,background,30.703528149569443,-9.343742111181193,68,9,1213.63623046875,37.00726132929004,27.498857421875,0
bg_00174,background,32.63834203813641,-4.00431449215619,69,7,1503.332763671875,2.6971618070512475,1.613212890625,0
bg_00175,background,27.13749809635281,-11.678221494231861,24,7,285.86328125,0.9676876874183155,0.43236328125,0
bg_00176,background,25.360673826326572,-14.55193004874066,23,6,102.60895538330078,1.759369861968045,1.0700042724609375,0
bg_00177,background,23.255018115907706,-14.500863943200976,39,7,261.12640380859375,0.7149946670655929,0.589447021484375,0
bg_00178,background,21.749092551021047,-14.596845986357906,8,7,204.0647735595703,0.785135955368039,0.5435943603515625,0
bg_00179,background,32.67013660248149,-8.547711080624424,14,3,172.7801971435547,0.7669773851278006,0.3169195556640625,0
bg_00180,background,31.685291429308077,-5.130088212255194,13,3,1125.1710205078125,4.0641950698448435,2.622890625,0
bg_00181,background,29.7845091054826,-6.1378298539002945,82,7,497.5977783203125,6.026572575109511,2.634898681640625,0
bg_00182,background,21.509763360875034,-16.205154224291896,42,6,81.4784927368164,1.0948637523230962,0.3175927734375,0
bg_00183,background,33.9520549426438,-1.8695334716319973,14,3,1013.066650390625,2.0258459682604686,0.945439453125,0
bg_00184,background,24.184004794037932,-12.280655834274679,8,7,218.27565002441406,0.9260890167539149,0.33009521484375,0
bg_00185,background,27.334697012625814,-9.951737878834809,27,7,531.6383056640625,0.7444616426328791,0.3908251953125,0
bg_00186,background,24.884316548721145,-14.261648407732258,23,6,153.554443359375,0.9734370857141382,0.583004150390625,0
bg_00187,background,32.25116626608663,-5.228853437325355,71,9,2190.77490234375,11.068453266907058,5.27265625,0
bg_00188,background,26.85414593454814,-9.726918298485062,27,7,532.5330810546875,0.323274401642946,0.24832275390625,0
bg_00189,background,31.740510642943804,-9.627105456303537,17,5,4.286885738372803,3.647952253159242,1.7758773255348206,0
bg_00190,background,24.676594427619175,-13.336965377006738,8,7,250.1215362548828,0.8719542239911015,0.5251129150390625,0
bg_00193,background,32.85432201767228,-7.97231785734349,69,8,197.83306884765625,15.726472808447381,7.808629150390625,0
bg_00194,background,27.41292762160884,-12.44869229072083,45,7,160.49441528320312,0.7086597837912241,0.3372845458984375,0
bg_00195,background,32.72446290611186,-6.7307358839981895,32,3,599.2373046875,3.3101899582633965,1.95725341796875,0
bg_00196,background,34.545251796934664,-5.843243605354268,14,6,32.461605072021484,0.5475554475850272,0.2993293762207031,0
bg_00197,background,33.59190248932813,-4.358959021348125,18,9,1511.601806640625,18.135704044277,10.693984375,0
bg_00198,background,31.870735205085627,-6.705470791711253,71,3,1287.6114501953125,9.927133684654418,5.441923828125,0
bg_00199,background,28.106918148512406,-10.818690670513138,28,7,220.36203002929688,0.7123773659913221,0.36027099609375,0
bg_00200,background,26.292366624314305,-12.836543827107446,8,7,210.99041748046875,0.7919299098410104,0.4361175537109375,0
bg_00201,background,33.50994122793515,-7.099499136496438,14,5,306.571533203125,2.801753942687831,1.52862548828125,0
bg_00202,background,23.652221161966626,-13.29825373130961,8,7,336.76666259765625,0.518345546259109,0.23991455078125,0
bg_00203,background,34.15443090008343,-4.03127870114968,71,8,1068.9609375,5.521700855906775,2.8551708984375,0
bg_00204,background,33.050863714897254,-2.1086611112677485,18,3,1453.3978271484375,4.849508330897052,3.1041259765625,0
bg_00205,background,29.907503450806352,-9.529643032689256,14,8,102.06109619140625,0.5670205109402645,0.25929412841796873,0
bg_00207,background,32.73984322300511,-3.5984856386320647,13,7,1460.7459716796875,9.945857806438735,7.5865673828125,0
bg_00208,background,25.580645823104092,-14.045740229415358,23,6,154.7674560546875,0.7776200547097972,0.2923590087890625,0
bg_00209,background,29.978616083725232,-5.269869844412413,82,3,717.8727416992188,3.2170789290289283,1.47531005859375,0
bg_00210,background,32.126757974579704,-2.757786035372072,14,3,931.5750122070312,1.688745853265914,0.94615966796875,0
bg_00212,background,26.751905177743687,-12.635986554685466,8,7,139.1540985107422,1.9007071082810896,1.1482098388671875,0
bg_00213,background,25.362529997725332,-14.119358550910674,23,6,141.44039916992188,0.9499974535316196,0.5171783447265625,0
bg_00214,background,23.36516366120403,-14.041700537002372,8,7,304.2908935546875,0.32964359679031513,0.15506103515625,0
bg_00215,background,22.696812487764536,-13.51580910951637,8,7,324.4747314453125,0.7143700013960065,0.346005859375,0
bg_00216,background,26.75641353545908,-13.063184719290957,23,7,127.55887603759766,7.362304118886622,3.9746554565429686,0
bg_00217,background,32.89444321982112,-2.2537555966282694,18,6,1528.0113525390625,1.850064329209662,1.0404736328125,0
bg_00218,background,27.564813444727328,-13.082113104318038,45,7,38.66173553466797,0.8638597415205013,0.3136317443847656,0
bg_00219,background,31.398075279451138,-3.8370128747038,69,3,870.3629150390625,11.704505210179137,8.41680908203125,0
bg_00220,background,31.688622343214906,-7.514227895182269,24,3,622.8362426757812,0.9260777876486005,0.55649169921875,0
bg_00221,background,29.57518911865288,-9.575605548528667,56,7,627.19189453125,15.378265190079846,7.8888916015625,0
bg_00222,background,26.74729849751096,-10.017891702708035,8,7,422.9115295410156,5.438347108653523,2.496798095703125,0
bg_00223,background,34.199875538916395,-4.313128964345668,64,10,469.0041809082031,20.68556696116047,11.757099609375,0
bg_00224,background,21.852625688309796,-15.81417180483021,29,7,150.65545654296875,0.9008981073931908,0.576995849609375,0
bg_00225,background,23.792840316078255,-14.908782853245205,23,7,227.45162963867188,0.6999592272753086,0.3817132568359375,0
bg_00226,background,33.945825457094834,-6.211557428104971,14,10,323.8484802246094,3.4596139129377876,1.82128662109375,0
bg_00227,background,29.67295983633188,-7.467492907831857,14,7,465.0335693359375,2.5008200257908606,0.930914306640625,0
bg_00228,background,33.08449675560327,-3.8196879969892668,14,3,909.9563598632812,0.8663060998949584,0.478525390625,0
bg_00229,background,32.20545161215253,-1.675256858950888,71,3,1291.269775390625,2.1083765405621047,1.1848193359375,0
bg_00230,background,23.43773233598006,-14.197219021513428,39,7,264.2978210449219,0.8751727851944436,0.51032958984375,0
bg_00231,background,29.692809420578975,-8.518203878924416,49,7,1316.582763671875,29.443206322619684,19.63498046875,0
bg_00232,background,22.51806206737573,-15.920073284277976,39,7,144.8468017578125,0.7211254181925794,0.306212158203125,0
bg_00233,background,31.607087383685005,-3.521554961267897,82,3,1101.791748046875,1.064618800591676,0.4751708984375,0
bg_00234,background,26.020050782509294,-9.594696450282811,8,3,424.4799499511719,0.5296396933881699,0.2540966796875,0
bg_00235,background,29.482593711586972,-7.377903206682264,8,7,384.8851013183594,1.0943708420548666,0.734735107421875,0
bg_00236,background,34.53812388246523,-2.68401855062188,8,3,538.1530151367188,11.60326568016675,5.72079345703125,0
bg_00237,background,26.93603815748222,-11.664684840720795,8,7,178.87533569335938,2.407545772144845,1.189088134765625,0
bg_00238,background,31.529852612197967,-7.996518117151227,24,5,564.24169921875,1.7349488190252267,0.711728515625,0
bg_00239,background,27.604801155374513,-11.291399847418859,8,7,208.4248046875,1.5400233661351248,0.8030657958984375,0
bg_00240,background,27.04712705928899,-11.577065323567297,24,7,202.15457153320312,1.0666836866983895,0.8424896240234375,0
bg_00241,background,34.36637556387763,-3.178523536164532,14,5,341.8243408203125,0.49477833366088314,0.211939697265625,0
bg_00243,background,27.61809754721234,-11.65094316187887,27,7,298.7220764160156,1.150294831295762,0.636004638671875,0
bg_00244,background,27.877560077749884,-10.709393479798193,14,7,566.0819091796875,1.775048932735251,1.0283984375,0
bg_00245,background,22.90259605530697,-14.148446499984988,8,7,290.7255554199219,0.6866623007143899,0.3390185546875,0
bg_00246,background,29.446610494207576,-9.277292597160017,49,3,1347.4959716796875,17.594060568176396,11.0451318359375,0
bg_00247,background,23.006598807133376,-15.071034326025629,29,7,236.81690979003906,2.1652575627298645,1.5485638427734374,0
bg_00248,background,31.550846623498085,-8.47087704662873,43,10,432.9294128417969,1.4137018461806146,0.754439697265625,0
bg_00249,background,34.225489411176774,-5.070793289109158,64,10,264.0879821777344,3.2191005865841946,1.834287109375,0
bg_00250,background,30.024206568411106,-9.228403197348134,49,9,463.2616882324219,1.9316973526681933,0.66880859375,0
bg_00252,background,28.822270577570652,-10.037641613970825,49,6,578.85205078125,16.117533454911324,8.7328466796875,0
bg_00253,background,27.431632672345806,-9.002746918071601,27,6,461.6004638671875,1.258699994204316,0.6387060546875,0
bg_00254,background,32.71290306115998,-8.094500194906683,69,8,321.453369140625,5.250979823299866,2.636590576171875,0
bg_00256,background,22.7113575468789,-15.542467421130942,29,7,222.0853729248047,1.3562222597325322,0.8280133056640625,0
bg_00257,background,26.325191772138417,-10.209278449558774,8,7,462.2215576171875,0.7024297424337888,0.453179931640625,0
bg_00258,background,26.69358239716771,-10.99738186135027,15,7,261.3378601074219,1.589719392881324,0.800836181640625,0
bg_00259,background,32.11083012073194,-6.0442949720315635,71,9,2321.843994140625,23.417136511278677,12.569892578125,0
bg_00260,background,27.37149009132304,-11.682085482522204,27,6,308.8072204589844,0.7945490401671358,0.446806640625,0
bg_00261,background,22.865837432733027,-14.21347485516676,8,7,307.0164794921875,0.6165540531091466,0.21504150390625,0
bg_00262,background,27.234873332119705,-12.911873148834902,27,6,83.2183837890625,0.536990590706733,0.2984326171875,0
bg_00263,background,31.71603600866505,-4.7803970204037975,13,11,1020.7793579101562,2.5790266273919595,1.50067626953125,0
bg_00264,background,24.54358101852356,-13.267953981207473,23,7,295.9476318359375,2.407237471274269,1.16647705078125,0
bg_00265,background,26.914612155515158,-10.820809592909162,8,7,311.0188903808594,2.2880907502764156,1.388057861328125,0
bg_00266,background,29.878959180513792,-7.851505042960285,49,9,1255.01611328125,7.43277010738063,4.50994140625,0
bg_00268,background,26.886699120139905,-10.961506217646829,8,7,221.5065155029297,0.5111675382059713,0.2235101318359375,0
bg_00269,background,22.15933852035097,-16.674407974796697,62,7,11.068365097045898,1.3480371907253592,0.7962038421630859,0
bg_00270,background,34.180363344253145,-3.55572531892303,14,5,448.6426696777344,0.5222529033369419,0.212366943359375,0
bg_00271,background,27.491166800465813,-9.458323632700317,27,7,497.9958190917969,1.2598857306093851,0.714339599609375,0
bg_00272,background,32.40307347594473,-8.550801296099262,24,5,225.28994750976562,0.6129339671905446,0.405445556640625,0
bg_00273,background,22.323647579026936,-13.427952578971327,8,7,274.410888671875,0.47083868315045385,0.204635009765625,0
bg_00274,background,25.29296636001783,-13.914316733197222,23,6,198.1110382080078,0.53880585355537,0.26801025390625,0
bg_00275,background,25.69940960874182,-14.021422183889209,23,6,159.6441650390625,0.48691827739437976,0.2278070068359375,0
bg_00276,background,22.15265651965588,-15.178367111171864,29,7,247.35272216796875,0.7591791644165251,0.6886181640625,0
bg_00277,background,31.132290664942907,-9.610867780617196,69,3,344.7004699707031,3.5846487985309636,1.7885888671875,0
bg_00278,background,27.183584905587875,-9.730314786385422,27,7,516.2050170898438,1.1998093914290204,0.46729736328125,0
bg_00279,background,30.394991515289274,-7.643978973475414,49,7,1813.944091796875,21.033219403033716,13.560517578125,0
bg_00280,background,25.985443796930433,-12.647682832656262,8,7,283.3217468261719,0.8019054654796116,0.449654541015625,0
bg_00281,background,25.083868384638368,-14.152038869732877,23,6,171.5048370361328,0.8351709265088298,0.46154541015625,0
bg_00282,background,23.676537612008296,-13.84001921454817,69,7,393.0794372558594,2.032604732026425,1.249564208984375,0
bg_00283,background,32.203107695800874,-3.40848545212984,71,11,1212.59326171875,6.956290619752908,3.4214111328125,0
bg_00284,background,26.281550125570668,-11.373544905919015,60,7,284.780517578125,0.5305291918563303,0.1998583984375,0
bg_00285,background,21.71306598500768,-15.382119280036166,29,7,172.84774780273438,0.3857576107577499,0.23164306640625,0
bg_00286,background,33.56296304568655,-2.0893636148205257,43,3,1110.3033447265625,0.4310600214397669,0.1981640625,0
bg_00287,background,33.31844850710872,-7.718881040330686,41,3,219.81649780273438,2.760021897312113,1.73151123046875,0
bg_00288,background,35.79362936654348,-5.627323228479432,8,3,45.055816650390625,11.69437346364641,6.43093505859375,0
bg_00289,background,31.109670921197054,-9.647040717441453,69,3,288.4384460449219,18.006544640292717,10.64364990234375,0
bg_00290,background,28.371327614256895,-11.087300807142045,69,7,99.09199523925781,1.8493609539425246,1.0466970825195312,0
bg_00291,background,25.998664186811364,-14.143031878135696,8,6,27.27050018310547,0.4828040600994049,0.15073661804199218,0
bg_00292,background,35.08859549507651,-6.014742115444443,24,2,4.53725004196167,0.4462941133296859,0.1496262741088867,0
bg_00293,background,24.105585576587057,-15.459738345733399,40,7,45.173038482666016,0.4691386231886275,0.21515243530273437,0
bg_00295,background,23.172107042755766,-16.048942429233094,37,6,53.04104232788086,3.5162741388894005,2.4257647705078127,0
bg_00296,background,27.50526026624827,-9.029457221922522,27,6,473.46356201171875,0.42332948182397384,0.16033203125,0
bg_00297,background,32.59282024551656,-5.505599751878459,59,6,1889.7449951171875,8.779922303102515,4.3695703125,0
bg_00298,background,25.386620343505424,-13.349816082531497,8,7,165.5368194580078,1.0964908421820032,0.482489013671875,0
bg_00300,background,23.567386154104607,-12.672089417635988,8,7,243.72476196289062,1.3348121872263852,0.75121337890625,0
bg_00301,background,26.382298534016698,-12.418583519504166,8,6,269.3422546386719,0.5136232061308046,0.234822998046875,0
bg_00302,background,26.69480608269538,-13.65080839416359,82,7,0.0,0.0,0.0,0
bg_00303,background,32.021451391615905,-7.9732821531793245,24,5,445.9418029785156,0.8034643053358572,0.485625,0
bg_00304,background,22.668276292119184,-14.309168301053724,8,7,319.9841003417969,0.5879606142225315,0.2072900390625,0
bg_00305,background,32.78697724016892,-2.6747854642594593,14,3,1282.7257080078125,0.5672455659629949,0.32361328125,0
bg_00306,background,31.73985072987937,-9.327111956393722,69,8,474.8025207519531,11.716639517851844,6.36117431640625,0
bg_00307,background,33.66251579957698,-2.6729760434704057,43,3,1148.1092529296875,0.347695847657345,0.12615234375,0
bg_00308,background,26.755182960752837,-10.586582876388883,15,7,277.124755859375,1.0799540386768922,0.5950634765625,0
bg_00309,background,30.68376758939529,-8.564835094692143,8,6,601.32861328125,1.6283006646377358,0.89478759765625,0
bg_00310,background,31.875177604990675,-8.306883087033494,56,5,526.490478515625,6.058955030369289,4.0610693359375,0
bg_00311,background,22.506599847628554,-15.111938055403884,29,7,272.2485656738281,1.3892344702159056,0.549110107421875,0
bg_00312,background,33.10316386428617,-4.681831257069348,14,6,1606.9842529296875,0.6075535919622391,0.3191455078125,0
bg_00313,background,26.19584356053777,-13.925454236791879,8,6,21.54013442993164,1.5080096768671094,0.8741061401367187,0
bg_00314,background,27.563138475127587,-10.094279866639104,27,7,540.6119384765625,1.5747139181719938,0.8912109375,0
bg_00315,background,31.465191467028475,-7.4715871905706175,71,9,1878.008056640625,24.928877944195058,16.2859033203125,0
bg_00316,background,23.46488770410239,-13.98189612366709,8,7,300.4193115234375,0.4741915880716608,0.287259521484375,0
bg_00317,background,23.430757052350145,-12.982324573891859,8,7,298.8601379394531,0.8017763949721667,0.36180419921875,0
bg_00318,background,31.63509377761346,-4.019995287759586,24,11,966.149169921875,0.7623209437949096,0.4649853515625,0
bg_00319,background,26.31083819826252,-13.510805002226329,45,7,111.4674072265625,0.7894025231075184,0.48570281982421876,0
bg_00320,background,32.185736199557915,-8.693774173055601,68,8,391.10943603515625,1.6411048152022394,1.003699951171875,0
bg_00321,background,32.795351576983634,-5.114050886181995,19,11,1655.6009521484375,4.491590034535558,2.27115234375,0
bg_00322,background,30.884676366810513,-5.02115529478309,8,3,888.9368286132812,29.577913707295686,19.5904833984375,0
bg_00323,background,31.08808211245739,-8.182182388885202,56,9,1402.7503662109375,26.642913917732837,16.3195458984375,0
bg_00324,background,34.26853073492783,-5.263429311599164,24,8,177.78846740722656,11.849963491544536,7.647723388671875,0
bg_00325,background,21.775373390674993,-16.29115484753168,39,6,75.34844970703125,1.9147941218135178,1.0782675170898437,0
bg_00326,background,31.59827359272472,-3.646449854160717,82,3,1142.282958984375,1.3035931330664106,0.7013427734375,0
bg_00327,background,23.26592254992375,-13.380898012550766,8,7,355.7547607421875,0.5198605508291627,0.186148681640625,0
bg_00328,background,29.337792244758507,-9.942083445558104,14,9,398.9763488769531,4.240860954175129,2.278638916015625,0
bg_00329,background,33.24504611609311,-8.17439304073185,17,3,114.29302978515625,3.323623992183931,1.7227658081054686,0
bg_00330,background,26.452184370261673,-9.059561971113723,8,7,470.9926452636719,0.5593653812560928,0.22057861328125,0
bg_00331,background,25.85247648565148,-13.060228238394979,8,7,220.96534729003906,0.30541435283863316,0.1388031005859375,0
bg_00332,background,21.814895944959527,-15.990736471136355,39,6,138.59078979492188,0.8875253177226773,0.4617242431640625,0
bg_00333,background,34.436432788587695,-6.2547975211829465,24,2,5.425633907318115,0.5868856563863856,0.24771398544311524,0
bg_00334,background,31.587771997207888,-4.743883036017379,8,11,911.1708984375,0.4937045611840713,0.19126953125,0
bg_00335,background,27.253605135769334,-12.079169038091058,27,6,299.0260314941406,0.3553565102723998,0.135546875,0
bg_00336,background,27.571968153628948,-11.910801034067807,27,6,329.4598388671875,0.6430252117879214,0.27232177734375,0
bg_00337,background,34.68067337972457,-6.4122018230477105,82,3,0.0,0.0,0.0,0
bg_00338,background,27.044082432428734,-11.006524139442272,24,7,229.1267852783203,5.664824247157058,3.430574951171875,0
bg_00339,background,29.707200749185443,-9.459460196518688,10,3,267.0234680175781,2.2079531624142636,1.438192138671875,0
bg_00340,background,26.998756060883128,-12.251055534616023,27,6,258.27642822265625,0.45192530586435514,0.220567626953125,0
bg_00341,background,35.198677850423785,-3.9106452630252173,82,3,116.43399047851562,5.486386071815771,3.037529296875,0
bg_00342,background,27.554380795625185,-12.399653058360848,45,7,189.8822479248047,0.7749382495351925,0.3365740966796875,0
bg_00343,background,26.486126491177014,-10.17030717917418,61,7,391.7259521484375,0.6842179312170832,0.29645751953125,0
bg_00344,background,22.02134701384756,-15.232963185464493,29,7,250.28025817871094,1.1252590626212324,0.4392974853515625,0
bg_00345,background,33.77598052315776,-2.06848188096014,14,3,1046.07421875,3.7991107132941933,1.720380859375,0
bg_00346,background,30.642464210267985,-6.798746963125112,38,3,1614.6522216796875,21.822492049363188,12.8218017578125,0
bg_00347,background,28.69427170945362,-11.022627841619927,40,6,82.8163833618164,0.7142460985988176,0.32756866455078126,0
bg_00348,background,26.809862261357452,-13.376103585192022,45,7,62.48558044433594,0.5159218321932922,0.30444427490234377,0
bg_00349,background,32.325708844507396,-3.7577834732535886,71,3,1251.280029296875,2.2014758995830044,0.8553564453125,0
bg_00350,background,31.52216652272822,-6.301687134933313,71,7,2827.1728515625,14.907778120770894,9.567587890625,0
bg_00351,background,29.390716899298354,-9.664598099549137,49,9,1071.83056640625,7.885170120874673,4.1166015625,0
bg_00353,background,30.521789698350094,-7.708746518601405,33,1,1555.9044189453125,4.514967806742251,3.7636474609375,0
bg_00354,background,23.925525565497043,-12.181570457458065,8,7,247.3850555419922,0.6868667370344554,0.4265655517578125,0
bg_00355,background,30.063904909112992,-5.539432920105223,63,3,624.838134765625,0.7094308055392344,0.32361572265625,0
bg_00356,background,30.860976589044732,-9.09076198662418,19,9,895.0900268554688,2.424264054038643,1.5287841796875,0
bg_00357,background,23.87877575700458,-13.38598228078197,69,7,284.7537841796875,1.725492696122054,1.406685791015625,0
bg_00358,background,24.073328054507694,-15.583400514531254,82,7,0.0,0.0,0.0,0
bg_00359,background,23.835453020150723,-13.094858194167339,8,7,290.2395935058594,0.5916358279733033,0.27814453125,0
bg_00361,background,30.899397173903015,-9.228521795035727,68,9,1142.854736328125,5.180137907586407,2.9993115234375,0
bg_00362,background,25.536868235701665,-13.327333110143082,8,7,188.61184692382812,0.5274086168934443,0.26180419921875,0
bg_00363,background,23.097401814173207,-16.16652106588359,40,6,0.29570385813713074,1.384420473858109,0.5782269667088985,0
bg_00364,background,22.257410063666974,-13.614847739237483,8,7,262.3758850097656,0.5695370007984578,0.22389892578125,0
bg_00365,background,33.28565650604697,-3.040664790101719,18,3,1447.3612060546875,8.548220900098098,4.6705712890625,0
bg_00367,background,33.23536241709226,-6.865518273155418,28,5,664.0137939453125,20.9799757989213,12.90120849609375,0
bg_00368,background,31.43254145270218,-7.50817664033415,71,9,1391.59619140625,21.22596739871218,13.1030712890625,0
bg_00369,background,22.405166153807507,-15.885080338632296,8,7,180.331787109375,1.1772648702035189,0.82857666015625,0
bg_00370,background,21.439447669154706,-14.264433301656089,45,7,190.24990844726562,1.115599112694467,0.48039794921875,0
bg_00371,background,23.636503414431697,-14.08912333903588,69,7,354.3744201660156,1.356901762763018,0.73540771484375,0
bg_00372,background,31.617611095471872,-8.772639378164634,24,10,290.9801940917969,1.2064006381734944,0.76845458984375,0
bg_00373,background,26.428608503860136,-8.787423218625266,8,7,478.9341125488281,0.4426133956374741,0.20908203125,0
bg_00375,background,29.85250566824956,-6.859989202226751,60,7,547.2513427734375,0.8952373444107932,0.56721923828125,0
bg_00376,background,32.361007051018355,-6.77558513004348,14,5,390.00250244140625,0.389509855955889,0.1914404296875,0
bg_00377,background,32.00211319301507,-2.9243729451713865,82,3,817.9655151367188,0.9172402590002975,0.50524658203125,0
bg_00378,background,31.545512146229733,-9.70518257934,17,3,109.13175964355469,6.213327237714688,3.4440103149414063,0
bg_00379,background,29.622508149509887,-7.295530621008527,14,7,428.6958923339844,3.0629838774806135,1.596307373046875,0
bg_00380,background,26.70472566886408,-10.761317867062274,15,7,276.0177917480469,0.39182887224966934,0.475853271484375,0
bg_00381,background,26.805783386818927,-11.513716058000899,8,7,189.45138549804688,2.9500635527119945,1.6311602783203125,0
bg_00382,background,33.115203451406124,-2.5503972191895046,32,3,1315.1934814453125,1.6875825042020556,0.8626171875,0
bg_00383,background,29.580626696932264,-9.417216834891944,66,3,499.37286376953125,3.73189918623113,2.256187744140625,0
bg_00384,background,32.57580753319635,-8.014652031345346,10,8,413.7615051269531,0.7459210199502031,0.439649658203125,0
bg_00385,background,28.696049384245327,-10.260964217708205,49,7,440.434814453125,16.787463491649337,9.94835693359375,0
bg_00386,background,32.79568070574759,-5.3794580966123675,8,9,1366.6307373046875,17.26767031682101,9.6003271484375,0
bg_00387,background,26.683459697231477,-13.199410673602426,27,7,191.2840118408203,0.610620745079761,0.3519830322265625,0
bg_00388,background,21.66780078434258,-15.985986910908005,39,7,100.31105041503906,1.5784543409803473,0.7395059204101563,0
bg_00389,background,32.463690541491026,-3.049993380067289,14,3,1060.984375,2.9267297555619836,1.4528759765625,0
bg_00390,background,33.564170238073615,-5.519523489393194,71,3,1176.27587890625,12.22717137566929,7.334267578125,0
bg_00391,background,30.783943506343295,-7.937941467554876,8,9,1795.5380859375,29.052973151095856,18.182353515625,0
bg_00392,background,31.1678183655533,-6.558733827461067,14,3,1350.9454345703125,1.7439648377862453,0.9141455078125,0
bg_00393,background,25.5362930011655,-12.69518029804259,8,7,272.67510986328125,0.8834430357883445,0.2989208984375,0
bg_00394,background,33.88004877576022,-3.459705636247087,59,3,582.6279296875,7.9883644900606345,3.41895751953125,0
bg_00395,background,27.815313944105966,-10.430369693741065,14,7,477.1646728515625,1.5261002635109684,0.8224951171875,0
bg_00396,background,33.668833034591806,-2.979229912491877,18,3,1315.2374267578125,1.1490526305702884,0.644853515625,0
bg_00397,background,29.370874430300788,-9.310600662515988,56,3,1365.0860595703125,6.528698488972715,3.260126953125,0
bg_00398,background,27.147913133407577,-11.274441886394696,8,7,211.7660369873047,6.513843588102562,4.059781494140625,0
bg_00399,background,32.9844313338783,-6.316680037173126,65,3,708.559814453125,1.8482799502550773,0.98125244140625,0
bg_00400,background,24.630404803704696,-13.391102342335657,23,7,267.5887451171875,1.265200750398704,0.8066748046875,0
bg_00401,background,23.580254906838803,-12.122818444978154,8,7,306.64764404296875,0.7916271234480173,0.50664306640625,0
bg_00402,background,21.52627260799053,-13.396040827398084,8,7,220.27967834472656,0.44068722817842215,0.1489166259765625,0
bg_00404,background,34.82853162038767,-2.791321477898475,8,3,195.79258728027344,2.347539998352238,1.2655712890625,0
bg_00405,background,27.953631057108797,-9.62246466391644,13,7,432.2788391113281,1.9851634581998232,1.158905029296875,0
bg_00406,background,23.401912481369305,-14.113742148594019,8,7,288.60601806640625,0.5041444915486534,0.275968017578125,0
bg_00407,background,30.991671404930962,-5.6647231833409455,10,9,1528.4300537109375,9.126085588013263,5.6775390625,0
bg_00409,background,33.526246958934074,-4.181313188064836,71,9,2150.1123046875,14.547673690848265,7.8805078125,0
bg_00410,background,26.556042757986,-13.034964057509795,23,7,156.38491821289062,1.634768373818906,0.9860211181640625,0
bg_00412,background,23.555524573823455,-15.448034399772352,23,6,155.76869201660156,0.3598146632717104,0.1946881103515625,0
bg_00413,background,31.94510371304041,-3.301579511933293,14,3,863.6792602539062,1.3595192657661963,0.7427294921875,0
bg_00414,background,27.673022228492048,-9.107719766495958,27,6,484.20037841796875,0.6456866384191086,0.300994873046875,0
bg_00415,background,34.98999247555965,-4.380902702645178,69,9,931.1092529296875,15.808221182235176,8.1679345703125,0
bg_00416,background,32.23532723990902,-3.4203228736459383,14,11,1149.7354736328125,4.721862442700638,2.8490673828125,0
bg_00417,background,31.42369451614453,-7.968540212996886,14,3,743.6547241210938,1.9136696512269549,0.84296630859375,0
bg_00418,background,31.349964844145063,-9.160694075615886,13,3,740.9676513671875,5.600500369884464,3.43076416015625,0
bg_00419,background,22.753383378175677,-14.943175719038686,29,7,223.8960723876953,0.6663079251126807,0.4959613037109375,0
bg_00420,background,31.968779514743243,-8.410150947791852,10,10,457.327392578125,2.7991641000117626,1.4713525390625,0
bg_00421,background,30.77416469882401,-9.136656437327304,8,9,745.5520629882812,4.963711847035178,2.19183837890625,0
bg_00422,background,29.22162089822945,-9.912001839486477,56,6,719.93798828125,16.098090038639285,8.20668212890625,0
bg_00423,background,31.145512408569417,-9.536991633495482,69,9,519.218505859375,19.069535208867244,10.79261962890625,0
bg_00424,background,23.95338119176296,-12.068482253797509,8,7,243.92625427246094,0.9652862725285234,0.46469970703125,0
bg_00425,background,21.444531650887438,-14.332271403508662,45,7,176.8668212890625,0.9508240471390087,0.42225341796875,0
bg_00426,background,21.40650377163958,-15.159744004115032,8,7,164.49693298339844,0.4442853686373595,0.6498736572265625,0
bg_00427,background,22.86062089864779,-13.438492810257252,8,7,337.5984191894531,0.3778794944782461,0.152733154296875,0
bg_00428,background,31.382661263960244,-6.399798532089599,19,7,2289.9287109375,14.24319559775848,8.408681640625,0
bg_00429,background,26.79267447598315,-9.664870109909302,27,7,532.7620239257812,1.1325649853324573,0.4384375,0
bg_00430,background,30.052187644099636,-7.721323570590811,49,9,1323.1116943359375,15.973423399934,9.8179296875,0
bg_00431,background,26.666443504153296,-12.641224591204784,8,6,206.09225463867188,0.7010268926007415,0.2885809326171875,0
bg_00432,background,33.15613292511538,-7.206877824061695,14,5,491.0079650878906,1.095825490882037,0.539324951171875,0
bg_00433,background,24.034359055065657,-15.059765846201007,23,6,175.03746032714844,1.6978517745260526,0.891983642578125,0
bg_00434,background,23.225427192657754,-15.23039559370906,29,7,188.0078582763672,1.2370935048712026,0.5304400634765625,0
bg_00435,background,31.88004134974049,-7.556307037321803,14,3,616.54345703125,0.8880007599854216,0.52146240234375,0
bg_00436,background,23.38971401433282,-12.475584729623312,8,7,288.31866455078125,0.4380044275354121,0.209727783203125,0
bg_00437,background,34.85100968379743,-4.343726549796365,69,7,1503.3922119140625,22.695609935478835,12.5458154296875,0
bg_00438,background,30.670853817889096,-7.724906549302367,66,1,2205.150634765625,4.678762072221986,2.635830078125,0
bg_00439,background,22.53811625589978,-13.808960241649363,8,7,281.7532653808594,1.8439413271879141,0.69330322265625,0
bg_00440,background,30.249092435995987,-6.682113649266154,10,3,874.3192138671875,2.0832722275324738,1.1748876953125,0
bg_00441,background,33.86763937710089,-4.163739029925383,18,9,1205.613525390625,21.97104227791452,12.1504443359375,0
bg_00443,background,25.145771012179154,-12.140777302902547,8,7,381.48974609375,1.2048547176459805,0.760177001953125,0
bg_00444,background,21.591775133475547,-13.929727457987074,45,6,213.8324432373047,1.6672163233805979,0.7765606689453125,0
bg_00446,background,27.380619575887778,-10.633372886851225,24,7,504.6742858886719,12.402636017987005,8.511629638671875,0
bg_00447,background,27.900860881485904,-11.742003514374359,27,7,262.6818542480469,2.006245361481843,1.27275390625,0
bg_00448,background,29.48131064682197,-8.450051830873695,49,3,1011.995849609375,15.259225743810893,7.95033935546875,0
bg_00449,background,32.4011371932287,-2.611145266138739,14,3,1107.256591796875,17.3342942507468,11.003125,0
bg_00450,background,22.723514416894776,-14.143605550644097,8,7,287.6455993652344,0.7742926086801601,0.4457861328125,0
bg_00451,background,33.33754689027402,-6.193204489132357,30,9,553.3797607421875,28.73045294444196,20.2397802734375,0
bg_00452,background,34.38009479204119,-3.3583865661029213,24,5,345.5867004394531,1.2271459449498563,0.418831787109375,0
bg_00453,background,21.51738254494652,-13.51884453107574,45,6,228.5471649169922,2.166431292801333,1.4110211181640624,0
bg_00454,background,32.394260843159465,-8.877763688625945,40,3,174.7622833251953,1.810448859698287,0.938251953125,0
bg_00455,background,24.56485735636011,-14.139151350892432,24,6,220.3382568359375,0.3569965546748312,0.22628662109375,0
bg_00456,background,26.89706220689367,-12.350432961287451,8,7,186.32130432128906,4.250081179005843,3.3147052001953123,0
bg_00457,background,34.289920048162685,-5.481955217291451,24,8,70.7480239868164,6.605884394810554,3.873202362060547,0
bg_00458,background,30.613948364430765,-4.343951946269793,82,8,652.463623046875,2.9182742934131216,1.37351806640625,0
bg_00459,background,33.723384277813935,-2.530519647818494,24,3,1108.13720703125,0.7432848279804337,0.2833642578125,0
bg_00460,background,26.418871377125328,-9.718664531693292,8,7,490.3442077636719,0.721298788138298,0.316395263671875,0
bg_00461,background,28.056143940294394,-10.01126097605598,24,7,357.58575439453125,1.532382774856826,0.83129150390625,0
bg_00462,background,22.42387038146852,-15.09228312129826,29,7,275.8576354980469,1.75155553270398,0.94570556640625,0
bg_00463,background,33.1743546559861,-7.410375224877125,24,5,305.2512512207031,0.8074086328848715,0.37241455078125,0
bg_00464,background,29.180012717369497,-9.278150343233165,56,3,785.7088012695312,20.73115496138352,12.03609619140625,0
bg_00465,background,24.44885078215209,-13.410615853043872,23,7,330.0504150390625,0.6242724988711249,0.264461669921875,0
bg_00466,background,33.16837094278196,-4.9224523001426865,71,9,2214.02978515625,16.786221517012315,9.446044921875,0
bg_00467,background,24.25341918966718,-14.052858370308645,23,7,299.0615234375,0.42624701185121977,0.177186279296875,0
bg_00468,background,31.26906890037304,-5.6779660559189775,38,9,1777.848876953125,23.527059121765543,15.842431640625,0
bg_00470,background,25.36836533150214,-12.495335966732176,8,7,332.423583984375,1.3908601592604808,0.7094873046875,0
bg_00471,background,33.61461147939968,-4.537293673129951,59,8,837.1544189453125,4.9832458673909255,3.0427294921875,0
bg_00472,background,34.65789325559765,-2.7964849630563724,9,3,345.6909484863281,12.41457011863629,7.463529052734375,0
bg_00474,background,26.56153714544793,-13.42598268023871,27,7,96.74174499511719,0.9117424863586867,0.7955807495117188,0
bg_00475,background,26.22337644152978,-10.357117179167943,8,7,482.4237976074219,0.6068601693690578,0.314110107421875,0
bg_00476,background,26.68745883346534,-9.636425196879474,27,7,523.2457275390625,0.8635163242506468,0.39646240234375,0
bg_00477,background,34.27602133084156,-6.304634118583337,14,10,27.535144805908203,1.5061431897296182,0.803993911743164,0
bg_00478,background,33.27292395298191,-3.549402123730179,13,3,941.6165771484375,4.957508092240876,3.1855419921875,0
bg_00479,background,32.61421336444436,-5.417337769893458,59,6,1751.3623046875,14.618840688788323,7.52896484375,0
bg_00481,background,26.546169278499296,-11.792324552933522,24,7,278.40447998046875,1.4634584726600215,0.949095458984375,0
bg_00482,background,35.073791244492035,-2.7838629662127694,8,6,56.70090866088867,4.424582317404855,2.0302195739746094,0
bg_00484,background,32.76754689948584,-7.476919579583702,32,5,480.1053466796875,2.035654542517834,1.359642333984375,0
bg_00485,background,27.962250169811362,-9.04737161109102,27,6,496.74591064453125,0.6256754117743955,0.240494384765625,0
bg_00486,background,22.59847938639344,-13.416710827799479,8,7,304.25177001953125,0.8934410639260003,0.349395751953125,0
bg_00487,background,22.04154759278439,-15.710025079558935,29,7,151.8202667236328,0.4767701542970698,0.32031005859375,0
bg_00488,background,32.79640554881574,-3.142254550888909,71,7,1555.32421875,4.282592469832752,2.4985546875,0
bg_00489,background,23.210877244057873,-12.953590625183184,8,7,288.49853515625,0.9345485696266901,0.346673583984375,0
bg_00490,background,25.135704526322392,-14.168492518206042,23,6,162.8785400390625,1.3821358476023522,0.87397216796875,0
bg_00491,background,27.26519477724148,-12.42559199351208,27,6,210.32650756835938,0.2580129069293046,0.0748834228515625,0
bg_00492,background,34.71362298428328,-4.513373465271666,69,9,1137.4608154296875,31.07737720380662,20.4585888671875,0
bg_00495,background,29.59277055051005,-7.148548783792945,82,7,494.79296875,15.074671859770923,9.68336669921875,0
bg_00496,background,26.276358308864946,-13.696672028166343,23,6,103.17851257324219,0.5044843928548804,0.26248443603515625,0
bg_00497,background,27.6816893190092,-12.75647617489336,63,7,-57.672306060791016,0.5178388470326509,0.2838494873046875,0
bg_00498,background,25.276726589004383,-14.800964278976409,40,6,64.61729431152344,0.6632049831318049,0.2819720458984375,0
bg_00499,background,30.863140101267202,-5.837487926955183,14,3,1001.4431762695312,1.1436579141748922,0.53685546875,0
bg_00500,background,23.94087373396597,-14.78516659904939,27,7,208.733154296875,0.6834694053022727,0.260416259765625,0
bg_00501,background,32.10136856947222,-5.743270148151971,71,9,2151.1591796875,31.67517913165526,22.343681640625,0
bg_00502,background,31.78079977552959,-5.854487846307614,71,7,2340.262939453125,27.363005625198625,16.826904296875,0
bg_00503,background,21.9130745197385,-16.49880311855804,40,7,38.85708236694336,0.5855765664548693,0.329306640625,0
bg_00504,background,25.38296937925808,-12.601577961952028,23,7,332.0076904296875,1.4908527412582815,0.8618603515625,0
bg_00505,background,32.97666457959145,-5.746686358478904,56,3,862.4884033203125,8.047679857303747,3.8387744140625,0
bg_00506,background,24.232371449649115,-14.05095085592846,23,7,301.7139587402344,0.5448629533253893,0.261085205078125,0
bg_00507,background,30.543420406762557,-5.059556713489685,61,3,676.8460693359375,0.5305539953598748,0.2333154296875,0
bg_00508,background,33.317836106279046,-7.095772508511855,56,9,289.8459167480469,8.482520310901302,4.97530029296875,0
bg_00509,background,34.10612415698707,-4.622216558690882,8,10,207.0,0.0,0.0,0
bg_00510,background,33.02318912026024,-6.747930105029633,11,8,792.3447875976562,2.3484561245821256,1.3708154296875,0
bg_00511,background,21.414457268165908,-14.947112294539915,8,7,154.8527374267578,0.3922835327589749,0.1791412353515625,0
bg_00513,background,32.4754652391727,-3.7801917183843594,16,3,1408.9476318359375,8.063120103604538,3.884033203125,0
bg_00514,background,28.783576601990287,-9.648526624884408,10,7,513.0392456054688,4.768595329732633,2.608297119140625,0
bg_00515,background,24.056867311111375,-12.455838799631739,8,7,221.43209838867188,1.1003692546727162,0.709425048828125,0
bg_00516,background,33.81592033197636,-4.343494592470433,18,8,888.843994140625,9.04284351434357,5.56439453125,0
bg_00517,background,31.834106007879118,-4.929602937557724,13,11,1123.7412109375,2.4594610657171407,1.511142578125,0
bg_00518,background,25.436367533970504,-13.985740139698922,23,6,137.6504669189453,0.554152510397261,0.267325439453125,0
bg_00519,background,30.597997500396495,-9.622959232831969,68,5,402.22027587890625,9.17689827910396,4.68301025390625,0
bg_00520,background,31.311183301269207,-5.864534795254287,33,8,1603.0697021484375,0.7332001701737245,0.44197265625,0
bg_00521,background,26.307785336552055,-13.99467534409846,37,6,78.31478881835938,0.8415121092072791,0.46477264404296875,0
bg_00522,background,29.644668643113064,-6.31973447766721,82,7,472.0735778808594,1.1290153254807198,0.396480712890625,0
bg_00523,background,27.037827294772814,-10.68542873756927,24,7,245.64852905273438,1.1178457346181694,0.5239971923828125,0
bg_00524,background,22.538207692050992,-14.99011556414511,29,7,253.1807861328125,0.8726075704046588,0.471888427734375,0
bg_00525,background,24.01358224522274,-15.6578467889161,82,7,0.0,0.0,0.0,0
bg_00526,background,31.50982638096931,-7.933633838931729,24,5,588.601318359375,2.0372398626857846,1.56876708984375,0
bg_00527,background,22.225906815774863,-14.56287411614857,8,7,253.26361083984375,0.4481491758220005,0.296005859375,0
bg_00528,background,22.61244566888806,-14.986113902936243,29,7,231.69561767578125,1.048527119684561,0.5941961669921875,0
bg_00530,background,33.29733235928094,-5.290364848949025,71,3,1689.33642578125,11.096749368484419,6.24478515625,0
bg_00531,background,22.443819540582677,-15.105635070072976,29,7,277.98406982421875,1.5784558586538315,0.9382080078125,0
bg_00532,background,22.70079362575502,-14.164296809038143,8,7,288.361083984375,0.3133586157324678,0.09083984375,0
bg_00534,background,34.88185236222681,-2.7897036839391713,8,3,134.60655212402344,0.8020078773919513,0.3233721923828125,0
bg_00536,background,24.981677862028537,-13.816532008945137,23,6,251.37071228027344,0.3949942778982627,0.1344482421875,0
bg_00537,background,28.648624652410685,-9.231603732016353,14,7,296.55670166015625,0.7959594819538648,0.435611572265625,0
bg_00538,background,21.606494352041235,-13.59372283589084,45,6,203.7457275390625,0.34019681149542386,0.2257049560546875,0
bg_00539,background,30.350768145499917,-9.020731926513719,24,6,192.625244140625,0.4674052516726697,0.227620849609375,0
bg_00541,background,29.327078320406443,-9.345231889172943,56,3,1386.0767822265625,6.45084712952902,3.73544921875,0
bg_00542,background,22.037290753219217,-15.29111529735666,29,7,231.19363403320312,0.637266713861169,0.470572509765625,0
bg_00543,background,33.35059743454231,-5.595543408777243,56,9,1000.4696655273438,19.19800696958184,11.24034912109375,0
bg_00544,background,34.83204060837112,-3.60645598465422,8,1,732.7492065429688,15.60814888331254,7.75584228515625,0
bg_00545,background,31.077183255632235,-5.218692147751588,14,3,938.7684936523438,0.7933007596280695,0.39577392578125,0
bg_00546,background,25.5552967133654,-13.668530390651116,23,6,120.3144760131836,0.9179105272703335,0.46366546630859373,0
bg_00547,background,26.14404654447002,-8.718408265823427,8,7,409.88427734375,0.43883785722844526,0.189422607421875,0
bg_00548,background,32.64559296699861,-5.000982353218247,14,6,1611.4588623046875,11.276946562665717,6.2461962890625,0
bg_00549,background,26.98661149354853,-13.438778270766077,40,7,9.98817253112793,0.7428745704303789,0.3786722183227539,0
bg_00550,background,31.036767934637055,-9.593987986416877,69,3,599.3785400390625,21.674977638675657,12.59542724609375,0
bg_00551,background,26.012907109905242,-13.661678630594535,23,6,128.07321166992188,0.502837012289646,0.2199249267578125,0
bg_00552,background,24.935966250195126,-12.102647105420516,8,7,320.56915283203125,0.4523800623319469,0.18635009765625,0
bg_00554,background,31.794230895610315,-7.579229131511056,24,5,559.3934936523438,0.7495811321402489,0.33843017578125,0
bg_00555,background,22.970905489681137,-15.23868350531542,29,7,215.39231872558594,0.8794652180083856,0.4295404052734375,0
bg_00558,background,32.24412499363925,-3.3070661206075544,14,11,1087.6287841796875,2.1776468544564183,1.2826318359375,0
bg_00559,background,25.066041549962687,-13.824019273638344,23,6,235.36798095703125,0.532835554097705,0.2553594970703125,0
bg_00560,background,32.93026962618908,-6.417382661544492,13,3,918.1166381835938,4.498257594115227,2.7414111328125,0
bg_00561,background,32.96580079258372,-7.07632132285869,32,3,762.0675048828125,1.4485723495868024,0.8095166015625,0
bg_00562,background,30.78743186276547,-8.679742952376762,47,9,1085.4681396484375,33.053517999232334,21.94857421875,0
bg_00563,background,28.218145763842823,-11.78787716087166,82,7,0.0,0.0,0.0,0
bg_00564,background,25.497788963422167,-13.87423243534292,23,6,196.9888916015625,0.7493979595454674,0.37138671875,0
bg_00565,background,30.23927757832938,-8.81964894754429,49,9,932.5883178710938,12.306095555278626,6.88870361328125,0
bg_00566,background,33.39055031809347,-2.452327577250944,43,3,1179.4761962890625,1.341022569447808,0.81349609375,0
bg_00567,background,33.09520779922705,-2.1704377946451445,24,3,1337.467529296875,1.2482837493241232,0.7506884765625,0
bg_00568,background,30.381954336847677,-8.258916403120251,49,9,1098.7060546875,13.752322538553202,6.3369775390625,0
bg_00569,background,26.61681218660273,-13.549168889903942,40,6,67.3541259765625,1.1818738750785844,0.6670941162109375,0
bg_00570,background,32.4996070578727,-3.2632229879052517,71,3,1143.3837890625,1.3621848983517377,0.8040869140625,0
bg_00571,background,31.91623784144733,-4.391069531469667,14,11,1011.33251953125,3.193168534446042,1.49591796875,0
bg_00572,background,26.31171143190188,-9.136541707203028,8,7,443.598876953125,0.6161140132234523,0.258526611328125,0
bg_00573,background,26.238654250300506,-9.416114854948944,8,7,459.20941162109375,0.4659652586092336,0.277801513671875,0
bg_00574,background,30.550858259860718,-7.8574226313984115,49,9,1083.2901611328125,4.2198132759519185,2.057958984375,0
bg_00575,background,31.43382734661147,-9.537873487630746,13,8,371.15802001953125,18.690509345370273,11.204515380859375,0
bg_00576,background,31.32940233490667,-9.134951089392397,32,3,775.63916015625,10.585723107768903,6.43871826171875,0
bg_00577,background,31.42782645642098,-4.7699467132414926,8,3,1117.922607421875,11.010677621206318,6.685146484375,0
bg_00578,background,33.44170246658898,-4.271619024826882,18,9,1584.2274169921875,11.493590473903792,6.886552734375,0
bg_00579,background,29.197068620905842,-8.306961184731886,24,7,420.9515075683594,0.6428578276339565,0.43351318359375,0
bg_00581,background,21.694830973719373,-16.034032938898818,39,6,109.18896484375,0.9706156124170007,0.4854638671875,0
bg_00582,background,23.913543692818294,-15.232009616256715,23,6,84.62671661376953,0.41578465564417255,0.178455810546875,0
bg_00583,background,30.36013393863327,-6.167122539928219,14,3,1048.5689697265625,2.283386287654667,1.5787060546875,0
bg_00584,background,29.697281503499106,-7.871041018955105,14,7,631.8995361328125,9.200820753115773,4.830986328125,0
bg_00585,background,32.32888693444267,-9.277747972074962,82,5,41.48969268798828,24.235673417447067,14.063405799865723,0
bg_00586,background,22.603076207382156,-13.644230860315474,8,7,280.31231689453125,0.7015873809111502,0.305628662109375,0
bg_00587,background,29.362883825299775,-8.494778480431748,49,3,963.30859375,5.343399731288627,3.51843505859375,0
bg_00588,background,32.6246712753667,-5.631778029570706,71,9,1768.3583984375,5.607703910935831,3.016015625,0
bg_00589,background,32.52843680671782,-3.0860823219223033,71,3,1133.96923828125,2.428833942857508,1.60294921875,0
bg_00590,background,33.913952000070836,-4.611133351221385,48,3,533.3143920898438,8.456259494393308,4.746171875,0
bg_00591,background,26.37219915978064,-12.583108327127977,8,6,232.5730743408203,0.7493749774204833,0.3101275634765625,0
bg_00592,background,24.760124065021444,-13.355550257276208,8,7,233.98049926757812,0.7621429890497563,0.34495361328125,0
bg_00593,background,34.38863011563581,-2.2251685507538577,18,3,1048.226318359375,4.503732016497632,2.4078857421875,0
bg_00594,background,32.135878135139315,-3.2217874474706227,71,8,1053.5595703125,12.193848646084174,5.6203369140625,0
bg_00595,background,31.737393145369346,-7.765212497257833,24,5,503.18084716796875,1.2443521450336752,0.798782958984375,0
bg_00596,background,32.62303911716896,-3.0079015011330505,71,3,1214.3699951171875,13.701088618206477,9.165791015625,0
bg_00597,background,22.891054126553076,-15.424467654284676,29,7,220.19500732421875,1.2601442743508606,0.7522857666015625,0
bg_00598,background,26.067352912698585,-11.406995586706364,11,7,380.8334045410156,0.8204276555599894,0.375345458984375,0
bg_00600,background,32.281417641499814,-8.709901761984701,14,5,224.48834228515625,1.5887416399439345,1.0309222412109376,0
bg_00601,background,32.501107039202985,-6.651790685274518,14,5,443.75323486328125,0.7655529461377747,0.346221923828125,0
bg_00602,background,24.0387033697464,-12.903796594135631,8,7,225.09185791015625,0.5547224902005587,0.2438629150390625,0
bg_00603,background,27.227734055314585,-10.720003234248312,8,7,266.1624450683594,3.601094386023603,2.2466845703125,0
bg_00604,background,32.354635849267545,-4.486684805458608,71,3,1470.6707763671875,2.370842143477257,1.25984375,0
bg_00605,background,32.95578853297095,-5.45538958315616,71,9,1602.253173828125,1.1695401745285912,0.5488330078125,0
bg_00606,background,25.646970359980266,-13.7234625752242,23,7,126.36417388916016,0.5011109357100971,0.25884735107421875,0
bg_00607,background,31.948947856133454,-4.478329877292575,14,11,1067.692138671875,5.501971242636182,2.6035205078125,0
bg_00608,background,31.497846381737634,-7.995588520401246,24,5,613.6973266601562,1.0392084635553624,0.595673828125,0
bg_00609,background,26.319423306452716,-8.889492702248496,8,7,446.24957275390625,0.5044900738365471,0.204801025390625,0
bg_00610,background,26.519547919597045,-11.69595996729599,8,7,264.7854309082031,2.342139137023778,1.310501708984375,0
bg_00611,background,34.19453051936943,-3.118700292358423,14,5,546.2330322265625,0.7264123452869391,0.3585791015625,0
bg_00612,background,27.02305295400029,-12.015135156859545,69,7,283.27935791015625,9.845493436750282,6.01641357421875,0
bg_00613,background,34.84727624841329,-3.2178762811635897,24,5,376.8566589355469,0.9115307588339641,0.4836572265625,0
bg_00614,background,23.91075318074065,-15.739083244527441,40,7,0.942101001739502,0.2786849890146009,0.10000558614730835,0
bg_00615,background,21.66672241615289,-13.193901580210975,45,7,246.09957885742188,1.6098159036165944,1.060269775390625,0
bg_00617,background,33.13737157338178,-3.7806688065653873,14,3,885.6903076171875,1.0304797145766993,0.374013671875,0
bg_00618,background,27.128700708522274,-10.310159074681003,8,7,347.1416320800781,1.0863818842172641,0.686522216796875,0
bg_00619,background,31.324166533090782,-3.900463611946413,28,3,800.1979370117188,0.969213218125773,0.3927294921875,0
bg_00621,background,23.946320482048527,-14.324673503382522,23,7,250.4571990966797,0.7205920756918587,0.37318603515625,0
bg_00622,background,34.62969280771077,-4.746569973908516,13,9,443.3576354980469,13.211415603665404,6.76317626953125,0
bg_00623,background,30.33214430716296,-6.880023356867128,56,3,1208.8892822265625,17.090751136120293,9.7761865234375,0
bg_00624,background,29.872907962593207,-6.93372040591456,14,7,540.4047241210938,2.2397475306711394,1.2484765625,0
bg_00625,background,22.062959346722817,-16.153676477130247,39,6,111.34859466552734,1.1722968189652514,0.692225341796875,0
bg_00626,background,29.874606586257766,-7.52101961768478,8,3,667.2454223632812,0.772699447364048,0.3500048828125,0
bg_00627,background,23.24877147220017,-14.179943378589018,8,7,273.7965393066406,1.6876345334730396,0.9287353515625,0
bg_00628,background,24.44315063089344,-13.491165601309591,23,7,320.37335205078125,2.918753360462353,1.464951171875,0
bg_00629,background,33.157174478229116,-7.77808859876818,17,5,235.80238342285156,0.49508051865094466,0.1906182861328125,0
bg_00631,background,34.84023405156641,-4.330919519472223,69,7,1962.52685546875,5.476237010907462,2.766298828125,0
bg_00632,background,26.623580079589164,-10.437410732836963,60,7,386.9029541015625,6.3981054765405245,3.883968505859375,0
bg_00633,background,31.607900282811826,-6.25266935128006,71,9,2407.109130859375,16.95721063264145,10.015234375,0
bg_00634,background,30.718101183904817,-6.713481545230715,56,9,1522.247314453125,4.473735221582485,2.631279296875,0
bg_00635,background,26.570571356333566,-10.43456297275019,60,7,390.8359680175781,2.484084222029881,1.533009033203125,0
bg_00636,background,31.16264338859518,-5.305379490428346,10,3,1162.1788330078125,13.57608820900815,8.6023974609375,0
bg_00637,background,26.574205595911586,-13.699387748342106,40,6,58.029693603515625,0.6287875292968433,0.30330108642578124,0
bg_00638,background,22.616837773864308,-13.883976534851476,8,7,294.91094970703125,0.8433199221375355,0.503475341796875,0
bg_00639,background,24.722376580248373,-13.73553217073271,23,7,278.4815673828125,0.624649650320303,0.440750732421875,0
bg_00640,background,26.279251131844944,-14.369936415319698,82,3,0.0,0.0,0.0,0
bg_00641,background,29.969725250552834,-9.581494411970025,10,6,85.72867584228516,6.565532359615588,3.6771859741210937,0
bg_00642,background,22.73636537454257,-15.499529561301022,29,7,234.06234741210938,1.233368572330871,0.49538330078125,0
bg_00644,background,32.48062415406614,-6.563340648759379,51,5,447.0976867675781,1.06255682704965,0.332855224609375,0
bg_00645,background,26.457688776746316,-10.086253444392254,61,7,417.9624328613281,0.773707909072338,0.38449951171875,0
bg_00646,background,33.348034703664105,-4.578075297765147,18,7,1736.151611328125,8.336176319357584,4.7738330078125,0
bg_00647,background,25.13213913173576,-13.934864077611655,23,6,200.09542846679688,7.032279152065807,3.599736328125,0
bg_00648,background,25.057672089958608,-14.487712420566664,23,6,128.3809051513672,0.9800466214056507,0.50108154296875,0
bg_00649,background,34.17104097908415,-3.0037398064378316,14,3,607.0558471679688,0.8943666614431408,0.44820068359375,0
bg_00650,background,30.49775619578655,-8.324191156604469,49,9,1162.43212890625,20.29804175705523,13.07798828125,0
bg_00651,background,23.76724302839162,-12.687250666025639,8,7,247.5830841064453,4.393762369190693,2.8625848388671873,0
bg_00652,background,27.269097268790897,-10.746179767514896,8,7,361.024169921875,3.4111690500787253,1.99590576171875,0
bg_00653,background,25.801161646745214,-13.795804506279266,8,6,105.78683471679688,0.8566108129650098,0.487904052734375,0
bg_00654,background,26.92664770681157,-9.777708448288726,27,7,538.3135375976562,0.41295783833727007,0.13250244140625,0
bg_00655,background,34.64657403387148,-3.3391658349149824,14,8,555.93408203125,1.5937745913694117,0.8859033203125,0
bg_00656,background,26.174829110226465,-8.75477267167026,8,7,415.12945556640625,0.40853516906976184,0.25796630859375,0
bg_00658,background,23.34511407999629,-14.692664623612329,39,7,250.33187866210938,1.0884722382956142,0.66995849609375,0
bg_00659,background,31.697374831078992,-6.927647554949721,69,9,1268.25927734375,15.499942446867228,9.03462890625,0
bg_00660,background,32.16085282078855,-4.287899459161857,71,9,1443.1441650390625,2.777447152194746,1.7230224609375,0
bg_00661,background,23.963828348346052,-13.819284763206785,23,7,323.2452087402344,1.007555679358371,0.477137451171875,0
bg_00662,background,31.77377052872493,-7.528743757337071,24,5,581.0352783203125,0.8923717176107324,0.37077392578125,0
bg_00663,background,26.33781327082541,-12.450660775265064,8,6,258.23272705078125,1.2578078753667745,0.65634765625,0
bg_00664,background,25.904475399517572,-14.122526005800362,23,6,121.73881530761719,0.4550840426297747,0.2781613159179688,0
bg_00665,background,31.09834701972994,-3.767822635032046,14,3,815.0225219726562,5.666137686369723,3.356806640625,0
bg_00666,background,24.84588883578682,-13.188385197892044,8,7,203.9796600341797,0.6514018661132693,0.2447589111328125,0
bg_00667,background,30.798826285192074,-4.885572115281251,28,3,689.8480224609375,1.4523679210755713,0.7306494140625,0
bg_00668,background,30.147883969178597,-5.981276754732161,8,3,922.4905395507812,12.487945846316325,7.48140625,0
bg_00669,background,32.965653575359774,-4.9488787473108715,14,6,1586.4713134765625,1.5719053617011736,0.8389794921875,0
bg_00670,background,29.583756615829344,-5.745995350553338,82,7,586.687255859375,5.132972557448764,3.25648193359375,0
bg_00671,background,31.997029650711923,-8.949949098107632,68,3,482.09423828125,10.08115327769953,5.40887939453125,0
bg_00673,background,31.82191420340523,-9.093064654523252,68,8,86.28524780273438,2.3522331665445475,1.4863671875,0
bg_00674,background,25.057968092744762,-12.367360076648673,15,7,345.67291259765625,1.0374918293713544,0.41586669921875,0
bg_00675,background,30.912726075786946,-8.374819951724726,10,9,2376.91552734375,35.15065618519534,22.016044921875,0
bg_00676,background,33.09218278052432,-2.056362365630897,18,3,1407.64697265625,2.905981233458099,1.7743896484375,0
bg_00677,background,29.677238348128466,-8.700853944556544,49,7,1824.7996826171875,5.875266203367806,3.8351806640625,0
bg_00678,background,24.84965713150369,-14.432911754569266,23,7,132.53428649902344,1.0131836926456885,0.5738983154296875,0
bg_00679,background,22.625318820877308,-15.203500261546465,29,7,249.7526092529297,0.7124108554127047,0.394237060546875,0
bg_00680,background,31.934269602363745,-8.509155697209058,10,8,360.9960632324219,2.158539476999188,1.354830322265625,0
bg_00681,background,27.076325213168612,-9.143410959523145,27,7,469.06494140625,0.7071416989586877,0.324166259765625,0
bg_00682,background,22.59792527053328,-15.394061833286928,29,7,242.03746032714844,0.6729380580341453,0.3297113037109375,0
bg_00684,background,33.14123927225739,-4.110523111580823,8,3,1127.8160400390625,5.7280800237656075,3.3960693359375,0
bg_00685,background,34.681434700642825,-4.487873936673045,71,9,1238.754638671875,31.09937516480893,22.166005859375,0
bg_00686,background,30.872661070531358,-6.08490948152716,56,7,1502.279296875,14.82517825323567,8.02939453125,0
bg_00687,background,23.50872516288071,-15.615381769417844,23,6,109.79451751708984,2.304811828379566,1.1107015991210938,0
bg_00688,background,26.699514729805387,-10.642671507383588,15,7,298.0364074707031,1.9284984530853382,1.22623046875,0
bg_00689,background,33.90527511458099,-5.750385595789457,48,3,447.37689208984375,5.739443651037242,3.682061767578125,0
bg_00691,background,31.14312119843624,-6.868586052201337,59,3,1375.2017822265625,0.8686132799417062,0.551162109375,0
bg_00692,background,25.099066925523765,-12.03265750236722,8,7,349.9715576171875,0.25630931049565037,0.097969970703125,0
bg_00693,background,30.127928276448962,-5.3064570904308015,8,3,875.8216552734375,8.687038508128666,5.6189208984375,0
bg_00694,background,22.774185242997252,-14.034375270122458,8,7,280.6744689941406,0.32167634959735625,0.300419921875,0
bg_00695,background,34.033819931540286,-5.456076636296584,18,9,699.1583862304688,2.7962073982306497,1.73812744140625,0
bg_00696,background,34.67732828753777,-2.705469373795484,9,9,505.2178039550781,14.005897501812534,7.504942626953125,0
bg_00697,background,30.938577489308727,-5.305614929798589,14,3,871.7880249023438,1.5305890027869262,0.77948486328125,0
bg_00698,background,31.63079496119673,-5.990935724841494,71,7,2658.60009765625,14.6357287488119,8.514091796875,0
bg_00700,background,21.898362960910642,-14.701262776352324,8,7,229.42030334472656,0.7581640410296265,0.4461517333984375,0
bg_00701,background,31.99293871143256,-3.6261413264987694,14,3,1014.9224243164062,1.424573739480896,0.84960205078125,0
bg_00702,background,21.50681951987289,-15.45095823509568,8,7,149.20558166503906,0.7363228297171839,0.712410888671875,0
bg_00703,background,29.898029480434218,-7.399181604167505,10,3,621.3023071289062,1.5064116242813803,0.8002880859375,0
bg_00704,background,30.48459983172502,-6.599240626759261,8,3,1310.64208984375,20.97700312861118,9.3646630859375,0
bg_00705,background,31.66061895218761,-6.340520723511483,71,9,2193.09619140625,25.65456653236889,16.579296875,0
bg_00706,background,22.13636087862289,-14.497857031118869,8,7,260.6166076660156,0.5985031184503844,0.194593505859375,0
bg_00707,background,32.675408335895256,-2.955983438606314,71,3,1181.2760009765625,2.4031797177983996,1.3866943359375,0
bg_00708,background,21.859296074234415,-16.718678277326195,62,7,12.392155647277832,1.3484700987524691,0.8143954467773438,0
bg_00709,background,27.1300560863577,-12.546325188755866,27,6,177.95489501953125,0.48282409045592156,0.2549676513671875,0
bg_00711,background,34.731774219672175,-4.138417907009538,32,9,1000.39013671875,22.295844498236978,13.52348876953125,0
bg_00712,background,30.77193391232102,-4.13205670973428,82,3,675.8027954101562,3.1716815496251334,1.544287109375,0
bg_00713,background,35.334750540529086,-5.001456100430826,8,9,370.4525451660156,23.4451842222763,15.07115478515625,0
bg_00714,background,32.88165288687347,-1.7858872110471087,32,3,1300.0701904296875,1.9145907786139227,1.0922314453125,0
bg_00715,background,31.052086393755264,-6.371332152243531,38,3,1320.6810302734375,4.58115166482175,2.1031884765625,0
bg_00716,background,25.607432906925144,-13.227806808146504,8,7,197.27676391601562,0.3610356992800295,0.142281494140625,0
bg_00717,background,21.497613496435687,-14.325903021077982,8,7,191.8763885498047,0.6709925321846881,0.3760516357421875,0
bg_00718,background,34.10010891828638,-3.2110008205146734,14,3,597.9974365234375,0.6335813765189583,0.3943896484375,0
bg_00719,background,25.32732477678593,-12.971042817951394,8,7,229.52012634277344,0.393843247034813,0.1565460205078125,0
bg_00721,background,24.009769184024922,-12.187539253875665,8,7,249.18650817871094,0.8194683464558106,0.2585986328125,0
bg_00722,background,31.875052721094903,-6.2051947425065785,8,9,2254.05517578125,15.048890326784786,9.177060546875,0
bg_00723,background,21.464671929998048,-14.727299532218623,8,7,190.7913055419922,0.9486732087737045,0.5705352783203125,0
bg_00724,background,32.05155269150615,-9.265642825946138,45,3,91.10154724121094,1.2328741399222212,0.5632632446289062,0
bg_00725,background,26.657351599398776,-9.58776880834147,15,7,482.9252624511719,0.7381735389144796,0.413575439453125,0
bg_00726,background,21.74302550058173,-13.154997695269323,8,7,260.7234191894531,0.81385495305445,0.513114013671875,0
bg_00727,background,31.663684657859285,-5.030327395492363,13,3,1034.2886962890625,0.9441479307597309,0.558359375,0
bg_00728,background,27.30643102830542,-9.569335640026505,27,7,506.40740966796875,1.1713423314102556,0.753194580078125,0
bg_00729,background,21.45779856742382,-16.829598869523853,62,7,10.17357349395752,0.49370956858775017,0.36983474731445315,0
bg_00730,background,24.938978332449874,-14.511285246138673,23,6,135.8855743408203,0.5330203306758085,0.17514404296875,0
bg_00731,background,26.44532066936333,-9.861457181501669,61,7,508.8371887207031,6.91911235585978,3.121474609375,0
bg_00732,background,23.665103939144387,-12.117290392822834,8,7,284.857666015625,1.009091517086798,0.6056982421875,0
bg_00733,background,27.777612816377232,-9.482823530099042,27,6,512.8262939453125,1.0067720001823344,0.366407470703125,0
bg_00734,background,29.562846492966155,-5.550857673234342,82,7,537.6557006835938,1.3639702291732239,0.768642578125,0
bg_00735,background,26.509393628818742,-13.859318889075487,40,6,64.18785858154297,0.398480237797912,0.11422882080078126,0
bg_00737,background,25.324245678140393,-13.017513877287204,8,7,223.71194458007812,0.7753979080565936,0.3294720458984375,0
bg_00738,background,26.811691696876927,-13.032120316941468,8,7,109.49642944335938,1.8818345539169756,1.1008322143554687,0
bg_00739,background,26.86385891754828,-12.371696985044451,8,7,169.88267517089844,5.539538039760876,3.507093505859375,0
bg_00740,background,32.751817784261505,-7.110154942951882,8,3,658.3985595703125,1.9879232709494572,1.20473388671875,0
bg_00741,background,33.52043902218499,-7.112448226121581,8,5,306.11419677734375,2.2680689357340147,1.315321044921875,0
bg_00742,background,32.52465524106403,-6.412714987645562,24,10,446.8260803222656,1.1268619304478307,0.66798828125,0
bg_00743,background,22.099306314190446,-16.21433190339625,39,6,104.5672607421875,2.228939760053611,1.2475274658203126,0
bg_00745,background,32.702467192374044,-8.536233928701753,14,3,161.7354278564453,1.0463887883179603,0.68009033203125,0
bg_00746,background,21.608477876476073,-15.720464622810205,29,7,131.01235961914062,1.4310359390166472,0.706129150390625,0
bg_00747,background,22.02933623196638,-13.70846881583315,8,7,246.68983459472656,0.3162619393971218,0.0921240234375,0
bg_00748,background,31.482729934683874,-5.255229231077171,56,3,1215.8509521484375,16.82692745207789,9.8933203125,0
bg_00749,background,31.173291956010125,-5.2805482166334805,10,3,1222.9820556640625,20.25688912450344,12.584677734375,0
bg_00750,background,22.181518328251684,-13.925093550709716,8,7,229.15525817871094,0.5057154452715629,0.3008636474609375,0
bg_00751,background,25.51977148995039,-12.787516606187861,8,7,258.2574462890625,0.5535177072415302,0.4348486328125,0
bg_00752,background,27.403956810273026,-11.672347497119715,27,6,304.5725402832031,0.5728914118278864,0.2847119140625,0
bg_00753,background,32.76524042720608,-3.9012231870890455,59,3,1247.692626953125,1.7869266759775182,1.108056640625,0
bg_00754,background,25.173633398177415,-14.498838946527243,23,6,119.7982406616211,0.6841928761982295,0.2259857177734375,0
bg_00755,background,22.5417125001902,-14.570098714917798,39,7,263.45770263671875,0.4237554673740758,0.160833740234375,0
bg_00756,background,27.29221432335522,-11.366942226630558,24,7,164.39100646972656,0.5519710078183482,0.3660284423828125,0
bg_00757,background,22.84746678321191,-13.175570662654017,8,7,315.4687805175781,0.37788741774135826,0.140360107421875,0
bg_00758,background,25.093500810691644,-13.290294435650242,8,7,194.04800415039062,0.2874476500594759,0.2519488525390625,0
bg_00759,background,21.684584471120456,-15.108808606846626,8,7,175.20306396484375,0.6595180819020131,0.250599365234375,0
bg_00761,background,30.028192269111994,-8.7381373712052,49,9,1440.9376220703125,11.240301539549035,6.5575390625,0
bg_00762,background,24.14047154717262,-12.300583018634446,8,7,217.84561157226562,1.301309855094839,1.2935040283203125,0
bg_00763,background,27.11476930228874,-10.630351677213621,8,7,246.3319549560547,0.5519664905101597,0.2325567626953125,0
bg_00764,background,28.819177935179006,-10.376435832324344,10,7,180.19081115722656,3.3805648547545024,2.031221923828125,0
bg_00765,background,33.17119714171934,-8.133967074596772,10,5,145.1648406982422,9.33086035774438,6.227255249023438,0
bg_00766,background,22.696965338995785,-15.10832759329594,29,7,227.2584228515625,0.4067406792749493,0.2035675048828125,0
bg_00767,background,33.33738203037867,-6.2186370155272295,30,9,804.6983642578125,17.289230251862723,10.85670654296875,0
bg_00768,background,23.069484578053522,-15.07735153312872,29,7,220.60403442382812,0.7828181586527503,0.438543701171875,0
bg_00769,background,31.094033306387114,-9.14997264509393,69,9,1222.78515625,3.0862388755449985,1.46107421875,0
bg_00770,background,25.39372843974072,-14.403014000713558,23,6,124.89111328125,0.6930581920103255,0.3235797119140625,0
bg_00771,background,31.941646014537213,-5.554895542036532,71,7,2592.546142578125,20.323852014829622,9.9525390625,0
bg_00772,background,30.65980798868505,-4.81232718617483,24,3,652.696533203125,1.6341858983708806,0.655234375,0
bg_00773,background,23.157243717163993,-15.04043306090607,29,7,191.4073944091797,2.0363387988937056,1.228885498046875,0
bg_00774,background,23.360876698538025,-14.499435233336529,39,7,241.27163696289062,0.6623895783727485,0.2896917724609375,0
bg_00775,background,33.036444992663164,-4.314842969051384,57,3,1327.4847412109375,11.664902174349521,6.9379931640625,0
bg_00776,background,30.171423992657232,-6.9387710209818065,8,3,731.5045776367188,1.0485858199244709,0.44071044921875,0
bg_00777,background,27.21394465123563,-11.230990297947482,8,7,229.3377685546875,5.746962348223043,3.102109375,0
bg_00778,background,31.063187909715978,-9.111476261918131,68,9,1393.233154296875,14.569330669059566,8.3733935546875,0
bg_00779,background,21.519714316674335,-15.992391231442552,39,7,121.37783813476562,0.35729286211264083,0.342730712890625,0
bg_00780,background,23.95043483541325,-14.79763326721491,27,7,209.6352081298828,0.5467280455144453,0.244722900390625,0
bg_00781,background,29.940272751692422,-6.641029335953153,8,7,891.732421875,11.977201420278709,7.343798828125,0
bg_00782,background,27.073238646383246,-9.238284484892958,27,7,493.9682312011719,0.5706863949033982,0.203604736328125,0
bg_00783,background,21.510104548688304,-15.057683530889852,8,7,170.88087463378906,0.661770040315052,0.39990966796875,0
bg_00784,background,23.48691907135074,-12.608730073074055,8,7,257.14154052734375,0.5010448013515378,0.236824951171875,0
bg_00785,background,27.240749515932535,-10.17325087236762,27,7,558.16552734375,2.4839875071529365,1.2171533203125,0
bg_00786,background,29.61452423497896,-6.038867987832895,82,7,496.9079284667969,0.6640737932359968,0.274970703125,0
bg_00787,background,34.68962240514059,-2.7826063472918006,9,3,314.6362609863281,13.152599458028826,7.762623291015625,0
bg_00788,background,31.903938337638188,-7.406713325418443,24,5,560.1734008789062,0.5122265428960537,0.18971435546875,0
bg_00789,background,30.300902349705375,-8.071934445714682,66,9,1469.3133544921875,28.195018657930408,17.0659521484375,0
bg_00792,background,33.80445977069255,-4.254135028620737,18,9,1005.3818969726562,3.43960731116234,1.28890380859375,0
bg_00793,background,24.075419987123585,-14.025213722920506,23,7,300.6422119140625,1.005640634249094,0.5784814453125,0
bg_00794,background,25.91554191957362,-13.535561402256898,45,6,133.7056121826172,2.550685063467799,0.8737017822265625,0
bg_00795,background,33.65732579407362,-6.259929120772567,56,10,291.3463134765625,9.214890174130606,5.435469970703125,0
bg_00796,background,27.57460998236901,-11.863170530438879,27,6,334.36273193359375,2.0778843201833364,1.173297119140625,0
bg_00797,background,32.46176657878144,-8.754442747142258,14,3,170.8187713623047,0.38788693106464817,0.1724871826171875,0
bg_00798,background,29.997687653420876,-7.781193542188783,49,9,1188.38134765625,10.625252428897383,6.3915576171875,0
bg_00799,background,28.160014233479647,-11.266691542434822,24,7,141.1487274169922,1.150853467774795,0.76667236328125,0
bg_00800,background,34.5906081406785,-2.191921928153974,18,3,698.5107421875,1.1974235295788818,0.70158447265625,0
bg_00801,background,29.262730356522443,-8.236113291326797,61,7,456.2869873046875,1.1686632648850421,0.646707763671875,0
bg_00802,background,21.66006028339223,-15.027530379433221,8,7,183.12490844726562,0.6450100686521073,0.3386358642578125,0
bg_00803,background,31.88820546487243,-5.604841320465257,71,7,2616.965087890625,32.99743017519607,21.61890625,0
bg_00804,background,31.423956517240043,-7.956099187248697,14,3,762.1493530273438,1.1056984343031124,0.64882568359375,0
bg_00805,background,33.5538640060543,-3.1099294213336606,43,3,1297.6612548828125,0.7959294363612236,0.4315380859375,0
bg_00806,background,21.710829863661328,-16.62238936159319,62,7,36.155635833740234,1.723594110398511,0.9545759582519531,0
bg_00807,background,33.21309348047659,-6.941345821418731,28,5,570.2989501953125,18.649949352723528,12.1959814453125,0
bg_00808,background,31.69018630588181,-8.850315117034716,68,8,229.26356506347656,3.7815772271716814,2.070897216796875,0
bg_00809,background,27.331160224883735,-13.229878450209457,45,7,28.61617660522461,0.638010608068516,0.3000591278076172,0
bg_00811,background,29.67791007137254,-8.676453123501737,49,7,1814.6829833984375,5.146493923876222,2.57130859375,0
bg_00812,background,25.827013128537896,-14.021348068898346,23,6,148.89474487304688,0.4841746584917296,0.187435302734375,0
bg_00813,background,33.594949187539605,-4.8308398151489484,71,3,1505.1217041015625,2.470252247816502,1.3651806640625,0
bg_00814,background,21.386420126735256,-13.294865170104938,45,7,213.3852081298828,3.179985412389523,1.84651123046875,0
bg_00815,background,21.39266606571358,-13.643068574305678,8,6,198.5028839111328,0.7668052232691348,0.2846160888671875,0
bg_00816,background,26.770486361037214,-10.480845597420723,15,7,293.52435302734375,0.699337729380011,0.403011474609375,0
bg_00817,background,27.036121345081803,-12.515351354544114,27,6,183.53248596191406,0.3012628186691727,0.2390301513671875,0
bg_00818,background,31.1595167202504,-4.5236612704542205,8,3,811.8936157226562,3.3685813892288716,2.16673095703125,0
bg_00819,background,32.429331953238375,-2.0310409809240717,14,3,1095.2666015625,1.1377761470640424,0.48080078125,0
bg_00820,background,35.086296164576396,-3.4843392737732843,13,9,581.8428344726562,5.4051168096798055,2.62344482421875,0
bg_00821,background,24.32679704357162,-14.337149848443321,23,7,237.9585418701172,0.509666892185552,0.3442498779296875,0
bg_00822,background,21.723664965818777,-16.172546533878574,39,6,111.97430419921875,1.781507135259675,1.1228512573242186,0
bg_00823,background,32.12437591459789,-8.591105567113763,8,8,406.35662841796875,0.7228528618989822,0.376146240234375,0
bg_00824,background,33.817758345005835,-6.2103642343741985,14,10,433.9364929199219,3.252901735502527,1.80753173828125,0
bg_00825,background,32.59319968307249,-3.803254919174506,71,7,1819.8603515625,30.92499076762433,19.09857421875,0
bg_00826,background,30.810575243623976,-5.342829078390886,11,3,810.2562866210938,2.7181655566773664,1.6196923828125,0
bg_00827,background,21.241612629342587,-16.98398470590998,62,7,16.44645881652832,4.643312742106715,3.2833889389038085,0
bg_00828,background,33.19518388327783,-8.477640583701923,17,3,29.30763816833496,0.9503027170509964,0.5494535827636718,0
bg_00829,background,22.385912053209275,-15.043098198587423,29,7,250.80368041992188,1.8005429226646796,0.92964599609375,0
bg_00830,background,29.598883382791133,-8.832242269182457,49,7,1364.670166015625,18.14026724260821,11.306572265625,0
bg_00831,background,24.289734707805035,-14.923636910142074,37,6,161.94175720214844,2.5593384663474983,1.553175048828125,0
bg_00833,background,29.775890393170616,-5.636748716380678,82,7,554.5431518554688,0.6885219814655819,0.306044921875,0
bg_00834,background,33.695079920982444,-2.6975039657063937,43,3,1158.456298828125,0.3966337030218708,0.175068359375,0
bg_00835,background,23.377768038429767,-14.420837236421923,39,7,224.4768524169922,0.4529493421922695,0.30310302734375,0
bg_00836,background,27.46181769986306,-11.783696162688068,27,6,283.905517578125,0.6723030231300257,0.22469482421875,0
bg_00837,background,30.93852880850528,-5.256104405344452,11,3,929.6668090820312,11.168722687146351,6.1506591796875,0
bg_00838,background,33.66650526198693,-4.345303742037544,18,8,1927.8509521484375,32.84969776581413,20.0677783203125,0
bg_00839,background,28.54244924133329,-9.830470914253421,10,7,442.96173095703125,24.66789211157455,15.26129150390625,0
bg_00840,background,33.37386649541305,-2.6565157063451124,18,3,1262.694580078125,1.6616716708415988,0.9755322265625,0
bg_00841,background,34.171777362520125,-4.9554459634675325,12,9,290.47735595703125,9.754619533365311,5.073023681640625,0
bg_00842,background,30.997628759979435,-8.798944022063457,56,9,2574.947021484375,28.102139815063016,16.67380859375,0
bg_00843,background,34.695922347968455,-2.1363081936320834,18,3,630.1175537109375,0.6309383247311173,0.26789794921875,0
bg_00844,background,26.983667487050674,-9.673589185240356,27,7,537.7850952148438,0.6584505145739695,0.534462890625,0
bg_00845,background,30.508531161172858,-8.731241850890404,24,6,289.7430114746094,1.6501706715074382,1.3117138671875,0
bg_00846,background,32.100642570655076,-5.943902689396934,71,9,2483.918701171875,14.836221007547968,8.694375,0
bg_00847,background,29.54483634396652,-6.733168588546882,82,7,443.9680480957031,0.9132815173419082,0.339052734375,0
bg_00848,background,31.218273595505064,-8.534017530354463,56,3,1343.0267333984375,36.860728469833006,25.240556640625,0
bg_00849,background,24.94996296123732,-14.372584233185835,23,7,71.48005676269531,1.0746684190074138,0.5723336791992187,0
bg_00850,background,21.963967013418838,-15.520945398469292,29,7,208.6650390625,0.8290566022055444,0.4086627197265625,0
bg_00851,background,33.1570781407929,-8.285868667415052,17,3,147.65386962890625,2.4553203829782864,1.5125445556640624,0
bg_00852,background,32.06099603147689,-6.871222471689418,71,5,637.067626953125,5.411193274950913,2.4953466796875,0
bg_00854,background,34.11887860326772,-5.6870919220229155,48,3,235.17529296875,8.469974215293576,4.484306030273437,0
bg_00855,background,25.194560287863215,-13.952159624073035,23,6,196.59242248535156,0.4511748618177763,0.148712158203125,0
bg_00856,background,34.092210798986905,-2.3258419557316925,14,3,1082.8448486328125,4.836220219123705,2.4343115234375,0
bg_00857,background,32.99161211608229,-1.8954326806343493,43,3,1328.0074462890625,1.6365391655625097,0.8932421875,0
bg_00858,background,22.500211166609887,-14.81598428315561,39,7,269.99688720703125,0.35559593686272645,0.20247802734375,0
bg_00859,background,31.07442116194139,-4.56168170806909,8,3,780.0765380859375,1.574196624081941,0.791357421875,0
bg_00860,background,34.47350836426,-3.9360309069898594,13,9,1082.5361328125,13.42620210630274,6.784794921875,0
bg_00861,background,21.532984035186082,-16.815904442824536,62,7,10.557640075683594,1.2404908360316047,0.623153076171875,0
bg_00863,background,32.85347007485653,-6.644150835075111,8,3,814.29638671875,4.093738713482452,2.03653076171875,0
bg_00864,background,30.56246546840775,-9.078558321019171,24,6,249.0252685546875,1.177339294076026,0.668802490234375,0
bg_00865,background,29.302562145243186,-7.88469723712608,28,7,352.1180419921875,2.396343144200498,1.36212158203125,0
bg_00866,background,31.52494500275847,-5.030901011623591,8,3,994.1235961914062,1.974693542584271,1.0565380859375,0
bg_00867,background,32.85896552895846,-5.83475657546114,56,3,846.9256591796875,10.313622003041248,5.2077392578125,0
bg_00868,background,23.72076604735481,-15.730087569403658,40,6,53.000152587890625,0.5598155915054939,0.23481781005859376,0
bg_00869,background,32.83716402397358,-5.948450088767004,56,3,844.66162109375,3.0355466223885257,1.7858642578125,0
bg_00870,background,31.93012791387167,-5.880281925588769,71,9,2485.333984375,13.11359471146831,8.207822265625,0
bg_00871,background,21.549579832190446,-15.207842758945217,8,7,171.73622131347656,0.6389875880195082,0.24219482421875,0
bg_00872,background,27.768640157001204,-9.434569396722,27,6,508.2593078613281,1.3185223330200413,0.655567626953125,0
bg_00873,background,32.40289320812673,-8.110236335208654,10,11,470.6458740234375,2.33708232816765,1.36913330078125,0
bg_00874,background,25.140137581116957,-13.072669048924126,8,7,214.83273315429688,0.7819134562426919,0.300262451171875,0
bg_00875,background,25.234635248250683,-12.427004953305318,8,7,534.200439453125,0.559868315877709,0.2884375,0
bg_00876,background,30.894065071555836,-8.683630478351018,56,9,2778.78515625,39.7656550057111,26.362919921875,0
bg_00877,background,31.794484091613512,-6.841827587375868,69,9,1113.6190185546875,19.665229857572232,12.5074560546875,0
bg_00878,background,29.615908016419027,-7.673613632526081,60,7,502.36114501953125,14.48362176385852,8.872998046875,0
bg_00879,background,26.382320594781245,-10.365507580126833,8,7,439.5372314453125,1.074168975778153,0.653299560546875,0
bg_00881,background,33.54865837999684,-2.842298964588082,24,3,1210.174072265625,0.6448943415560108,0.226875,0
bg_00882,background,23.28873915244572,-14.343813565273644,39,7,267.7816467285156,0.4248050955505854,0.229310302734375,0
bg_00883,background,33.44594324493277,-4.933669730076937,71,9,1740.830322265625,5.273648349383827,2.6358447265625,0
bg_00884,background,26.334310255849093,-10.492631010604198,8,7,447.1839294433594,1.0268060481848849,0.62806640625,0
bg_00885,background,32.90889567692791,-4.379692162591865,59,3,1186.5096435546875,4.9884064572773115,2.655927734375,0
bg_00886,background,33.40245311200249,-4.755733797190356,13,9,1976.1055908203125,18.403953738909465,10.433544921875,0
bg_00887,background,25.304988348488042,-12.49058856898457,8,7,371.44927978515625,2.2358325639983105,1.151630859375,0
bg_00888,background,26.12908693868871,-12.729414690743422,8,7,242.58653259277344,0.8924365098068215,0.4544158935546875,0
bg_00889,background,32.44296645459409,-5.064836794232717,71,7,2100.05322265625,22.235875084924473,11.22166015625,0
bg_00890,background,26.90243253396851,-11.49630840852715,24,7,187.24620056152344,4.652025600784558,2.7900018310546875,0
bg_00891,background,27.398035357658532,-10.229001462899506,27,7,564.3775024414062,0.8008267749063854,0.30442138671875,0
bg_00892,background,31.30514519122856,-8.872789535320676,24,5,618.1810913085938,1.4061277735123636,0.76063720703125,0
bg_00893,background,29.431940835759754,-9.398492978796938,49,3,1204.1336669921875,1.500854452429661,0.73916015625,0
bg_00894,background,27.796962324331357,-12.441954335678954,45,7,-10.88845157623291,1.1580606361947763,0.5268504333496093,0
bg_00896,background,31.12657202927915,-6.396946406358208,59,3,1377.948486328125,8.118345001488823,3.884111328125,0
bg_00897,background,33.35888357966794,-2.962353070271931,18,3,1365.216552734375,4.02285664888613,2.0978564453125,0
bg_00898,background,34.41345225936385,-2.365942564588835,18,3,883.75537109375,3.651766963974101,2.0887890625,0
bg_00899,background,26.29721974190061,-11.480639119648849,15,7,276.17572021484375,0.6624916805176246,0.33609130859375,0
bg_00900,background,32.07872632930146,-4.740257772606643,71,9,1758.239013671875,17.44582868494437,9.1081640625,0
bg_00901,background,27.101156692929983,-12.496518179812206,27,6,198.73764038085938,1.2487228847208163,0.6647210693359376,0
bg_00902,background,30.403875102776954,-4.826294092150282,82,3,829.7598876953125,4.4740561126257825,2.419609375,0
bg_00903,background,27.547418103731122,-11.968834421307426,27,6,314.6592712402344,0.6099325588612757,0.337279052734375,0
bg_00904,background,29.590991966772556,-6.367974626959006,82,7,477.3761901855469,1.2111774020865675,0.45081787109375,0
bg_00905,background,21.90318811668665,-14.769442945114404,8,7,225.5113525390625,0.3137525567175402,0.1257928466796875,0
bg_00906,background,28.311658459910294,-10.529678306320386,14,7,272.4404296875,2.1486966058910464,1.250379638671875,0
bg_00907,background,35.132644398059284,-5.560656790520413,32,9,339.6317138671875,18.546646009008178,12.42421142578125,0
bg_00908,background,35.81487267619321,-5.66664100024771,82,10,215.30345153808594,4.791620680868266,1.87582763671875,0
bg_00909,background,26.84465089760988,-13.177255030206231,27,7,159.5895233154297,1.9293658688556707,1.1926165771484376,0
bg_00910,background,32.56593381143154,-1.9501575603160188,14,3,1311.8912353515625,6.773630156224954,3.727705078125,0
bg_00911,background,32.02693118770811,-7.697723100133518,24,5,447.1493835449219,0.5697602054978772,0.260311279296875,0
bg_00912,background,23.150782108358857,-14.216717332139993,8,7,265.44268798828125,0.7389636172374295,0.415640869140625,0
bg_00913,background,32.79049143004733,-2.8390198500302817,18,3,1296.494384765625,1.0478269332881216,0.630966796875,0
bg_00914,background,25.26835887297302,-13.059710895992454,8,7,215.71200561523438,1.1782263440983174,0.4620550537109375,0
bg_00916,background,23.66412276592659,-15.769997326353812,40,6,51.612144470214844,0.8196131401421457,0.2621492004394531,0
bg_00917,background,26.781091295527673,-10.481421346816354,15,7,308.79547119140625,1.1960887408023377,0.62489013671875,0
bg_00918,background,23.914414163593214,-12.364823308520371,8,7,257.9139404296875,0.622734205317319,0.229952392578125,0
bg_00919,background,25.647390089207665,-14.556284267453577,37,6,101.99638366699219,1.3535691723416095,0.8234469604492187,0
bg_00922,background,23.2968763260788,-13.96690750832295,8,7,314.0968933105469,0.7743256524573425,0.42845458984375,0
bg_00923,background,33.38276955101103,-5.430213291423886,71,3,1125.9169921875,16.32781131088055,8.4759423828125,0
bg_00924,background,31.97820693258579,-8.460580647307228,10,10,411.4766540527344,4.919242636714763,2.25434326171875,0
bg_00925,background,30.64459760660945,-8.427690392380509,24,6,524.9512329101562,1.1871948886686834,0.552529296875,0
bg_00926,background,28.33336304625041,-11.422300770433349,40,7,43.45217514038086,0.31553671398274563,0.13517868041992187,0
bg_00927,background,25.370435214416833,-14.014837664217675,23,6,156.53968811035156,1.582972190533858,0.8449859619140625,0
bg_00928,background,26.78909177142066,-12.721882226155238,24,7,137.59976196289062,4.174564015311079,1.9359686279296875,0
bg_00929,background,23.549439162172092,-12.945839873239658,8,7,287.02777099609375,1.3545662101079594,0.622369384765625,0
bg_00930,background,28.33397630250517,-11.410291788400132,40,7,47.86589431762695,0.5210790006737746,0.2765615844726563,0
bg_00931,background,22.158205901304452,-16.68561298346097,62,7,18.826034545898438,0.46470956349415493,0.2899261474609375,0
bg_00932,background,21.536358476854755,-15.589031407954888,29,7,127.44578552246094,1.4931221684175067,0.7836605834960938,0
bg_00934,background,34.03098315027691,-3.5588965746475396,59,10,571.431640625,3.1259681672129904,1.4774072265625,0
bg_00935,background,31.380863294149563,-8.83839079944301,8,8,568.431884765625,4.311822043354517,2.5515576171875,0
bg_00936,background,27.105450170271343,-12.246997969816913,27,6,285.2097473144531,0.5713792458568161,0.29802001953125,0
bg_00938,background,31.152662440935526,-8.593790148374435,69,9,1940.0631103515625,31.676051890963564,22.9194677734375,0
bg_00939,background,29.93978656275659,-8.45319848412122,49,7,1670.2012939453125,8.862623171969735,5.2127490234375,0
bg_00940,background,30.802615744422344,-8.062095767534519,8,9,2204.310791015625,12.761140256734961,7.207392578125,0
bg_00941,background,34.28800364068794,-6.099054496399458,24,2,30.763511657714844,1.3297722674050438,1.1405724334716796,0
bg_00942,background,33.66779094086853,-3.541027343323499,59,3,698.0938110351562,3.250428497315643,1.626318359375,0
bg_00944,background,26.48719090670146,-12.083704748444877,8,7,309.3474426269531,0.49704079032223625,0.292078857421875,0
bg_00945,background,21.814615855333223,-13.90421011600671,8,7,233.44268798828125,1.2882317825734462,0.8473284912109375,0
bg_00946,background,33.86163306335996,-3.012257966141267,18,3,1483.411865234375,4.6305666733866975,2.212333984375,0
bg_00948,background,31.684999649008248,-7.713886224941112,24,5,509.4499206542969,0.6858215588493511,0.525015869140625,0
bg_00949,background,24.91667699483208,-13.391930438950746,8,7,220.37728881835938,0.9239784672923358,0.450897216796875,0
bg_00950,background,22.995801569870792,-15.435371613273979,39,7,220.13291931152344,0.7619351473344879,0.2969097900390625,0
bg_00951,background,24.856814318874054,-13.026559309386707,8,7,211.94711303710938,0.392157963448898,0.114217529296875,0
bg_00952,background,23.133454903600573,-13.461271703907267,8,7,338.1455993652344,0.5051667149861891,0.230601806640625,0
bg_00954,background,23.919625732872447,-13.101623048010973,8,7,276.9338684082031,0.6772896789810005,0.276942138671875,0
bg_00955,background,31.205820457925885,-7.65185428497767,66,9,2655.56591796875,27.678942490891096,16.355283203125,0
bg_00956,background,31.103918394549268,-6.545507991483898,14,3,1264.8792724609375,0.9622077610889732,0.5176513671875,0
bg_00957,background,31.901498761134853,-6.818535486061541,71,8,1036.4222412109375,7.571716807363501,3.91783203125,0
bg_00958,background,22.38601453186315,-16.087404228199084,39,6,151.62118530273438,0.8528499634777243,0.3932061767578125,0
bg_00959,background,31.207429593055664,-9.278946326476095,69,9,1253.0064697265625,10.487608936264738,6.036416015625,0
bg_00960,background,27.535087325420616,-10.25999914426939,27,7,552.7437133789062,0.8405900945562829,0.44161865234375,0
bg_00961,background,27.528147445842194,-9.90152981135829,27,7,527.1783447265625,1.0092367334806682,0.47392333984375,0
bg_00962,background,34.70749248508318,-3.1568082704270575,9,5,489.7922058105469,7.378316445881539,3.856376953125,0
bg_00963,background,26.86312461305577,-9.478487773445757,8,7,479.6151123046875,0.8419902483513921,0.401405029296875,0
bg_00964,background,25.686814367963223,-14.595327192397246,37,6,81.15109252929688,0.5513226267596559,0.29779266357421874,0
bg_00965,background,23.725815443500306,-14.02825301804338,69,7,335.5205078125,1.1211018301958393,0.68261474609375,0
bg_00966,background,30.982442578190096,-3.8813923723769674,56,3,712.7769165039062,2.4087999287619413,0.951728515625,0
bg_00967,background,32.22986427583572,-3.106432624613559,14,11,947.2141723632812,3.506192986767816,2.1822509765625,0
bg_00968,background,23.674175714061825,-12.81791126205645,8,7,251.43331909179688,0.9156746856277654,0.3774505615234375,0
bg_00969,background,34.694624768028525,-3.699746053156627,19,1,1010.9163818359375,18.53947625023869,9.29323974609375,0
bg_00970,background,32.156565998671226,-2.6564854251994543,14,3,960.624267578125,1.3018895554191692,0.7570849609375,0
bg_00971,background,34.38632593154962,-2.135114921601983,18,3,1547.6754150390625,22.938827610683024,18.070498046875,0
bg_00972,background,28.02155552262315,-8.845787412318408,27,6,507.7012939453125,0.7766734866745737,0.3293310546875,0
bg_00973,background,28.42394474825267,-10.138137839426905,10,9,427.3990173339844,22.153344238989582,15.645435791015625,0
bg_00975,background,23.451715196171495,-13.293233111162426,8,7,340.9990539550781,0.3295116056908952,0.2710546875,0
bg_00976,background,30.76780256786547,-5.5652316230978816,24,3,853.6014404296875,2.041852678677532,1.10775146484375,0
bg_00977,background,31.105232654850003,-6.3967094621111995,59,3,1331.1461181640625,16.666707802303634,8.55923828125,0
bg_00978,background,32.31975184531315,-4.1601913924363245,71,3,1404.2044677734375,2.5991454841205255,1.178369140625,0
bg_00979,background,32.78384501225203,-3.041457424751946,14,3,1309.1741943359375,2.8979862731371684,1.4109326171875,0
bg_00980,background,22.426838644006857,-15.535352959591018,29,7,182.3896942138672,0.8213957031183716,0.445177001953125,0
bg_00981,background,31.461979793809753,-8.60483826189566,14,5,491.4916687011719,0.5289872811968953,0.315472412109375,0
bg_00982,background,32.74018287460797,-6.124677629737003,13,3,687.9114990234375,7.394479215296713,4.01615478515625,0
bg_00983,background,21.696691877025437,-16.12444793724939,39,6,119.93959045410156,2.5926207688155976,1.4513821411132812,0
bg_00984,background,28.204299980687992,-11.233411846635407,69,7,162.96798706054688,1.7577699463678025,0.99315185546875,0
bg_00985,background,22.82346068982247,-13.515075381434572,8,7,318.82720947265625,0.9064781640071229,0.462506103515625,0
bg_00987,background,29.656601500921653,-8.260582718478902,49,7,780.028564453125,3.151886650270269,2.1553515625,0
bg_00988,background,34.6433730269923,-2.6161355076753807,9,9,673.603515625,16.14374718448207,8.00732421875,0
bg_00989,background,27.296348149781558,-9.842707876742553,27,7,526.2962036132812,0.5533625482499399,0.2027294921875,0
bg_00990,background,27.465476301916254,-13.133647894278635,45,7,31.06343650817871,1.4569306349409736,0.6680168151855469,0
bg_00991,background,24.41797867824299,-13.546895130369604,23,7,339.8074951171875,0.9309822904118482,0.606968994140625,0
bg_00992,background,27.5618358230116,-9.85540072456773,27,7,536.16259765625,1.0032071506932523,0.50489990234375,0
bg_00993,background,26.125335854366927,-10.163790265773669,8,7,446.8064270019531,0.8089514526101722,0.463990478515625,0
bg_00994,background,28.223415527891447,-11.487338793217138,14,7,14.778657913208008,0.9555984669558539,0.43552040100097655,0
bg_00995,background,22.347358308458368,-13.0901737116978,8,7,321.7260437011719,0.5615455001963243,0.26469482421875,0
bg_00997,background,26.991789477550522,-11.205247060428203,8,7,211.14569091796875,1.069531264261728,0.76818359375,0
bg_00998,background,32.74185158750565,-5.0637010714539405,19,11,1553.1734619140625,2.7442966908916344,1.567509765625,0
bg_00999,background,22.687784479418276,-13.196819306185978,8,7,316.5361328125,0.4356726080093114,0.1672265625,0
bg_01000,background,34.96343514600989,-3.862889951182521,69,8,756.0733032226562,33.39505048059889,23.16447265625,0
bg_01001,background,33.450762877361385,-2.7560023998786507,8,3,1213.35791015625,0.6912532617226664,0.44361328125,0
bg_01002,background,33.95789552971544,-5.955517305276363,48,3,219.07568359375,13.935568867945996,6.9414215087890625,0
bg_01003,background,22.519263330095757,-13.19458931718502,8,7,303.83837890625,0.7623059297991193,0.46400390625,0
bg_01004,background,23.8518964450355,-13.61383522993824,69,7,307.2629089355469,1.8223611144919434,0.928890380859375,0
bg_01005,background,26.04865473282595,-13.14682275889479,23,7,161.7889862060547,0.6879158371509067,0.2784832763671875,0
bg_01006,background,28.17085547930504,-10.581974520082943,28,7,300.3083801269531,13.262186267190296,7.173931884765625,0
bg_01007,background,31.599798785215,-5.716403656117622,71,9,2847.41015625,19.340039079375966,11.16712890625,0
bg_01008,background,23.99247515953724,-14.801765442933196,23,7,213.81982421875,0.7293109125080889,0.391348876953125,0
bg_01009,background,32.8687441436444,-1.7104770160119442,14,3,1223.0787353515625,2.803544972298897,1.59611328125,0
bg_01010,background,23.60122366797791,-13.569436880937165,69,7,380.5800476074219,1.7642344353599955,0.84466064453125,0
bg_01011,background,32.27101550202123,-1.3833378591935213,14,3,1058.8800048828125,1.5993209144895713,0.999521484375,0
bg_01012,background,23.92459656202121,-14.979516887916743,23,6,199.7500457763672,0.6736602345670558,0.292879638671875,0
bg_01013,background,25.29774191087785,-12.606771395493924,8,7,325.5003662109375,1.4118107608615678,0.584154052734375,0
bg_01014,background,26.79602102633563,-12.25992005245522,69,7,156.6039581298828,1.5004750093163943,0.8777288818359374,0
bg_01015,background,23.40888839277504,-13.301166713008588,8,7,344.2708740234375,0.45497064754691124,0.2629052734375,0
bg_01016,background,35.004745688496726,-5.3530023361969,69,9,335.7551574707031,22.914660292457512,12.586429443359375,0
bg_01017,background,26.184148343256417,-13.028337026146774,23,6,182.5504913330078,0.7488540948370819,0.442015380859375,0
bg_01018,background,31.475631984530743,-9.564732311279172,69,3,232.55506896972656,8.337417353072611,4.832278442382813,0
bg_01019,background,24.220368234024544,-12.548701226095371,8,7,252.31826782226562,0.9604549158964312,0.5733843994140625,0
bg_01020,background,32.206306651400524,-4.651425529099156,71,3,1451.1446533203125,1.0231721070355104,0.56876953125,0
bg_01021,background,23.60716226156265,-13.030676115452339,8,7,287.46917724609375,0.3747248410551197,0.155548095703125,0
bg_01022,background,21.94732258800096,-13.678891731435117,8,7,237.89849853515625,0.39336799126538646,0.16037109375,0
bg_01023,background,23.952722570381948,-14.106329666956416,23,7,305.2074890136719,0.9101617985866123,0.442413330078125,0
bg_01024,background,27.010864326255614,-9.508674670200673,27,7,522.9793701171875,0.5320428406862547,0.27063232421875,0
bg_01025,background,26.439200760647726,-13.651965764842949,23,6,100.67015838623047,0.7061776015609902,0.31549163818359377,0
bg_01026,background,23.089234475134795,-13.03533577660903,8,7,313.5943908691406,0.41780225557497436,0.23268310546875,0
bg_01027,background,26.196497858612073,-9.979102595945983,8,7,462.1623840332031,0.39502307611936505,0.181544189453125,0
bg_01028,background,35.19655355719205,-5.183994639683493,25,9,1143.21044921875,34.50018161293625,19.4079248046875,0
bg_01029,background,27.46565378486952,-12.631863808629197,8,6,114.70649719238281,0.8238416999782691,0.35151947021484375,0
bg_01030,background,34.97512803018181,-2.203488390341092,24,3,130.8967742919922,1.0841344217763464,0.6099700927734375,0
bg_01031,background,21.5434661428118,-14.914778934160129,8,7,175.04930114746094,0.6645284616323522,0.3804339599609375,0
bg_01032,background,33.459793206988266,-6.843807211104415,28,9,445.9906311035156,12.481834717461997,7.75072998046875,0
bg_01033,background,30.71308435690162,-4.799633124190752,24,3,649.438720703125,0.6803529144903001,0.25119140625,0
bg_01034,background,29.4907354033422,-7.524285747595182,28,7,421.9405212402344,2.8853532368726116,1.680943603515625,0
bg_01035,background,30.94376545733922,-6.55584740315519,36,3,1295.63525390625,3.659733429844165,1.999091796875,0
bg_01036,background,23.88605928120692,-13.432621734172427,69,7,288.9038391113281,1.013795835753923,0.47887939453125,0
bg_01037,background,25.049731592526598,-13.461386423771224,8,7,208.65975952148438,0.42736855608633206,0.1744830322265625,0
bg_01038,background,35.11972164024072,-4.6260056675448,69,9,547.51123046875,18.387715142758147,9.97168701171875,0
bg_01039,background,24.27212855775014,-12.044565098617777,8,7,212.13804626464844,0.6154283682554491,0.2340777587890625,0
bg_01040,background,31.543555630503505,-8.33349374903249,24,5,443.1897888183594,1.1799836857611323,0.465919189453125,0
bg_01041,background,25.198431290525992,-12.832454543699594,8,7,271.0179748535156,0.8278993093712984,0.538411865234375,0
bg_01042,background,21.59380730146934,-15.651346727966756,29,7,145.52218627929688,1.66394579094855,0.9499676513671875,0
bg_01043,background,24.593832107003713,-14.037415802604693,8,6,238.18829345703125,0.4603604700386948,0.2171807861328125,0
bg_01044,background,30.043791112859502,-6.912093654615036,14,3,615.2239379882812,0.6615312768891192,0.33350341796875,0
bg_01045,background,33.99531332250293,-4.12348173420901,71,9,1327.32861328125,20.683293198005526,12.565654296875,0
bg_01046,background,22.41923448035134,-15.023720958640286,29,7,255.4658203125,1.3307327923409902,0.745184326171875,0
bg_01047,background,23.498742760017652,-15.005892782612923,69,7,232.06231689453125,1.4641673062966516,0.529488525390625,0
bg_01048,background,34.447945199598074,-2.0425821804047315,18,3,914.3248901367188,10.129441526746502,6.1026708984375,0
bg_01049,background,30.759940812858044,-6.7882163210965425,38,3,1425.5413818359375,17.76518264837019,9.9839990234375,0
bg_01050,background,30.00792375693862,-7.193301809136341,8,3,1046.3197021484375,31.109307664887787,19.47503662109375,0
bg_01051,background,29.77399740099682,-6.113305278156598,82,7,492.8883056640625,1.3251641423330875,0.483099365234375,0
bg_01052,background,32.760164665111546,-1.6518150904859101,32,3,1186.8468017578125,2.0510224178788126,1.06861328125,0
bg_01053,background,23.732832072000143,-14.074865966824884,69,7,334.8660583496094,1.3782852272801267,0.772843017578125,0
bg_01055,background,22.87514513775623,-13.382763141187462,8,7,345.7947692871094,0.6398864322472755,0.283304443359375,0
bg_01056,background,33.61378976364635,-6.37431675791715,56,9,450.1191101074219,4.3481782127022095,2.354305419921875,0
bg_01057,background,33.057413949314785,-8.434769661478407,17,3,65.445068359375,2.688601216407425,1.3308352661132812,0
bg_01058,background,28.66424284162122,-9.075214426894451,14,7,289.6116027832031,0.6012387849842116,0.3206298828125,0
bg_01060,background,32.26954006502345,-7.239070420267967,24,5,353.14080810546875,0.7473709993074591,0.340006103515625,0
bg_01061,background,26.91370486582422,-10.109121792771369,8,7,395.2539367675781,1.5717664788902037,0.8946240234375,0
bg_01062,background,21.819724040675755,-13.408915869974146,45,6,248.26690673828125,0.7616195220836244,0.41803466796875,0
bg_01063,background,28.33702244756437,-8.977930120119836,67,7,302.9085388183594,5.840259277670901,2.654083251953125,0
bg_01064,background,22.1887739028994,-15.940984636441467,39,6,163.21826171875,0.7655722081368397,0.3899774169921875,0
bg_01066,background,32.19732131737017,-8.229533087493637,13,8,437.3021240234375,3.26157762279258,1.398350830078125,0
bg_01067,background,30.94467037280982,-6.456825575318482,8,3,1363.0439453125,11.797337807100341,6.513388671875,0
bg_01068,background,30.480866446248605,-8.570049368772967,56,6,595.0928344726562,15.623391077489988,8.45570068359375,0
bg_01069,background,28.393445115316172,-8.871726126148426,67,7,292.0779724121094,0.6109090010952989,0.334144287109375,0
bg_01070,background,32.05036106709439,-9.30321458013771,45,3,101.09884643554688,1.7261592145907376,1.1110507202148439,0
bg_01071,background,30.31032984555633,-8.9453199743278,24,6,265.45391845703125,0.7389277424668761,0.33590576171875,0
bg_01072,background,30.794733429723152,-4.280040069783394,8,3,732.9990844726562,12.34087013713624,6.43595703125,0
bg_01073,background,34.67171222538734,-4.6300284690939915,32,8,770.9939575195312,11.439095001596714,6.1619189453125,0
bg_01074,background,28.034337476925657,-11.835246126753976,27,6,145.60020446777344,0.901768219513248,0.5504205322265625,0
bg_01075,background,31.633655660108136,-6.901606587749467,18,9,1486.38671875,21.574396097090666,14.296611328125,0
bg_01076,background,22.727195365589736,-13.677570805558696,8,7,309.4537658691406,0.7735960609865361,0.46348876953125,0
bg_01077,background,32.398718641470886,-7.166251824429685,24,10,353.3788146972656,3.735469044866399,2.42662109375,0
bg_01078,background,33.14683020898708,-5.925006309169086,56,3,1048.5848388671875,9.748813762981529,6.9810791015625,0
bg_01079,background,29.72278658187264,-8.97132668219255,66,7,993.5299072265625,2.1178614207808897,1.366591796875,0
bg_01080,background,31.450478445121494,-8.20590908844919,8,8,636.3074951171875,4.889385057401485,2.67023681640625,0
bg_01081,background,22.804547078897563,-15.563669057134177,8,7,191.33203125,0.5554548698112255,0.2864404296875,0
bg_01082,background,32.92492609284791,-8.16429959270574,14,3,141.6642608642578,0.8328633991784178,0.4627642822265625,0
bg_01083,background,25.628997027946948,-13.065539358252899,8,7,233.51480102539062,0.4841826572928714,0.1894842529296875,0
bg_01085,background,27.486916053440176,-11.713769738376998,27,6,300.5444030761719,0.5787121537934948,0.426881103515625,0
bg_01086,background,34.415826278709176,-6.138713987586121,24,2,10.015896797180176,0.3970731486797308,0.15252639770507812,0
bg_01087,background,28.15894240804331,-11.699584003146747,13,7,83.77090454101562,5.972658652377016,3.1298599243164062,0
bg_01088,background,26.952326449487032,-11.558924575382534,24,7,158.29254150390625,0.6315949312232726,0.2500067138671875,0
bg_01089,background,21.703250289454598,-15.606528783274802,29,7,174.16720581054688,0.7107769050665455,0.2720111083984375,0
bg_01090,background,27.602391792868985,-11.339061401685838,8,7,211.60958862304688,1.407290546004019,0.779912109375,0
bg_01091,background,34.39821653963828,-3.8858098751864962,64,9,814.9735717773438,21.467553195197198,11.97037353515625,0
bg_01092,background,31.72283167153108,-6.55345777760654,71,9,2024.8961181640625,39.747104960277746,27.89744140625,0
bg_01093,background,27.533208478893826,-12.744716438667238,27,6,97.78093719482422,0.4182590193114466,0.3067868041992188,0
bg_01094,background,23.99996730663643,-15.691016374711207,82,7,0.0,0.0,0.0,0
bg_01095,background,27.776541668148404,-10.081144139932775,14,7,561.993408203125,0.6721117236853766,0.4032470703125,0
bg_01096,background,33.40062368427364,-7.886537962259215,41,3,124.29402923583984,1.1038197041983857,0.5583013916015624,0
bg_01097,background,24.86696053408408,-13.643557172009368,23,7,265.5914001464844,0.39845027414239875,0.165469970703125,0
bg_01098,background,27.481082268154548,-11.820843136658974,24,6,274.1260681152344,0.5154779565603497,0.159700927734375,0
bg_01099,background,29.947686244417177,-6.92273853072789,14,7,568.1192626953125,0.4962809201303089,0.2639111328125,0
bg_01100,background,23.153924411890518,-13.759970783485278,8,7,318.382080078125,0.4496242447662686,0.231549072265625,0
bg_01101,background,32.23486480568139,-7.979474994643807,8,5,446.36968994140625,1.3608997233333768,0.500087890625,0
bg_01102,background,24.405784580876574,-12.111674086330495,8,7,233.9642791748047,0.553409709511912,0.206219482421875,0
bg_01103,background,21.775797127952327,-14.655725136727135,8,7,203.39244079589844,0.413443925376915,0.1947998046875,0
bg_01104,background,26.704876041870506,-9.128573290154478,15,7,424.1781005859375,0.6503455023984458,0.291959228515625,0
bg_01106,background,21.93616159536329,-15.122684818039561,29,7,198.08909606933594,0.5770742723948411,0.366932373046875,0
bg_01107,background,23.998109442343726,-12.877579579320203,8,7,225.02040100097656,0.6387076514003078,0.21903076171875,0
bg_01108,background,27.128643895330118,-8.82472580710768,27,7,463.62451171875,0.47173838486529346,0.300592041015625,0
bg_01110,background,21.483860203840383,-14.234774041568784,45,7,186.00502014160156,1.3394869406159882,0.5145068359375,0
bg_01111,background,32.04560818933797,-7.221902976093423,14,5,479.0115966796875,0.9959373675156591,0.56816650390625,0
bg_01112,background,29.95292253089216,-7.302424661619098,8,3,619.427734375,4.689191803317378,3.157060546875,0
bg_01113,background,27.47367734252113,-12.501081484216305,27,7,164.375,0.8801996952808172,0.4543072509765625,0
bg_01114,background,31.29750991504126,-7.281268440308993,71,9,1932.113525390625,7.323070759116168,3.1384716796875,0
bg_01115,background,21.382709984311333,-15.426925311415692,8,7,141.49813842773438,1.12917854226398,0.464674072265625,0
bg_01116,background,33.08261780325987,-5.96266235099405,16,3,1272.0111083984375,28.231501437407356,16.958984375,0
bg_01118,background,32.121283330726676,-4.7148561269767395,71,9,1721.4310302734375,15.951146147697036,9.7776806640625,0
bg_01119,background,33.303557992719725,-7.934644808964331,17,3,180.0444793701172,0.6826495712886893,0.261683349609375,0
bg_01120,background,25.081195864919295,-12.334132174572956,11,7,356.1813659667969,0.632201879906306,0.295521240234375,0
bg_01121,background,22.170215608858918,-14.85185479202268,39,7,236.53433227539062,0.34482250682333476,0.125828857421875,0
bg_01122,background,23.36875320075785,-12.30246981993837,8,3,301.86968994140625,0.3543881326098415,0.1412109375,0
bg_01123,background,27.542845876920584,-9.794803165167643,27,7,519.5343017578125,0.900446172163547,0.52775634765625,0
bg_01124,background,32.5791253205523,-8.75889971713524,14,3,151.190673828125,2.6592079714882453,1.3862127685546874,0
bg_01125,background,22.924117287679593,-15.873098239242996,23,6,145.04534912109375,1.0699359721269275,0.515533447265625,0
bg_01126,background,30.665263794898156,-4.1335558431345945,82,3,845.4716796875,10.764152446235219,8.21087158203125,0
bg_01128,background,32.14133788998551,-2.945588167895341,56,3,906.0341186523438,1.459250051682502,0.82141357421875,0
bg_01129,background,27.964566009700874,-10.426484984204157,24,7,424.9134216308594,0.5973851313662971,0.28218505859375,0
bg_01130,background,24.70762925783303,-13.037813126206984,8,7,231.2258758544922,1.0242000761583196,0.3834674072265625,0
bg_01131,background,34.564055370413264,-3.521729773557585,8,8,1634.1827392578125,4.751782089054848,1.768251953125,0
bg_01132,background,34.213696651679555,-4.775396641456754,64,10,271.037109375,12.26812062706953,6.338896484375,0
bg_01133,background,21.43775058763292,-14.54501615641821,8,7,171.74696350097656,0.5160607739117377,0.2991046142578125,0
bg_01134,background,33.558990286015785,-4.257354602205357,18,9,1900.0272216796875,9.277093690413896,4.66884765625,0
bg_01135,background,34.92375397105942,-2.2831424682809236,24,3,213.64039611816406,3.2945346586052127,1.770157470703125,0
bg_01136,background,28.089970426560964,-9.376551305620344,67,7,423.48931884765625,6.957757518055134,3.435230712890625,0
bg_01137,background,27.066626159642716,-12.363068652215288,27,6,229.4868621826172,0.4060229358037224,0.2267413330078125,0
bg_01138,background,25.437237209989583,-13.974117285882752,23,6,143.69541931152344,0.6926131029104364,0.438045654296875,0
bg_01139,background,31.19153790244085,-8.321980895539472,56,3,1892.8326416015625,13.56491650419602,8.209375,0
bg_01140,background,29.843545564275697,-6.713087628271395,63,7,480.6983947753906,0.9187106872599302,0.4916796875,0
bg_01142,background,24.509434553215208,-13.890707533601844,24,7,282.3418884277344,0.4483221185778545,0.219639892578125,0
bg_01143,background,26.941736798633073,-10.454565095726505,8,7,318.6720275878906,1.0026423675123322,0.5913671875,0
bg_01144,background,31.123488790179795,-8.878170330326675,56,8,1464.455322265625,26.100004508101126,14.4625048828125,0
bg_01145,background,26.534481212990734,-13.198842467858785,27,7,181.56394958496094,1.8717715133276842,1.025155029296875,0
bg_01146,background,31.212592848023895,-4.485894992554999,28,3,827.0955810546875,9.536726923422842,4.73435791015625,0
bg_01147,background,26.694735461264937,-11.399915865471863,15,7,200.14466857910156,1.7139578492197505,1.1164703369140625,0
bg_01148,background,23.341206495998254,-13.79915089621915,8,7,333.2349548339844,0.7473793774953749,0.421405029296875,0
bg_01149,background,27.875327086650113,-9.427235374845072,27,6,527.992431640625,1.0045596160466645,0.56080322265625,0
bg_01150,background,23.61479558988256,-15.730165686944357,37,6,86.72660064697266,3.1698169646700194,2.4479486083984376,0
bg_01151,background,30.59647954175353,-4.973040902268794,14,3,674.42333984375,0.746841824788238,0.23144775390625,0
bg_01152,background,22.68369340158631,-14.64046277479625,39,7,283.16778564453125,0.6624174646359644,0.254981689453125,0
bg_01153,background,27.032980225537564,-12.027724471946382,8,7,368.86187744140625,0.711454611815221,0.374869384765625,0
bg_01154,background,29.71589836356673,-6.686822401768312,60,7,471.9114074707031,1.739223188509345,1.0059423828125,0
bg_01155,background,21.94706201472424,-16.152137566588753,39,6,125.50701904296875,1.2392593650671895,0.6259811401367188,0
bg_01156,background,27.091060032460046,-9.013360647515565,27,7,471.20751953125,2.042148190884002,1.27181884765625,0
bg_01157,background,28.274607900230954,-10.142507951058976,28,7,209.44515991210938,5.245799408782092,3.5794549560546876,0
bg_01158,background,23.439597345690892,-15.676882273400054,23,6,125.23404693603516,0.7973846665434987,0.4785418701171875,0
bg_01159,background,34.26829756546331,-5.122043778944985,24,8,119.67293548583984,3.488922992255087,1.723424072265625,0
bg_01160,background,32.520359550457805,-2.2418610946558215,14,3,1051.0758056640625,1.1746143406480358,1.287978515625,0
bg_01161,background,25.610343726466166,-12.864880621019996,8,7,281.3367004394531,0.6484214831474069,0.311715087890625,0
bg_01162,background,21.988592575476947,-14.371078734944906,8,7,217.68507385253906,0.8377947027817048,0.31535400390625,0
bg_01163,background,32.45331702318442,-7.733983062867165,60,5,333.4190673828125,8.263924417539839,3.85116943359375,0
bg_01164,background,34.05484068714985,-5.109905259926108,8,10,403.26165771484375,2.3125531391203977,1.38606689453125,0
bg_01165,background,26.81088389251423,-12.36774708097974,8,7,136.50735473632812,14.941520886952366,9.723779907226563,0
bg_01166,background,32.17517180693022,-4.814842988798458,71,3,1583.250244140625,9.235827435926932,5.2537353515625,0
bg_01168,background,30.141541599478415,-7.502720709647507,49,9,972.10986328125,11.159743514717366,6.56411865234375,0
bg_01169,background,24.289756468484693,-12.623195684524404,8,7,219.1468505859375,0.9352715353763394,0.291883544921875,0
bg_01170,background,26.110697287352643,-9.116814190511759,8,7,415.2355651855469,1.344104565986332,0.7341943359375,0
bg_01171,background,23.78814673594674,-13.470402749808962,69,7,320.71612548828125,3.387380047669352,2.169818115234375,0
bg_01172,background,26.591013113355647,-9.939291859363538,27,7,497.2669982910156,8.288390535713711,4.866217041015625,0
bg_01173,background,24.901653696016236,-12.495378889059243,63,7,279.0011291503906,0.5902273467935795,0.226607666015625,0
bg_01174,background,29.690505721518992,-5.685359655656145,82,7,538.0336303710938,0.675562286208578,0.4249755859375,0
bg_01175,background,34.5962974071464,-2.4240497028953167,14,3,626.6903076171875,2.749819712127843,1.60724853515625,0
bg_01176,background,22.374724707354495,-14.418218503582441,8,7,264.21160888671875,0.5889212433500007,0.279835205078125,0
bg_01177,background,32.845889153948455,-1.6608199376833974,14,3,1200.2757568359375,1.8609774873620661,1.118056640625,0
bg_01178,background,26.407477637913324,-11.605815346978586,8,7,280.50238037109375,1.2865995318576329,0.638402099609375,0
bg_01179,background,27.919273950503037,-12.175225756406611,32,7,56.6726188659668,0.7681634990009745,0.3404579162597656,0
bg_01180,background,32.33663141739298,-5.291553401666852,71,9,2287.62060546875,22.982565758711093,14.883193359375,0
bg_01181,background,31.01270630925778,-5.020615793105897,28,3,1058.252685546875,20.002889634956706,11.6878955078125,0
bg_01182,background,26.79846026432902,-12.034819701593936,69,7,167.67173767089844,1.0140236167625163,0.44044677734375,0
bg_01183,background,27.415204403790568,-11.661174037190364,27,6,306.81561279296875,0.6263875095957807,0.24647216796875,0
bg_01184,background,30.821803937667045,-7.642252097731153,8,1,2548.38525390625,14.092454189130933,8.7340625,0
bg_01185,background,21.510254362159557,-14.934019712523659,8,7,166.07174682617188,0.526822725192669,0.2274029541015625,0
bg_01186,background,28.90529609916213,-10.356871469968382,10,6,169.98004150390625,1.2789113083144341,0.51476806640625,0
bg_01187,background,21.915924952081344,-16.363459637231532,8,6,65.61239624023438,2.2215168183662293,1.5644522094726563,0
bg_01188,background,32.8698706048834,-3.734985068874496,14,3,1176.360595703125,1.9513146662141072,1.0020556640625,0
bg_01189,background,22.8055729269298,-13.616001096096628,8,7,311.9103088378906,0.8215815583694146,0.4027978515625,0
bg_01190,background,32.28306057688701,-5.153399363478345,71,9,1974.0789794921875,12.526310722925334,8.2618212890625,0
bg_01191,background,31.26875761441396,-7.057014328067138,71,9,2244.8388671875,11.584802839113932,5.99216796875,0
bg_01192,background,26.2919667377099,-13.627219566459413,23,6,102.96864318847656,0.37835656517320615,0.157215576171875,0
bg_01193,background,30.81654242512339,-6.46768359144612,38,9,1275.71630859375,38.853073871166984,27.3465478515625,0
bg_01194,background,26.012152201697255,-11.027421406108719,8,3,435.48876953125,1.5773109880276466,0.79135986328125,0
bg_01195,background,31.810848285421528,-6.229612985756048,71,9,2260.305419921875,17.9284209933938,11.581259765625,0
bg_01196,background,23.613481415240027,-13.834472996448504,69,7,363.30291748046875,1.2412475806382477,0.691673583984375,0
bg_01197,background,30.95123302178118,-6.853072057580381,59,3,1127.293701171875,4.5995723186735304,2.2964990234375,0
bg_01198,background,29.39170006643639,-8.191426115119528,61,7,502.7065124511719,1.1602509800130731,0.69875,0
bg_01199,background,33.6530066315494,-4.051907331395981,71,9,1881.3961181640625,27.156063079407204,15.2484423828125,0
bg_01200,background,31.988755562466583,-4.152280509985382,14,11,1135.1409912109375,0.9341705134760406,0.6682958984375,0
bg_01201,background,22.703877672995617,-14.39208523732622,7,7,314.78973388671875,0.8030148320216347,0.355806884765625,0
bg_01202,background,32.48792022254025,-6.878324551185267,14,5,417.53179931640625,0.5906523551797153,0.20274658203125,0
bg_01203,background,32.61633967444356,-3.222552016116404,71,3,1495.9461669921875,23.691178914292916,13.9448876953125,0
bg_01204,background,27.659783338168708,-8.844318087383446,27,6,471.84637451171875,0.3976021056167026,0.136610107421875,0
bg_01205,background,26.62419962587382,-12.105317131754173,8,7,287.35693359375,1.2668710255283884,0.62943115234375,0
bg_01206,background,26.99105540944327,-10.777757283458694,8,7,246.17164611816406,1.339819254342243,0.543668212890625,0
bg_01207,background,31.08169907786005,-4.1648783749002405,28,3,734.7196044921875,3.0247609761346794,1.25724853515625,0
bg_01208,background,32.52770198158928,-4.8755115139338026,71,7,2981.587158203125,32.43052052946489,23.029951171875,0
bg_01209,background,31.438985544684943,-5.927433534885873,66,9,1794.16796875,12.005279823632517,5.25515625,0
bg_01210,background,32.063873387682214,-6.608025750509694,71,3,1126.816650390625,10.964226042096142,6.537060546875,0
bg_01211,background,21.399477530695652,-14.238351964109404,45,7,203.35986328125,1.5613415392640326,0.9587261962890625,0
bg_01214,background,26.38547576690243,-13.659056318711183,23,6,104.64463806152344,0.5659685368103622,0.2349249267578125,0
bg_01215,background,32.24423141762083,-2.3019582852790847,14,3,1007.3211669921875,0.3250717627702778,0.14325927734375,0
bg_01216,background,24.898435747121543,-13.937137153248626,8,6,229.2461395263672,0.6536225881609032,0.2505908203125,0
bg_01217,background,22.93479684577502,-13.285151180500742,8,7,338.3158264160156,0.8964477600180223,0.467449951171875,0
bg_01218,background,33.56363753130368,-2.1148498740548045,43,3,1111.694091796875,0.36087658482989926,0.1289013671875,0
bg_01220,background,31.461406375246163,-7.683195693853191,8,3,751.5625,10.773073238796778,5.28900146484375,0
bg_01221,background,24.104174911982295,-15.35560946015616,40,6,60.8365478515625,1.0063809339648406,0.510989990234375,0
bg_01222,background,24.82938463943964,-14.814884179817486,37,6,146.26461791992188,0.8911886004393823,0.5064312744140625,0
bg_01223,background,32.37350232282497,-1.2528089388160388,18,3,1108.804443359375,17.917625052025205,8.6650341796875,0
bg_01224,background,28.078387168988538,-10.973180656538586,14,7,256.08062744140625,0.7991551440046938,0.401387939453125,0
bg_01225,background,34.32749424294548,-6.536699599850861,24,10,3.6697075366973877,0.5809045307714938,0.20431763648986817,0
bg_01226,background,30.056794461851464,-8.015702997831179,56,9,1500.2037353515625,3.2661446688413918,2.017724609375,0
bg_01227,background,27.108001685339858,-13.377811146453864,40,7,16.297882080078125,0.6689352367302813,0.3149299240112305,0
bg_01228,background,22.722455337566764,-14.291411284406152,8,7,316.4348449707031,0.4856372967943977,0.253404541015625,0
bg_01229,background,23.298339051098385,-15.363867769374485,23,7,197.43020629882812,2.1321567608389493,1.3314202880859376,0
bg_01230,background,31.299898240639866,-4.795701597270992,8,3,965.1399536132812,16.952621115785107,9.5401611328125,0
bg_01231,background,32.838131007565316,-8.224821128925742,24,3,153.28729248046875,0.7871500527870653,0.2396002197265625,0
bg_01232,background,34.16175751810198,-5.58453390919617,48,3,256.7933654785156,8.62866121864389,5.55633056640625,0
bg_01233,background,24.235862044706288,-14.143716880109858,23,7,288.7249450683594,0.39025180516616775,0.199515380859375,0
bg_01234,background,27.260883913218347,-12.496774679864627,27,6,190.1649932861328,0.501485353917386,0.282783203125,0
bg_01236,background,31.27498329746898,-6.510420023699094,71,7,1611.562255859375,15.237395346196715,7.8599951171875,0
bg_01238,background,30.58768052305422,-8.129759189084403,49,9,933.0415649414062,23.497376851415655,15.00203125,0
bg_01240,background,35.44161288933722,-5.717595084639533,70,3,577.9848022460938,7.661325066348643,3.69680419921875,0
bg_01241,background,30.959104104380064,-4.946558459565282,14,3,726.6517333984375,0.8126012367272222,0.37658203125,0
bg_01242,background,32.12788812469209,-8.453192051589097,8,8,499.3016662597656,2.1040950436267103,1.65863037109375,0
bg_01243,background,32.370013140319806,-2.2094731368272718,14,3,1033.8082275390625,0.587308409790835,0.185556640625,0
bg_01245,background,27.34284478077819,-11.620539393945792,27,6,322.7605285644531,0.5273176249888264,0.210345458984375,0
bg_01247,background,32.94714514612636,-2.226538563027215,18,3,1465.57470703125,3.2638497647963955,1.9497607421875,0
bg_01248,background,26.042320038328597,-10.841164544971384,8,3,475.3820495605469,0.9585140729758224,0.504217529296875,0
bg_01249,background,32.9876232926719,-5.176756261712135,71,9,2124.138916015625,9.712468835114796,4.044375,0
bg_01250,background,25.826471662255877,-12.295084773245973,8,7,306.1898498535156,0.41234558957990386,0.252520751953125,0
bg_01251,background,26.15701308531154,-13.874769100987972,23,6,108.90805053710938,0.6262356154361071,0.3338580322265625,0
bg_01252,background,34.00734149273788,-4.264275505436048,26,9,711.2014770507812,29.38367728972262,19.54266845703125,0
bg_01253,background,32.055959028031296,-8.337874160144024,8,5,456.65045166015625,0.7711034067948058,0.478343505859375,0
bg_01254,background,28.065136781213052,-8.811408732744606,24,6,510.0016174316406,1.8352084146894276,0.98622802734375,0
bg_01255,background,29.765739186994633,-8.154008298640905,49,7,1735.718017578125,6.958830914488494,4.2873046875,0
bg_01256,background,22.283506849778735,-15.486335898273165,29,7,183.2960662841797,1.1553315230210686,0.5323974609375,0
bg_01257,background,32.23278629016935,-6.786155915079194,24,5,409.6487121582031,0.7306321416395006,0.289569091796875,0
bg_01258,background,26.730774248413148,-11.319326539257272,15,7,203.04360961914062,1.39972203183082,0.70328369140625,0
bg_01259,background,21.773665674361688,-14.554091351927482,8,7,208.68878173828125,0.6149577068138548,0.280833740234375,0
bg_01260,background,23.211806408310377,-15.503711577851945,23,7,196.36318969726562,0.720299911142842,0.351846923828125,0
bg_01261,background,32.08820511884894,-9.116684715924546,14,3,184.0122528076172,0.9035007570695355,0.45603271484375,0
bg_01262,background,26.743051391424547,-12.433805398049294,8,7,153.9048614501953,1.5040471849983472,0.8694732666015625,0
bg_01263,background,25.282012397309717,-13.01411725560573,8,7,223.26295471191406,1.127643690168788,0.738763427734375,0
bg_01264,background,31.608130677705297,-7.824157392658778,24,5,497.1479187011719,1.287823462898929,0.588665771484375,0
bg_01265,background,32.234645343023594,-6.610351756495975,24,5,454.4380798339844,1.5166987417234397,0.688358154296875,0
bg_01266,background,26.15472009719288,-10.471148546592511,8,7,501.3185729980469,0.33301105733502634,0.13809326171875,0
bg_01267,background,26.5260906060438,-10.231390531036126,61,7,388.06201171875,0.891131881223179,0.51065185546875,0
bg_01268,background,26.461430084943345,-11.786550743610261,69,7,309.0050354003906,2.40944406727446,1.41904052734375,0
bg_01269,background,24.345454363417318,-13.957090206007154,24,7,295.70587158203125,0.7317036519868714,0.45551513671875,0
bg_01270,background,24.69569757971923,-12.735216213708995,11,7,251.30677795410156,3.034556755117036,1.3905157470703124,0
bg_01271,background,27.16721434120732,-9.28969886252741,27,7,496.05828857421875,0.4214570171927127,0.2197119140625,0
bg_01272,background,34.53524317031957,-5.572438699792927,48,3,128.48411560058594,3.4875057747048146,1.9963015747070312,0
bg_01273,background,27.562322823578555,-11.073649557995955,8,7,347.2616882324219,3.4696289818183543,1.727110595703125,0
bg_01274,background,22.42401802229108,-14.71779228840824,39,7,243.07077026367188,0.8252458360083955,0.295352783203125,0
bg_01275,background,21.83323192823634,-13.218514552151055,8,6,264.2330017089844,0.45380380709326107,0.1691357421875,0
bg_01276,background,26.61592134150589,-12.767536024429017,8,6,167.74559020996094,0.9672384670682557,0.543333740234375,0
bg_01277,background,27.175632733223537,-9.0285235785448,27,7,467.73162841796875,0.71516517586474,0.2655322265625,0
bg_01278,background,32.068119566421096,-4.752871759499075,71,9,1605.6859130859375,6.029882556952509,3.2623095703125,0
bg_01280,background,30.20258475813567,-5.478260560867345,8,9,919.1282348632812,27.99721443189362,15.42754150390625,0
bg_01281,background,27.96426001906218,-9.622949317747665,13,7,443.9538879394531,6.291740621317007,4.78135009765625,0
bg_01282,background,26.602171621613415,-12.64809156271286,8,6,187.66629028320312,0.5513596725611631,0.199781494140625,0
bg_01283,background,21.79626687653894,-13.86880712691255,8,7,223.39559936523438,1.7467999339833271,0.845523681640625,0
bg_01284,background,25.623525724318437,-13.147115649884872,8,7,211.36648559570312,0.47443320313255805,0.1828289794921875,0
bg_01285,background,23.32918877076048,-14.23308294636334,39,7,257.55078125,0.48745743205196185,0.21183349609375,0
bg_01286,background,30.692183654257672,-7.725456518114146,8,1,2163.3017578125,12.666436744417949,7.381103515625,0
bg_01287,background,33.04678003036176,-4.276689507861526,8,3,1218.6380615234375,10.255749616013425,7.0922412109375,0
bg_01288,background,26.517601085347973,-12.109514743952092,8,7,293.1670227050781,0.6786940873835237,0.315845947265625,0
bg_01289,background,31.98405727091088,-7.045293576174392,14,10,621.9574584960938,2.5632956787214725,1.79593017578125,0
bg_01291,background,24.562305599439426,-13.454928107966404,8,7,285.04937744140625,0.8313701014026086,0.377152099609375,0
bg_01292,background,26.51348112720203,-9.451490358108344,46,7,483.7125244140625,0.8273300963049772,0.382073974609375,0
bg_01293,background,23.585531735408004,-12.879868566978528,8,7,283.5618896484375,1.204754844592225,0.61156494140625,0
bg_01294,background,31.60164163885612,-6.901068316313979,71,9,1925.028564453125,29.56169629151201,19.4560986328125,0
bg_01295,background,30.71649804425037,-7.565533372244439,38,1,2642.50537109375,3.5579423129257832,1.85564453125,0
bg_01296,background,25.714789730960725,-13.518253554342786,8,7,146.1221923828125,0.6898834831461833,0.317821044921875,0
bg_01297,background,32.34722211373476,-3.769960683258796,71,3,1282.157470703125,0.7222915934240054,0.325283203125,0
bg_01298,background,23.55159864499513,-15.252353457657698,23,6,190.2815399169922,0.6951885511134644,0.295897216796875,0
bg_01300,background,32.58823863873955,-8.406035154462812,24,3,195.55169677734375,0.5905341280486628,0.1915533447265625,0
bg_01301,background,23.442840422163382,-12.124657259405692,8,3,330.7489929199219,0.3810878315859715,0.13203125,0
bg_01302,background,31.716605758758988,-4.9052509476967785,13,11,1127.6102294921875,3.3964546497125863,2.2178955078125,0
bg_01303,background,25.47509211509131,-14.036085349818297,23,6,139.63278198242188,0.935524910271027,0.3979608154296875,0
bg_01304,background,26.290194291218636,-14.087533212621585,37,6,78.97550201416016,0.27838008674420645,0.1367730712890625,0
bg_01305,background,30.30840697217576,-7.06402914122024,49,3,1307.82666015625,36.20735880580127,26.2351171875,0
bg_01306,background,30.069225456515277,-8.396232482261565,8,9,1706.44921875,16.86747219639158,7.8284130859375,0
bg_01307,background,33.66070167222345,-7.000312553523815,28,5,166.1632080078125,14.960004570979523,7.978333536783854,0
bg_01308,background,22.61089839760566,-15.247531986451936,29,7,245.54623413085938,0.699597261645119,0.3968817138671875,0
bg_01309,background,27.266481866052786,-9.496144127188504,27,7,501.511474609375,1.0206035960361526,0.566094970703125,0
bg_01310,background,26.343636602235605,-11.802134391130512,69,7,382.29534912109375,1.5677803961283208,0.798359375,0
bg_01311,background,33.409747144314046,-2.3625543347998823,43,3,1150.77294921875,0.5816671658657476,0.3026611328125,0
bg_01312,background,30.561463589695325,-7.265936816234218,38,9,1439.3094482421875,1.6458743791258024,0.569912109375,0
bg_01314,background,31.20173318935221,-4.461176763987697,28,3,768.7149658203125,1.2115740534161987,0.76924072265625,0
bg_01315,background,23.375416254360697,-14.581013166110514,39,7,259.35211181640625,0.6714207374445876,0.424761962890625,0
bg_01316,background,22.365622129764592,-13.997969662237447,8,7,237.7216796875,0.44878270203791165,0.2540692138671875,0
bg_01317,background,22.70506435765457,-16.06579218314539,8,7,99.41046142578125,1.0142740325139226,0.602672119140625,0
bg_01318,background,30.331014686246647,-7.642392830216118,49,9,1862.275634765625,8.78742575303244,5.095341796875,0
bg_01319,background,29.076697365577928,-9.79562727762733,51,6,514.795654296875,0.5436755891894306,0.33138427734375,0
bg_01320,background,32.3252451081695,-5.832137817987115,71,9,1769.7509765625,22.170716140633896,12.654296875,0
bg_01321,background,33.4244977429657,-4.908325178022158,71,9,1715.5379638671875,6.683257940410721,3.0671435546875,0
bg_01322,background,32.33691999922321,-7.001548904014205,51,5,359.8931579589844,0.3226903922805861,0.2179736328125,0
bg_01323,background,26.05706443684939,-13.488929716816259,45,7,69.77272033691406,2.131261618454736,1.2790093994140626,0
bg_01324,background,32.00907254049379,-6.745085052330379,18,3,808.6427612304688,14.666677926967141,8.937294921875,0
bg_01325,background,33.38340395073879,-2.6053056491451505,43,3,1226.570068359375,1.0663479323027496,0.5631201171875,0
bg_01327,background,23.336605984252387,-13.718630797929888,8,7,340.31280517578125,0.8109173583064322,0.44408203125,0
bg_01328,background,21.665792125106037,-14.195025787764557,8,7,212.2865753173828,0.8910321418701908,0.495115966796875,0
bg_01329,background,33.17625145457947,-4.440053080246562,71,7,1554.4979248046875,2.165063677860991,1.15197265625,0
bg_01330,background,23.19417132936824,-15.58198038940795,23,6,177.3249053955078,0.6433537390559012,0.537672119140625,0
bg_01331,background,32.74097937900036,-5.9731135831693685,10,3,683.5630493164062,2.6928398783981233,1.5185986328125,0
bg_01332,background,23.20368308093629,-13.512862583245173,8,7,333.5765380859375,0.8180539775514378,0.43270751953125,0
bg_01333,background,28.475637990998926,-9.308803231758036,24,7,281.102783203125,6.728866656341548,4.240577392578125,0
bg_01334,background,26.01344065681161,-8.831207944195256,8,3,392.7288818359375,1.1453289886244782,0.588525390625,0
bg_01335,background,25.822089258329434,-12.541228081780991,8,7,299.7347106933594,0.650662058452614,0.32780029296875,0
bg_01336,background,23.212281997621908,-13.685027218861306,8,7,324.2742614746094,0.9103525346781465,0.4922802734375,0
bg_01337,background,26.757106237993675,-11.427608048666299,8,7,193.16021728515625,1.255253703259384,0.71142822265625,0
bg_01338,background,28.302232345062965,-9.397729698982438,67,7,270.1314697265625,0.9672639937685292,0.513140869140625,0
bg_01339,background,21.513666297821597,-16.273130128517266,42,6,90.89088439941406,0.821834238641331,0.3207791137695313,0
bg_01340,background,32.26965466602709,-8.332388433862416,10,5,316.9849853515625,2.8087271776691094,1.2185546875,0
bg_01341,background,34.3696345023645,-3.3715041195111137,24,5,354.140625,0.7550846268857518,0.253311767578125,0
bg_01342,background,32.518125276654395,-5.467714102062913,59,9,1862.7535400390625,12.231996282553563,6.9324853515625,0
bg_01343,background,26.10990380761853,-11.197951873463783,11,7,402.5086364746094,0.7024211150760441,0.3394580078125,0
bg_01344,background,26.154689572024427,-12.660730648618694,8,7,230.64430236816406,0.6093530980927128,0.3727008056640625,0
bg_01345,background,31.75130307986984,-8.56525507904772,10,5,273.5627746582031,1.6468741570249228,0.93572998046875,0
bg_01346,background,27.91469348952379,-11.682968236470863,13,7,236.9678192138672,1.3425637250964761,0.7817059326171875,0
bg_01348,background,31.6638627563076,-3.7574801497269332,82,3,1152.2965087890625,0.7695271081253515,0.3527294921875,0
bg_01349,background,21.509356415595715,-15.653704110971212,63,7,125.62120819091797,0.9203047851296318,0.5375955200195313,0
bg_01350,background,32.21763235412663,-1.725001279193079,14,3,1318.3851318359375,1.5081347825752425,0.9035009765625,0
bg_01351,background,31.18686463499713,-8.061085175729486,19,8,998.2388305664062,5.919589957981986,3.10978515625,0
bg_01353,background,26.581828086825045,-11.723797068356888,8,7,249.3422393798828,6.5113642172221615,5.179445190429687,0
bg_01354,background,23.718779780922127,-13.981646887005859,69,7,344.5528564453125,0.9202911318724545,0.37676513671875,0
bg_01355,background,25.944876981626212,-13.420493040397544,64,7,161.44972229003906,4.821070120428593,2.56462158203125,0
bg_01356,background,33.582787528319564,-6.233689730080784,56,9,437.5040588378906,19.002862572667706,9.9167626953125,0
bg_01357,background,33.5745136967618,-5.710805276786615,56,9,972.1419067382812,15.701296331800357,9.0525390625,0
bg_01358,background,23.962940274001767,-13.393005739953443,69,7,289.3111877441406,1.8694587098204922,1.119742431640625,0
bg_01359,background,23.48545259124527,-14.786558889645004,69,7,326.9392395019531,2.7873187473624657,0.98251220703125,0
bg_01360,background,26.035603266022694,-10.981809416735262,8,3,434.2996520996094,1.072926330159337,0.644154052734375,0
bg_01361,background,30.979620549728953,-3.67089865198026,14,3,750.1092529296875,1.085622237144535,0.55085693359375,0
bg_01364,background,25.075507529110833,-12.764590998910009,15,7,323.9051208496094,1.5768845672443867,0.876353759765625,0
bg_01365,background,27.003604391679506,-12.168228365030247,27,6,287.5059509277344,1.1214040985934461,0.590302734375,0
bg_01366,background,22.63579896050151,-13.772007271045888,8,7,306.6806945800781,0.6153547429041598,0.295599365234375,0
bg_01367,background,33.09449938181713,-5.531565892169963,46,9,1121.24267578125,17.075254363517384,9.9635595703125,0
bg_01368,background,21.502217858610628,-14.000519019859466,45,6,216.64202880859375,1.1467697471772191,0.9632820129394531,0
bg_01369,background,23.26719610688599,-12.90085964359489,8,7,286.8564758300781,0.5294980756722913,0.2019970703125,0
bg_01370,background,30.350123729000313,-6.05636041478762,8,9,993.2463989257812,5.002319921586758,2.93189208984375,0
bg_01371,background,31.233549394294055,-4.43600594201605,8,3,798.829833984375,4.7195640762214985,2.5110693359375,0
bg_01372,background,26.322567068965082,-8.783602422772521,8,7,462.3681335449219,0.4311922306485856,0.24312744140625,0
bg_01373,background,21.436905614052716,-13.61314165935329,45,6,213.71273803710938,1.667938077914565,0.6375457763671875,0
bg_01375,background,24.408676857666293,-14.101683007946033,24,7,263.39501953125,0.4494324049443934,0.305875244140625,0
bg_01376,background,31.56512460673692,-6.264725992068968,71,7,2630.922119140625,21.352929842674392,12.1320703125,0
bg_01377,background,28.026231869311026,-10.225793902858973,24,7,382.139892578125,1.0278978594375598,0.429864501953125,0
bg_01378,background,25.754692023695167,-14.273074999578007,23,6,120.4463119506836,0.4950695279872608,0.30380126953125,0
bg_01379,background,27.296992509778672,-9.223696045526347,27,7,474.6215515136719,1.042234039016712,0.520330810546875,0
bg_01380,background,32.089416273423154,-6.056677917966093,71,9,1903.419921875,26.51482585536716,17.333193359375,0
bg_01381,background,27.996442983334482,-10.428216191674066,24,7,467.5755310058594,0.9549216077971694,0.517698974609375,0
bg_01382,background,32.02503256996178,-8.712888934310744,10,5,379.42852783203125,4.9512302965214445,3.101455078125,0
bg_01383,background,27.81656619273551,-12.107781237680392,32,7,105.90406799316406,1.3436459825394411,0.5654446411132813,0
bg_01384,background,30.87873998837589,-4.142922512116742,14,3,668.4036865234375,5.008108128756084,3.36307861328125,0
bg_01385,background,22.730464205522438,-14.18974486268724,8,7,293.1953430175781,0.35131962694744223,0.204915771484375,0
bg_01386,background,29.631520001851676,-6.600223192998947,28,7,474.9888610839844,1.3498702096013009,0.63603759765625,0
bg_01387,background,32.40379284328045,-1.2010189637222257,18,3,1171.7154541015625,3.4262859693985375,1.748134765625,0
bg_01388,background,32.09625660226161,-8.841001585749115,68,8,375.4194641113281,5.905646104297396,2.796497802734375,0
bg_01390,background,31.555565820902803,-6.09014500052064,71,9,2726.447265625,12.262281492492683,7.328271484375,0
bg_01391,background,26.90565039543161,-12.89727771770402,8,7,90.8774185180664,4.951498476503932,2.5474282836914064,0
bg_01393,background,26.25492579874211,-13.989836566790153,37,6,87.60108184814453,0.831139596111931,0.40782440185546875,0
bg_01394,background,24.820840834884773,-13.244430375754852,8,7,208.76351928710938,0.8167539911342426,0.315601806640625,0
bg_01395,background,22.47263213815699,-13.55372600919387,8,7,271.4819030761719,0.5328821590623654,0.158668212890625,0
bg_01396,background,31.58799251700817,-8.684202800088165,24,5,317.7757873535156,0.7022769808698771,0.32294921875,0
bg_01397,background,23.27786544946822,-13.210370657774586,8,7,335.599609375,0.4566860468287781,0.218182373046875,0
bg_01398,background,33.36561963769151,-7.4656593862448295,14,5,208.13690185546875,0.5589645098481275,0.2233135986328125,0
bg_01399,background,24.18745215098429,-14.878759883160162,27,6,147.01739501953125,1.249292355031904,0.741739501953125,0
bg_01400,background,31.6429924363876,-8.623819743301622,24,5,308.5608215332031,0.4978040660959441,0.31898193359375,0
bg_01401,background,26.62867915215434,-12.389703951169691,8,6,222.22372436523438,0.6142995246681755,0.267880859375,0
bg_01402,background,26.154019504504237,-11.165363173322808,46,7,415.2026672363281,11.374402235443862,6.60052490234375,0
bg_01403,background,29.170749966043623,-8.8890693444935,56,9,775.51220703125,17.829258973599348,12.21733154296875,0
bg_01404,background,33.86660776550921,-2.269813442535373,43,3,1072.368896484375,0.5134834662939803,0.354189453125,0
bg_01405,background,23.34843500519456,-15.862062526842154,23,6,82.04499053955078,3.2124222630283867,1.7202471923828124,0
bg_01406,background,33.33720155643032,-2.4541232626509157,43,3,1192.291748046875,0.4824430633371504,0.1809326171875,0
bg_01407,background,31.22530757040762,-8.248549613597735,43,3,960.1655883789062,3.463710497769248,1.97096923828125,0
bg_01408,background,24.181207092834132,-15.201786774825559,40,6,57.743629455566406,0.675708646951341,0.34119674682617185,0
bg_01409,background,34.06634867084729,-2.147148430856064,14,3,962.8235473632812,0.7218263007505711,0.39625244140625,0
bg_01410,background,25.461936167462987,-13.180670261094887,23,7,220.45364379882812,0.5759357679377075,0.43425537109375,0
bg_01411,background,30.601537221751823,-7.427101964394053,33,9,1660.3985595703125,11.681559560464073,6.394873046875,0
bg_01413,background,34.774443774640616,-4.137792718114505,69,9,959.8743286132812,27.875338012174588,18.2372412109375,0
bg_01414,background,24.720499062309383,-14.455498099102364,23,6,163.2226104736328,0.829387360403306,0.4022650146484375,0
bg_01415,background,33.21607614680718,-8.033740083973509,41,3,188.0435333251953,0.7117914307031209,0.4113623046875,0
bg_01416,background,29.850789384316624,-6.9945028540880285,46,7,987.7659912109375,7.3394920334541345,4.0559765625,0
bg_01417,background,33.433986995181996,-7.1871508849899675,14,5,264.9669494628906,2.758957167056509,1.546773681640625,0
bg_01418,background,33.22800080520528,-4.248965457494993,8,7,1512.2669677734375,16.51642099857179,7.3541064453125,0
bg_01419,background,27.014104481681326,-13.1913832333475,27,7,82.11357116699219,1.0253827059357652,0.6114675903320312,0
bg_01421,background,30.223933048664257,-7.664308717433702,66,7,1965.94677734375,9.220871933240218,6.1895068359375,0
bg_01422,background,31.74917391926692,-5.067443786365212,8,3,1096.8126220703125,0.9938741646036765,0.57990234375,0
bg_01423,background,29.850730642468243,-5.465727695062665,82,7,588.5060424804688,0.8097708050016588,0.39782958984375,0
bg_01424,background,26.14146883059604,-10.764540753989639,8,7,476.2553405761719,1.1213670194246834,0.57570556640625,0
bg_01425,background,29.623638840627166,-9.406904619151883,66,3,558.878173828125,4.266324002452314,2.2411669921875,0
bg_01426,background,23.209975602271136,-15.28604027878389,39,7,214.828369140625,1.2428265046762745,0.6437744140625,0
bg_01427,background,35.17349899508987,-3.6122997067436664,70,3,165.7412567138672,5.7797398307828844,2.64829833984375,0
bg_01428,background,33.011665063911515,-6.823777277172488,46,8,726.1939697265625,6.480959691017752,4.2321826171875,0
bg_01430,background,33.39314988760267,-5.671987025871525,56,9,745.288330078125,7.895860577777674,3.71814697265625,0
bg_01431,background,24.14994189962713,-13.443269379484706,69,7,285.9001159667969,1.0461754701237227,0.408685302734375,0
bg_01432,background,30.136993885002152,-7.748037173475692,66,9,1671.7762451171875,29.69722783274654,18.0205078125,0
bg_01434,background,23.06341351014309,-15.85395823177231,23,7,115.45209503173828,0.6934481273771108,0.2775506591796875,0
bg_01435,background,24.01068319632214,-13.466133677227454,69,7,285.5844421386719,1.1469999004935287,0.7077294921875,0
bg_01436,background,26.22519864891389,-12.017944024186493,8,7,368.4879455566406,0.99379168444826,0.465684814453125,0
bg_01437,background,31.06073425737139,-7.970559665617532,66,7,3860.474609375,5.31801275030008,2.81384765625,0
bg_01438,background,32.76940644552472,-7.363229636595936,14,8,534.2035522460938,1.2486802052468613,0.65643798828125,0
bg_01439,background,26.95842994489649,-10.313078582544062,8,7,339.1084289550781,2.168740950871687,1.33126220703125,0
bg_01440,background,26.062782868227373,-13.406998227416377,32,6,118.7335205078125,1.8439118188768002,1.0295388793945313,0
bg_01442,background,31.47909892081209,-7.870482947407595,24,3,625.23583984375,1.1148223602748486,0.638603515625,0
bg_01443,background,33.71343411673391,-5.634671309348824,8,3,723.8773803710938,13.039661771403626,7.203642578125,0
bg_01444,background,32.62347464064996,-9.076112591256488,17,3,105.61019897460938,3.2406349424097525,1.9472842407226563,0
bg_01445,background,22.807533027253015,-15.051083967598867,29,7,201.57647705078125,2.3528789647619948,1.2243768310546874,0
bg_01446,background,24.50872602393476,-14.968741716259897,37,7,72.50484466552734,1.6618856487886882,0.8565859985351563,0
bg_01447,background,24.61214241998647,-12.879461036604974,8,7,219.79168701171875,1.0529616194755436,0.4821685791015625,0
bg_01448,background,23.68361262053035,-14.564565965443412,69,7,312.9978332519531,1.0837256319632451,0.52501953125,0
bg_01449,background,29.985810160606317,-9.091970072544987,8,9,1165.644775390625,30.158370386978984,18.6995751953125,0
bg_01450,background,21.87683246851653,-14.451002805176834,8,7,231.19839477539062,0.8148213315573127,0.354642333984375,0
bg_01451,background,32.74891356007937,-6.402658016361284,13,3,634.3012084960938,1.0411621852421187,0.44548828125,0
bg_01452,background,23.806505621424986,-13.655945947461325,69,7,345.31060791015625,2.0204802815075094,0.966785888671875,0
bg_01453,background,30.07457837983739,-5.26973240242474,8,3,856.8160400390625,10.654820385275952,5.6183642578125,0
bg_01454,background,21.684150796900987,-15.469294473768096,29,7,169.57797241210938,1.2437005786565123,0.9265625,0
bg_01455,background,25.79331648434811,-14.323707546392185,23,6,101.00648498535156,1.1266590431583867,0.49816925048828126,0
bg_01456,background,30.5439006286335,-5.404615364018144,8,3,872.774169921875,3.622687346499887,2.13369873046875,0
bg_01457,background,26.492728729196298,-9.120147260652546,8,7,474.30096435546875,0.6042073262355458,0.2479736328125,0
bg_01458,background,28.872302287860464,-8.88983693086667,60,7,380.643798828125,10.5196486491509,6.699078369140625,0
bg_01459,background,31.72670862645473,-4.780322890851955,13,11,1138.2161865234375,25.09422615552974,19.0482861328125,0
bg_01460,background,27.651755809884467,-9.429492417962228,27,6,506.6690673828125,0.8098137901552223,0.7216943359375,0
bg_01461,background,27.644208524661973,-12.322664613668003,27,6,200.61923217773438,1.4337123448466262,0.8431585693359375,0
bg_01462,background,21.592777222170735,-13.199222882974004,8,7,251.11595153808594,0.7819489044097011,0.47848876953125,0
bg_01463,background,28.33823487234191,-11.326224471150413,14,6,137.61595153808594,1.8669473298616517,1.1668572998046876,0
bg_01464,background,32.11133336909675,-1.7419499363291557,71,3,1631.737060546875,18.334781960958427,11.5959716796875,0
bg_01465,background,32.287659418372414,-3.356312205997634,71,11,1064.0980224609375,1.1708015985745737,0.7140380859375,0
bg_01467,background,34.88659130764754,-5.8579483594350075,64,8,224.0095672607422,13.698662705739938,7.4380865478515625,0
bg_01468,background,29.823799496814033,-8.400380822699312,49,7,1568.1414794921875,30.87208976991038,19.5607470703125,0
bg_01469,background,26.543465373840036,-9.193004434464877,24,7,452.81427001953125,0.8533110863287154,0.456885986328125,0
bg_01470,background,22.279378026746425,-15.055158384656986,29,7,229.12457275390625,0.8132927931201196,0.388775634765625,0
bg_01471,background,30.349290987614783,-4.605287971689953,82,3,727.1953735351562,6.957793295719219,2.97384765625,0
bg_01472,background,28.154418911967475,-11.783470549336826,40,7,63.47367477416992,0.9370437553453628,0.476549072265625,0
bg_01473,background,23.597146711167056,-12.536739516659479,8,7,280.19573974609375,0.5295860804937291,0.456014404296875,0
bg_01474,background,26.27930700063537,-9.759362447352746,8,7,477.6484680175781,0.3061281851583912,0.18759033203125,0
bg_01475,background,32.42718514369044,-2.358509145194477,14,3,1036.713134765625,0.349718448444636,0.1705908203125,0
bg_01476,background,32.734011344950524,-7.564555594836788,13,5,455.049560546875,4.0378006825125405,2.31038330078125,0
bg_01477,background,27.199435816209963,-12.456363543438677,27,6,216.7072296142578,0.5147246769942568,0.2823907470703125,0
bg_01478,background,30.12597211539613,-6.091539628307767,8,3,925.5076904296875,4.3227984544152624,2.31345458984375,0
bg_01481,background,27.126187118228554,-10.369461159075282,8,7,321.0103759765625,0.6312850275978138,0.327012939453125,0
bg_01482,background,25.484064552671096,-13.322905560050986,8,7,188.59024047851562,0.36198178208104514,0.1101971435546875,0
bg_01483,background,30.03795091731221,-9.13087921462042,38,9,765.2804565429688,23.99756234149631,14.466103515625,0
bg_01484,background,33.98553745807037,-2.329615354449241,14,3,1075.6851806640625,0.6112266178377895,0.269619140625,0
bg_01485,background,25.380156846525754,-14.7059290421861,37,6,126.69861602783203,3.3744163171756054,1.7531289672851562,0
bg_01486,background,22.0522667398173,-13.394230676094088,8,7,244.40553283691406,0.9914570063127067,0.401436767578125,0
bg_01487,background,24.10985839747674,-14.663206950569274,23,7,187.56829833984375,0.5048000643736905,0.1913616943359375,0
bg_01488,background,28.81727564591464,-10.666897337940771,56,7,190.6151580810547,6.827195888039736,3.5255255126953124,0
bg_01490,background,31.245604299414566,-9.081747362155136,13,3,1052.1290283203125,17.58798721310705,11.701337890625,0
bg_01491,background,29.795983987038664,-5.991251816688632,82,7,507.2406921386719,0.9841898100418345,0.341011962890625,0
bg_01492,background,32.43193149443771,-4.951599013529935,71,7,2359.81298828125,26.332904893107994,15.235546875,0
bg_01493,background,32.99834585208068,-5.594760104466144,19,10,1019.5975952148438,16.033248773753225,8.85893310546875,0
bg_01494,background,29.681835789777875,-8.53004076850918,49,7,1221.7218017578125,24.369597796095615,14.477275390625,0
bg_01495,background,27.45422519459479,-10.410848450015683,13,7,520.5408935546875,2.3437978999260256,1.012802734375,0
bg_01496,background,25.064239643446054,-13.252911860833883,8,7,194.43846130371094,0.3779016545477808,0.2430670166015625,0
bg_01497,background,27.48368715084904,-11.7732566167953,27,6,286.7249450683594,0.6206462042110826,0.237745361328125,0
bg_01498,background,23.78051921092167,-13.124927433420327,8,7,301.7984924316406,0.4770485864249822,0.250784912109375,0
bg_01499,background,26.30401134230938,-9.666268898652508,8,7,471.5539855957031,0.4899268832866532,0.23838134765625,0
bg_01500,background,29.562019509549934,-7.062610905979138,82,7,449.1289367675781,7.215146559943045,4.543699951171875,0
bg_01501,background,32.61670879461761,-2.251033505576061,32,3,1271.716552734375,6.2027389895100375,3.8243359375,0
bg_01502,background,21.606349535256705,-13.15535671597757,8,7,251.88873291015625,0.4940077075300373,0.2479510498046875,0
bg_01503,background,32.71458253307295,-6.6548198616042695,32,3,587.6689453125,3.331174825237477,1.78295166015625,0
bg_01504,background,32.16494578355732,-7.73895157985601,24,5,426.8935852050781,0.5201203485235362,0.220377197265625,0
bg_01505,background,31.281213394078154,-8.138462031109157,8,8,681.1676025390625,9.500457109653121,5.08920166015625,0
bg_01506,background,28.4065319024125,-8.787903993951074,27,6,510.2658996582031,18.223678606250857,11.633751220703125,0
bg_01507,background,22.02487374394672,-15.776117246177375,29,7,153.1732940673828,0.7251046082860166,0.3959649658203125,0
bg_01508,background,22.350793491313755,-15.901888778706583,39,6,178.8729248046875,0.46253782504640045,0.1427923583984375,0
bg_01509,background,31.705382915788913,-7.764363727812553,47,5,475.61346435546875,0.9909588146031286,0.45124267578125,0
bg_01511,background,24.060994061534814,-15.1201828731861,37,6,140.9711151123047,3.170353316750169,1.612286376953125,0
bg_01512,background,28.59197672602497,-9.929445455843611,10,7,656.5652465820312,23.32939706299918,15.0568798828125,0
bg_01513,background,26.157089299522482,-11.518668636845296,60,7,308.868896484375,2.3499197119123583,1.331007080078125,0
bg_01514,background,33.243830240632654,-5.188807136376604,71,7,1990.31298828125,14.777891457091155,10.0927294921875,0
bg_01515,background,33.24344922820651,-5.7731472509176776,56,3,1057.59765625,6.2118371087363276,3.6654833984375,0
bg_01516,background,30.866294877381062,-3.9823029837502286,82,3,698.7589111328125,1.3509150753024821,0.7642822265625,0
bg_01518,background,22.2994470468604,-13.324066676568263,8,7,293.130126953125,0.7348342814268473,0.37704345703125,0
bg_01519,background,32.27631699715034,-8.496014903091703,24,5,280.41510009765625,1.3152675796634348,0.791439208984375,0
bg_01520,background,22.598544949181118,-15.962982254634628,39,7,153.42843627929688,0.6963062614178943,0.3761688232421875,0
bg_01521,background,22.57814360958489,-15.01681438460477,29,7,238.5191192626953,1.1589854739918657,0.44246826171875,0
bg_01522,background,21.60985817732022,-13.402904235247002,45,6,227.24258422851562,0.8790923217092962,0.494437255859375,0
bg_01523,background,26.415557762223273,-12.905381750362693,23,7,198.29522705078125,0.6081090576832661,0.2578192138671875,0
bg_01524,background,27.67637252467409,-9.000292527568247,27,6,476.4498596191406,0.3891994021440154,0.20176595052083332,0
bg_01525,background,26.582035241491266,-8.98194649623892,60,7,439.67413330078125,0.6295936840385216,0.258583984375,0
bg_01526,background,24.8024410333114,-14.358656593889437,23,6,151.86386108398438,0.6504239995080391,0.29592529296875,0
bg_01527,background,31.71366169175197,-4.41833197016565,13,4,988.8505859375,2.0142431094679707,1.23119384765625,0
bg_01528,background,33.9803872425474,-5.545716931216632,48,3,293.1513671875,2.702391310461749,1.56213134765625,0
bg_01529,background,29.050745924363113,-8.981541812684322,10,7,598.2759399414062,1.538248146501095,0.8317529296875,0
bg_01532,background,34.08303370649648,-4.378723902257396,71,9,512.3604736328125,37.98813165518139,27.33460693359375,0
bg_01533,background,24.415975973196556,-14.808815523093836,23,7,100.40869903564453,0.9368336176371558,0.36174835205078126,0
bg_01534,background,35.591078429660605,-5.626783263899259,32,3,146.55929565429688,8.724333150297099,4.605639038085937,0
bg_01535,background,22.177817408429032,-14.886554784386846,39,7,242.381591796875,0.7188735415816212,0.298155517578125,0
bg_01536,background,29.566685457143983,-6.684717574673146,63,7,443.45245361328125,0.873028619541497,0.37474853515625,0
bg_01537,background,35.13558190080964,-3.989648448767405,69,3,326.20263671875,5.841743034795476,3.235179443359375,0
bg_01539,background,30.213062309573907,-5.62561287606035,8,3,665.0363159179688,2.387421172291069,1.4426611328125,0
bg_01540,background,31.89815651320457,-5.867598227543263,71,9,2483.551025390625,24.463175916364357,15.6125390625,0
bg_01541,background,26.523388886189966,-12.192683675962861,8,7,267.5384216308594,0.5657896340819669,0.236402587890625,0
bg_01542,background,34.59798584056091,-3.004789234407081,8,10,254.69761657714844,7.322493043364403,3.699813232421875,0
bg_01543,background,25.862932015414245,-12.567807238156218,8,7,304.42474365234375,0.7137863983641244,0.246744384765625,0
bg_01544,background,32.339966418067846,-8.058000363709983,65,11,515.2179565429688,4.77825244995586,3.236339111328125,0
bg_01545,background,25.23003226141968,-14.457535045789259,23,6,120.56819152832031,1.047868287023678,0.6476467895507813,0
bg_01546,background,27.37011045301013,-11.30039332250711,8,7,197.8787841796875,0.6841593330110365,0.276551513671875,0
bg_01547,background,33.92709638588723,-5.340782464385739,8,8,554.0648193359375,2.058781300973698,1.18866455078125,0
bg_01548,background,27.73055095349808,-11.538803063627794,14,7,204.49072265625,0.8700896745732102,0.423216552734375,0
bg_01549,background,31.74930662441012,-5.679463524502894,71,9,2530.997802734375,29.159675597707697,18.129306640625,0
bg_01550,background,26.331413313944648,-9.785346903424731,8,7,495.01025390625,0.26257392756395265,0.1205810546875,0
bg_01551,background,29.70053881447644,-5.880745017721705,82,7,516.8125610351562,1.1147644670821246,0.5037548828125,0
bg_01552,background,32.943177978142245,-3.6323069566440767,14,3,1137.3292236328125,1.2718150844352059,0.7220263671875,0
bg_01553,background,28.205320351264643,-10.99287041881077,14,7,404.81268310546875,8.630999696849992,4.712025146484375,0
bg_01554,background,23.927301698881216,-14.023385866851386,23,7,334.00244140625,0.7028679205091245,0.34272216796875,0
bg_01555,background,22.61631386253032,-14.81593058291583,39,7,247.15118408203125,1.0042722565256175,0.4809613037109375,0
bg_01556,background,28.658913216770493,-11.0930013382721,40,7,79.46536254882812,0.7717495575601013,0.377193603515625,0
bg_01557,background,28.252168222552168,-11.549430371399307,40,7,43.71244812011719,0.7960334372291997,0.3764276123046875,0
bg_01558,background,23.598307049410028,-12.846456514461693,8,7,278.8314514160156,0.8820869926064778,0.347093505859375,0
bg_01559,background,28.41888297554835,-8.728126201922532,27,6,558.2048950195312,0.597944360152608,0.185458984375,0
bg_01560,background,22.542029507613794,-13.468778676896214,8,7,299.0993347167969,1.51073116111539,0.934366455078125,0
bg_01561,background,22.817044400728637,-13.4576275983357,8,7,329.4001159667969,0.5894513070508587,0.360657958984375,0
bg_01562,background,34.215008297992085,-2.1158657284710833,14,3,927.5377807617188,1.6219438642865822,0.8743408203125,0
bg_01563,background,21.453313849776727,-16.45766493728287,40,7,37.03128433227539,2.1972450977016833,1.0951097106933594,0
bg_01564,background,26.686935955889155,-10.914141612750548,24,7,291.39544677734375,2.62376877285309,1.36150146484375,0
bg_01565,background,30.01403886484191,-7.475260022886227,14,3,763.4242553710938,3.3928125492122865,1.86489013671875,0
bg_01566,background,28.841079371708542,-8.864446385899502,60,7,342.8305358886719,4.6969839440571715,2.189876708984375,0
bg_01567,background,22.54257600456536,-15.183743109708464,29,7,250.82022094726562,0.467522624907364,0.37353515625,0
bg_01568,background,24.147258971890537,-14.193339171535543,23,7,303.06256103515625,0.6559635237770469,0.409652099609375,0
bg_01569,background,32.578405329534135,-4.433940249679379,71,9,1830.0654296875,7.568812534123362,4.1415185546875,0
bg_01570,background,30.627798394413944,-9.686081014411911,68,5,567.5850830078125,28.177034659339167,17.5746826171875,0
bg_01571,background,34.87560515454341,-4.861199303344013,69,8,847.25537109375,34.35734844423882,23.1300390625,0
bg_01572,background,27.915146484574546,-10.076162264256409,24,7,434.0964050292969,2.850728354653509,1.51198974609375,0
bg_01573,background,32.027063782734565,-5.529985964555163,71,9,2715.69970703125,7.890204964965716,4.187666015625,0
bg_01574,background,32.534379091790925,-2.8464405654797393,71,3,1175.271484375,6.794553456217522,4.2499853515625,0
bg_01575,background,22.770897377172215,-13.214902924400361,8,7,305.95159912109375,0.8910062438181086,0.4948095703125,0
bg_01576,background,33.54641791828546,-4.066299911330523,18,9,2712.938720703125,16.11456480787957,8.781181640625,0
bg_01577,background,22.570350145902808,-15.925768817273765,39,7,159.50735473632812,0.9027509071177969,0.51623291015625,0
bg_01578,background,26.88816311962058,-9.669225200534768,27,7,544.0225219726562,0.7518396353482905,0.40151123046875,0
bg_01579,background,32.25759991188606,-6.4347898004557855,66,5,529.4798583984375,4.009350734761165,2.780712890625,0
bg_01580,background,34.12374567103849,-2.77400622986547,18,3,846.7333984375,7.156609359581472,4.81483642578125,0
bg_01581,background,30.68379157607569,-6.910482947398641,38,3,1419.87353515625,10.912164375887922,6.1494482421875,0
bg_01582,background,24.63209319349996,-14.365835051755974,23,6,182.84303283691406,0.7053891813710232,0.3733135986328125,0
bg_01583,background,29.33182203072695,-9.1994121528648,49,3,1229.64306640625,32.28432578538603,20.330390625,0
bg_01584,background,32.26114440023774,-4.952462554557435,71,9,1627.830810546875,11.237836852515711,6.4127001953125,0
bg_01586,background,32.41027879326882,-7.103556499430831,14,8,381.275390625,2.4631398948331498,1.3680859375,0
bg_01587,background,27.20695345767562,-10.219106332572887,26,7,441.7831115722656,7.678141091791109,3.71542724609375,0
bg_01588,background,33.307852887331435,-5.175940466411832,58,7,1878.6458740234375,0.49541623229150833,0.3166845703125,0
bg_01589,background,30.894278976125236,-3.672538326086669,82,3,816.0905151367188,0.7267167135313543,0.32754150390625,0
bg_01590,background,34.4960123071725,-2.7111254534620093,8,3,559.0636596679688,13.562408991344908,8.9676025390625,0
bg_01591,background,32.63176130152905,-2.427182609297942,14,3,1384.2943115234375,3.2670422851242877,1.911708984375,0
bg_01592,background,26.29892519181588,-8.865180469506706,8,7,447.1573791503906,0.46010246623677425,0.23396728515625,0
bg_01593,background,25.134588677799865,-12.501156639174322,15,7,490.2678527832031,22.77536677482761,15.758677978515625,0
bg_01594,background,30.451397125546038,-7.472988733804323,49,7,1755.819580078125,1.093766885800425,0.5338037109375,0
bg_01596,background,23.21195841605461,-14.245193184862872,7,7,242.3765411376953,0.7008043388403588,0.37451416015625,0
bg_01597,background,32.12175763470414,-8.264766768607359,8,5,495.1430969238281,0.6513228356294876,0.37844482421875,0
bg_01598,background,30.948808944554465,-5.738871612288031,10,3,1125.92919921875,34.38702846371233,25.8681787109375,0
bg_01599,background,33.3808316670439,-4.70500011629505,18,9,1962.4678955078125,33.546563742423764,23.034638671875,0
bg_01600,background,22.610162087440223,-15.839063162750463,39,7,182.2247772216797,1.408948042640091,0.8630780029296875,0
bg_01601,background,31.28905721014884,-7.131955897510003,69,9,2014.8118896484375,21.025104468925772,14.9234228515625,0
bg_01603,background,30.08527557835619,-5.306500989825991,8,3,758.3209838867188,2.4540740838712725,1.27540771484375,0
bg_01604,background,26.98749436619662,-10.12470951993381,8,7,337.6076354980469,0.9557770220755789,0.517698974609375,0
bg_01606,background,31.840184562963135,-9.193910364850156,8,8,101.06269836425781,1.5296317139888884,0.9185153198242187,0
bg_01607,background,31.979749326616098,-2.874890932211657,82,3,793.4774169921875,0.7250333167167627,0.475400390625,0
bg_01608,background,25.73267533520856,-14.282744475414011,23,6,120.67174530029297,0.3063198424009515,0.23527984619140624,0
bg_01609,background,31.034190510194335,-5.0700886453213005,8,8,869.956787109375,2.4249036746921973,1.224111328125,0
bg_01610,background,24.986448773545764,-12.66459954766128,8,7,327.9837951660156,1.533185801168113,0.69790771484375,0
bg_01611,background,26.806616095377954,-12.26069735112868,69,7,141.101318359375,0.8242299608891819,0.4273248291015625,0
bg_01612,background,22.038125790165665,-13.73180640311739,8,7,247.59413146972656,0.46661159041123507,0.1317742919921875,0
bg_01614,background,25.1924593397887,-13.24020747270203,8,7,197.085205078125,0.7580625293501233,0.71396240234375,0
bg_01615,background,32.65623563705833,-3.726394409771066,69,7,1504.334228515625,1.6702178104048855,0.9478759765625,0
bg_01619,background,30.90822564890857,-3.9197690859897705,82,3,699.9757690429688,3.041857197661124,1.743544921875,0
bg_01620,background,28.311820616768273,-8.748331363797762,27,6,548.3892822265625,0.561295512098751,0.2860595703125,0
bg_01621,background,34.35682658270229,-3.243114712171101,24,5,303.5,1.4461203651977153,0.6532421875,0
bg_01622,background,27.037222033979646,-13.003000452822393,27,6,100.24589538574219,0.669616844125823,0.33612030029296874,0
bg_01624,background,30.89047905819834,-8.411212782776598,56,9,2112.450439453125,38.0895991682059,23.702177734375,0
bg_01625,background,23.766933280547192,-12.181842956344946,8,7,274.1291809082031,0.6159866196484888,0.197872314453125,0
bg_01626,background,32.55139326079136,-2.202923777187706,14,3,1068.7479248046875,0.7121619272304334,0.32041015625,0
bg_01627,background,27.345806125376615,-12.32432518677661,27,6,198.89024353027344,0.46174195105877164,0.2026580810546875,0
bg_01628,background,29.74031156621362,-6.35734667280316,82,7,468.7327880859375,1.147716654116719,0.66744140625,0
bg_01629,background,31.858953833794864,-6.805351119438368,18,8,1166.820556640625,8.485318158792508,4.774462890625,0
bg_01630,background,32.049828756549424,-3.888219308473533,13,3,1263.394775390625,8.557078895334296,4.4492236328125,0
bg_01631,background,29.20302730051481,-8.05205221627317,28,7,398.85784912109375,6.896114337751814,3.002838134765625,0
bg_01632,background,24.367567708193597,-14.491448148621563,23,6,199.52923583984375,0.6657134987187076,0.4577154541015625,0
bg_01633,background,28.958961895627862,-9.511202558230666,14,9,633.0825805664062,22.98122346158859,14.40354736328125,0
bg_01634,background,34.08988452747655,-3.236917844241708,14,3,606.6369018554688,0.7434659556881309,0.40185546875,0
bg_01635,background,32.855223904051236,-2.3943343529305365,13,6,1486.1689453125,1.7426670647003788,0.87828125,0
bg_01636,background,29.67145109102215,-7.552915673206117,8,7,467.1519775390625,3.9512334789620174,2.795565185546875,0
bg_01637,background,29.831619335226517,-8.07038403751168,49,9,962.9893188476562,23.290761647403595,16.0375,0
bg_01638,background,28.34631128191941,-10.941181754751105,33,7,216.5065155029297,5.213173882548996,2.888685302734375,0
bg_01639,background,33.90039012830011,-4.240072127933532,71,9,1526.6024169921875,20.553448488798804,11.432431640625,0
bg_01640,background,24.24907946427099,-13.082004862549814,69,7,270.616943359375,0.4678505004191515,0.303280029296875,0
bg_01641,background,31.52451594758524,-5.890561458293441,71,9,2209.53515625,23.43239523771096,13.213974609375,0
bg_01642,background,33.236592439436656,-8.529924748271497,13,3,20.575775146484375,4.561215546620591,1.6306119537353516,0
bg_01643,background,31.842421472625645,-9.456760118069637,45,8,150.860107421875,1.527908157071427,0.9190802001953124,0
bg_01644,background,30.51987056306226,-8.707007018539196,24,6,295.9368896484375,0.9361241334755537,0.38054443359375,0
bg_01645,background,23.308300184797474,-14.093815133638675,8,7,301.1064758300781,1.1838294036183674,0.597279052734375,0
bg_01646,background,30.957489855246482,-6.172219466697993,49,7,2054.314697265625,10.090691716770905,5.3749658203125,0
bg_01647,background,29.602311626840333,-6.282716713542881,82,7,477.3365783691406,0.8134641734252779,0.289462890625,0
bg_01649,background,21.866598295196063,-13.773472680076633,8,7,226.02001953125,0.5442294990638341,0.3512921142578125,0
bg_01650,background,28.700505138397983,-10.889974321709296,40,6,221.68516540527344,1.6530217669382263,0.8947979736328125,0
bg_01651,background,24.861631363520083,-12.283269982857474,8,7,300.79254150390625,0.6817859789530821,0.2891357421875,0
bg_01652,background,23.110675592347718,-14.841462747661822,29,7,211.5869140625,1.0571852833116082,0.539490966796875,0
bg_01653,background,32.139879209490395,-3.4600931028975803,71,11,1181.79296875,10.23029203239061,5.9874658203125,0
bg_01654,background,32.85854794634666,-3.039456766077347,71,3,1520.8480224609375,14.015053825032382,7.7653271484375,0
bg_01655,background,30.170292572321912,-7.024671325401358,14,3,837.7474365234375,4.295723198672462,2.7319140625,0
bg_01656,background,29.97592949298092,-6.212866120068894,8,8,653.7421875,16.30855638475749,9.6619384765625,0
bg_01657,background,26.4487873947576,-9.165588631621853,8,7,476.462890625,0.8045123854931603,0.42337158203125,0
bg_01658,background,30.425740175763682,-5.847679387549801,14,3,743.9486694335938,0.8234103275079556,0.39927001953125,0
bg_01659,background,30.129864455452903,-8.9137158300574,56,9,1039.9517822265625,18.302805111306068,11.34097412109375,0
bg_01660,background,29.782079320276342,-8.765790631388699,38,9,1796.9871826171875,26.22977517695411,15.766572265625,0
bg_01661,background,24.354282290904376,-14.524904814089833,23,6,183.59812927246094,0.8069181261572135,0.357271728515625,0
bg_01662,background,32.0592632610973,-7.009080172712984,71,5,682.7098388671875,9.31187557470437,5.674267578125,0
bg_01663,background,25.498333353221373,-13.113453720527284,23,7,237.97781372070312,0.6060831385206986,0.347503662109375,0
bg_01664,background,28.90165497282493,-9.3148383488361,8,9,758.9954833984375,2.6058992597252377,1.61047119140625,0
bg_01665,background,35.68721679711643,-5.45716368919189,25,3,505.88470458984375,31.074605598601245,20.897908935546877,0
bg_01666,background,25.458345426737786,-13.976031964166603,23,6,152.98529052734375,1.9880555661982733,0.9924627685546875,0
bg_01667,background,29.95537410800577,-6.090241246899248,8,8,632.0861206054688,1.8224561519439224,1.02736328125,0
bg_01668,background,29.41034542977705,-7.826758269034443,14,7,393.866455078125,1.257585771342505,0.705543212890625,0
bg_01669,background,31.620843721347747,-5.816256655911095,71,9,2070.4501953125,19.4675190122714,11.369150390625,0
bg_01670,background,34.959102220305134,-2.916960343173416,8,8,190.89634704589844,2.0794923240222873,1.21407958984375,0
bg_01671,background,30.894202755535783,-6.047958063143743,56,7,1535.4825439453125,12.67882091538212,6.8467724609375,0
bg_01672,background,31.11995189512811,-5.293021784981757,10,3,1152.3726806640625,23.65509221652229,12.89458984375,0
bg_01673,background,21.44324861958278,-15.455639051498629,8,7,148.61212158203125,0.997871916829438,0.4481268310546875,0
bg_01674,background,24.885549487800315,-12.412827648708857,8,7,315.2776184082031,0.8823267511491378,0.318726806640625,0
bg_01675,background,30.974436284197978,-7.460280643913246,38,1,1655.08251953125,3.9394697049463665,1.92013671875,0
bg_01676,background,30.900177292836855,-9.203793690489702,68,9,1279.7752685546875,5.089506769156068,2.687431640625,0
bg_01677,background,22.257198817446355,-15.426921837436755,29,7,214.58824157714844,1.341725571760559,0.7580291748046875,0
bg_01678,background,22.140622685780993,-16.003706800513292,39,6,148.1561279296875,0.9324906920063606,0.5632855224609375,0
bg_01680,background,23.509997174628587,-12.06063973545636,8,7,321.576416015625,0.39766216349558503,0.15125732421875,0
bg_01681,background,26.058769737266662,-9.97240806994617,8,7,428.2510681152344,0.5462203345485509,0.3812939453125,0
bg_01682,background,33.28679325780872,-3.777908012312376,14,3,822.839599609375,0.8103049421983938,0.3652685546875,0
bg_01683,background,30.09595677262724,-5.465905704897245,24,3,651.3134765625,0.9503329415138972,0.5976025390625,0
bg_01684,background,33.54219717035931,-5.812662416866651,8,9,857.4058837890625,16.90830693292162,9.3582080078125,0
bg_01686,background,33.16150686582611,-3.2598018608838184,18,3,1515.1512451171875,7.612817183724158,3.9517333984375,0
bg_01687,background,26.32628452976092,-9.33739121385993,8,7,485.6521301269531,0.4251472230963506,0.14907470703125,0
bg_01688,background,26.48007119684543,-10.559573721153463,61,7,344.811767578125,0.782496350194129,0.65691162109375,0
bg_01689,background,34.74084270403842,-3.233499369688969,24,5,404.1477355957031,1.2490909760472448,0.752969970703125,0
bg_01691,background,23.415546940822537,-15.823476130347187,23,6,79.0009536743164,2.293440913560722,1.6540719604492187,0
bg_01692,background,34.74769875372265,-2.5093268453893467,9,9,845.0029296875,24.688945668938434,14.22087890625,0
bg_01693,background,21.686846375571026,-13.206760472830172,45,7,242.15975952148438,1.252939283499715,0.6020550537109375,0
bg_01694,background,31.388675649490953,-8.938265757755206,13,8,590.3570556640625,6.896122831381552,2.79854248046875,0
bg_01696,background,32.98815277599487,-7.000741187229802,13,3,785.0191040039062,1.4449843026842835,0.77531982421875,0
bg_01697,background,25.98107346022006,-14.094314990351645,23,6,51.05952453613281,2.0758798009708763,0.9077459716796875,0
bg_01699,background,25.943102709314864,-13.596747069306293,23,6,126.20043182373047,1.1135365028589022,0.3893450927734375,0
bg_01700,background,23.339410554081276,-14.371431160299284,39,7,253.14166259765625,0.5397511058488135,0.2912152099609375,0
bg_01701,background,30.287795046009872,-5.576644170203665,14,3,681.5314331054688,0.7089432516019749,0.38684814453125,0
bg_01702,background,30.95055171760941,-8.128392783292814,8,9,2087.3056640625,33.63465281013013,22.6370361328125,0
bg_01703,background,22.254458051693362,-15.573992261587907,29,7,180.69505310058594,0.48827599741979105,0.171092529296875,0
bg_01704,background,24.126018960771017,-15.103696124628371,37,6,119.94901275634766,0.6502107018745255,0.3688580322265625,0
bg_01705,background,26.640243300393198,-10.296401056533108,60,7,391.39697265625,3.6032390720810166,2.075738525390625,0
bg_01706,background,30.068250109459026,-7.979244758036498,56,9,1484.8780517578125,7.757372518472831,4.6846533203125,0
bg_01707,background,33.63854605348783,-5.085767845938672,71,3,1427.39990234375,5.5410159153836265,2.9042578125,0
bg_01708,background,29.64222509896936,-9.163517841048035,66,3,924.1939086914062,23.741177655352942,15.5265625,0
bg_01709,background,33.959108558729035,-5.468836022040787,8,10,453.7492980957031,5.17006628359812,2.295162353515625,0
bg_01710,background,32.90787628103976,-2.8356042479367023,13,3,1510.166748046875,1.4723287107241416,0.7644091796875,0
bg_01711,background,29.358011342424543,-8.263406846749215,61,7,496.66839599609375,0.8137545799079349,0.406744384765625,0
bg_01712,background,30.10207015983907,-6.4470136220337135,14,3,913.614501953125,1.3438357663317084,0.757451171875,0
bg_01713,background,24.048203416687073,-13.96509544182494,23,7,308.8550109863281,0.7714663659140645,0.365517578125,0
bg_01714,background,31.588324171491045,-4.856089964671277,8,11,954.4403686523438,0.8812658225471435,0.68055419921875,0
bg_01715,background,21.363937434048445,-16.717368587406355,62,7,13.70200252532959,0.7380030973244232,0.2547769546508789,0
bg_01716,background,33.596227454213285,-5.328252580648713,71,3,1422.073974609375,4.418888230021093,2.264658203125,0
bg_01717,background,33.531334896023004,-3.0467798821244143,8,3,1312.3583984375,6.465495776404911,4.061015625,0
bg_01718,background,23.29982424849513,-13.49809418242631,8,7,354.44818115234375,0.7956973943581931,0.390010986328125,0
bg_01719,background,30.045907913477624,-9.21705448906148,49,9,481.10491943359375,0.9493461789837915,0.382659912109375,0
bg_01720,background,23.292809182791935,-15.661185381015057,23,6,145.38548278808594,0.49649521668798147,0.2473236083984375,0
bg_01721,background,29.98579637793261,-7.842137580838422,56,9,1187.469482421875,21.628651096468914,13.9869482421875,0
bg_01722,background,26.46346541357056,-10.204562206805962,61,7,403.5809020996094,0.4301195096859209,0.25836181640625,0
bg_01723,background,26.13243237977596,-12.505920319438397,32,6,294.4739990234375,2.4882391575938443,1.386187744140625,0
bg_01724,background,33.32345444002326,-2.3273868224331116,14,3,1185.9100341796875,0.5102369645221423,0.190263671875,0
bg_01725,background,29.429630228970094,-7.924684840582344,14,7,421.8203125,0.587489216900455,0.27490966796875,0
bg_01726,background,27.474500323971707,-13.15830090995749,40,7,20.44243812561035,0.651262233026693,0.38533599853515627,0
bg_01727,background,23.775605942338515,-12.88321130251445,8,7,268.73675537109375,0.7050098828113657,0.335909423828125,0
bg_01728,background,32.45639543162316,-1.5009089680993246,14,3,1199.8056640625,2.7437860560456357,1.5887353515625,0
bg_01729,background,23.74620055358695,-12.685651774541546,8,7,236.5763702392578,1.6577699150151928,0.5507159423828125,0
bg_01730,background,31.349193350679283,-9.185546753665719,13,3,752.7528076171875,4.241549311071186,2.55053955078125,0
bg_01731,background,32.299686255793446,-1.2814196531696025,14,3,1189.1033935546875,28.954001393917643,17.0531396484375,0
bg_01732,background,32.59838805266164,-6.527058543303354,24,5,498.32281494140625,0.694308046799799,0.37117431640625,0
bg_01733,background,26.199571106952945,-8.990920850911158,8,7,417.99346923828125,0.7676009990821495,0.336192626953125,0
bg_01734,background,21.63067125135039,-13.550780234299294,45,6,233.5011444091797,0.650806552192116,0.315220947265625,0
bg_01735,background,27.41937164448541,-9.681682001522212,27,7,504.6775207519531,1.1164296055632754,0.57831298828125,0
bg_01736,background,31.676659315542757,-9.299352375807757,69,5,486.88385009765625,7.56763722938516,4.159866943359375,0
bg_01737,background,30.84500292720293,-8.07571809641741,49,9,2000.6746826171875,20.325834362374906,11.9091015625,0
bg_01739,background,29.72283984632837,-8.592540996164198,56,7,1666.826416015625,24.03572548414505,13.516083984375,0
bg_01741,background,33.38005575493397,-4.5777746891105116,18,7,1805.2569580078125,10.769540100970469,6.101435546875,0
bg_01742,background,32.48447189671778,-2.52032667423563,14,3,1041.2120361328125,0.5317789249698991,0.2047412109375,0
bg_01743,background,27.722135091798354,-8.894457276413569,27,6,474.9327697753906,0.5040580474192285,0.210908203125,0
bg_01744,background,32.30308925633534,-6.020555755516452,71,9,1102.06591796875,13.36300516114599,7.713359375,0
bg_01745,background,32.74035180262289,-1.703211703092596,32,3,1195.62451171875,3.1434157746868654,1.988134765625,0
bg_01746,background,32.83508622947477,-6.302481487273393,13,3,754.6408081054688,8.228586243018539,4.37912109375,0
bg_01747,background,25.92094428821905,-14.324042212151841,37,6,102.92718505859375,0.4249345573079329,0.182041015625,0
bg_01748,background,30.962263755066786,-7.5466857246147185,38,1,1980.8751220703125,2.60726652327091,1.5155322265625,0
bg_01749,background,34.45652445707325,-6.422458943880582,24,2,5.319848537445068,0.5532938960281849,0.20279356002807616,0
bg_01750,background,22.14886773106426,-13.368283358380399,8,7,267.52752685546875,0.7016443251451762,0.370609130859375,0
bg_01751,background,26.597414084524274,-10.045964782328326,60,7,436.119873046875,5.0874834199357295,3.127677001953125,0
bg_01752,background,26.018172456368294,-10.675274499598466,8,3,500.1761474609375,0.3767448218745508,0.2848681640625,0
bg_01753,background,31.75519661421478,-6.516401199152779,71,9,2225.28662109375,23.941332331360012,14.145126953125,0
bg_01754,background,27.86671780951875,-9.953917561825358,13,7,498.7111511230469,14.64492597984792,8.997586669921875,0
bg_01755,background,31.1696492647808,-6.347784809980291,59,3,1335.95751953125,2.659406849391096,1.284990234375,0
bg_01756,background,33.06777709473217,-4.238385986631912,8,3,1158.30859375,7.389510105419362,3.5691162109375,0
bg_01757,background,31.680967840496486,-9.162161096266251,69,8,412.9930725097656,22.253060748321605,14.02852783203125,0
bg_01758,background,30.676467197651945,-6.614134506274243,56,9,1484.978515625,23.366854034597274,14.3551513671875,0
bg_01759,background,31.82149971847461,-7.217320238452435,24,3,629.5386962890625,0.9466851469638649,0.445224609375,0
bg_01760,background,32.72809707827762,-2.436569005224335,43,3,1346.8721923828125,2.14337472395029,1.0560791015625,0
bg_01761,background,32.56170296025593,-6.955196981973699,24,8,482.4819030761719,2.0971411833707396,1.310784912109375,0
bg_01762,background,28.711697962129332,-10.878547759679464,40,6,189.732177734375,5.35209244914123,2.6810302734375,0
bg_01763,background,31.017281217711847,-9.841060405058908,82,5,0.0,0.0,0.0,0
bg_01764,background,23.26766337782967,-15.933478828609513,23,6,44.66867446899414,1.1306653458636047,0.6011714172363282,0
bg_01765,background,23.610591554718233,-14.419771639478975,69,7,234.17735290527344,1.7565975089516483,1.092528076171875,0
bg_01766,background,31.674800240470873,-7.688656123043014,24,5,526.7098388671875,1.5423941411183224,0.72467529296875,0
bg_01767,background,26.644276155441506,-13.14876412321801,27,7,175.82540893554688,0.5226116449037553,0.4156451416015625,0
bg_01768,background,26.657191510323486,-11.089859366750616,15,7,225.81777954101562,0.823471955307542,0.6444158935546875,0
bg_01769,background,33.556798530545606,-3.275620753576934,18,3,1148.858642578125,2.261234751911083,1.22458984375,0
bg_01770,background,22.93914444218868,-14.870299452859722,39,7,248.83851623535156,0.8818064812937427,0.3366351318359375,0
bg_01771,background,22.660484229839675,-14.274338427392127,8,7,322.4111328125,0.6053694408471093,0.28966796875,0
bg_01772,background,26.63168252704019,-10.958200570156732,15,7,262.571533203125,1.1672343568168253,0.753763427734375,0
bg_01773,background,22.397709603539944,-13.853446602832689,8,7,250.37615966796875,0.27730420074761486,0.1933843994140625,0
bg_01774,background,32.34517340581386,-7.177760190623295,14,5,327.7280578613281,0.7523280288006576,0.419776611328125,0
bg_01775,background,31.63946447866971,-6.315347212274844,71,9,3089.398193359375,28.261867107725653,16.57826171875,0
bg_01776,background,28.10827954698121,-10.3021526668195,24,7,444.75628662109375,8.456337762195506,5.083673095703125,0
bg_01777,background,26.4744602212808,-12.98103005195669,23,7,166.51837158203125,1.0751500498258484,0.668193359375,0
bg_01778,background,27.45749553770247,-12.41624326254771,45,7,171.63467407226562,0.5001630017985806,0.197431640625,0
bg_01779,background,33.251257118881696,-4.477345871367422,14,7,1551.043701171875,1.5731931883406192,1.0914111328125,0
bg_01780,background,31.598093643725164,-3.6339825749871513,82,3,1138.7821044921875,2.43667484629153,1.422626953125,0
bg_01781,background,27.57712456430039,-11.205995131749711,8,7,246.9383544921875,4.5454698730278045,2.59448486328125,0
bg_01782,background,31.145416185028147,-9.214192066045138,69,3,1246.9024658203125,15.36646157973997,9.098154296875,0
bg_01783,background,26.338408619444937,-9.87995163503163,8,7,494.1519470214844,1.1162210330021538,0.61511474609375,0
bg_01784,background,34.1045063275976,-6.405482983421469,14,3,141.56723022460938,3.449870447797935,1.5787933349609375,0
bg_01785,background,23.629070709643972,-12.011567939377299,8,7,283.51409912109375,0.5143403281269041,0.238067626953125,0
bg_01787,background,21.753482034296947,-15.747148773316091,29,7,124.28932189941406,0.7947281471502168,0.34951873779296877,0
bg_01788,background,33.602387378246654,-6.463480338625698,8,9,399.0960388183594,22.49157951007205,13.329296875,0
bg_01789,background,25.701719642187808,-13.247356694339969,8,7,201.0215606689453,0.45798354661330726,0.2625128173828125,0
bg_01790,background,32.336651021717934,-5.316699377869918,71,9,2455.0771484375,28.633256037645477,19.382587890625,0
bg_01791,background,23.0843801607583,-13.982267474941638,8,7,271.66912841796875,0.6914267244011311,0.27012939453125,0
bg_01793,background,22.301970273949497,-15.159439097944839,29,7,237.7198944091797,1.6380218980534094,0.859617919921875,0
bg_01794,background,31.226117703166977,-5.777172046703061,33,9,1776.4647216796875,11.135143388419861,7.3629345703125,0
bg_01795,background,25.12427079845229,-14.179099857455833,23,6,138.43490600585938,1.198011875785925,0.621759033203125,0
bg_01796,background,26.36766762187956,-13.610230126959976,23,6,102.03429412841797,0.44963633323375474,0.2063226318359375,0
bg_01797,background,30.590328839931857,-9.536221613629412,68,5,483.0150451660156,37.19601578629455,26.09221435546875,0
bg_01799,background,26.47982257460581,-12.898704476026715,8,7,183.88961791992188,0.6956618206417138,0.4062786865234375,0
bg_01800,background,22.565739579320937,-15.038313056667214,29,7,240.16519165039062,0.6908978541852235,0.295888671875,0
bg_01801,background,30.98110674772084,-7.6833849656671225,38,1,2294.7939453125,4.89591539046385,2.5759375,0
bg_01802,background,26.762616463651728,-11.108114948183664,15,7,217.40830993652344,0.8530749818067992,0.4831842041015625,0
bg_01803,background,35.30326375556227,-5.573985710899641,24,3,400.4186096191406,8.118073142969358,5.029483642578125,0
bg_01804,background,31.09609322546261,-4.61107832851358,8,3,805.0110473632812,5.702515853809988,2.9775341796875,0
bg_01805,background,22.6828340420805,-15.027242443305122,29,7,224.72933959960938,0.924849170951753,0.3441046142578125,0
bg_01806,background,32.66828918414828,-1.7946265156944154,32,3,1310.505126953125,1.699773038734391,0.9767529296875,0
bg_01807,background,32.30219003752666,-1.3567694806711232,14,3,1030.492431640625,1.3905768799498306,0.8228173828125,0
bg_01809,background,23.435170356562626,-14.093838375509659,8,7,290.03326416015625,0.5350950258130003,0.30195068359375,0
bg_01810,background,33.27449993779517,-3.015543558588811,18,3,1465.6820068359375,3.6805067198242307,1.9653857421875,0
bg_01811,background,32.39371497135591,-6.7131825737645245,14,5,405.2751159667969,0.8075442835317796,0.419132080078125,0
bg_01812,background,32.4482258186105,-1.9421524044617784,14,3,1205.8199462890625,2.436980193658624,1.127548828125,0
bg_01814,background,25.51737515488802,-12.658618712059893,8,7,285.40057373046875,0.6396133345249784,0.36051025390625,0
bg_01815,background,21.693636151236728,-16.68809906530636,62,7,20.66824722290039,0.32307864095734506,0.11902580261230469,0
bg_01816,background,28.441972170083417,-10.946934331782801,69,7,254.70668029785156,12.120199731700524,7.603541259765625,0
bg_01817,background,23.42011568402133,-13.874785537579847,8,7,321.08251953125,0.7539882140431954,0.370283203125,0
bg_01819,background,23.292534279209754,-13.303049059911874,8,7,350.9768981933594,0.5565322200188331,0.211390380859375,0
bg_01820,background,32.67101463088985,-3.2969426987519928,71,3,1528.510498046875,28.46964207643326,18.558359375,0
bg_01821,background,26.581260707753223,-11.12071740753851,60,7,258.1192932128906,1.334241704531381,0.784630126953125,0
bg_01822,background,34.124249219741976,-4.21141481327735,26,9,777.8731079101562,26.41840140654371,15.60960205078125,0
bg_01823,background,22.748651691746005,-14.874387294608784,39,7,242.16929626464844,2.263750773179187,1.4611669921875,0
bg_01824,background,28.309371055994664,-9.181424083320127,67,7,404.7686462402344,4.898633657838424,2.855294189453125,0
bg_01825,background,34.14522032085241,-4.172619941166396,26,9,632.4357299804688,33.45198008448923,19.829990234375,0
bg_01826,background,27.60938355699055,-12.547354436508922,27,6,138.27142333984375,0.47864935762098776,0.2404718017578125,0
bg_01827,background,26.183144146900794,-13.358308736634992,64,6,152.96340942382812,0.7834552928005947,0.6338043212890625,0
bg_01828,background,26.120723382162982,-13.788999606142852,23,6,111.62084197998047,0.5853750300722711,0.392587890625,0
bg_01829,background,21.668317516293957,-15.411323711278682,8,7,173.97801208496094,0.5334137002023719,0.2794403076171875,0
bg_01830,background,25.088889479020324,-14.759003214882224,37,6,154.4920196533203,1.0871628556550486,0.5768096923828125,0
bg_01831,background,26.327123898547107,-12.79208704104787,8,7,219.02084350585938,1.9257687712171128,1.1261749267578125,0
bg_01832,background,26.03167318436354,-14.405226296785614,37,6,80.73992919921875,0.3959360714006946,0.2155218505859375,0
bg_01833,background,26.285817928776133,-9.583002801158269,8,7,457.104736328125,0.8897910809269789,0.28706298828125,0
bg_01834,background,27.15413182734514,-10.929882272636739,24,7,223.97019958496094,1.0699660874133787,0.49561767578125,0
bg_01835,background,23.85780920004019,-13.821473706022509,69,7,323.2490539550781,1.0235560086359419,0.552264404296875,0
bg_01836,background,34.021562976913806,-6.032826009139298,42,3,258.3006896972656,4.332449120987258,2.3611920166015623,0
bg_01837,background,22.62427774686456,-15.453676037623984,29,7,223.14622497558594,0.5497301385420468,0.367373046875,0
bg_01838,background,24.020824156856058,-14.320095551621975,23,7,267.9573669433594,0.4790833091349,0.294364013671875,0
bg_01839,background,31.348675538810713,-9.832613205178195,82,3,0.0,0.0,0.0,0
bg_01840,background,32.55138303657868,-1.1435480796742132,18,3,1220.603515625,3.454554097246552,1.8680419921875,0
bg_01841,background,23.831604361556703,-12.335820649939805,8,7,269.6513671875,0.8149212060035695,0.422703857421875,0
bg_01842,background,29.651718396874188,-9.20054306971672,66,3,962.6011962890625,19.020448329889344,10.682119140625,0
bg_01843,background,30.698287446683835,-6.565046424728306,10,9,1340.6815185546875,23.001084474219518,12.574248046875,0
bg_01844,background,26.06663143398193,-9.479276356723956,8,7,417.9593505859375,0.5590659046390914,0.353685302734375,0
bg_01845,background,32.91674801834438,-7.493098941628597,32,8,564.3426513671875,2.1244195187357744,1.1491162109375,0
bg_01846,background,23.884501287458832,-14.952458403759866,23,6,214.34014892578125,0.3902424902420298,0.161024169921875,0
bg_01847,background,23.469609884953492,-12.20667005478112,8,7,326.154296875,0.496745804473013,0.203759765625,0
bg_01848,background,33.90573675093603,-5.315197640982688,8,8,595.4933471679688,3.2380530489104884,1.8052734375,0
bg_01850,background,27.356856939665697,-9.928992655323773,27,7,519.7686767578125,0.5969277554507338,0.25276611328125,0
bg_01852,background,27.592775850643374,-10.40637519084695,14,7,444.0967102050781,0.6567731215193794,0.223486328125,0
bg_01853,background,32.366507517322,-2.4989988565822157,41,3,1086.465087890625,7.65946650269066,3.9968896484375,0
bg_01854,background,21.84334297705021,-13.072878288401114,45,7,284.2457275390625,1.0802778925355703,0.48162109375,0
bg_01855,background,26.36669290667785,-12.500049546712203,8,6,246.29075622558594,0.4878731322352003,0.1558148193359375,0
bg_01856,background,27.438321064426653,-11.424049403646393,24,7,188.9867401123047,1.0487420325642847,0.39580322265625,0
bg_01857,background,32.962054394627124,-4.353749662457459,57,3,1217.357177734375,3.155122352870896,1.66431640625,0
bg_01858,background,33.70526050657153,-6.847870589343541,26,5,231.96923828125,6.385362561772677,4.128814086914063,0
bg_01859,background,24.23465051192677,-13.138581706398895,69,7,304.7887878417969,0.9403620812562684,0.426473388671875,0
bg_01860,background,23.403932209061068,-13.220614898652231,8,7,324.8030090332031,0.4387098047401092,0.1496240234375,0
bg_01861,background,31.727869478390858,-5.716858066886261,71,9,2448.1611328125,18.478251121013848,10.59630859375,0
bg_01862,background,21.597800833859893,-13.424391908622042,45,6,229.7466583251953,2.7229760208793463,1.3869537353515624,0
bg_01863,background,21.42693030500971,-16.510917349426606,40,7,37.253883361816406,1.2713870825846179,0.7714479064941406,0
bg_01867,background,30.210832817681894,-6.16585877690287,14,3,819.9420776367188,4.755494661600622,2.65457275390625,0
bg_01868,background,25.49127485118923,-14.64658547449592,37,6,118.53480529785156,1.080398384453279,0.701451416015625,0
bg_01869,background,24.82198650850684,-14.244206558397865,23,6,147.73739624023438,0.38023742911041225,0.1911798095703125,0
bg_01870,background,23.462434528954866,-14.681082887206204,69,7,389.1397399902344,0.9286401537969127,0.479039306640625,0
bg_01871,background,33.04118958252751,-5.442769636543828,71,9,1418.94580078125,24.371959357935385,15.8692431640625,0
bg_01873,background,30.92128346549881,-4.1299519415546975,11,3,706.3111572265625,4.469392918450814,2.6140625,0
bg_01874,background,26.300965055540654,-10.526174957447433,8,7,462.7626037597656,1.3100234559950619,0.59243408203125,0
bg_01875,background,34.12088371947701,-1.798469139470035,14,3,1043.833251953125,2.205149093469652,1.05384765625,0
bg_01876,background,32.2977583517419,-2.7652591015486845,14,3,1004.8587646484375,0.8339613230473615,0.4645703125,0
bg_01877,background,29.208309787573075,-8.283021010439766,46,7,427.2022399902344,0.6546195874516506,0.317845458984375,0
bg_01878,background,25.476300599309983,-14.434303847488989,23,6,116.11711883544922,0.6064352918004909,0.32167083740234376,0
bg_01879,background,33.313795532603656,-1.9588633402947289,43,3,1191.1092529296875,0.5217518086010648,0.2949365234375,0
bg_01880,background,31.936463921277575,-8.42157926603882,10,8,460.5162658691406,7.603786568552868,4.542958984375,0
bg_01881,background,32.41903580067438,-8.337338480696411,10,8,461.6812744140625,8.04132088039671,3.054815673828125,0
bg_01882,background,21.868521957197114,-13.16500956942602,8,6,272.81072998046875,0.5292774293516932,0.1860546875,0
bg_01883,background,31.665626554665685,-8.961735234947277,69,8,255.5959930419922,1.2199405196881368,0.690460205078125,0
bg_01884,background,30.789806199120417,-7.641455606779931,8,1,2435.390869140625,10.70180103711168,6.976396484375,0
bg_01885,background,33.125159662516296,-7.777221433104364,14,5,240.66380310058594,0.9940281227159791,0.3952301025390625,0
bg_01886,background,26.089740176599303,-12.679261683644729,8,7,257.17108154296875,0.9613616510014034,0.55934814453125,0
bg_01887,background,21.621589471817572,-14.483533056642932,8,7,186.13873291015625,0.6429812527257558,0.34057861328125,0
bg_01888,background,30.01702004133386,-7.879743920250963,56,9,1392.289794921875,11.277770050329247,6.031689453125,0
bg_01889,background,34.84986013802524,-2.790674601127878,8,3,171.96302795410156,1.7452134233757821,1.00662109375,0
bg_01890,background,32.601669478955564,-1.7090177559687019,18,3,1405.7144775390625,16.663169419348073,8.5528955078125,0
bg_01891,background,34.531591281398114,-4.424991950410516,64,9,1005.8641357421875,17.47540607109806,9.52909912109375,0
bg_01892,background,22.513822109647652,-15.965091873058745,39,7,134.51876831054688,0.3761406837687687,0.2222369384765625,0
bg_01893,background,30.593619201836763,-9.746162035672734,69,5,85.96480560302734,12.93831124900795,7.713914947509766,0
bg_01894,background,33.66098550517427,-2.1622640980770806,14,3,1045.5982666015625,1.7095121389162318,0.713359375,0
bg_01895,background,33.15961107275084,-2.625128049958918,32,3,1321.651611328125,1.3184141293858427,0.66912109375,0
bg_01896,background,25.859395182924025,-13.577715270064958,45,6,132.4745635986328,2.301822678058342,0.9725048828125,0
bg_01897,background,23.542538636141217,-13.048469689484278,8,7,289.325439453125,0.5064177469217381,0.19430419921875,0
bg_01898,background,29.904950239195756,-9.603007578727983,24,7,24.469470977783203,1.6789289836662822,0.6188893127441406,0
bg_01899,background,26.471139774663083,-9.131090052926186,8,7,476.8417663574219,0.5221834204532474,0.22271484375,0
bg_01901,background,33.83977817790106,-4.701337461711366,48,8,703.6174926757812,2.2204037287849645,1.3005126953125,0
bg_01902,background,33.49884428903477,-5.9780811484468215,56,9,1138.276123046875,15.725470580968947,8.5374462890625,0
bg_01903,background,31.285962597182188,-4.323606284847223,8,3,754.9139404296875,0.7079811290188204,0.34609375,0
bg_01904,background,26.53607938395003,-12.512883933078369,8,6,218.71205139160156,0.4831945208785158,0.211378173828125,0
bg_01905,background,24.959110725335968,-12.069397321472573,8,7,324.5543212890625,0.7187750185134592,0.36700439453125,0
bg_01906,background,26.148179761792974,-13.402487998945626,64,6,142.99806213378906,0.9458081747129276,0.4721405029296875,0
bg_01907,background,27.68138842556887,-8.833168406474192,27,6,475.5461120605469,0.5549066176190462,0.2630078125,0
bg_01908,background,21.419535932388264,-16.048958652968675,42,7,113.10055541992188,0.7642561452871552,0.32752685546875,0
bg_01909,background,32.176012905658425,-5.768659507572483,71,9,2733.465576171875,24.247944613907045,13.865791015625,0
bg_01910,background,23.77436217237659,-13.515223458089835,69,7,328.7402038574219,1.3272534623694288,0.639635009765625,0
bg_01911,background,26.03616786312448,-13.781459948358805,23,6,118.83123016357422,0.8903849351309773,0.552249755859375,0
bg_01912,background,25.584830259198608,-13.401646204903331,8,7,155.1753387451172,0.9398787307630527,0.281380615234375,0
bg_01914,background,34.85385270439837,-4.7707491848305255,69,8,847.26220703125,26.103817110661474,16.6477587890625,0
bg_01915,background,30.07136729231683,-6.287279998935822,14,3,876.2615966796875,2.3956664466962354,1.17932373046875,0
bg_01916,background,23.757775921514238,-12.158229539126737,8,7,271.94598388671875,0.86985800696402,0.478837890625,0
bg_01917,background,22.471294077766306,-15.153818405890672,29,7,269.9220275878906,1.0037962007499748,0.471671142578125,0
bg_01918,background,22.01680277628614,-15.16467778523248,29,7,235.0450897216797,0.7806253272899597,0.4695941162109375,0
bg_01919,background,30.040223979539395,-6.164419552068002,8,8,1006.5848388671875,9.425685084447041,5.5507421875,0
bg_01920,background,33.920775512831966,-6.6594125572162834,14,3,178.0596160888672,3.9959345528854837,2.0008758544921874,0
bg_01922,background,32.04597830170444,-7.196843019363365,14,5,475.52789306640625,0.8300588569321016,0.442718505859375,0
bg_01923,background,21.70253285602935,-15.144401723468558,8,7,167.8898162841797,0.7808308835190118,0.4180291748046875,0
bg_01924,background,24.995346159227267,-13.32870263591111,8,7,191.6056365966797,0.33469348861503656,0.1153204345703125,0
bg_01925,background,26.721811525330647,-12.775875700743827,8,7,210.7532501220703,0.5323485494848537,0.365396728515625,0
bg_01926,background,23.594483240190492,-12.410418934005529,8,7,301.48675537109375,0.9380782972477446,0.31021484375,0
bg_01927,background,29.806819885892473,-5.954650289908897,82,7,512.798095703125,1.3777338646695954,0.619140625,0
bg_01928,background,26.40326392769613,-13.707901005636048,23,6,99.38491821289062,0.5713821937714795,0.2545928955078125,0
bg_01929,background,31.48363665409541,-6.948905191090993,8,9,1579.264892578125,10.356119964691924,5.755224609375,0
bg_01930,background,32.1930694934163,-2.3916509616032973,14,3,1017.375732421875,0.30148121483270707,0.15551025390625,0
bg_01931,background,33.48466018655752,-7.366548186260147,14,3,203.71273803710938,2.7796576050753825,1.6270733642578126,0
bg_01932,background,27.20566307432863,-9.410224440701528,27,7,498.77020263671875,0.8978159786730903,0.510791015625,0
bg_01933,background,33.40411258348584,-5.353862725415348,71,3,1061.5074462890625,1.1516446552998183,0.5877490234375,0
bg_01934,background,21.899645725690544,-13.753766438179317,8,7,232.30653381347656,0.8735979508665134,0.3539093017578125,0
bg_01935,background,23.392300256022654,-13.082305631800967,8,7,317.0414123535156,0.579698847082749,0.279644775390625,0
bg_01936,background,24.703279357402103,-13.559726474095516,23,7,279.33837890625,0.7440696405382863,0.372877197265625,0
bg_01938,background,21.36632547908257,-13.853935230432146,8,6,197.0782928466797,1.2252691210845432,0.828828125,0
bg_01939,background,33.3601138407845,-3.0259353121489183,18,3,1413.7745361328125,11.828915930024168,6.759716796875,0
bg_01940,background,30.362541735721766,-7.667777702036603,56,7,1802.5968017578125,4.901555951988237,3.1441845703125,0
bg_01942,background,30.058870112754356,-6.507807270520815,14,3,878.4423217773438,1.468141095157832,1.01380126953125,0
bg_01943,background,30.134168499330414,-9.45402705236939,14,6,109.56324768066406,2.476939583937696,1.3892825317382813,0
bg_01944,background,24.588768251982415,-12.750158459613038,69,7,243.46514892578125,0.7317437095383766,0.301077880859375,0
bg_01945,background,24.796611733906033,-14.160468326744244,23,6,193.04217529296875,0.6305275874897099,0.3524725341796875,0
bg_01946,background,29.329044375770877,-8.94377934464433,56,3,1115.5928955078125,9.71374668000936,4.8495751953125,0
bg_01947,background,26.35915143045566,-9.89272839525542,8,7,494.7991027832031,0.7392896509062602,0.4752783203125,0
bg_01948,background,35.08668099366825,-4.47058869741803,69,3,809.6846313476562,16.889381461368007,10.9848583984375,0
bg_01949,background,29.55466818172504,-7.525774555581731,28,7,391.68365478515625,0.34294365087423034,0.184674072265625,0
bg_01950,background,33.82763190837407,-6.325553935913293,26,5,410.21514892578125,7.250278515779385,4.167926025390625,0
bg_01951,background,23.43324529249124,-15.630299864243122,23,6,130.2048797607422,0.4488201200557846,0.2350372314453125,0
bg_01952,background,32.30313366425742,-3.029108103532748,71,9,1164.1456298828125,9.939868692822566,5.8783642578125,0
bg_01953,background,34.98234202873808,-5.923259851534597,24,2,13.611419677734375,0.30335244446292725,0.16095211029052733,0
bg_01954,background,28.743166949430424,-9.586196948641652,8,7,809.6229248046875,22.30414067304255,13.07720703125,0
bg_01955,background,21.54649786743865,-14.240456594732631,8,7,204.45953369140625,0.89683066778687,0.6011822509765625,0
bg_01956,background,35.15404063021735,-5.495766678731674,32,3,322.2583312988281,15.584505987382034,9.51759521484375,0
bg_01959,background,33.59507700999813,-5.940455111803925,56,9,596.17529296875,17.378114212700087,10.02262451171875,0
bg_01960,background,21.4381958415786,-15.511318346503574,8,7,143.9412078857422,0.8356551029324278,0.5204168701171875,0
bg_01961,background,23.750892588923357,-12.272569268056413,8,7,277.50115966796875,0.7014066411843259,0.20121826171875,0
bg_01962,background,23.403189950623773,-14.629512556267075,39,7,261.9722900390625,0.6317137143757454,0.291513671875,0
bg_01963,background,28.00625428392251,-9.00113058004098,27,6,506.75885009765625,0.7036046575580501,0.221004638671875,0
bg_01964,background,21.53878739768849,-14.071174493074993,45,7,220.40040588378906,2.134294838437406,1.40818115234375,0
bg_01965,background,27.772820953231502,-11.745223689114235,27,6,291.2436828613281,1.2132337793751904,0.65667236328125,0
bg_01966,background,31.56368725112695,-7.910225600323111,24,5,530.6358642578125,1.0998853067006926,0.56947509765625,0
bg_01967,background,25.037559470882595,-12.354223058650296,15,7,341.0491943359375,0.5123366741931467,0.4001708984375,0
bg_01968,background,33.5322030330391,-5.430264937257805,56,3,947.8265991210938,2.892087371680299,1.46387939453125,0
bg_01969,background,32.73868195160917,-2.9163283750535323,71,3,1238.715576171875,0.9139051976361139,0.5152685546875,0
bg_01970,background,24.773077851004995,-13.32178999125774,8,7,223.06100463867188,0.6237722004654274,0.3481732177734375,0
bg_01971,background,26.727880995105846,-12.847472257553502,8,6,184.2177734375,0.7387877584294558,0.461573486328125,0
bg_01972,background,23.530181332045718,-13.379937230626703,8,7,351.8916320800781,0.7457135495614968,0.23311279296875,0
bg_01973,background,30.18315672725294,-6.853039526641907,8,3,706.4212036132812,0.6643990657672626,0.35891357421875,0
bg_01974,background,25.736080559198893,-13.813485824667303,23,7,154.22802734375,0.6776290348726682,0.4009808349609375,0
bg_01975,background,23.45418536648753,-13.84341027809806,8,7,331.3793640136719,0.541495210434834,0.283243408203125,0
bg_01976,background,29.227993296676402,-9.438202869294015,49,3,1012.5862426757812,18.817207701200125,11.0121435546875,0
bg_01977,background,29.4371510293899,-10.129823134134474,82,9,0.0,0.0,0.0,0
bg_01978,background,21.820834955706264,-15.472182031327046,29,7,185.6471405029297,0.40053772800640575,0.1490557861328125,0
bg_01979,background,29.856816053582474,-9.123447366680752,66,9,1217.9141845703125,23.088870453891676,14.395244140625,0
bg_01980,background,23.899139595202186,-14.251169753489982,23,7,269.8172607421875,0.7160483034819586,0.269134521484375,0
bg_01981,background,26.588680739962186,-10.50645265765483,60,7,452.92364501953125,2.017610467710922,1.048736572265625,0
bg_01982,background,32.14387227951253,-5.806163397051699,71,9,2812.489990234375,25.00608564359346,16.700419921875,0
bg_01983,background,22.8219864543782,-16.169997482808007,37,7,56.91890335083008,0.34631666833524427,0.24239349365234375,0
bg_01984,background,27.833224083359827,-9.413433767038,27,6,517.7648315429688,0.8288749268143555,0.41923828125,0
bg_01985,background,30.625060566696487,-6.40374187268118,56,9,1279.1453857421875,16.358663693666227,9.726796875,0
bg_01986,background,26.551798811674878,-9.854710810858549,27,7,466.4970397949219,2.2775725040801142,1.068057861328125,0
bg_01987,background,33.531644350320896,-5.774377640367535,56,9,898.10546875,16.07972467739158,9.87272216796875,0
bg_01988,background,28.452262616372884,-11.176735366511155,27,7,196.47352600097656,0.6271993930372844,0.29494140625,0
bg_01989,background,22.291112906184658,-15.28304419031408,29,7,271.703125,1.2342685452106938,0.579620361328125,0
bg_01990,background,34.67115439449054,-2.925255448960923,9,3,214.42724609375,30.449169472021183,20.24552062988281,0
bg_01991,background,34.060843162228174,-6.52038637968381,14,3,145.51902770996094,5.343175084133031,1.9441680908203125,0
bg_01992,background,26.540613637404306,-11.295504936194156,24,7,229.68968200683594,1.0444298341751752,0.3807470703125,0
bg_01993,background,35.07933182607171,-5.547582263502953,32,9,145.96673583984375,3.400743272628069,1.5545684814453125,0
bg_01994,background,31.684157039706523,-5.991289134370133,71,7,2802.346923828125,31.59026465649877,18.0927734375,0
bg_01995,background,22.58571474577635,-14.676557311803618,39,7,266.8096008300781,0.6656818412070387,0.297266845703125,0
bg_01996,background,22.972783064139342,-13.345250199081216,8,7,346.3642578125,0.6991696963167352,0.372218017578125,0
bg_01997,background,33.784452818182004,-6.38900734472672,48,5,408.6126403808594,2.572087916104793,2.087259521484375,0
bg_01998,background,32.16399520483419,-6.082327275496235,71,9,1925.71240234375,16.90974430206775,11.7532470703125,0
bg_01999,background,22.883178879104076,-15.971368695203251,42,6,142.29769897460938,0.39427103466455965,0.18303955078125,0
bg_02000,background,21.549309807418666,-13.656325974970034,45,6,210.11639404296875,0.489899953842147,0.3291748046875,0
bg_02001,background,26.45525234837855,-11.301949706617636,24,7,258.2260437011719,1.529236810216986,0.738826904296875,0
bg_02002,background,30.652601675032674,-9.884849423095952,82,5,16.282800674438477,4.119531925342995,2.227588348388672,0
bg_02003,background,32.8704314036906,-8.213203604242663,24,3,144.77108764648438,0.5749296526826779,0.426690673828125,0
bg_02004,background,27.035403448284185,-12.170534768185735,27,6,295.7897033691406,1.1242666172965374,0.650836181640625,0
bg_02005,background,33.069438130587756,-6.3682803766553,56,3,815.7286987304688,12.470725639172041,7.95109375,0
bg_02006,background,23.35318258535648,-15.461264950331978,23,6,176.78427124023438,0.5599774340591422,0.23369140625,0
bg_02007,background,32.74452207435272,-8.954772691407095,17,3,80.89008331298828,1.2125237043783532,0.516588134765625,0
bg_02008,background,21.805655132317167,-15.752707108838159,29,7,138.9025421142578,1.1979631309361858,0.7223883056640625,0
bg_02009,background,32.35555534089136,-1.6941097625855348,14,3,1207.719970703125,0.727457630551474,0.350810546875,0
bg_02010,background,31.151685327199548,-5.1192852066200025,8,3,909.5261840820312,16.0038728015356,9.99406494140625,0
bg_02011,background,30.776339278937854,-4.663300027769196,24,3,665.5621337890625,0.49404638431979364,0.239521484375,0
bg_02013,background,29.95724670558057,-5.233168290980744,82,3,696.5897216796875,2.526697637362336,1.55727783203125,0
bg_02014,background,25.395067289741256,-14.110660708419543,23,6,135.95733642578125,0.4433562982620615,0.2048516845703125,0
bg_02015,background,23.915103884566662,-14.840261069891021,27,7,221.5697479248047,0.6462913028389478,0.381292724609375,0
bg_02016,background,26.05931289089529,-9.384974909985438,8,7,421.8244323730469,0.5908007806371459,0.37640380859375,0
bg_02018,background,27.191228213508975,-11.467592807653118,24,7,174.95887756347656,1.0167787809055047,0.50137451171875,0
bg_02019,background,26.322115104709496,-10.987047400420753,46,7,357.1190185546875,0.6002138559720069,0.25951904296875,0
bg_02020,background,33.049718522675136,-1.6901936782862133,43,3,1271.271484375,1.1784287336216888,0.6924169921875,0
bg_02022,background,31.05068819860092,-6.53243543683863,59,3,1216.0615234375,2.9382119205107484,1.4921435546875,0
bg_02023,background,32.16472705731795,-4.865107127001687,71,9,1534.5955810546875,3.4806850443491677,1.896201171875,0
bg_02024,background,27.85353842095514,-11.630867788898538,27,7,299.2411804199219,1.1047762363201263,0.60763427734375,0
bg_02025,background,31.117591661008614,-4.635694768486365,8,3,769.7715454101562,1.1640067902465627,0.705810546875,0
bg_02026,background,26.43585765743723,-11.265314637520211,60,7,275.0692138671875,5.534394276036044,3.58892822265625,0
bg_02027,background,22.95612694503113,-14.666591231944775,39,7,293.2029724121094,0.85759866955316,0.50490478515625,0
bg_02028,background,27.0313312277662,-8.880498458084954,27,7,458.17236328125,1.177302813852235,0.65434814453125,0
bg_02029,background,27.307594096963125,-12.249947004795219,27,6,236.62481689453125,0.5362523732493704,0.2616326904296875,0
bg_02030,background,23.624703964933623,-15.018514831866163,8,7,224.87684631347656,1.0088732996722525,0.3683831787109375,0
bg_02031,background,33.30527636389235,-6.231049446289687,30,9,568.5235595703125,6.532652972336005,2.85710693359375,0
bg_02033,background,27.6371163787834,-8.891259502759176,27,6,472.2872009277344,0.49083452988588805,0.139461669921875,0
bg_02034,background,28.619283457826203,-9.471880900535714,24,7,349.3395690917969,0.9312708646890067,0.479093017578125,0
bg_02035,background,30.386024870299288,-8.911360069866257,24,6,223.64663696289062,1.28593965160514,0.958494873046875,0
bg_02036,background,29.230878117432383,-9.948933584786129,49,6,742.0575561523438,22.921410473855524,14.7721337890625,0
bg_02037,background,22.90661701619793,-14.365394005061761,39,7,329.8642883300781,0.7773553369304564,0.47146728515625,0
bg_02038,background,33.563267436775746,-5.889259691050801,56,9,478.942138671875,14.728598059808705,7.445286865234375,0
bg_02039,background,27.56859931007773,-8.685768495644606,27,6,469.37109375,0.5278828525568666,0.14598388671875,0
bg_02040,background,22.62173109859915,-16.27290574239506,40,7,37.21193313598633,0.821279643288565,0.3777555847167969,0
bg_02041,background,26.310646785056058,-10.302801638587596,8,7,462.2672119140625,0.9537150498899627,0.45508056640625,0
bg_02042,background,23.387954703826026,-12.990394624581906,8,7,306.109130859375,0.7512420265903267,0.2682958984375,0
bg_02043,background,33.051340283825304,-5.037166258406646,71,9,2090.837158203125,0.5177079545512112,0.1821875,0
bg_02044,background,31.28572026968437,-8.399636136176593,14,3,796.9454345703125,2.9235862431650297,1.56297607421875,0
bg_02045,background,31.71733650579489,-5.142477030153276,8,3,1192.4140625,2.3812234970700326,1.3658154296875,0
bg_02046,background,34.68305300830837,-6.050596044499648,24,6,15.353551864624023,0.4142720661406313,0.16149745941162108,0
bg_02047,background,29.30981134433627,-8.042988123183413,60,7,444.47296142578125,6.180461248040495,3.26480224609375,0
bg_02048,background,31.47400768583144,-3.9353103446349986,13,11,924.1912231445312,5.669305147177968,2.556318359375,0
bg_02049,background,30.906509980274514,-5.553113239865193,10,3,1200.2200927734375,19.465281223913987,10.9727978515625,0
bg_02050,background,31.499673062683286,-7.90842814510515,24,5,599.5114135742188,1.5186785537532308,1.79099853515625,0
bg_02053,background,24.347749452962187,-13.032144902590792,69,7,287.2123107910156,1.327399943182369,0.792332763671875,0
bg_02054,background,27.439024648062926,-10.266907982744812,27,7,563.4371337890625,0.36545607905440936,0.11295654296875,0
bg_02055,background,35.633866450707,-5.522423740286717,32,8,78.53852081298828,4.866884832744685,2.183565673828125,0
bg_02056,background,25.224549081225746,-12.589542246723413,15,7,357.03729248046875,2.5080913602419197,1.359107666015625,0
bg_02057,background,30.586549483337432,-5.466264544822271,14,3,847.6742553710938,4.1436270937213875,2.23705078125,0
bg_02058,background,33.65009528089296,-1.7668261691029679,14,3,1035.5379638671875,0.6889017299995681,0.570361328125,0
bg_02059,background,23.99717489225551,-12.221182023509202,8,7,245.8936309814453,1.12741077335473,0.6016778564453125,0
bg_02060,background,22.833907284414458,-15.589571456268544,8,7,187.81346130371094,0.7402431027527848,0.755146484375,0
bg_02061,background,24.39477193042903,-12.295856513623198,8,7,243.67587280273438,0.6753513497709112,0.2263201904296875,0
bg_02062,background,22.12699122247614,-13.23089369161738,8,7,279.1142578125,0.8153016224945804,0.418631591796875,0
bg_02064,background,31.602504796831568,-3.970615660418183,14,11,975.9848022460938,1.4867805835875838,1.0390283203125,0
bg_02065,background,32.15201864480262,-4.513863706609963,71,3,1689.6385498046875,25.347074726154666,14.486044921875,0
bg_02066,background,33.152803706590156,-7.422573881451592,24,5,321.7770080566406,1.5159225674923358,0.806881103515625,0
bg_02067,background,33.18819731999086,-8.324992203700992,17,3,154.143310546875,5.105264936993883,2.7436456298828125,0
bg_02068,background,27.391506048731166,-10.860522759414096,8,7,346.43963623046875,6.693567555603469,4.0195947265625,0
bg_02069,background,32.64491089086268,-7.120702660691684,8,3,577.8233032226562,5.0541186751613,2.71545654296875,0
bg_02070,background,27.55888004142401,-13.009856646890036,63,7,5.280988693237305,0.7604600689912668,0.3960914421081543,0
bg_02071,background,30.47658407090565,-4.505650596342398,82,8,807.5272216796875,1.4643848206170764,0.80572021484375,0
bg_02072,background,31.95045427381731,-6.093208355596609,71,9,1584.125732421875,21.824161053498546,13.2545166015625,0
bg_02073,background,27.085750130421587,-11.650959606211822,24,7,250.65235900878906,1.0155487992593193,0.4092144775390625,0
bg_02074,background,30.76908943611031,-8.951017155139995,56,9,2341.290771484375,22.85263890868904,13.4021484375,0
bg_02075,background,32.12239419216573,-5.84369346542683,71,9,2792.06591796875,8.871700530811866,6.149853515625,0
bg_02076,background,26.712150688990913,-13.40333979310293,45,7,85.91352081298828,1.1606577667636708,0.6652761840820313,0
bg_02077,background,32.724865440336416,-6.692853964474575,32,3,610.6387939453125,2.418921203741687,1.6576318359375,0
bg_02079,background,28.139762034531913,-10.05147910112294,24,7,332.5733947753906,0.6992706731101631,0.406005859375,0
bg_02080,background,26.07759221517538,-13.796931795792977,23,6,118.85580444335938,0.39790876575923445,0.1811395263671875,0
bg_02081,background,31.575242872158668,-6.339621898603276,71,7,2480.945556640625,26.077984028330317,15.141533203125,0
bg_02082,background,22.382117288776442,-13.920090556046892,8,7,256.86083984375,0.6357670523166475,0.35361083984375,0
bg_02084,background,22.211680323844707,-13.373444865078365,8,7,285.68408203125,0.5235828332871524,0.170360107421875,0
bg_02085,background,24.82152017975248,-12.756540057617777,8,7,247.45726013183594,0.505413344327321,0.3403460693359375,0
bg_02086,background,22.217399351719443,-15.400142954267725,29,7,218.8175048828125,4.567484124923236,2.512625732421875,0
bg_02087,background,31.861128251239773,-9.207317087706851,68,8,76.35195922851562,9.627389811381068,5.901989440917969,0
bg_02089,background,33.06523823131573,-3.24946697472014,13,7,1553.650634765625,1.055439645102372,0.50484375,0
bg_02090,background,32.24438819622853,-4.098440703838617,71,3,1327.4014892578125,2.1893021730645397,1.2171044921875,0
bg_02091,background,25.308295171186348,-12.082321053304824,15,7,419.2832946777344,1.382826191052705,0.904229736328125,0
bg_02093,background,28.60114593431003,-9.048552872303564,28,7,271.8648376464844,6.585929772157217,3.706263427734375,0
bg_02094,background,23.47109816091799,-12.355620068051056,8,7,300.4775390625,0.6971867162237491,0.356361083984375,0
bg_02096,background,30.533085123458708,-5.589446282110895,14,3,1156.272705078125,19.73465180172773,12.6926123046875,0
bg_02097,background,28.75331629633513,-10.421260178959981,10,7,358.6864013671875,14.426733765622398,8.36173828125,0
bg_02098,background,22.611259140439447,-15.122461185817599,29,7,245.030029296875,1.671783958482874,0.854185791015625,0
bg_02100,background,22.932192887449606,-13.900332024224543,8,7,304.4006042480469,0.47819606072785,0.20911865234375,0
bg_02103,background,27.031241904564396,-11.267100869335096,24,7,188.24530029296875,1.4645832015226996,0.8588555908203125,0
bg_02104,background,21.503377968245598,-13.708587654567964,45,6,203.35079956054688,4.440858763603446,2.518482666015625,0
bg_02105,background,28.20185955790392,-9.21308413987928,13,7,477.5486755371094,4.033236932462032,1.872451171875,0
bg_02106,background,25.082426424695743,-14.44343446298964,23,7,132.80612182617188,0.8885010477483349,0.421729736328125,0
bg_02107,background,24.696872421917636,-13.350262285754253,8,7,246.4261932373047,0.6775588442411584,0.3237115478515625,0
bg_02108,background,26.16702554446698,-11.91964212354912,11,7,440.7783508300781,3.812586367616834,2.179609375,0
bg_02109,background,24.741695102283444,-12.843219775893981,8,7,222.5364990234375,0.4838761368843417,0.265926513671875,0
bg_02110,background,23.682833826215937,-13.610844876414463,69,7,374.6683654785156,0.8862034893604271,0.590489501953125,0
bg_02111,background,32.968808297065586,-2.2384260067266872,18,3,1451.1912841796875,4.013002573022896,2.356298828125,0
bg_02112,background,31.05903499270925,-4.041238035130467,8,3,696.4718017578125,0.6946274387236289,0.2637451171875,0
bg_02113,background,29.636770984951678,-5.831604210749866,82,7,546.7769775390625,9.386015279986161,4.59724609375,0
bg_02114,background,21.183793246706955,-17.033254137262297,62,7,8.227944374084473,1.2550163149815283,1.0066987037658692,0
bg_02115,background,29.67847659076381,-6.039316448761264,82,7,500.982421875,2.5709605858500404,0.96608154296875,0
bg_02116,background,27.54209269571356,-12.60195066366808,8,6,112.33731079101562,0.5819112155145642,0.3072039794921875,0
bg_02117,background,30.67664469945714,-9.811927927685465,17,5,342.20379638671875,22.25010453368131,9.361871337890625,0
bg_02118,background,31.99194220909823,-8.335758940306107,14,5,480.55633544921875,0.5634711568445778,0.412933349609375,0
bg_02119,background,31.841855651093816,-6.367441757575788,71,9,2021.14599609375,13.36569253634159,8.6535107421875,0
bg_02120,background,33.39853753727081,-4.221270339996257,59,7,1853.7060546875,28.378140231100748,16.0309033203125,0
bg_02122,background,27.82198373274283,-8.754590674214647,27,6,479.234130859375,0.5386427781043386,0.158326416015625,0
bg_02123,background,27.18876701248247,-11.907848561382645,13,6,350.6298828125,0.9977153050233647,0.501033935546875,0
bg_02124,background,33.07428062413564,-8.612931832817312,13,3,57.63584899902344,0.9102892717679831,0.43005645751953125,0
bg_02125,background,24.1225849712743,-12.068755886734534,8,7,238.5079803466797,0.7495966214688541,0.5075445556640625,0
bg_02126,background,33.04050708466457,-4.986515929154226,71,9,2089.71484375,15.913653877734047,9.001396484375,0
bg_02127,background,28.028651088441254,-10.898147122015775,14,7,237.7152557373047,1.5435447522791859,0.90889892578125,0
bg_02128,background,28.360213336208215,-9.568825069136574,24,7,441.1736145019531,13.75162300241488,8.83034912109375,0
bg_02129,background,22.81939247836656,-13.275728103690566,8,7,321.581787109375,0.7832455059358879,0.466365966796875,0
bg_02131,background,23.62567379720603,-15.00712032163198,8,7,229.63694763183594,0.3652490874266527,0.1889019775390625,0
bg_02132,background,33.61292298249721,-4.320436164089841,18,9,1801.2659912109375,23.304473692936963,13.934638671875,0
bg_02133,background,28.883524355817883,-9.217190786251855,8,9,612.5230712890625,18.157977513220366,11.03087646484375,0
bg_02134,background,32.293799226117414,-1.772140615445148,14,3,1253.6143798828125,1.0003081878638662,0.4822119140625,0
bg_02135,background,32.25509391903099,-6.698567292076277,24,5,424.7939453125,0.4984902823517465,0.250789794921875,0
bg_02136,background,31.50089307692774,-4.5078596141068745,8,11,902.4423217773438,16.56791793168129,10.81777099609375,0
bg_02137,background,24.789130155597206,-12.765646680615486,8,7,237.33106994628906,0.3952129550908895,0.1787200927734375,0
bg_02138,background,27.855902334538325,-12.698338764729632,40,7,40.280967712402344,0.8169161907497119,0.530263671875,0
bg_02139,background,22.07223815640242,-14.378813675119005,8,7,239.91650390625,0.9296026855992207,0.625926513671875,0
bg_02140,background,34.9407051121804,-5.288268451896764,69,9,567.559814453125,26.02357437303721,16.30679443359375,0
bg_02141,background,32.25111314849659,-5.605679801124178,71,9,1862.7193603515625,24.923654210736572,14.75935546875,0
bg_02142,background,23.006021030388126,-14.443116936852539,39,7,281.0135803222656,0.4374932221798118,0.2075927734375,0
bg_02143,background,32.56753109030883,-4.408846337124003,71,9,2184.810546875,4.630127608148242,2.426591796875,0
bg_02144,background,25.445825427272965,-13.261218128982955,8,7,198.14808654785156,0.2614297413778629,0.09660400390625,0
bg_02145,background,25.50520065233299,-14.472212028899877,23,6,110.03691101074219,1.074733885312835,0.4747998046875,0
bg_02146,background,29.89310729575545,-5.661524953683371,63,7,571.3982543945312,0.6302133567226644,0.666181640625,0
bg_02147,background,32.859660269850856,-5.53121506899893,71,10,1245.5693359375,9.162453051871601,5.2629150390625,0
bg_02148,background,32.411373375004445,-5.480216016023927,71,9,1823.3720703125,11.60553485241784,6.6596240234375,0
bg_02149,background,27.10632210058404,-11.664230670704583,24,7,275.2286376953125,1.0450641496035467,0.50527099609375,0
bg_02150,background,32.89641739618514,-6.619450131215608,32,3,831.24755859375,0.798697336862647,0.54942626953125,0
bg_02151,background,33.94331194496604,-4.265111649178389,26,9,1306.0703125,6.969367462481821,3.46544921875,0
bg_02152,background,27.999330632650345,-12.265168782326457,13,7,0.5235164165496826,1.2118589282769205,0.3797875964641571,0
bg_02153,background,30.098897043937036,-7.501732362658476,56,9,968.5394287109375,17.84906035358965,9.3776806640625,0
bg_02154,background,33.424864051528225,-3.0623760981939565,18,3,1357.1156005859375,7.233885443267075,4.453251953125,0
bg_02155,background,23.223127367684256,-14.760968624362809,29,7,224.65037536621094,0.572262795864218,0.368931884765625,0
bg_02156,background,31.626665208141247,-6.5646892587439,8,9,1621.2130126953125,35.718649382738114,27.108466796875,0
bg_02158,background,29.70842960056846,-9.72836554996127,51,6,226.29234313964844,2.508076468730004,1.657889404296875,0
bg_02159,background,25.737766687697224,-13.027454188532822,8,7,233.27818298339844,0.45180108395551544,0.19935546875,0
bg_02160,background,33.1244380277648,-4.668971175876159,14,6,1601.8037109375,0.5878650553802516,0.271494140625,0
bg_02161,background,29.680106585637215,-5.538845186596549,82,7,545.51171875,0.6912255402202291,0.22239013671875,0
bg_02162,background,27.15499948025773,-11.132140896435665,8,7,251.92213439941406,2.427855348246292,1.5248858642578125,0
bg_02163,background,24.666053790348375,-13.336086387108939,8,7,248.2364959716797,0.9516416491725953,0.35443359375,0
bg_02164,background,30.362411031357432,-5.601387670839524,14,3,825.4625854492188,9.287350489546133,4.9201025390625,0
bg_02165,background,33.40511978394219,-1.7897332300257511,43,3,1151.612060546875,0.5009386944061178,0.1642333984375,0
bg_02166,background,27.11955151440501,-9.121384080798336,27,7,481.3104553222656,1.2543740226976396,0.823153076171875,0
bg_02167,background,21.65588781309013,-13.046869150942147,8,7,266.2256774902344,0.5955220585304069,0.234013671875,0
bg_02168,background,21.639695100722637,-15.949121272559994,29,7,108.35537719726562,0.8946214490950382,0.4159152221679687,0
bg_02169,background,23.161719482379613,-13.360842203176992,8,7,355.9520568847656,0.5954739530413531,0.39666015625,0
bg_02170,background,26.534392366465138,-9.145411888672175,24,7,450.9629821777344,0.4709465777539431,0.273111572265625,0
bg_02171,background,22.28788958897212,-16.337540582834592,40,7,40.16157531738281,3.1077124691390288,1.1397419738769532,0
bg_02172,background,27.722762102289604,-10.353571437810608,13,7,532.0029296875,0.812567238601853,0.45951904296875,0
bg_02173,background,25.140960426772786,-12.221989125143097,15,7,406.4427185058594,1.1105467833084777,0.60425048828125,0
bg_02174,background,32.09113817001789,-5.304391192740071,71,9,2279.453369140625,18.132454052937767,10.857939453125,0
bg_02175,background,25.803944103277534,-13.15020222170036,8,7,203.1901397705078,0.6339915931149035,0.2636492919921875,0
bg_02176,background,25.9777496916416,-12.071080751601663,8,7,340.69537353515625,0.5074325818954784,0.266837158203125,0
bg_02177,background,21.40499753674287,-14.811422510674042,8,7,161.9639129638672,0.9864020477504217,0.4996282958984375,0
bg_02179,background,22.040535225466318,-15.834359616292316,29,6,169.11880493164062,0.9462254818282793,0.5258245849609375,0
bg_02180,background,23.381991071659026,-15.842776049189894,23,6,79.48674774169922,0.5810698237601519,0.22467376708984374,0
bg_02182,background,32.07492052089478,-8.840175036810356,68,8,438.6876220703125,12.490927600821623,7.575299072265625,0
bg_02183,background,23.17936746888872,-12.951119372333151,8,7,294.5022888183594,0.6191543482748642,0.204263916015625,0
bg_02184,background,34.46746301173198,-3.4851742366986853,67,10,743.542724609375,8.715932987757247,4.98662109375,0
bg_02185,background,26.093369749182575,-10.655971249274339,8,7,518.9190673828125,0.5385432562656768,0.30538330078125,0
bg_02186,background,34.202546398344275,-4.685570694561109,64,10,270.25933837890625,14.071664781583607,7.2790478515625,0
bg_02187,background,21.512487432644086,-13.866619849686963,45,6,217.1796875,1.4955248262866816,0.675496826171875,0
bg_02190,background,23.943931931246002,-12.735228492353043,8,7,223.71002197265625,0.7638511428222301,0.3038555908203125,0
bg_02191,background,29.60405604763633,-6.0022041285360235,82,7,510.4693603515625,3.2350621456486106,1.827998046875,0
bg_02192,background,25.392587009774008,-14.683746170336272,37,6,128.34771728515625,0.9039480368133488,0.5353656005859375,0
bg_02193,background,23.208978850697186,-15.297382869920616,39,7,213.31387329101562,0.5729317851055225,0.36604736328125,0
bg_02194,background,29.372213586517795,-7.594540767877602,82,7,538.3184814453125,6.837305644433355,3.52427734375,0
bg_02195,background,24.851916587610095,-14.537839228186755,23,6,136.29193115234375,0.7685335975231262,0.3849749755859375,0
bg_02196,background,21.34220236249873,-16.9284799785618,62,7,21.35327911376953,4.901179689799421,3.279373207092285,0
bg_02197,background,22.083324952434836,-15.71446849667286,29,7,165.00270080566406,1.0061989431685756,0.5882373046875,0
bg_02198,background,30.913465372379136,-7.867329182321989,8,9,1660.428955078125,26.870887545589916,17.2132373046875,0
bg_02199,background,25.401935009538793,-13.877341140549488,23,6,183.06565856933594,0.7200168858015444,0.331402587890625,0
bg_02200,background,27.824797733786323,-9.018025587263361,27,6,488.0174255371094,0.32289205880683536,0.13834716796875,0
bg_02201,background,32.175658429183606,-4.927792927287857,71,9,2093.021484375,33.003314439474664,19.9518310546875,0
bg_02202,background,33.92589515224806,-3.0232998434206246,18,3,1550.5814208984375,2.718526632045185,1.6418359375,0
bg_02203,background,27.318198413433013,-12.25072743438994,27,6,233.96385192871094,0.35537161968042374,0.156456298828125,0
bg_02204,background,33.36887718615006,-6.2952612671980726,46,9,873.0929565429688,9.812094249395747,5.65061279296875,0
bg_02206,background,23.132004444488178,-13.02731061603016,8,7,306.1200256347656,0.6170071434677178,0.206715087890625,0
bg_02207,background,24.310452055683808,-12.28976820385077,8,7,217.47071838378906,1.6028777813795758,1.11534423828125,0
bg_02208,background,27.1464333086449,-12.452351379650418,27,6,220.4597625732422,0.8763702870129761,0.48216552734375,0
bg_02209,background,24.508752623653656,-11.980052912667574,82,7,240.57789611816406,0.30530692465580145,0.116495361328125,0
bg_02210,background,21.945021661431063,-16.389365707927574,8,6,58.977298736572266,1.0877615213901328,0.7390695190429688,0
bg_02212,background,31.886961690011468,-3.040190589300459,14,3,788.7264404296875,0.7440247829232246,0.30172119140625,0
bg_02213,background,34.14508201452124,-2.7733603578588197,18,3,884.94482421875,8.799133154387775,4.94792724609375,0
bg_02214,background,26.30863497780706,-9.230644749432988,8,7,456.130859375,0.5835698504771655,0.27829833984375,0
bg_02215,background,23.816157620127264,-12.748439995967523,8,7,230.25131225585938,0.7275446421315656,0.26300537109375,0
bg_02216,background,34.89048257074696,-2.2325405532871887,71,3,473.8519592285156,15.72086134583786,8.9724609375,0
bg_02217,background,28.82159751491608,-9.154113556703848,46,9,684.0946044921875,24.714276597093832,16.253857421875,0
bg_02218,background,23.463381053790723,-12.309265508935251,8,7,305.0852355957031,0.8808326493023948,0.29625244140625,0
bg_02219,background,34.214561442495615,-5.815862192021842,24,8,64.83048248291016,1.225115995573041,0.6068045043945313,0
bg_02220,background,31.205191985877683,-5.6032812379974875,66,9,1785.7723388671875,7.791616737137035,4.3082763671875,0
bg_02221,background,22.31693957842521,-14.480828671085245,8,7,269.4953308105469,0.7430343464274796,0.302174072265625,0
bg_02222,background,33.66763646100416,-6.311091598342954,56,9,212.26129150390625,1.4844885822146492,0.79669189453125,0
bg_02223,background,22.374398411921007,-13.454818069225555,8,7,272.26593017578125,0.598781059334028,0.261287841796875,0
bg_02224,background,22.621977492612114,-14.748258762638404,39,7,277.6399230957031,1.0289099965698558,0.4392529296875,0
bg_02225,background,32.207489688690885,-5.919448022743501,71,9,2138.1630859375,3.056743865194815,1.181953125,0
bg_02226,background,23.74723110045271,-13.742792174397405,69,7,359.55657958984375,2.5832992425144323,1.49237548828125,0
bg_02227,background,25.272337695797347,-12.838253890342067,8,7,255.8921356201172,2.316358706327244,1.5062725830078125,0
bg_02228,background,35.11087107649415,-5.0284560321092595,25,3,1357.4664306640625,22.558881617906987,14.591455078125,0
bg_02229,background,34.34717740719822,-4.092560766329076,64,9,607.0689697265625,21.52015200027415,12.5792041015625,0
bg_02230,background,31.20051116424509,-7.341313322977195,8,9,2117.300048828125,10.883995331724945,7.62423828125,0
bg_02231,background,27.551867446106943,-11.694284915211728,27,6,298.45098876953125,0.7802114711852518,0.4063916015625,0
bg_02232,background,23.175447739880262,-13.464787586391497,8,7,336.5805969238281,0.6122641514770127,0.40226806640625,0
bg_02234,background,24.029755345029383,-14.863124756801291,45,7,201.4855499267578,0.5185350045243813,0.2990875244140625,0
bg_02235,background,34.33437127299664,-3.179344927678109,14,5,362.0121154785156,1.170673211695866,0.585499267578125,0
bg_02236,background,26.09095174546576,-13.150306594117568,23,7,167.50936889648438,1.0263079124858867,0.55226806640625,0
bg_02237,background,34.67132424911696,-6.231298555437797,24,2,5.57512092590332,0.5246672839056842,0.17051816940307618,0
bg_02238,background,27.507657841534503,-12.467829418600695,27,7,166.55194091796875,0.7439258811610129,0.35869873046875,0
bg_02239,background,22.77722157581897,-15.515203581256536,29,7,208.29556274414062,0.7954990533038779,0.37392822265625,0
bg_02240,background,24.02283357721972,-13.444108546941695,69,7,293.2829284667969,1.5101706223528557,0.77931640625,0
bg_02241,background,27.09927789930864,-11.984859893199715,13,7,360.1677551269531,0.7676132999709262,0.32622314453125,0
bg_02242,background,23.588338963815385,-14.027371595458389,69,7,340.3586730957031,0.8090946867309481,0.497088623046875,0
bg_02244,background,24.296554502776196,-11.988531325444557,82,7,208.0487823486328,1.2642259208178575,0.6324566650390625,0
bg_02245,background,22.418859660784978,-14.127439379124635,8,7,255.6544952392578,0.4126051634263185,0.1911895751953125,0
bg_02246,background,29.60488092476336,-5.807059578403416,82,7,638.387939453125,11.914434001732204,5.95297607421875,0
bg_02247,background,29.594136892165796,-5.831402393483526,82,7,605.2053833007812,5.522008187629736,3.20931884765625,0
bg_02248,background,31.659889117319484,-4.3690102906230734,13,11,973.5404052734375,4.514192039460701,2.36076171875,0
bg_02249,background,23.9405370257214,-15.407776150553778,37,6,64.29877471923828,0.3581979611526103,0.15566452026367186,0
bg_02251,background,31.899787007669676,-3.8407165796656706,44,11,1073.182861328125,0.9003364198607957,0.4867333984375,0
bg_02252,background,32.16397865999473,-7.789133171187827,8,5,439.1155700683594,0.7705389844168458,0.330413818359375,0
bg_02253,background,23.32327467133287,-13.465744274014982,8,7,353.77972412109375,0.6208512765215921,0.376881103515625,0
bg_02254,background,34.95138273092733,-5.301209963198114,32,9,582.1856079101562,24.03450761897754,12.445625,0
bg_02255,background,26.587400055284636,-13.20324964473492,27,7,188.840087890625,0.8303964992172572,0.3346783447265625,0
bg_02256,background,35.2178890453495,-5.612799545587724,32,3,351.5330505371094,12.357448641001008,6.5871484375,0
bg_02257,background,24.758486225655023,-14.377758578512823,23,6,155.04302978515625,2.0597896976393546,1.2111981201171875,0
bg_02258,background,30.901780440524387,-7.916513215952325,8,9,1733.3134765625,22.9458297251722,14.05037109375,0
bg_02259,background,32.737462389463666,-4.305890675467026,59,3,1239.7716064453125,8.344122396208231,5.21552734375,0
bg_02260,background,30.28435676340789,-6.326233256436461,49,3,1255.0677490234375,8.661861168752546,4.8605224609375,0
bg_02261,background,33.35829446210964,-6.282432952281939,46,9,979.8208618164062,15.09180355317102,10.2604345703125,0
bg_02262,background,32.476316505990255,-6.953695706540608,24,5,416.0702209472656,0.8200942568906846,0.554227294921875,0
bg_02264,background,25.42766395640818,-14.511592970637585,23,6,107.73099517822266,1.084612782205659,0.618701171875,0
bg_02265,background,30.856642338116288,-6.72787044006214,38,3,1298.2974853515625,10.264814528366031,5.9421435546875,0
bg_02266,background,32.58851212031106,-1.2931857709590604,35,3,1298.8157958984375,1.4129603605464707,0.9672509765625,0
bg_02267,background,31.989406862670663,-6.581964773386731,71,3,1315.939697265625,4.170217292379042,2.0918798828125,0
bg_02268,background,28.86525912760462,-9.446467901707004,8,9,614.814453125,1.801967736475322,1.01756103515625,0
bg_02269,background,24.106979172246753,-13.301244045260992,24,7,284.1314392089844,0.8504979463746677,0.287752685546875,0
bg_02270,background,26.11099456325966,-11.5862688207666,24,7,303.98016357421875,0.7772830569963955,0.34269775390625,0
bg_02271,background,31.502527919237245,-4.769420385375141,8,11,960.111572265625,6.011216667388216,3.16880615234375,0
bg_02272,background,27.69048850195153,-13.11648283221617,40,7,13.191883087158203,0.5810668834079284,0.17695594787597657,0
bg_02273,background,21.40184291632991,-15.563728272815794,8,7,147.39340209960938,1.2574760423816607,1.0203533935546876,0
bg_02274,background,32.79320817809403,-3.597394874844963,14,3,1430.3458251953125,5.077572045639532,2.5502783203125,0
bg_02275,background,29.55319084473104,-8.123203821315526,11,7,626.2976684570312,0.9180728082438387,0.511240234375,0
bg_02276,background,32.427881616084306,-7.355653353121193,8,5,296.7434387207031,1.5235506423076721,0.83358642578125,0
bg_02277,background,30.148111573063385,-5.932198317327348,8,3,1038.9442138671875,20.204849781764977,11.77471435546875,0
bg_02278,background,27.94144662242636,-11.972804460374,27,6,173.6658477783203,2.5078505537209037,1.4799420166015624,0
bg_02279,background,27.22226891480529,-9.232525897914375,27,7,485.7861633300781,0.4767940675288709,0.254810791015625,0
bg_02280,background,34.07617265719684,-3.7375108374295394,14,10,532.6464233398438,0.9672692905843125,0.4807275390625,0
bg_02281,background,32.55840278262821,-3.602184372566643,71,9,2035.11669921875,23.643395549018198,15.7085107421875,0
bg_02282,background,31.895415190131256,-6.34300136357736,71,9,1502.7098388671875,29.056375255505266,18.38822265625,0
bg_02283,background,33.9322861779829,-4.226842411383614,71,9,1610.1180419921875,10.818172758912786,5.327373046875,0
bg_02284,background,32.546578125504,-4.4594948524927815,71,9,1736.215576171875,2.9108527872802217,1.492216796875,0
bg_02285,background,23.012217090809,-13.234469516845337,8,7,335.2862243652344,0.6000720857279727,0.29907470703125,0
bg_02286,background,27.205026444630782,-12.18286213519398,27,6,273.9818115234375,0.4569260416469276,0.27536376953125,0
bg_02287,background,32.347349874233146,-5.429859953222457,71,9,2558.14501953125,25.89281749222562,16.73578125,0
bg_02288,background,21.406921269430764,-15.508072396664229,8,7,138.83352661132812,1.0255250515746859,0.3599346923828125,0
bg_02289,background,22.69700439411569,-15.814287428967537,39,7,160.7666473388672,0.6261474478178571,0.3983709716796875,0
bg_02290,background,22.92003255794502,-14.195627871128462,8,7,294.0005187988281,0.5248081446233048,0.21097900390625,0
bg_02291,background,32.96626305552054,-8.659661833736301,13,3,68.064697265625,11.045603878059884,8.528143157958985,0
bg_02292,background,22.28499227932345,-15.815353775556225,39,7,176.34274291992188,0.5805414010014112,0.3025543212890625,0
bg_02293,background,22.89364769214801,-15.630121554730328,8,7,185.74203491210938,0.9433152460981791,0.490848388671875,0
bg_02294,background,33.31733064543091,-5.989597457049298,56,9,775.4395141601562,20.578282250106408,10.4748388671875,0
bg_02295,background,24.673124619481197,-12.919049579553272,8,7,206.66368103027344,0.48426086021560827,0.3252935791015625,0
bg_02296,background,26.724080926654295,-12.90643498239351,8,6,163.3032684326172,1.014000763129448,0.468927001953125,0
bg_02297,background,30.810533090471576,-5.515869814281821,14,3,955.4423217773438,21.217273209095204,12.5306982421875,0
bg_02298,background,21.683559710009433,-15.705894362846095,29,7,154.74411010742188,1.846553100687599,1.02071533203125,0
bg_02299,background,21.91269501778523,-14.78164800617753,8,7,219.8459014892578,0.7146073403019546,0.39595458984375,0
bg_02301,background,22.96486034712101,-14.815768674026561,39,7,260.2501525878906,1.4829944782333713,0.918624267578125,0
bg_02302,background,23.528388870015405,-14.389099269401262,39,7,240.000244140625,0.4344955052477994,0.23924560546875,0
bg_02303,background,22.270858684796547,-15.031644813975076,29,7,230.87229919433594,1.2401038780431435,0.7537982177734375,0
bg_02304,background,30.077293837913953,-8.887145593006574,56,9,1100.929443359375,22.641077091860964,13.9555029296875,0
bg_02305,background,28.144683124375074,-11.145488209852557,10,7,209.24317932128906,2.319778377113181,1.6195703125,0
bg_02306,background,34.65735495461011,-4.165331044735433,69,9,775.902099609375,23.240644758292735,12.98904296875,0
bg_02307,background,23.240310862001547,-14.934305065533351,29,7,201.90066528320312,0.6041293029145859,0.2831256103515625,0
bg_02308,background,32.366803558408726,-2.5115712608096263,41,3,1084.379150390625,10.265427428120974,5.7930126953125,0
bg_02309,background,33.79879330750966,-5.647685204212015,8,3,603.029296875,3.48632941261909,1.76303466796875,0
bg_02310,background,23.431078466859454,-14.804177378988138,29,7,270.41729736328125,0.6284843654386241,0.28271728515625,0
bg_02311,background,25.888499789644328,-13.157157987384329,23,7,191.37335205078125,0.7634007939786428,0.3847869873046875,0
bg_02312,background,24.218862070085365,-14.361716651538424,24,7,229.0989227294922,0.24328112284396125,0.168123779296875,0
bg_02313,background,33.316261424546305,-7.833274963645138,17,5,208.23782348632812,2.2387656774757696,0.7933575439453125,0
bg_02314,background,28.750654578351647,-9.368868548289221,8,7,935.7240600585938,3.953664651033008,2.36799560546875,0
bg_02315,background,28.861493386313903,-9.555268903100021,8,7,935.4320068359375,35.77661344902243,23.72625,0
bg_02317,background,28.199547033867248,-10.655743412537577,8,7,185.00868225097656,0.7609190637753426,0.2921759033203125,0
bg_02318,background,34.916824273168075,-4.588981215821415,69,9,1581.622802734375,13.353827503636259,6.969853515625,0
bg_02319,background,24.298836132738487,-15.190729700032549,40,7,49.75148391723633,0.45899497759611046,0.2553379821777344,0
bg_02320,background,29.925091500754277,-5.661617021181515,14,7,582.4754638671875,1.4095746355401213,0.84492919921875,0
bg_02321,background,31.23130346001107,-7.41650178593734,71,9,1936.092041015625,25.100410063710118,16.16966796875,0
bg_02323,background,26.202857705439737,-10.085331338005725,8,7,462.4405822753906,0.4893246320867799,0.272899169921875,0
bg_02324,background,22.480737138744804,-14.541615002947612,39,7,238.33555603027344,0.7325442435200783,0.4028814697265625,0
bg_02325,background,28.024043930511276,-12.206930885455108,45,7,16.418033599853516,0.9618242126256242,0.3499876022338867,0
bg_02326,background,31.635783420101543,-4.082361361265146,13,11,1006.5491333007812,1.6205578892771477,0.780498046875,0
bg_02328,background,22.986549788394015,-16.108415084800733,37,6,65.19682312011719,2.9486256798786,1.5811442565917968,0
bg_02329,background,25.52395247381482,-12.553815932419855,8,7,313.8038024902344,1.2829917573114544,0.764139404296875,0
bg_02330,background,22.059070720503584,-14.411498842883699,8,7,241.90914916992188,0.5802734499001312,0.2757867431640625,0
bg_02331,background,27.181807853971268,-12.395490603807279,27,6,223.50755310058594,0.5067390446546794,0.224251708984375,0
bg_02332,background,22.562740363722757,-13.901941729785394,8,7,284.1255798339844,0.6598189433672548,0.282164306640625,0
bg_02333,background,22.056132691574764,-14.953798474783795,39,7,214.10479736328125,0.4592327640231239,0.218077392578125,0
bg_02334,background,27.372666662591012,-12.923003977224663,27,6,87.09713745117188,1.2245593707192852,0.651263427734375,0
bg_02335,background,34.85202331248012,-4.473124262169952,69,7,1655.6258544921875,27.748198716836452,17.7681640625,0
bg_02336,background,23.621931188324886,-14.926309102520694,8,7,248.57492065429688,0.8977833371535668,0.3087835693359375,0
bg_02338,background,26.31583967663694,-9.914222688055382,8,7,481.82061767578125,1.0295820946687606,0.598140869140625,0
bg_02339,background,23.69582790748968,-13.577496962121149,69,7,356.94873046875,1.1850935116474757,0.700372314453125,0
bg_02340,background,35.156472175384216,-3.950341818434941,69,3,334.82000732421875,16.8220682303724,10.34493408203125,0
bg_02341,background,27.893894157108207,-10.075089691574272,24,7,448.55731201171875,1.3207315049582664,0.594195556640625,0
bg_02342,background,32.656497227728245,-5.720191749377003,71,9,1642.728759765625,18.5738554084021,12.17900390625,0
bg_02343,background,33.03540704816987,-7.419872305449324,13,5,506.8865051269531,2.675943723814691,1.46265380859375,0
bg_02344,background,31.656610996370457,-6.764730331189705,71,9,2291.109375,27.294198851209618,22.057861328125,0
bg_02345,background,31.646251520981163,-9.572696384729491,17,5,146.5317840576172,6.41564305275848,2.818160400390625,0
bg_02346,background,24.420577867303233,-12.563707583348236,8,7,232.8799285888672,1.137728762012965,0.4835455322265625,0
bg_02347,background,27.015070096945053,-9.686895318564666,27,7,533.16162109375,0.7745266308205564,0.43239013671875,0
bg_02348,background,32.54363648895003,-7.459052930067388,32,8,393.528076171875,1.0240779360443404,0.53916748046875,0
bg_02349,background,21.777836141161778,-14.757363273585208,8,7,210.03265380859375,0.48401658767819417,0.275931396484375,0
bg_02350,background,35.034312261710014,-3.576289534097101,13,9,708.462890625,23.107168946257403,14.8672412109375,0
bg_02352,background,31.84242300793217,-3.5541078304025575,8,3,1003.6517944335938,0.8972005708465084,0.48407958984375,0
bg_02353,background,29.918230000438363,-8.011715363682763,33,9,1136.43359375,18.760507180103687,10.383818359375,0
bg_02356,background,28.775532120692173,-9.26108532269228,8,7,525.2379150390625,2.0366468147851924,1.07430908203125,0
bg_02358,background,21.592830962349197,-15.887725729886588,39,7,117.3293228149414,0.7927017404850109,0.6336846923828126,0
bg_02359,background,24.515246545613557,-14.633088508416192,23,6,145.37188720703125,0.9247722281916244,0.494320068359375,0
bg_02360,background,26.49782289305904,-10.867595995674721,60,7,300.4964294433594,0.9171976177510663,0.514569091796875,0
bg_02361,background,26.574485169892558,-13.54548559895815,23,6,95.27483367919922,0.6342733418745576,0.375703125,0
bg_02362,background,27.8229391492863,-9.077803472896983,27,6,492.6892395019531,0.5982989497314798,0.28314208984375,0
bg_02363,background,29.177774138451586,-9.010806107101185,56,9,806.6033935546875,6.9075270513206775,4.1762255859375,0
bg_02364,background,23.5704129644101,-12.110669401018843,8,7,309.1960754394531,0.6537273445284416,0.291309814453125,0
bg_02365,background,24.271124973175603,-13.673038118428664,23,7,322.3526611328125,0.5265611460979662,0.30221923828125,0
bg_02366,background,30.336597234677253,-8.774119433392487,49,9,604.720703125,17.841418485487647,10.152158203125,0
bg_02367,background,32.8018731615041,-2.3961542223790353,13,3,1468.697265625,6.918082942276311,3.7167919921875,0
bg_02368,background,27.568505925871502,-9.67661300927978,27,7,513.4132690429688,1.1407627163881677,0.58351318359375,0
bg_02370,background,24.707758810652415,-14.744741363913146,23,6,121.09367370605469,0.686559847685368,0.5123257446289062,0
bg_02371,background,30.199045684694106,-6.325361462931274,10,3,1070.5811767578125,20.549888582675216,13.9559521484375,0
bg_02372,background,28.97814383037217,-9.257493893445913,8,9,830.3359375,3.57751328442452,2.2695068359375,0
bg_02373,background,34.807553354456026,-4.253718621186075,69,9,1042.1942138671875,22.57615251924265,12.617431640625,0
bg_02375,background,21.769339768934785,-14.857989423171393,8,7,204.66360473632812,0.31405766104341626,0.1199737548828125,0
bg_02376,background,30.02401003411737,-8.885098733906952,56,9,1212.5538330078125,13.438956184594502,9.690927734375,0
bg_02377,background,27.465728919314376,-12.094413159235327,27,6,267.0599060058594,1.6198356930663806,1.0116064453125,0
bg_02378,background,21.924368359300267,-15.257023595858714,29,7,228.32684326171875,7.36009278954194,6.928533325195312,0
bg_02379,background,32.727777776670294,-1.6405549283613226,32,3,1257.0367431640625,2.137825291216056,0.773720703125,0
bg_02380,background,23.224562706859675,-13.217473768450356,8,7,333.9028625488281,0.4586424231566922,0.235150146484375,0
bg_02381,background,25.78321466632621,-12.819890574262342,8,7,269.8736877441406,0.6432213383522889,0.3214013671875,0
bg_02382,background,23.402969706432774,-13.678563990865234,8,7,353.8233947753906,0.9333017686223917,0.5018994140625,0
bg_02383,background,27.489728932817826,-9.18390836822628,27,6,474.0435791015625,0.661852315511165,0.45711181640625,0
bg_02384,background,32.32373817738145,-6.146414735946786,71,9,1546.7745361328125,23.693050354379093,13.724638671875,0
bg_02385,background,23.854496705106484,-15.421824829344674,23,6,91.39092254638672,4.1274356507446415,2.59210693359375,0
bg_02386,background,33.017473590837994,-8.31931092563469,37,3,123.87814331054688,1.1632203901486313,0.6674017333984374,0
bg_02387,background,30.969334747538472,-9.689978295013026,45,10,318.28973388671875,9.223027256748727,5.644921875,0
bg_02388,background,25.116210200272892,-13.863460629501999,23,6,211.67323303222656,5.227891484316605,3.21114990234375,0
bg_02389,background,35.227467422597186,-4.832990617073563,8,9,473.9042053222656,29.95639839492328,16.023553466796876,0
bg_02390,background,31.40829325996303,-7.669395009522183,71,9,1141.1094970703125,10.388585999682928,5.825634765625,0
bg_02391,background,32.681981572665485,-8.043050617166656,69,8,348.0299377441406,4.721965265637811,2.871212158203125,0
bg_02392,background,26.232398194897925,-9.592397677579289,8,7,446.14794921875,0.6059795923765191,0.339154052734375,0
bg_02394,background,34.15120083786102,-5.3277935397209975,64,8,245.0746307373047,10.294115131593687,5.328359985351563,0
bg_02395,background,30.950715395751093,-8.945804699836486,56,9,1734.4093017578125,21.903397770045313,12.4495654296875,0
bg_02396,background,26.155109208588254,-12.30741143510439,8,6,311.18017578125,1.0185115183042641,0.58607177734375,0
bg_02397,background,33.94723435316946,-3.0227166058742676,18,3,1560.8223876953125,1.1433614362232212,0.4603076171875,0
bg_02398,background,32.641417207483485,-7.940873752734668,10,11,389.04852294921875,15.68683963484162,8.71758056640625,0
bg_02399,background,27.386668238123153,-11.18218874766836,8,7,324.19879150390625,5.4571823620542785,2.854755859375,0
bg_02400,background,27.556138424655046,-9.425348010688019,27,7,496.67584228515625,0.8009083666299581,0.387415771484375,0
bg_02401,background,33.51017642961018,-5.812511268960133,56,9,830.6818237304688,27.378433952841622,15.914267578125,0
bg_02402,background,29.4950168719658,-7.2685152281532535,82,7,392.892578125,1.0499768801091545,0.375921630859375,0
bg_02403,background,30.75573502879934,-8.246063446677514,49,9,958.9471435546875,13.318166345480405,7.82758544921875,0
bg_02404,background,32.13348970070468,-5.705761458365344,71,9,2224.583251953125,10.438019233832687,6.03201171875,0
bg_02405,background,26.024028395794833,-11.216172204152254,8,3,481.6991882324219,9.4799470221235,5.55072998046875,0
bg_02406,background,25.031047959936473,-12.79606639928683,15,7,300.3522644042969,0.957870321436717,0.357305908203125,0
bg_02407,background,32.42809913429518,-1.2880369180922546,35,3,1059.3690185546875,7.457512517287505,4.6489208984375,0
bg_02408,background,25.176336621593194,-13.47215689261918,23,7,201.66184997558594,0.583466844856897,0.232860107421875,0
bg_02410,background,26.082731953838834,-13.114305732492385,23,7,169.33758544921875,0.6515544315020962,0.3724151611328125,0
bg_02411,background,32.61470897014913,-3.815480080463926,71,7,1938.178955078125,20.187336242976578,13.0639306640625,0
bg_02412,background,32.20087369477317,-4.023750286978172,71,3,1458.69970703125,27.596524138232663,15.924169921875,0
bg_02413,background,25.02051113351862,-14.554086117389586,23,6,130.15577697753906,0.894194102076396,0.379144287109375,0
bg_02414,background,22.64822457381076,-15.183069830085875,29,7,247.388671875,0.9400621840317797,0.670982666015625,0
bg_02415,background,25.172937798145064,-13.215267521017113,8,7,199.1760711669922,0.6985867994274899,0.2267022705078125,0
bg_02416,background,34.88639351042937,-5.909730300557428,64,8,185.12332153320312,16.185877556727327,8.53242919921875,0
bg_02417,background,26.832734577637513,-11.195375327995352,15,7,207.2974090576172,0.8454616674252886,0.4080572509765625,0
bg_02419,background,33.60138724425654,-3.389354020732483,18,3,1031.9039306640625,8.462083367063977,5.3602294921875,0
bg_02421,background,32.46354622133607,-4.850709432243604,71,7,2616.606689453125,24.29063539078478,16.36974609375,0
bg_02422,background,23.05978497155364,-13.888762867242338,8,7,287.1278991699219,1.3450709342188798,0.70375244140625,0
bg_02423,background,32.79274819929985,-6.2514939797577975,13,3,751.9334106445312,13.01428593028578,7.90915283203125,0
bg_02424,background,26.102543599468643,-14.176267199935358,37,6,95.82420349121094,0.4934425098801509,0.26395416259765625,0
bg_02425,background,23.234947576738993,-13.664113281382715,8,7,326.3228759765625,0.5281535096407435,0.285386962890625,0
bg_02426,background,33.729635738213226,-4.2423437649408795,71,9,1206.3974609375,34.90339549924093,23.5885986328125,0
bg_02427,background,33.45025991455336,-6.741776461729885,26,9,509.7584228515625,6.2901290970633195,3.61458740234375,0
bg_02428,background,22.286790231796626,-16.348764297855006,40,7,46.32306671142578,1.3513832057751043,0.5116998291015625,0
bg_02432,background,23.68842975991679,-15.139911769629588,23,7,206.97691345214844,0.5508368630721543,0.173072509765625,0
bg_02434,background,21.636926103939036,-13.169033462908576,45,7,241.89358520507812,0.6989324461084881,0.2912701416015625,0
bg_02435,background,25.538293650174026,-13.901293034895584,23,6,186.9495849609375,0.45406782927399714,0.1727716064453125,0
bg_02436,background,30.02717023254132,-7.904535085799263,56,9,1249.896240234375,2.752970980405604,1.7078857421875,0
bg_02438,background,22.279999366329868,-13.59412281849703,8,7,256.2401123046875,0.5449024297832521,0.32202880859375,0
bg_02439,background,34.16367358878222,-3.183715437226412,59,10,534.5040283203125,3.689205667586957,2.54040771484375,0
bg_02440,background,32.88632161054633,-4.240779885408096,57,3,1000.008544921875,0.6526864778552006,0.264208984375,0
bg_02441,background,33.27526448373156,-5.8368212477514865,56,3,1221.899169921875,8.578478137095745,4.3134423828125,0
bg_02442,background,22.613253518510117,-15.691460221511283,8,7,208.84738159179688,0.8270403003979488,0.5464996337890625,0
bg_02443,background,33.63781110149779,-4.868842038221031,71,3,1421.9744873046875,2.2200363464028485,1.15072265625,0
bg_02444,background,26.480359248846,-11.634263427316531,8,7,258.5353698730469,0.7576328364790433,0.514940185546875,0
bg_02445,background,24.323043533531393,-12.926156035780506,8,7,225.2145233154297,0.6964642498399292,0.293193359375,0
bg_02446,background,21.94967149199169,-13.927321051101428,8,7,247.7007293701172,0.8202750005525127,0.447265625,0
bg_02448,background,26.087237098410824,-9.785732564609123,8,7,445.0459899902344,0.44175335708500507,0.180947265625,0
bg_02449,background,23.31486575646135,-13.133309538489586,8,7,327.46453857421875,0.7692827832144465,0.48242431640625,0
bg_02450,background,33.30792239249452,-8.227252036559722,17,3,49.62588882446289,3.4381012549826937,2.013072052001953,0
bg_02451,background,24.88894057856125,-12.529296224185453,63,7,270.66925048828125,0.4601618777213912,0.1802197265625,0
bg_02452,background,25.50292240736838,-13.80444083199651,23,6,177.1212158203125,0.7189564891160832,0.3516802978515625,0
bg_02453,background,32.648150881742595,-8.572173313713225,24,3,168.76702880859375,0.7634854844867989,0.4113446044921875,0
bg_02454,background,22.94377632718619,-14.688218903169176,39,7,294.4635314941406,0.5800256345265434,0.3051708984375,0
bg_02455,background,22.466033841316392,-13.643902023521445,8,7,260.3869323730469,0.9875563767269634,0.736883544921875,0
bg_02456,background,21.590326518366595,-15.223204826745047,8,7,174.70404052734375,0.5953299234771391,0.1943316650390625,0
bg_02457,background,27.53282205480026,-10.797176366684914,24,7,396.1815490722656,0.9281290066715031,0.50809814453125,0
bg_02458,background,27.46246489025758,-12.333016433100124,27,7,189.43161010742188,0.4169163731940592,0.1745941162109375,0
bg_02459,background,33.3259021252044,-6.332968456864424,46,9,796.0792846679688,9.252725392130898,5.1309619140625,0
bg_02460,background,24.489366832179407,-13.437183162938666,8,7,304.45562744140625,1.2126003849802098,0.7221044921875,0
bg_02461,background,31.532459119551778,-6.3516325190547755,71,7,3631.78369140625,4.568622375672684,2.44556640625,0
bg_02462,background,31.962323698659365,-4.966485722132974,71,9,1293.30712890625,5.089338096843256,2.5871826171875,0
bg_02463,background,21.477042883180747,-14.953247408112185,8,7,160.381591796875,0.6984384955174763,0.448836669921875,0
bg_02464,background,31.440318040225137,-8.616515079181564,24,5,504.2470397949219,0.35340793259580433,0.1855615234375,0
bg_02465,background,26.038019165365196,-9.066971722413737,8,7,409.44482421875,0.7225251674227038,0.21417724609375,0
bg_02466,background,32.47200733817255,-2.0294152609822134,14,3,1090.746826171875,0.6123880210015162,0.3136962890625,0
bg_02467,background,22.055113466589315,-13.925289759767544,8,7,217.16195678710938,1.1722846026082425,0.484471435546875,0
bg_02468,background,23.11405731342722,-15.173290295421115,29,7,191.70452880859375,0.8110063708864258,0.4386175537109375,0
bg_02469,background,29.221100296473765,-8.988210084323224,56,9,752.5716552734375,4.827572757556619,2.62600341796875,0
bg_02470,background,26.70371995077821,-8.821025330281252,63,7,417.18255615234375,0.5877859862848832,0.21949951171875,0
bg_02471,background,27.692610966757996,-12.038966584298153,32,6,247.8450469970703,0.6700098113332793,0.383624267578125,0
bg_02472,background,21.688622747906493,-13.476880191548956,45,6,251.91990661621094,2.776543262531144,1.449228515625,0
bg_02474,background,25.796574710503425,-12.609702747254012,8,7,288.419189453125,0.33128926885164633,0.1652734375,0
bg_02475,background,32.00890067544246,-4.039249183601587,32,11,1123.109375,1.1994600908699897,0.7131689453125,0
bg_02476,background,34.81049399014367,-6.155035118585267,14,2,40.679019927978516,1.079767994180266,0.5870428466796875,0
bg_02477,background,26.577949820085585,-11.79449241955227,24,7,266.75775146484375,1.1725009101151183,0.57481201171875,0
bg_02478,background,32.922760984655845,-4.8984711828317185,13,6,1479.98193359375,7.639982029322767,4.6135693359375,0
bg_02479,background,30.21316196369655,-5.564219995754698,14,3,657.5322875976562,1.0051460618666614,0.3167138671875,0
bg_02480,background,31.29013346562847,-5.019441557909822,56,3,1412.9593505859375,13.196767914039247,6.6367236328125,0
bg_02481,background,23.364176287310002,-15.806431027791808,23,6,74.68743133544922,1.8065086494725686,1.1420669555664062,0
bg_02482,background,27.821755941661674,-12.383890577377391,45,7,26.935327529907227,0.5962105592968854,0.32386619567871094,0
bg_02483,background,31.63155116728851,-8.224079241393579,24,5,391.9674072265625,0.4710891452220443,0.23052490234375,0
bg_02484,background,27.81881099546933,-12.94726029960408,45,7,16.130632400512695,1.2702048428626775,0.41339725494384766,0
bg_02485,background,26.415431355521324,-10.579618194875046,46,7,370.67205810546875,1.0238529907568312,0.503348388671875,0
bg_02486,background,32.41853711533121,-2.925312522840051,14,3,1183.1605224609375,17.599803712002434,10.90783203125,0
bg_02487,background,32.20169512333831,-4.099066946941918,71,3,1363.560791015625,5.9936787187738965,4.4999755859375,0
bg_02488,background,29.42928362137279,-8.399600679344605,56,3,756.8961181640625,18.418608205456234,10.46473876953125,0
bg_02489,background,26.29842253730112,-9.218451596042788,8,7,454.0238037109375,0.7203025563171709,0.630831298828125,0
bg_02490,background,34.149421595639296,-6.072266145822088,14,3,127.03985595703125,1.4120494967982373,0.8639242553710937,0
bg_02491,background,34.72882433548504,-3.15625278909826,9,5,651.6105346679688,4.726109511830769,2.748759765625,0
bg_02492,background,29.990175390425463,-9.606953035829992,24,6,45.86380386352539,0.8413609451901326,0.3124957275390625,0
bg_02493,background,34.423494842200896,-2.3398265589166645,18,3,901.1868286132812,5.611266752175047,3.25560546875,0
bg_02494,background,27.320164357112994,-9.165116402405436,27,7,467.5810852050781,0.7618576386080764,0.24969970703125,0
bg_02495,background,28.79788710058188,-10.859476841924439,40,6,78.17034912109375,1.2792329581596984,0.5725115966796875,0
bg_02496,background,29.689562397224286,-5.9539363855400795,82,7,508.5311279296875,1.2768748853959992,0.785133056640625,0
bg_02497,background,31.10895193980074,-5.702272608975699,38,9,1989.2811279296875,29.400051489530732,16.781884765625,0
bg_02498,background,31.961711817764787,-8.259612026938012,14,5,526.2762451171875,1.0181444606499563,0.500693359375,0
bg_02499,background,21.53027546765318,-15.8809844669939,39,7,141.93032836914062,2.158899247223791,1.21352783203125,0
bg_02500,background,29.93904056783994,-9.543327959610297,14,6,93.3416748046875,1.1986280069515247,0.6554379272460937,0
bg_02501,background,34.03666347886856,-6.80211266520947,17,3,45.06232452392578,10.116602696948101,5.460948486328125,0
bg_02502,background,29.695008149939177,-8.432780376862668,49,3,1158.0830078125,21.778899029360865,14.2910009765625,0
bg_02503,background,24.515417925264835,-13.81012617833553,23,7,306.1047668457031,0.7445113837405937,0.411036376953125,0
bg_02504,background,33.713001336006634,-4.996099298169462,71,3,1458.5439453125,11.090694299151568,5.68416015625,0
bg_02505,background,34.80865928543286,-2.37788807615949,9,9,770.602783203125,13.766875274756446,8.0287939453125,0
bg_02507,background,31.941228582119354,-5.755169526170054,71,9,3034.77197265625,9.169167980718042,5.595419921875,0
bg_02508,background,29.83353064946727,-8.43739935555002,49,7,1667.131591796875,28.060379542951548,18.3980517578125,0
bg_02509,background,28.00211828581523,-12.217328795881127,45,7,25.311710357666016,0.8008731710667373,0.2658261871337891,0
bg_02510,background,30.389068986955788,-7.373122002953834,33,7,1553.6761474609375,1.7850150839355277,0.9378125,0
bg_02511,background,34.45239393655738,-3.2149632085170134,14,5,324.4707336425781,0.4490113575075617,0.15624267578125,0
bg_02512,background,34.768134267511314,-2.469842169180544,9,9,972.384033203125,27.261566651394492,16.37087158203125,0
bg_02513,background,24.385268516940126,-13.706081736001227,23,7,306.5801696777344,0.5606574862518986,0.275474853515625,0
bg_02514,background,30.239973866293337,-8.795097633535873,49,9,941.4097900390625,9.99982044008946,5.90740234375,0
bg_02515,background,26.73897323304908,-8.704006578937662,8,7,416.9962463378906,0.7087461746895806,0.27408935546875,0
bg_02516,background,24.265311416750723,-15.210430082901924,40,7,47.373374938964844,0.6237578151796813,0.5262380981445313,0
bg_02517,background,32.78941453941084,-8.476112380829147,24,3,133.90554809570312,0.49707913153127964,0.21526611328125,0
bg_02518,background,28.249588216029437,-11.392759411318291,27,7,198.89305114746094,0.7811275212591573,0.528902587890625,0
bg_02519,background,33.35382055203809,-3.2678233963794154,18,3,1297.076171875,2.2487935683743436,1.1884619140625,0
bg_02521,background,30.861402441581326,-9.412541984026893,69,8,943.12158203125,31.3191539518842,19.69345703125,0
bg_02522,background,28.196918312107456,-9.032598015288077,13,6,425.7728271484375,9.07953034511109,4.88727783203125,0
bg_02523,background,33.12536163476558,-8.272135296961896,37,3,123.77364349365234,3.7044953387803172,1.8204641723632813,0
bg_02524,background,27.987097131303823,-12.816817644274426,82,3,0.0,0.0,0.0,0
bg_02525,background,33.15837436557279,-7.714651551166333,14,5,232.19515991210938,0.4515681735939659,0.233619384765625,0
bg_02527,background,34.47898073691762,-2.4280908479698757,8,3,749.2920532226562,1.5820717761354919,0.872783203125,0
bg_02528,background,24.562897341324412,-14.30132913079105,23,6,208.44085693359375,0.604496538090021,0.285020751953125,0
bg_02529,background,22.683069484708568,-16.074752554832756,8,7,94.60494995117188,0.7409638477376359,0.38265899658203123,0
bg_02530,background,27.903718945699936,-12.786129743083075,45,7,25.08919906616211,0.9320828851942279,0.42515708923339846,0
bg_02531,background,27.363393627627417,-13.06547862902601,27,6,53.05817794799805,0.6293732542341651,0.27099502563476563,0
bg_02532,background,28.742022456077617,-9.308040929863573,8,7,852.6080932617188,13.17377930182308,6.90685546875,0
bg_02533,background,24.386731205526726,-12.075660139927919,8,7,234.338623046875,0.6988210235168129,0.51176025390625,0
bg_02534,background,28.023316371971003,-10.033626125435184,24,7,360.4171447753906,0.9140828284673588,0.310330810546875,0
bg_02536,background,33.00817937169603,-1.7299777299416792,43,3,1294.909423828125,0.9541784960966819,0.5733935546875,0
bg_02537,background,21.610998384425248,-13.088296935986913,8,7,250.1472930908203,0.6140721642442455,0.1966339111328125,0
bg_02538,background,29.89501606114148,-8.0967257815876,49,9,917.1691284179688,6.105222700487966,3.149775390625,0
bg_02539,background,30.37115860918597,-4.6911984635201245,82,3,774.779052734375,3.6893681371851703,2.31142333984375,0
bg_02540,background,30.095281340961666,-8.200814650785583,49,9,1575.81591796875,18.74606078665662,11.624375,0
bg_02541,background,26.968908133248217,-12.569636063237178,8,6,131.2041473388672,0.6194204853283626,0.3566949462890625,0
bg_02542,background,27.592983983899703,-11.314554879989485,8,7,202.50555419921875,2.7782796111252064,1.4466046142578124,0
bg_02543,background,26.097519800887344,-8.857772108483639,8,7,400.0677490234375,0.3989073070358082,0.176915283203125,0
bg_02544,background,28.671896794148076,-9.788370796524157,56,7,554.6124877929688,27.12356284219555,15.25408447265625,0
bg_02545,background,27.845378022442038,-12.865448772017869,40,7,23.92439079284668,0.4086683847374153,0.17149978637695312,0
bg_02547,background,22.089258883559953,-13.318208735590627,8,7,260.79046630859375,1.2343069137758607,0.533944091796875,0
bg_02548,background,23.48617269155015,-13.697198765420298,8,7,364.4530029296875,0.9071957966037861,0.5519775390625,0
bg_02549,background,30.82113998124871,-5.231568780345059,14,3,782.5445556640625,2.0570556345629045,1.0051123046875,0
bg_02550,background,27.22872694955093,-9.030589758422325,27,7,467.9795227050781,0.6367801565986866,0.195389404296875,0
bg_02551,background,31.7519478668914,-8.540285420843086,10,5,282.39300537109375,1.4765603878905635,0.59398681640625,0
bg_02552,background,24.899615556221814,-13.332343573552341,8,7,199.22401428222656,0.41277273692972777,0.1989666748046875,0
bg_02553,background,30.955877102130895,-7.880876478057509,66,9,1683.385498046875,29.322101591051236,18.7570654296875,0
bg_02554,background,28.410383623679557,-9.016914628138707,67,7,254.46937561035156,0.7077470987188621,0.5259326171875,0
bg_02555,background,26.758360245729865,-13.193798477161714,27,7,177.88516235351562,0.813854538383639,0.3877789306640625,0
bg_02556,background,23.060964529361755,-14.67667991272951,39,7,266.2435302734375,1.1635692224744347,0.55874755859375,0
bg_02557,background,23.767945274504,-15.677598157902047,40,6,56.193702697753906,1.9137618183142646,1.2361181640625,0
bg_02558,background,26.892269006000998,-8.910875819725845,8,7,417.189697265625,0.4927081042613502,0.18118408203125,0
bg_02559,background,31.148026947168283,-9.462610837081215,69,9,734.8262939453125,3.8699434548561142,2.41337890625,0
bg_02560,background,31.317172402036952,-4.236216690181094,8,3,762.9384155273438,0.9835162492102374,0.335810546875,0
bg_02561,background,27.968809489151546,-11.254573401481094,10,7,232.22865295410156,1.7350133255017317,1.0086865234375,0
bg_02562,background,22.659954288055037,-15.04771700878964,29,7,208.81076049804688,0.536394400565362,0.19838134765625,0
bg_02563,background,25.49676675203388,-13.13672925212545,23,7,231.09768676757812,0.6665879063533565,0.22788818359375,0
bg_02564,background,25.748127329274265,-13.49765095851158,64,7,196.26487731933594,11.37973931523648,6.308734741210937,0
bg_02565,background,21.810272495780332,-16.57740986979463,62,7,34.15449523925781,1.0301839837505664,0.7568630981445312,0
bg_02566,background,26.270847081212942,-10.948652732836424,24,7,382.796142578125,0.958994856835226,0.669010009765625,0
bg_02567,background,22.92437379926013,-13.432411660876937,8,7,348.7352294921875,0.8010913890921196,0.35039306640625,0
bg_02568,background,31.285573776555577,-8.809869165168301,8,5,622.084228515625,1.3084712566027812,0.6947314453125,0
bg_02570,background,28.916572095164554,-8.443402471683704,61,7,322.34521484375,3.2210446940154314,2.00564697265625,0
bg_02571,background,27.568265178893476,-9.055791919479411,27,6,477.473388671875,0.5216689935933111,0.230654296875,0
bg_02572,background,29.667945719169172,-6.014831778097002,82,7,516.42431640625,2.962227725487933,1.66463134765625,0
bg_02573,background,26.53052409265068,-9.263318438585236,8,7,470.0774841308594,0.9495430579683123,0.50175537109375,0
bg_02574,background,27.133697978725664,-11.344908037892777,8,7,176.04278564453125,1.1537397526201514,0.5544671630859375,0
bg_02575,background,31.534977019810487,-5.940460466080754,71,9,1924.2384033203125,32.87831651635233,23.1867724609375,0
bg_02576,background,29.65628539761349,-6.185607509823864,82,7,484.52471923828125,0.9209811480042053,0.4520849609375,0
bg_02577,background,28.114439036398245,-9.281531658754945,13,7,383.6570129394531,14.163925775108446,8.63373779296875,0
bg_02578,background,26.22841308963333,-9.086162150977662,8,7,439.5672607421875,1.1539638787965678,0.580443115234375,0
bg_02579,background,31.04517003762539,-3.7811824208889186,56,3,737.8614501953125,0.6646051690754964,0.3991650390625,0
bg_02580,background,26.75615878904972,-11.2380138890579,15,7,221.42652893066406,0.6646168829740401,0.32078857421875,0
bg_02581,background,33.104325389807734,-4.92280051397955,71,9,2061.53173828125,9.440850521153985,5.47337890625,0
bg_02582,background,27.213595859009576,-8.827845594519571,27,7,453.6189880371094,0.7429267597479059,0.4552734375,0
bg_02584,background,31.11902403460058,-9.684722134237399,69,3,283.0197448730469,7.908354296373754,4.76143798828125,0
bg_02585,background,32.46885295577031,-1.9161484193113334,14,3,1159.8709716796875,7.349402950483519,4.2480419921875,0
bg_02586,background,32.30632266961449,-6.8878652609173,51,5,376.17742919921875,0.7634001507141993,0.42105224609375,0
bg_02587,background,33.064849459089324,-3.959504953128706,24,3,861.0504150390625,2.8874628069379797,1.25088623046875,0
bg_02588,background,32.64072669210109,-7.398223898497567,14,5,538.238525390625,0.9716273950778238,0.46546875,0
bg_02589,background,29.635105678908076,-9.38298938176456,66,3,507.5930480957031,17.52889054413444,10.992589111328124,0
bg_02590,background,23.865045451019725,-12.809691688744012,8,7,232.64605712890625,0.8508199532007952,0.3977496337890625,0
bg_02591,background,27.36627354188441,-9.679240518516577,27,7,512.0624389648438,0.5865447577451453,0.252601318359375,0
bg_02592,background,24.842770409441965,-14.781301107252236,37,6,149.38015747070312,0.8300575999806863,0.4333453369140625,0
bg_02593,background,25.085168645750507,-14.408707912601782,23,7,97.87699890136719,7.573350985781233,3.935064392089844,0
bg_02594,background,33.680231060535434,-5.992049730457409,56,9,467.19512939453125,19.478846391628863,10.326942138671875,0
bg_02595,background,32.7068090964216,-8.776394580495188,40,3,104.12815856933594,2.2776452521968116,1.1910879516601562,0
bg_02596,background,26.26493963116041,-11.87928497619207,69,7,422.1446533203125,5.854122271788571,3.8412109375,0
bg_02597,background,34.07152558104754,-1.941662707094659,14,3,1038.14111328125,8.873423723460162,6.140419921875,0
bg_02598,background,33.04135451084416,-7.014385469364288,28,3,687.9310913085938,4.3420221312791085,2.77091552734375,0
bg_02599,background,35.00156225867532,-3.525125192622321,8,3,421.14697265625,1.3920580748526248,0.76979248046875,0
bg_02600,background,27.765938023432746,-9.805373436992774,27,7,550.6105346679688,1.987927593956167,1.08802734375,0
bg_02601,background,31.513401902921274,-5.990159704137306,71,9,2091.643310546875,21.59971345433637,13.176279296875,0
bg_02602,background,22.45433693212508,-15.810879342452637,8,7,172.66990661621094,0.6117782666274983,0.4124212646484375,0
bg_02603,background,23.09694148242619,-15.834725865782188,23,7,141.28533935546875,0.6226932421646483,0.440478515625,0
bg_02604,background,27.66667776468825,-11.737966574512065,27,6,323.40423583984375,0.6830020034055375,0.263773193359375,0
bg_02605,background,29.00729044168289,-9.343600649573128,61,9,677.2244262695312,0.5626596246861542,0.30889404296875,0
bg_02606,background,31.408078983780513,-5.491758921496668,8,9,1243.3232421875,2.6699508920725967,1.320205078125,0
bg_02607,background,33.55259750915787,-1.719858803966184,43,3,1108.9564208984375,0.5182510478634653,0.286123046875,0
bg_02608,background,25.534937650462577,-12.016456333981573,60,7,373.4992980957031,3.8301671027303823,1.76020263671875,0
bg_02609,background,31.532053760179735,-7.298667640936926,8,9,1587.3709716796875,26.124237870728802,15.2523095703125,0
bg_02610,background,31.04519560132788,-5.565742068814655,38,9,2142.811279296875,30.537075843228685,20.997861328125,0
bg_02611,background,32.86359918564008,-7.479184929187647,8,8,602.4038696289062,1.0108315993821055,0.521416015625,0
bg_02612,background,29.408290478524997,-9.14170103128378,49,3,1369.996337890625,3.434027043233508,1.9544580078125,0
bg_02613,background,22.480313577194572,-13.735870001784974,8,7,274.888671875,0.7602746288869622,0.488458251953125,0
bg_02614,background,32.988790364016744,-7.646841400558448,13,5,411.72613525390625,3.6919225836636467,2.2214453125,0
bg_02615,background,34.34835864473665,-6.588437317518349,17,10,43.99639129638672,2.877466340161457,1.805123291015625,0
bg_02616,background,29.64140702705426,-9.810667885269826,51,6,261.41754150390625,5.163563146511825,2.9082354736328124,0
bg_02617,background,26.44920809676962,-12.541743147276556,8,6,226.0662841796875,0.6810442578762299,0.2934051513671875,0
bg_02618,background,30.081982248515462,-7.832462248880013,56,9,1405.78662109375,21.50768715025034,12.74505859375,0
bg_02620,background,34.853442848677105,-2.4669357595822614,14,3,237.61947631835938,3.5253476233447407,2.1396234130859373,0
bg_02621,background,33.69924144067589,-1.9947577549450268,43,3,1085.2803955078125,0.6259288701730387,0.254560546875,0
bg_02622,background,32.78600286567583,-6.946515968928115,32,3,664.4671630859375,1.292089709974449,0.61734130859375,0
bg_02623,background,21.44140870438906,-14.500435396992014,8,7,179.39952087402344,0.7877362273806517,0.335640869140625,0
bg_02624,background,26.951722054625865,-11.155278923679905,8,7,228.76669311523438,1.0821123540897475,0.6707598876953125,0
bg_02625,background,30.23221796548165,-7.787358247617723,66,7,1785.766357421875,3.261867730363101,1.633359375,0
bg_02626,background,32.719907427973354,-5.909837732109088,10,3,772.5673828125,7.294968566791687,3.9249072265625,0
bg_02627,background,23.153529810723576,-14.960012556767001,29,7,182.58914184570312,0.7000345746217129,0.40606689453125,0
bg_02628,background,22.65704226339724,-16.01493410833449,8,7,132.04356384277344,1.0368760912676878,0.5160443115234375,0
bg_02629,background,24.048640902766817,-14.634196810917356,8,7,199.67030334472656,0.8170079622918212,0.3866680908203125,0
bg_02630,background,26.031840523165908,-11.675123830975012,15,3,391.976318359375,4.26642470396345,2.141177978515625,0
bg_02631,background,25.173208576947175,-14.767336116050869,37,6,156.8216094970703,1.0281586440265105,0.7579046630859375,0
bg_02632,background,31.630693658021137,-7.762385630458029,24,5,522.1173095703125,0.6828564890455989,0.36104248046875,0
bg_02634,background,33.24743544531642,-4.058143058908224,8,3,1305.1776123046875,7.773630138341536,4.1800634765625,0
bg_02635,background,33.40427855108413,-2.1462981615386356,43,3,1178.38232421875,0.5384150082943092,0.239130859375,0
bg_02636,background,32.38937049484566,-2.1332564969626704,14,3,1051.8857421875,0.6401634835289366,0.2558740234375,0
bg_02637,background,27.20283346834157,-10.563904170020503,8,7,446.09210205078125,3.538413738169786,2.193585205078125,0
bg_02638,background,29.48896012503864,-7.621715594885597,28,7,367.716796875,1.7846293265061386,0.539620361328125,0
bg_02639,background,32.931064723643566,-7.265555822717374,32,3,685.9373779296875,3.3748576343176486,1.94403076171875,0
bg_02640,background,25.16893758830423,-12.10746334014544,8,7,373.7706604003906,0.7286738702124744,0.4407958984375,0
bg_02641,background,22.0070637146255,-13.582390563938029,8,7,255.2252655029297,0.5809368018783229,0.19843994140625,0
bg_02642,background,28.64395978425003,-9.678319009795963,8,7,868.65576171875,35.36729102913877,22.2990771484375,0
bg_02643,background,30.22100434971187,-6.239624943618541,10,3,1106.5784912109375,22.916243702157182,12.2557275390625,0
bg_02644,background,33.43702602087442,-3.83878557728908,14,3,1192.181884765625,4.75417803474741,2.677392578125,0
bg_02645,background,31.370207757335518,-7.407190904794004,8,9,1510.2080078125,26.4633163756802,17.4370703125,0
bg_02646,background,32.66690882808734,-3.726192035320237,69,7,1484.3436279296875,2.523539942065303,1.5486474609375,0
bg_02647,background,23.630227469153024,-13.893352158174173,69,7,356.1755065917969,0.6632162616608768,0.28153076171875,0
bg_02648,background,31.200318419810205,-9.80042836132907,45,3,189.87989807128906,6.712261432116662,3.4861968994140624,0
bg_02649,background,26.46043831822457,-11.609318783577242,8,7,256.910400390625,0.7023777300317647,0.3139154052734375,0
bg_02650,background,27.50664013909728,-12.993623133523577,40,6,45.63895797729492,0.8464039843842756,0.4176666259765625,0
bg_02651,background,32.73667721020944,-6.579348916596754,13,3,616.7034912109375,1.5741060371028255,0.77742431640625,0
bg_02652,background,26.286691092323878,-12.057650799181456,8,7,346.29266357421875,0.635817740093301,0.35298095703125,0
bg_02653,background,32.71280485446921,-6.818953950687978,8,3,618.0322265625,9.45798128738535,4.2997900390625,0
bg_02654,background,22.20336400769756,-14.187256338881957,8,7,235.25088500976562,1.3167474275314464,0.7487646484375,0
bg_02655,background,29.61473140237576,-7.734589437506863,14,7,466.6289978027344,3.7914450812389044,2.158177490234375,0
bg_02656,background,33.95557742419907,-4.45706629304061,71,3,731.10302734375,8.317820196158001,4.364619140625,0
bg_02657,background,30.655828350079577,-4.257085016407294,82,3,837.8331298828125,7.398917881573133,3.8661962890625,0
bg_02658,background,30.996507840971734,-8.439547132521454,56,7,2908.3603515625,34.48771140460421,21.908359375,0
bg_02659,background,31.774813616055585,-8.87859301522501,68,3,207.91319274902344,7.389437858454273,3.9378448486328126,0
bg_02661,background,32.09973799426919,-6.119452926468827,71,9,2269.46044921875,24.830207572812192,16.82193359375,0
bg_02662,background,26.523371738492866,-8.814451558552047,61,7,448.0023193359375,0.6910609038468337,0.25781005859375,0
bg_02663,background,31.875950532013828,-7.143372895840087,43,3,594.64599609375,2.3291426265050643,0.85970703125,0
bg_02664,background,28.642415174874127,-11.212856851497559,82,7,0.0,0.0,0.0,0
bg_02665,background,25.067130857517977,-13.9523259544264,23,6,166.017578125,1.4315167325800824,0.64315185546875,0
bg_02666,background,22.362625647093633,-16.436853382284866,40,7,26.025634765625,2.061476542576648,1.2063365173339844,0
bg_02667,background,26.18569515265741,-13.004889666577967,23,6,193.29791259765625,1.0363581506109465,0.514775390625,0
bg_02668,background,33.22050622402629,-8.313365200098563,17,3,103.30021667480469,4.1585893037398245,2.6592025756835938,0
bg_02669,background,24.996269518756332,-14.458526177858605,23,7,127.1558609008789,3.212056052706426,1.5867120361328124,0
bg_02671,background,29.608083567966197,-6.795084404763771,63,7,433.3665466308594,0.5371666941772453,0.190233154296875,0
bg_02672,background,23.101697190502218,-13.161855936992554,8,7,331.58447265625,0.4320263291619855,0.25356689453125,0
bg_02673,background,24.06006695066851,-13.366538253795527,24,7,326.0834045410156,1.101414480427783,0.4894921875,0
bg_02674,background,34.62957545202338,-2.0484245625135946,18,3,637.14306640625,0.8633535424908125,0.4391796875,0
bg_02675,background,30.41360577746274,-9.060188462109167,24,6,164.20230102539062,0.41698529673903184,0.2227606201171875,0
bg_02676,background,27.708236397261633,-12.842429215816507,63,7,-58.70140075683594,0.354332315953586,0.13954086303710939,0
bg_02677,background,21.39739137380306,-14.777002395174383,8,7,162.55616760253906,0.7547104005487321,0.3188909912109375,0
bg_02678,background,24.112384423423013,-12.748152920068895,8,7,202.9283905029297,1.0940890202132152,0.6706695556640625,0
bg_02679,background,31.338150740284206,-4.198643164950164,8,3,765.6503295898438,1.5896153446102508,0.78197509765625,0
bg_02680,background,30.213058678010377,-8.609817752090535,49,9,1124.284912109375,11.733538643742262,6.533984375,0
bg_02682,background,24.303748300704303,-12.046764981377933,8,7,211.8927764892578,0.5389242242041623,0.255433349609375,0
bg_02683,background,32.39836038866045,-4.637219714256784,71,7,1577.6846923828125,6.295695376882111,3.3835595703125,0
bg_02684,background,24.784218543884514,-13.90363846266731,8,6,242.40725708007812,0.48623827447159884,0.214759521484375,0
bg_02686,background,32.72878916837582,-6.238247245376234,13,3,624.89111328125,2.288815732477955,1.23230712890625,0
bg_02687,background,28.076677867841006,-11.009116069173247,14,7,286.658447265625,2.8677550233810294,1.521705322265625,0
bg_02688,background,30.285499185320745,-7.174218963916853,38,3,1758.68212890625,12.675707481665427,7.5673486328125,0
bg_02689,background,21.359260701066887,-14.346901514469556,45,7,182.76071166992188,2.633494078481026,1.311842041015625,0
bg_02690,background,26.377028053477527,-13.776477704731851,23,6,101.52922058105469,0.8017668464451898,0.2335919189453125,0
bg_02691,background,28.75044639175748,-8.679684159830446,61,7,282.268798828125,0.5181559611298999,0.26560302734375,0
bg_02692,background,26.837214251661003,-13.129157397987203,27,7,152.5221405029297,2.5823230182674313,1.683514404296875,0
bg_02693,background,26.08392829844134,-10.13818655126859,8,7,438.2115173339844,0.5519216983676856,0.207235107421875,0
bg_02694,background,26.55500135310337,-10.043863825628478,60,7,423.63848876953125,1.2900347539113055,0.76175048828125,0
bg_02695,background,29.69226119811043,-8.102936463905593,10,7,732.437255859375,8.920269077232797,5.71798583984375,0
bg_02696,background,22.175908873523728,-14.909007226422625,39,7,238.56369018554688,0.9339492222764156,0.634176025390625,0
bg_02697,background,31.950980536726757,-5.993062520926891,71,9,2417.51708984375,13.878209558464741,7.606630859375,0
bg_02698,background,24.38966738308283,-13.498198365950236,23,7,349.46649169921875,0.7189847043951471,0.37300537109375,0
bg_02699,background,25.277229907367545,-14.532174207229172,23,6,109.99183654785156,0.859805896279745,0.3356829833984375,0
bg_02700,background,22.948010491167178,-13.970132617532215,8,7,288.0401916503906,0.32460464857284027,0.2726611328125,0
bg_02701,background,29.903970165351488,-5.2577396959838785,82,7,602.9283447265625,0.6223561289899745,0.25684814453125,0
bg_02702,background,31.288064005294427,-7.815498677955522,8,3,1562.829833984375,23.51443193989771,15.6106884765625,0
bg_02703,background,32.28870435314642,-4.2611616721280985,71,3,1334.728759765625,1.2747852406904965,0.6793310546875,0
bg_02704,background,22.97058545763666,-14.873389515878582,29,7,254.18943786621094,1.0740566403464702,0.5662542724609375,0
bg_02705,background,25.688314674541438,-12.296715845359536,8,7,325.8167724609375,0.6339326256870419,0.263323974609375,0
bg_02706,background,31.172046133594645,-7.104874092978731,8,9,1792.84765625,6.371481494028473,3.9936962890625,0
bg_02707,background,33.86518983671625,-6.863325436131112,14,5,148.06027221679688,1.3283434921346435,0.610833740234375,0
bg_02708,background,21.886805269435346,-15.558072991663904,29,7,200.10150146484375,9.083300192344575,4.4340887451171875,0
bg_02709,background,24.212255625120658,-13.309953019375794,23,7,376.20672607421875,1.8684165340428813,0.898011474609375,0
bg_02710,background,27.581947066509777,-11.528982176613404,14,7,243.3137969970703,0.8729342960174145,0.51575927734375,0
bg_02712,background,27.510316645919083,-8.862641931094121,27,6,466.3427429199219,0.5676357989097343,0.21744140625,0
bg_02713,background,29.883724052033777,-6.921667400065794,14,7,544.2471313476562,0.43994988418994907,0.19308349609375,0
bg_02714,background,34.63978476510898,-4.6432224455842235,32,3,601.8679809570312,8.82323857241812,4.7050927734375,0
bg_02715,background,27.530741124653986,-12.075198648067614,27,6,265.08636474609375,0.7272364801356446,0.2378857421875,0
bg_02716,background,22.463892865702654,-14.358441038997109,8,7,267.2340087890625,0.5982489784978876,0.26165283203125,0
bg_02717,background,32.57455080308998,-8.922704084417802,40,3,122.96807098388672,0.5920140858764134,0.33452423095703127,0
bg_02718,background,32.827212761856096,-5.050732227476656,13,11,1624.2598876953125,6.279833785975283,3.7957421875,0
bg_02719,background,21.434407253758458,-15.319861204217045,8,7,167.82598876953125,0.5155035356003177,0.2206964111328125,0
bg_02720,background,31.845655994509855,-5.317158203911384,71,9,2165.370849609375,21.839923073392825,12.676083984375,0
bg_02721,background,32.07167991547847,-7.5860347258121745,24,5,430.27740478515625,1.3024769163556482,0.826494140625,0
bg_02722,background,32.939481265008254,-6.582067016843679,13,3,861.21142578125,1.2335777881224657,0.77068115234375,0
bg_02723,background,30.021837607907408,-9.301870257420328,56,6,478.8257141113281,13.9162935861439,7.415447998046875,0
bg_02724,background,33.01294905629214,-1.8945819052108446,43,3,1331.3363037109375,1.65891524082026,0.9816162109375,0
bg_02725,background,24.43139608134965,-12.726465609004554,8,7,221.809326171875,0.8850140640370643,0.4143829345703125,0
bg_02726,background,28.498544265572196,-9.864543928102618,8,7,548.621337890625,22.19031224028822,13.99317626953125,0
bg_02727,background,27.26438396537734,-13.271961132508679,45,7,25.239238739013672,1.868617685978186,0.7094248962402344,0
bg_02728,background,30.042544598931215,-5.233011683920022,82,3,736.2588500976562,4.701294536825103,2.675419921875,0
bg_02729,background,22.161690403268352,-15.315136443110303,29,7,247.85498046875,0.8212183713936384,0.3520758056640625,0
bg_02730,background,30.710509367861118,-9.455246462532246,68,3,1252.4139404296875,15.334643581423236,10.7586474609375,0
bg_02731,background,31.789626028332354,-3.5926944907560143,27,3,1153.911376953125,0.9655258828845277,0.6024755859375,0
bg_02732,background,32.713488395886195,-3.283300839894046,71,7,1412.7562255859375,11.56675234356041,6.0698828125,0
bg_02733,background,33.29053472699664,-4.095615705880264,18,7,2060.305419921875,26.456786191908314,14.2974267578125,0
bg_02734,background,30.980585974989584,-5.813292458308177,10,9,1382.195068359375,20.8315762615481,14.932666015625,0
bg_02735,background,25.56606293719538,-14.642186947911911,37,6,73.23853302001953,0.7127499248702545,0.38281097412109377,0
bg_02736,background,33.747548365343256,-3.1942967782507368,18,3,1352.0791015625,14.740409398343107,8.0853271484375,0
bg_02737,background,26.140341088834155,-14.238754476314208,37,6,85.57359313964844,0.3632950456725018,0.1270135498046875,0
bg_02738,background,35.21578440965919,-3.585422303439653,82,3,75.81159973144531,12.80925109613131,7.926245574951172,0
bg_02739,background,32.089912594060614,-5.956375247125462,71,9,2174.87109375,24.872582888441656,16.658837890625,0
bg_02740,background,32.12979647691511,-3.497950856275324,71,3,1158.7784423828125,4.987218646525659,2.5609375,0
bg_02741,background,31.194590657616345,-5.243280942729404,11,3,948.5643310546875,1.3562001531390875,0.83132568359375,0
bg_02742,background,33.962295472255036,-2.253554206807035,14,3,1051.7821044921875,10.903539553978405,5.61943359375,0
bg_02743,background,29.8875737688866,-7.9496427115809905,33,9,1128.4481201171875,13.908203281195451,8.7159716796875,0
bg_02744,background,27.662051491967745,-11.211307734289207,8,7,250.70506286621094,3.533489524847716,1.4079376220703126,0
bg_02746,background,23.271426550245693,-13.59862716086766,8,7,339.39471435546875,0.8925560781149902,0.387568359375,0
bg_02747,background,21.43091148949233,-15.240844447837016,8,7,172.49424743652344,0.47463845057516263,0.2433734130859375,0
bg_02748,background,21.57434387158104,-14.54660286471146,8,7,180.8170623779297,0.48334511344948766,0.2574737548828125,0
bg_02750,background,33.24610094181166,-2.6732217077093368,18,3,1275.8765869140625,1.3145075079874975,0.818896484375,0
bg_02751,background,32.28280797472712,-7.71692477952205,8,5,506.45550537109375,14.491837611395544,7.072274169921875,0
bg_02753,background,34.130843192448616,-3.83913866624524,48,8,825.6829833984375,11.25877660730465,4.31462158203125,0
bg_02754,background,32.32562286341277,-5.706424546014616,71,9,1678.095703125,10.482562101328952,6.117998046875,0
bg_02755,background,32.15492902894345,-3.0958185149122324,71,8,1109.5196533203125,20.06564821005041,10.9176904296875,0
bg_02756,background,32.41130095490313,-5.555717588127101,71,9,1622.9224853515625,19.894673516488837,13.5260302734375,0
bg_02757,background,27.270149427239485,-10.234279399421183,13,7,564.1858520507812,6.954225076759369,3.64727294921875,0
bg_02759,background,29.63549927772105,-6.100020400970184,82,7,494.8310241699219,0.7854647717509182,0.29468017578125,0
bg_02760,background,27.142012813556672,-8.730162116541704,27,7,459.84686279296875,0.3644585623868387,0.166351318359375,0
bg_02761,background,33.883392923728394,-4.892936459446997,8,8,761.9931640625,4.450309595094246,2.48260498046875,0
bg_02762,background,30.57193063769055,-6.378495331274429,10,9,1155.7772216796875,5.291662782481547,3.203798828125,0
bg_02763,background,26.53359220897596,-10.550705112797706,60,7,328.1496887207031,1.22153162567108,0.6839306640625,0
bg_02764,background,21.820087436277827,-15.596237356719008,29,7,164.29489135742188,1.6186331780850822,0.9106109619140625,0
bg_02765,background,26.088277339399838,-11.996549992933108,11,7,397.0467834472656,1.4019955567069307,0.82477294921875,0
bg_02766,background,33.161585595282276,-1.8632469707819597,8,3,1313.787841796875,3.108082658379382,1.671611328125,0
bg_02767,background,34.428464237307935,-5.623734099413966,64,8,58.7178955078125,8.876684080452968,5.582620391845703,0
bg_02768,background,22.83708386242658,-14.040003444440266,8,7,292.7846984863281,0.45984161128960577,0.239691162109375,0
bg_02769,background,32.42512429674525,-1.2000064691393766,35,3,1213.5889892578125,4.6129148107622555,1.910771484375,0
bg_02770,background,26.711375247603804,-11.282580154026668,15,7,233.641845703125,0.9247921690708784,0.517364501953125,0
bg_02771,background,34.040502476794614,-2.8791103464318866,71,3,1049.2431640625,23.047899744138714,13.64560791015625,0
bg_02772,background,27.33185404536773,-9.451383617122254,27,7,495.1938781738281,0.9121575246824916,0.46759521484375,0
bg_02773,background,32.53248795244541,-3.3128418320963173,71,3,1276.0592041015625,1.9304102481243626,1.0675927734375,0
bg_02774,background,25.730946394798316,-12.639869127160676,8,7,266.44830322265625,0.8969465383238484,0.43015625,0
bg_02775,background,21.480913492328533,-15.504509404992598,8,7,147.30470275878906,0.42774208381633516,0.32172119140625,0
bg_02776,background,33.109366613117714,-8.030539429045616,21,5,194.7532958984375,0.8338636177803498,0.452760009765625,0
bg_02777,background,27.191014734286227,-13.253845037490054,45,7,47.90573501586914,0.8260895072545975,0.45173110961914065,0
bg_02778,background,22.1502307085339,-14.058040705414584,8,7,210.30165100097656,1.2404865796781999,0.601348876953125,0
bg_02779,background,26.542741984389135,-13.542725310032534,23,6,98.59790802001953,0.5307970908392637,0.277623291015625,0
bg_02780,background,33.15727921792479,-5.975831662062912,8,3,981.743408203125,18.176901759972637,10.8583251953125,0
bg_02782,background,29.730845883212748,-8.690577768657054,49,7,1810.69580078125,8.507329258189216,4.881162109375,0
bg_02783,background,32.63384429047841,-4.748726016594352,18,6,1575.996337890625,1.3832596523199758,0.8143408203125,0
bg_02784,background,32.98582025159545,-4.695455508471168,48,6,1483.97119140625,7.751637359877706,3.6311865234375,0
bg_02785,background,28.36606001257391,-11.195438715111655,27,7,219.97451782226562,0.4422377637159881,0.1837823486328125,0
bg_02786,background,29.91471235513798,-5.429059147697295,82,7,637.066162109375,6.750319524706881,3.566142578125,0
bg_02787,background,33.82662000013769,-6.453429513530524,26,5,240.1603240966797,18.51658032407658,12.899326171875,0
bg_02788,background,30.91255600371986,-6.468823051638458,38,9,1477.22314453125,3.8826697896023448,2.3812109375,0
bg_02789,background,22.328361550370584,-15.456980853843572,29,7,189.61305236816406,0.9380085970913995,0.5661871337890625,0
bg_02790,background,31.71583424280888,-3.656626060082335,27,3,1146.9970703125,5.106461235422942,2.47404296875,0
bg_02791,background,21.559524209955406,-14.725141548614387,8,7,221.13523864746094,5.033601427998029,2.7977978515625,0
bg_02792,background,25.974131566147154,-12.658569340699378,8,7,291.263916015625,0.9380864041090591,0.378843994140625,0
bg_02793,background,33.306637290611704,-7.133697437477705,56,5,262.7889099121094,12.954505172828725,7.074056396484375,0
bg_02794,background,33.31799380237882,-4.972492525490074,58,9,1613.91064453125,1.032484608738809,0.5045751953125,0
bg_02795,background,31.295124853077176,-6.634946473376134,8,7,1867.671142578125,27.883095028730324,16.3441552734375,0
bg_02796,background,30.986876329589744,-4.290031614629278,28,8,767.0151977539062,4.973871069782909,2.3248388671875,0
bg_02797,background,30.211208496490517,-6.104468718549103,14,3,782.9571533203125,1.318953480545648,0.3633349609375,0
bg_02798,background,34.35003329285468,-6.395469016098925,24,2,6.3074116706848145,0.38730743591477507,0.11226963043212891,0
bg_02799,background,33.587316338199315,-7.611215868970607,17,5,24.448841094970703,9.13464986394451,3.36407341003418,0
bg_02800,background,26.1455032314895,-14.30999614509946,37,6,81.04816436767578,0.35505017209778145,0.17836090087890624,0
bg_02801,background,22.301832352965043,-13.290302107965685,8,7,302.7741394042969,1.64835136431762,1.92761474609375,0
bg_02802,background,33.27835238232622,-6.8408184534399545,28,5,531.6185913085938,20.164216347922896,11.7037890625,0
bg_02804,background,27.089351051853807,-10.949814797518659,8,7,214.25318908691406,0.6634598078004857,0.241317138671875,0
bg_02805,background,34.56588979418267,-6.011019783185114,24,2,15.783720970153809,1.4390767433050369,0.42619762420654295,0
bg_02806,background,34.182007415650055,-3.6712712763670563,14,5,522.053955078125,1.0408001854738176,0.5645849609375,0
bg_02807,background,33.53212239051025,-5.544969609795553,71,3,1235.2772216796875,6.368927621827124,3.97396484375,0
bg_02808,background,22.34425555122135,-13.135220375135082,8,7,329.463134765625,0.744758051046675,0.426402587890625,0
bg_02809,background,26.699333359695064,-10.405985854791771,15,7,324.8302307128906,3.323944264248663,2.27557373046875,0
bg_02810,background,31.04400433894195,-5.9622918851268345,38,9,1791.397705078125,18.977875147505706,11.8380859375,0
bg_02811,background,29.874555963300633,-6.799172969953056,60,7,641.1664428710938,18.34954837532271,9.83673583984375,0
bg_02812,background,33.50016683022684,-5.468474765254422,56,3,962.3895263671875,18.61630856084083,10.46086669921875,0
bg_02813,background,23.442692230916535,-15.287068313583672,69,6,193.53684997558594,0.4657919412651386,0.17158447265625,0
bg_02815,background,23.50790669969489,-13.091552474518949,8,7,293.296142578125,0.49222802367196544,0.379208984375,0
bg_02816,background,33.81879041213091,-6.031352847699033,14,10,456.1353759765625,1.533798896460095,0.852568359375,0
bg_02817,background,32.400460867899774,-7.040449174070729,24,5,381.26812744140625,0.7978899197771312,0.487325439453125,0
bg_02818,background,23.11408999524178,-15.41340401222573,39,7,216.00738525390625,0.8951006288043544,0.3767889404296875,0
bg_02819,background,32.370476594431786,-3.920482920260503,71,3,1343.3948974609375,0.6971056782519958,0.40947265625,0
bg_02820,background,32.73445237224151,-2.71431045106612,43,3,1270.259765625,0.5596494283566087,0.21978515625,0
bg_02821,background,23.812941588585765,-14.404309299890237,69,7,232.26487731933594,0.6564319203283139,0.2498162841796875,0
bg_02822,background,26.780698078124523,-13.017728935700683,23,6,128.7549591064453,1.4158380875658025,0.827777099609375,0
bg_02824,background,32.60856079017364,-4.219200244430928,71,9,1635.3812255859375,6.988831282927167,3.94517578125,0
bg_02825,background,24.01120898529592,-14.30766750062754,23,7,258.1709899902344,1.143901671403879,0.512694091796875,0
bg_02826,background,32.6648079343288,-4.571816862496166,14,3,1486.390380859375,2.217842222360704,1.169970703125,0
bg_02827,background,22.335589538647902,-16.17264401845677,39,6,121.15985107421875,0.5989250133195582,0.3851663208007812,0
bg_02828,background,34.10392546013642,-3.4418702572499917,59,10,508.26898193359375,3.404063926451756,1.846468505859375,0
bg_02829,background,30.736969628911645,-6.923725412309056,49,3,1376.42578125,9.548055838688954,4.472568359375,0
bg_02830,background,24.45850072822722,-12.115383533201301,8,7,246.27496337890625,0.8290210916492221,0.929178466796875,0
bg_02831,background,28.45673212393936,-9.23568172863543,8,7,233.69309997558594,4.295786445457536,2.1161700439453126,0
bg_02832,background,30.109558047803368,-7.5019793623858995,56,9,938.661865234375,20.50383114943623,12.4247802734375,0
bg_02833,background,26.542429609119274,-10.822933588744796,60,7,313.03033447265625,0.6348333262875591,0.31827392578125,0
bg_02834,background,30.877681886101566,-9.239975380837992,68,9,1348.8863525390625,14.532116994628867,7.816328125,0
bg_02835,background,29.419208219392434,-10.043603889499357,8,9,183.35984802246094,4.180691809020228,2.3415557861328127,0
bg_02836,background,31.841655197217815,-6.392446968495308,71,9,1837.497802734375,19.55318565723849,12.1274560546875,0
bg_02837,background,34.16873444022527,-3.491769831987301,14,10,448.7979736328125,1.0749400581081823,0.984482421875,0
bg_02838,background,28.38494114667136,-11.244843212015246,69,6,171.1658477783203,12.655820074817182,7.739273681640625,0
bg_02839,background,26.888089448978082,-11.566555853934748,24,7,162.2062225341797,2.3834534210725282,1.403763427734375,0
bg_02841,background,26.07526479782946,-8.892198645910602,8,7,391.1058654785156,0.6192143545124814,0.415841064453125,0
bg_02842,background,28.113849787849702,-10.422587728632621,24,7,510.8240051269531,1.306099007306815,0.75049560546875,0
bg_02843,background,32.13522548014328,-2.6571449019772793,14,3,955.4305419921875,1.0373448468218065,0.57535888671875,0
bg_02844,background,27.268083973917506,-8.78225755512794,27,7,441.62310791015625,0.2788367155175898,0.09484130859375,0
bg_02845,background,27.84242663135816,-10.779266774980428,14,7,313.9058837890625,0.9982156283296908,0.5131005859375,0
bg_02846,background,33.74909532848696,-3.283713514267431,18,3,1073.2381591796875,18.443941913536527,7.17240234375,0
bg_02847,background,33.20607985800925,-6.611056140076289,30,8,775.0778198242188,1.1434770265890035,0.62098876953125,0
bg_02848,background,33.675217099744316,-2.302224904627804,43,3,1068.9896240234375,4.738564176866312,2.8455859375,0
bg_02849,background,23.856797690408307,-14.385407440418925,69,7,227.2276153564453,1.1118238871517692,0.7559600830078125,0
bg_02850,background,25.13657800197478,-13.433791533201793,8,7,189.05499267578125,0.3610417962217418,0.27159912109375,0
bg_02851,background,27.70045048144423,-11.704367085329066,69,6,304.1416931152344,0.6057961659394512,0.31904541015625,0
bg_02852,background,31.980325020396783,-7.896934112013969,51,5,443.12261962890625,0.6371483260649239,0.32806884765625,0
bg_02853,background,27.490905344371,-10.782807297050876,24,7,346.30126953125,1.4490012122675493,0.90657470703125,0
bg_02854,background,31.309099875545336,-6.249825732677251,66,7,1870.9962158203125,38.79867624730134,31.6183740234375,0
bg_02855,background,32.38291628266059,-1.5419104660494891,18,3,1536.390869140625,11.32465096884203,4.2785009765625,0
bg_02856,background,34.24141214272439,-6.612670986204326,24,10,18.15420150756836,3.651143158199933,1.328423309326172,0
bg_02857,background,22.619394041424815,-13.850115551435609,8,7,299.6636047363281,0.5463570450718951,0.24531494140625,0
bg_02858,background,30.901640238805577,-4.303456116241721,14,3,747.3912353515625,1.0042943359286896,0.60903076171875,0
bg_02859,background,32.79567392228113,-5.354181152962237,19,9,1311.5380859375,5.853895411196051,2.8166748046875,0
bg_02860,background,23.496135433470545,-13.262502309048768,8,7,325.4907531738281,0.5296934469001691,0.396112060546875,0
bg_02861,background,23.59482711475339,-12.05506087430938,8,7,303.373046875,0.35564502141670556,0.118748779296875,0
bg_02862,background,32.284738388732485,-8.584308463407698,24,5,238.76715087890625,1.6440673154897718,1.0768133544921874,0
bg_02863,background,28.556083155649606,-10.78476692064296,10,7,210.00387573242188,13.173239863265701,8.736856689453125,0
bg_02864,background,29.73137599816465,-9.374979062483636,33,3,622.2825317382812,22.321205087625895,13.82036376953125,0
bg_02865,background,24.761148167417947,-13.78539880638363,23,7,271.06036376953125,0.7178304225773776,0.4353759765625,0
bg_02866,background,30.278354090353005,-8.944067876463809,24,6,299.4162292480469,1.1254244357659982,0.546580810546875,0
bg_02867,background,22.692827555191652,-13.424538760118816,8,7,325.2540283203125,0.9181815955095096,0.356314697265625,0
bg_02868,background,32.72493604553418,-8.031705515554632,69,8,349.03729248046875,4.295861471389113,2.747706298828125,0
bg_02869,background,30.21180567761355,-5.993965416398567,14,3,748.825927734375,0.7328747269267338,0.48536865234375,0
bg_02870,background,27.664576761590958,-8.677215779733729,27,6,472.0152587890625,0.37129706265116397,0.156256103515625,0
bg_02871,background,30.2841985226876,-9.104140306894037,24,6,190.1407470703125,1.0402233488728425,0.730885009765625,0
bg_02872,background,31.62888535182272,-6.3027649299286175,71,9,3037.048583984375,35.46981098861824,24.98919921875,0
bg_02873,background,23.390994347406476,-14.777330339276189,39,7,264.181884765625,3.282521622554228,1.902550048828125,0
bg_02874,background,24.242160753844036,-12.538788057772773,8,7,243.3160400390625,0.5716470113165811,0.3434259033203125,0
bg_02875,background,28.71952208319752,-10.939495560734759,40,6,115.19818878173828,1.2763089942920278,0.6400289916992188,0
bg_02876,background,34.85951853866068,-4.110659259611562,69,9,1374.5350341796875,6.277545572576742,3.1638671875,0
bg_02877,background,28.099639965482147,-10.253647989474485,24,7,405.3558044433594,4.598367464464979,2.09414306640625,0
bg_02879,background,24.075451591794774,-13.448535284612719,69,7,285.6712341308594,1.4163917282641165,0.6748193359375,0
bg_02880,background,26.077551735253607,-11.207719243339099,46,7,538.52783203125,29.439290712244876,22.07662109375,0
bg_02881,background,27.575923636065113,-11.839354266554658,27,6,316.2154541015625,0.47015897531725453,0.232576904296875,0
bg_02882,background,23.3382952605472,-12.6204685510334,8,7,253.07591247558594,1.397132712983988,0.6638848876953125,0
bg_02883,background,24.27861479688925,-12.11428556596373,8,7,207.662109375,0.9831154445428054,0.9284326171875,0
bg_02884,background,33.70753882795822,-2.3138527865153007,43,3,1088.03857421875,0.6251689090890189,0.255361328125,0
bg_02885,background,26.220222098833368,-13.125596241344835,23,6,144.00343322753906,0.5039529539573694,0.300423583984375,0
bg_02886,background,28.140490090622624,-12.035080220603465,82,7,0.0,0.0,0.0,0
bg_02887,background,33.62570944227003,-4.600979124143244,71,9,1177.344970703125,21.233722595609624,11.920439453125,0
bg_02888,background,32.16222299568382,-4.451017987232211,71,3,1347.0555419921875,2.9263543960395433,1.401875,0
bg_02889,background,26.01916311493345,-9.900013841469391,8,3,423.9150390625,0.47206657174196953,0.168497314453125,0
bg_02890,background,25.045936688396235,-13.05340757778203,8,7,211.20254516601562,0.7900049451936932,0.5698883056640625,0
bg_02891,background,25.38535638872959,-12.391467012280467,8,7,375.72021484375,0.7766264793900828,0.394720458984375,0
bg_02892,background,33.15854563619498,-5.53166189239966,14,9,1157.28515625,2.16538984874811,1.31291015625,0
bg_02893,background,29.800427028915333,-7.49483983543499,8,9,1199.657470703125,46.990932458192674,38.698466796875,0
bg_02894,background,33.24476172613989,-8.187091759343824,17,3,137.69398498535156,0.7317232952699649,0.307913818359375,0
bg_02895,background,23.448707456612603,-13.029550601019785,8,7,292.8772888183594,0.422511024729298,0.25808349609375,0
bg_02896,background,30.16526719823134,-6.533652986936126,10,3,1150.9010009765625,8.393408018803996,3.499375,0
bg_02897,background,34.724469654656666,-4.539105297066568,69,8,892.9995727539062,24.709080561712874,15.09624267578125,0
bg_02898,background,31.351326834948036,-7.85451957509678,8,3,920.5659790039062,8.199030868901165,4.841630859375,0
bg_02899,background,26.707065479334766,-12.324478027568748,8,7,216.21185302734375,0.6856694650242533,0.400281982421875,0
bg_02900,background,22.161307886231064,-14.579399087585777,8,7,247.36843872070312,0.6260668319595831,0.284415283203125,0
bg_02901,background,22.625064960966935,-13.339407540029503,8,7,319.20379638671875,0.5811372067340096,0.28166748046875,0
bg_02902,background,25.728456849176577,-13.625037590193743,23,6,119.18875122070312,0.7466557517145166,0.36442047119140625,0
bg_02903,background,27.90969791105632,-12.690577748886927,40,7,33.689537048339844,0.886207354454803,0.2945526123046875,0
bg_02904,background,26.455922200392088,-9.86196104436738,61,7,483.6070251464844,7.422804545466991,2.456666259765625,0
bg_02905,background,23.731531341718416,-13.373720815918986,69,7,322.90167236328125,2.5160725559812724,1.625899658203125,0
bg_02906,background,33.16928958531463,-5.392062983496445,71,9,1668.9925537109375,5.152541568928052,2.6306689453125,0
bg_02907,background,27.968192984175005,-12.430972203593434,40,7,36.65726852416992,1.2339298238828877,0.5461077880859375,0
bg_02908,background,31.932622199041553,-6.894134486799027,71,8,1194.8564453125,8.459675035140158,3.8056005859375,0
bg_02910,background,23.78997686271885,-14.816418917847505,23,7,241.98968505859375,0.5678158544504912,0.2999127197265625,0
bg_02911,background,23.752000349764252,-12.077449274823845,27,6,257.5489501953125,0.5415259274875589,0.34507080078125,0
bg_02913,background,21.552108492546292,-15.298104983863205,8,7,156.5504150390625,0.6784280002347218,0.2179730224609375,0
bg_02914,background,27.314846869896595,-9.915041479243234,27,7,526.2459106445312,1.2138097250261792,0.4631640625,0
bg_02915,background,32.23220889813825,-6.836384275098029,24,5,405.9381103515625,0.8677860268356954,0.380186767578125,0
bg_02916,background,31.591423252482397,-8.110557688363532,24,5,450.274169921875,0.6198311333174803,0.37265625,0
bg_02918,background,23.396688040511343,-12.190069776701987,8,3,318.8749694824219,0.9241944612480604,0.54903564453125,0
bg_02919,background,25.737574548481376,-13.344202926816104,8,7,147.00588989257812,0.7092250230022429,0.3243316650390625,0
bg_02920,background,29.01844197596078,-8.992405927173511,24,7,774.2301635742188,24.330104244811718,14.3493994140625,0
bg_02921,background,22.717065160258052,-14.359179514851412,8,7,325.91046142578125,0.7644949310719618,0.354891357421875,0
bg_02922,background,30.726442096180715,-8.949336706524296,56,9,2194.427490234375,42.40193077765651,32.80609375,0
bg_02923,background,29.895579581192067,-9.565837448540211,10,8,79.40763854980469,6.546179959281447,3.9955535888671876,0
bg_02924,background,24.14507720854522,-13.36208629557738,69,7,303.9420471191406,0.8463694661390812,0.50465576171875,0
bg_02925,background,33.14081334062506,-3.298378672608164,18,3,1558.4603271484375,2.534868835053847,1.5285595703125,0
bg_02926,background,22.209270657780884,-13.407176059510224,8,7,282.0331115722656,0.5915532814669319,0.412265625,0
bg_02927,background,32.44341429603928,-5.35436342390726,71,9,2233.5498046875,17.27940425359554,12.02279296875,0
bg_02928,background,26.542905814839127,-11.851212992078436,69,7,326.6993408203125,3.898566618665578,2.374388427734375,0
bg_02930,background,27.13846868659639,-12.582679651967311,27,6,165.30133056640625,0.5208335600048349,0.2912353515625,0
bg_02931,background,33.41991430480508,-6.575826992920206,67,3,653.5901489257812,3.821536945636868,2.28177001953125,0
bg_02932,background,24.131322750832627,-13.407089701846628,69,7,297.9382019042969,1.2433400947911852,0.791966552734375,0
bg_02933,background,33.486315620304296,-1.6461713676348835,43,3,1122.857666015625,0.41058072433431214,0.1620556640625,0
bg_02935,background,32.47542567935568,-5.329161480647799,71,9,2288.673583984375,29.00358568826237,19.418798828125,0
bg_02936,background,23.777028083046375,-12.699483545539437,8,7,233.78086853027344,1.0268578773897816,0.4290313720703125,0
bg_02937,background,30.593911674939694,-4.504488389690404,82,8,650.11083984375,1.9338400365257131,1.21685546875,0
bg_02939,background,26.200944442129586,-13.253699197016358,64,7,196.4150390625,1.0531293811796352,0.6376812744140625,0
bg_02940,background,26.747777709525852,-11.60469666331167,8,7,212.96054077148438,3.245584734824025,1.6922418212890624,0
bg_02941,background,32.902132483507884,-5.670469965509114,46,10,861.274169921875,12.042142177068929,6.655546875,0
bg_02942,background,35.69775235243752,-5.587860372028029,8,3,336.8843688964844,14.322168587560098,8.1904638671875,0
bg_02944,background,31.685517766666877,-5.267381670848305,71,9,1482.864501953125,10.607509648161088,5.733193359375,0
bg_02945,background,31.180878035121598,-6.2734341520638415,59,3,1367.077392578125,4.565595894638579,2.23615234375,0
bg_02946,background,27.421054110811145,-12.998575042388532,45,6,53.07154083251953,0.9902412436716298,0.413958740234375,0
bg_02947,background,32.29926080000604,-4.248457594942286,71,3,1343.0390625,1.0251382620925154,0.499296875,0
bg_02949,background,26.34514017845935,-8.737290693197979,8,7,464.88092041015625,0.4731074220669873,0.25624755859375,0
bg_02950,background,23.21248219051504,-13.23934525985042,8,7,339.2625427246094,0.5323692806074849,0.2873583984375,0
bg_02952,background,24.316676476475568,-12.186261747750157,8,7,207.78094482421875,0.8404133269384919,0.4369921875,0
bg_02953,background,28.868719204002325,-10.209548672911403,56,6,257.2968444824219,2.1491726463350926,1.038465576171875,0
bg_02955,background,29.653402133731866,-9.77460648558608,51,6,270.31451416015625,0.49743922790273537,0.32739990234375,0
bg_02956,background,26.3142065459215,-10.703684955054952,8,7,417.81805419921875,0.9005674242202582,0.40595947265625,0
bg_02957,background,29.69030830385028,-5.758608377049303,82,7,529.2235107421875,0.6579737251733857,0.48262451171875,0
bg_02958,background,24.130989697154902,-15.531760512265507,82,7,0.0,0.0,0.0,0
bg_02959,background,30.40332005195152,-9.047460120667694,24,6,169.3644561767578,0.7251905342123283,0.331767578125,0
bg_02960,background,32.25557217066871,-8.872322698441273,40,3,165.38790893554688,1.1514364216156843,0.61527099609375,0
bg_02961,background,31.799641870164404,-8.754522814496015,19,5,226.43003845214844,3.3566766719176764,1.7767626953125,0
bg_02962,background,26.8261465382961,-12.973965691735497,8,6,135.81781005859375,0.7343058878260185,0.493662109375,0
bg_02963,background,29.592936679762577,-6.087498263460565,82,7,500.2137145996094,0.4270509353349539,0.342899169921875,0
bg_02964,background,30.2520543748287,-7.861604273429035,66,7,2164.127197265625,31.1172640491392,22.5962109375,0
bg_02965,background,23.786936365632094,-12.022453982230772,27,6,264.6095886230469,0.5188325349462988,0.24054443359375,0
bg_02966,background,30.624233357677543,-7.92111132347838,8,9,2023.8955078125,32.36709865700066,24.2676123046875,0
bg_02967,background,22.301258113974228,-14.671987181061168,39,7,240.17662048339844,0.7022190862606866,0.3445941162109375,0
bg_02968,background,31.66528430650968,-7.626005265047247,24,5,559.378173828125,0.6512707127788957,0.32576904296875,0
bg_02969,background,28.253466532542774,-9.263321417003114,67,7,297.80987548828125,0.9180134354221933,0.481317138671875,0
bg_02970,background,29.904027133448565,-5.318923950508712,82,7,606.2085571289062,0.8004469432913458,0.44479736328125,0
bg_02971,background,27.92888147882434,-9.41757825974012,24,6,534.2542114257812,3.2531827649312968,1.63095947265625,0
bg_02972,background,31.61622882067852,-7.375299970028259,8,9,971.8320922851562,15.386163101152684,9.1871826171875,0
bg_02973,background,34.103412595147425,-6.533765355562075,14,3,130.41986083984375,0.7903506966791848,0.5966094970703125,0
bg_02974,background,32.15350896538501,-4.7522493821931615,71,3,1945.455078125,7.61718428985021,4.442080078125,0
bg_02975,background,25.761853702007386,-14.179794174006235,23,6,122.36540222167969,0.5447177358180921,0.20677947998046875,0
bg_02976,background,25.407296857374927,-12.72029839857164,8,7,278.0420837402344,0.7430729519529983,0.49802490234375,0
bg_02977,background,30.54389907640739,-5.379968230281635,8,3,867.1712646484375,1.861468846320932,0.9240869140625,0
bg_02978,background,28.21574873901702,-8.756870107446124,27,6,536.0918579101562,0.48348431520034824,0.17578369140625,0
bg_02979,background,23.115884820216827,-14.122138398424584,8,7,264.1000061035156,0.6423836070984458,0.38659912109375,0
bg_02980,background,22.029053186255315,-14.521695446674741,8,7,257.2509460449219,0.5372238917690922,0.296749267578125,0
bg_02981,background,34.638392441510135,-2.8874594692450914,8,3,265.3565673828125,3.0382038260095334,1.625423583984375,0
bg_02982,background,26.815053181553424,-12.47480646042391,8,7,88.43321990966797,0.5262813694314995,0.263001708984375,0
bg_02983,background,34.15601593421605,-4.18530467807627,26,9,848.7633666992188,34.451654229319004,21.78432373046875,0
bg_02984,background,26.44753757686537,-12.033632187535947,8,7,329.9964599609375,0.5615854039039947,0.244398193359375,0
bg_02985,background,23.515501253149747,-13.58507572657772,8,7,398.95062255859375,0.625154619030156,0.362220458984375,0
bg_02986,background,30.765960960678534,-7.146613986950205,8,9,1580.9957275390625,18.1386394613917,9.4657666015625,0
bg_02988,background,29.653194722993057,-8.797658907538784,49,7,1765.4698486328125,20.717085918134753,12.23271484375,0
bg_02989,background,24.444249694745125,-12.854725567025701,8,7,196.13253784179688,0.6340195589315759,0.370555419921875,0
bg_02991,background,26.096844954908594,-12.032453457155745,8,7,380.8506164550781,0.4552741000269982,0.2964208984375,0
bg_02992,background,29.60789319919585,-8.503096921701466,49,3,1022.166259765625,11.658354159481535,6.1016357421875,0
bg_02993,background,34.01744707248678,-6.596728446626269,14,3,181.71490478515625,2.531164491147937,1.1974798583984374,0
bg_02995,background,31.60781244006255,-6.265139342122387,71,9,2142.181396484375,10.450101944992165,5.690498046875,0
bg_02996,background,28.861965823331044,-10.112308792298638,56,6,462.45233154296875,7.740205520589012,4.692083740234375,0
bg_02997,background,27.410500535895185,-10.909342643081697,8,7,305.7569885253906,2.358255317395703,1.218848876953125,0
bg_02998,background,30.030280162065516,-6.041794245895464,8,8,834.5064697265625,8.267706125057723,4.2865966796875,0
bg_02999,background,24.47281443121783,-14.50149316386308,23,6,179.87815856933594,0.5709530821595453,0.2825823974609375,0
bg_03001,background,29.913592816061062,-5.91858695071179,14,7,585.647705078125,1.108981614275572,0.59605712890625,0
bg_03002,background,26.926582994075503,-8.829180867713239,24,7,413.2082214355469,0.6420896524634997,0.222764892578125,0
bg_03004,background,22.398559202157116,-13.842185017577497,8,7,255.2006072998047,0.5264795971085638,0.2555255126953125,0
bg_03005,background,24.161737410220972,-15.303815776081716,40,6,60.978599548339844,1.2673136938928105,0.5863069152832031,0
bg_03006,background,31.129829850081464,-5.8511920939558815,38,9,2178.00390625,25.734027399004393,16.974248046875,0
bg_03007,background,33.31643680463302,-6.154871557057559,30,3,950.4991455078125,5.32716373192351,3.284453125,0
bg_03008,background,31.752053599989736,-3.9807101278993753,32,3,986.153076171875,5.564728827685277,3.683125,0
bg_03009,background,27.59119564030964,-11.948018324160769,27,6,307.1341552734375,0.4070509940345094,0.154083251953125,0
bg_03010,background,30.63796925397637,-6.083128018193242,11,9,1478.71923828125,4.365790756680608,2.32537109375,0
bg_03011,background,34.83033705977106,-3.490038663577914,14,1,522.9771728515625,4.159736329805899,2.2262353515625,0
bg_03012,background,27.616551503221867,-12.775244930209597,40,7,51.31032943725586,0.5386886078518467,0.3004841613769531,0
bg_03013,background,33.59616372815427,-5.545075906270467,71,3,976.482421875,1.774153521769166,0.992646484375,0
bg_03014,background,26.68777527910609,-11.328445596575847,15,7,232.5045928955078,2.120138826183424,1.241968994140625,0
bg_03015,background,29.988879424818514,-5.735290883643668,63,7,583.7761840820312,0.588319739683538,0.258447265625,0
bg_03016,background,24.214035081129737,-15.066393647701831,37,6,117.18799591064453,1.119825085193961,0.545950927734375,0
bg_03017,background,26.197888261788222,-9.943866798696266,8,7,460.2033996582031,0.6740687654677552,0.293585205078125,0
bg_03018,background,33.13108283266013,-4.161422967824428,8,3,1362.037353515625,19.97544482491619,12.2770263671875,0
bg_03019,background,31.629498471050777,-8.311361391987125,24,5,377.54296875,1.0631005597076255,0.369287109375,0
bg_03021,background,29.831036377213483,-6.871872922522536,60,7,519.9899291992188,2.105751883649992,0.99200927734375,0
bg_03023,background,31.39623183346564,-4.857256929668863,38,3,1258.0404052734375,22.38681999995722,11.9446826171875,0
bg_03024,background,25.595378095575665,-13.847830773355295,23,6,190.6498260498047,0.47365269779678837,0.213223876953125,0
bg_03025,background,32.287345354083826,-4.122943893962467,71,3,1387.60693359375,1.9729275663357075,1.31541015625,0
bg_03026,background,27.319665713182772,-12.918718995723873,27,6,96.87523651123047,0.6829476493000639,0.45946075439453127,0
bg_03027,background,23.16548668624426,-15.189954059759685,29,7,208.44468688964844,2.3131758002452805,1.3364483642578124,0
bg_03028,background,33.19573273448514,-2.3445624167624253,43,3,1252.4173583984375,1.1958828094051182,0.7879931640625,0
bg_03029,background,23.828714792208224,-12.209197441074666,8,7,263.70452880859375,0.9057932913021882,0.33298583984375,0
bg_03030,background,27.453150203323258,-9.325501708562765,27,7,483.5545959472656,0.5433139534290866,0.291795654296875,0
bg_03032,background,31.912710650584746,-7.519551281410909,56,3,634.8775024414062,1.4822573258384057,0.65771728515625,0
bg_03033,background,22.122510363751836,-16.828790852778432,82,3,0.0,0.0,0.0,0
bg_03034,background,26.817510225985455,-10.85073470043751,15,7,263.0830383300781,4.586347228761997,2.58665771484375,0
bg_03035,background,24.341888345145644,-15.183571774541175,40,7,46.820709228515625,0.3183702489482284,0.129124755859375,0
bg_03037,background,32.96192504408233,-2.390687988378639,13,3,1398.0714111328125,3.221918670899519,1.8280615234375,0
bg_03039,background,35.056318546077996,-4.730349994613034,69,9,1134.86328125,28.39673521305734,17.787578125,0
bg_03040,background,31.698665161289995,-8.088841872985247,24,5,383.2029724121094,1.8125821625664775,1.00429443359375,0
bg_03041,background,32.74996354943712,-6.263713210770867,13,3,660.0411987304688,3.3722151316126663,1.9601171875,0
bg_03042,background,28.217931717056803,-9.95921062726839,24,7,318.8038024902344,0.7746558613078308,0.44037353515625,0
bg_03043,background,34.05516382426991,-5.456090407736719,71,9,848.6138916015625,12.54988756468519,7.32227783203125,0
bg_03044,background,32.43995647845325,-6.323628158787811,24,5,496.9869689941406,6.021057588466033,4.65369140625,0
bg_03045,background,31.710179068273106,-7.50225157489971,24,3,613.4613647460938,0.7191354202852032,0.33135009765625,0
bg_03046,background,35.168685983646085,-4.093018318331175,25,3,489.69476318359375,33.388292289662076,20.910950927734376,0
bg_03047,background,33.267789816135604,-8.111558293089097,17,3,159.35482788085938,2.415552470557011,1.140941162109375,0
bg_03048,background,31.72737708703108,-4.930165712065763,13,11,1105.3065185546875,1.6409861532684618,0.9111572265625,0
bg_03050,background,26.59583184298399,-10.341359874953513,60,7,406.84393310546875,12.825653808376114,8.302938232421875,0
bg_03051,background,28.535966505688222,-10.518036103600442,66,9,472.8844299316406,27.397495155334266,17.45419189453125,0
bg_03052,background,26.59708097655832,-9.490549758048571,24,7,478.4888610839844,1.2850371735957835,0.511502685546875,0
bg_03053,background,27.63604661904837,-11.305340483717517,8,7,193.57333374023438,0.7134076237889723,0.5039178466796875,0
bg_03054,background,33.42732599579649,-6.8814643448464885,28,9,434.7840576171875,15.342868996091145,7.15943359375,0
bg_03055,background,33.671477263375486,-3.1196105364723272,24,3,1321.6522216796875,0.5985810368345733,0.2681787109375,0
bg_03056,background,33.01671120241708,-7.863004286109181,68,5,307.17303466796875,2.528850674933577,1.42571044921875,0
bg_03057,background,24.004862886279884,-12.774449680424258,8,7,215.75636291503906,0.78089971491562,0.2486846923828125,0
bg_03058,background,34.993506359543844,-5.016002079183065,69,3,858.5706787109375,20.66594240228985,12.73904296875,0
bg_03059,background,31.157836514964448,-7.340390079492843,8,9,1952.95556640625,5.329718405139946,2.737451171875,0
bg_03060,background,26.02935985883279,-12.956959278846675,8,6,215.1571502685547,0.6010765893290559,0.30807861328125,0
bg_03064,background,22.520054216132888,-14.18198259830783,8,7,282.401611328125,0.28243838340965655,0.13034423828125,0
bg_03065,background,33.28996435990643,-1.8707815934956633,43,3,1188.6961669921875,0.5564681320435071,0.2390673828125,0
bg_03066,background,27.906372444134877,-10.291469737172362,24,7,445.10736083984375,0.7373438351658892,0.33275146484375,0
bg_03067,background,21.90890266258009,-15.66204865861264,29,7,155.75543212890625,1.3798769558794548,0.9421783447265625,0
bg_03068,background,32.554045553406894,-3.324939116144604,71,3,1300.9554443359375,1.738729421560825,0.9436181640625,0
bg_03069,background,22.566150110304445,-13.277818714884607,8,7,319.61138916015625,0.5446145384864252,0.1601025390625,0
bg_03070,background,26.20870172309086,-9.038329258151608,8,7,434.776123046875,1.7219522897073347,0.67177734375,0
bg_03071,background,27.86706733966653,-11.775661906383924,27,7,271.2234802246094,2.9035767369400856,1.63748291015625,0
bg_03072,background,30.785921495754028,-4.502580053428367,63,3,643.0062866210938,1.1476341571678417,0.6324658203125,0
bg_03073,background,32.22333163076859,-2.780030902916562,14,3,933.3284912109375,3.942490312320582,1.85704345703125,0
bg_03074,background,29.889942883789736,-9.724765592946193,8,7,147.92559814453125,3.6548893909890943,2.2473828125,0
bg_03075,background,22.18247668653228,-16.654423578968565,62,7,5.412959098815918,0.65430496239484,0.39469173431396487,0
bg_03076,background,31.6354691765982,-8.049503213499262,24,5,440.8212585449219,3.3534394021348177,1.57117919921875,0
bg_03077,background,23.813941089364526,-13.254094661567988,69,7,310.3155822753906,1.800176840759647,1.109564208984375,0
bg_03078,background,33.90479811249595,-3.036679008978518,18,3,1545.522705078125,3.626742910181135,2.1556640625,0
bg_03079,background,26.38858848482409,-11.757990341166586,69,7,343.6032409667969,4.710722026655777,2.735458984375,0
bg_03080,background,21.93811148918728,-15.100291867923309,29,7,207.08241271972656,1.1538927116512099,0.70113525390625,0
bg_03081,background,33.62619492127547,-6.119272779700531,56,9,611.021484375,21.10841818762463,11.56892333984375,0
bg_03082,background,25.06644256226356,-12.740596037183922,15,7,344.38671875,1.4004314129574609,0.778143310546875,0
bg_03083,background,24.30969190525206,-12.474526680485477,8,7,248.06661987304688,1.1875246754697166,0.74772705078125,0
bg_03084,background,34.03165585093201,-4.6613389249436,48,8,423.149658203125,15.07918227732329,8.19179443359375,0
bg_03086,background,28.419895719468375,-8.692023974225624,27,6,560.1694946289062,0.5093898889324584,0.25111083984375,0
bg_03087,background,30.78868268702615,-7.048184986966147,8,3,1481.0499267578125,8.576398096840206,4.6751025390625,0
bg_03088,background,28.906913667465496,-10.054035648297695,24,6,267.60223388671875,0.859665045441034,0.486561279296875,0
bg_03089,background,24.17980984582993,-12.349561899375153,8,7,215.14027404785156,1.0800119929594305,0.7145709228515625,0
bg_03090,background,26.323989864078133,-12.673825438263535,8,7,214.0810089111328,0.6540043062643558,0.364869384765625,0
bg_03091,background,26.233211199958948,-10.122162400770492,8,7,471.2119445800781,0.3614395852071701,0.288377685546875,0
bg_03092,background,30.123734152478395,-8.3489473893998,66,9,1799.252197265625,9.622222932540895,5.7158203125,0
bg_03093,background,22.05821124626807,-13.74482565313494,8,7,255.33578491210938,0.5533677649352421,0.2323699951171875,0
bg_03094,background,30.59720900967597,-5.478603229747811,14,3,826.6954956054688,1.8595964295181282,1.02772216796875,0
bg_03095,background,22.181482545999156,-15.67960699685778,29,7,170.08074951171875,0.8811756228686207,0.5357403564453125,0
bg_03097,background,32.28104232546726,-6.146055239165957,71,9,1303.6435546875,30.049711909461582,17.3508935546875,0
bg_03098,background,31.01319913777885,-5.243597012206099,14,3,912.9119262695312,1.1653769192205288,0.6146142578125,0
bg_03099,background,32.28054078760367,-4.5754063924905495,71,3,1377.8934326171875,3.983975588556762,2.3459375,0
bg_03100,background,27.992519026809795,-11.820329898463006,27,6,176.879638671875,0.6953507654828976,0.3979046630859375,0
bg_03101,background,23.919311760412427,-12.284655410965424,8,7,251.48802185058594,0.8935653743323243,0.316907958984375,0
bg_03102,background,29.8071560433164,-9.34159261483954,49,8,140.65589904785156,3.143944473852049,2.3324322509765625,0
bg_03103,background,34.350332708749036,-6.3568744982417105,24,2,5.348100185394287,0.6915465270020621,0.20577646255493165,0
bg_03104,background,24.29050543857327,-13.69783617024945,23,7,319.3149719238281,0.7914472867722098,0.409609375,0
bg_03105,background,31.954360024949185,-8.948245989719156,68,3,491.60406494140625,6.956887685326855,4.339317626953125,0
bg_03107,background,33.862620217579554,-5.737420523987965,8,3,352.2104187011719,10.465147125609182,5.99876708984375,0
bg_03108,background,30.074403827850407,-8.98516963923456,49,9,850.976318359375,23.4005217447317,15.65714111328125,0
bg_03109,background,31.13966512806651,-6.03732472226753,38,9,1779.807373046875,24.151173071809104,12.233662109375,0
bg_03110,background,21.661738577112775,-13.699609849409015,45,6,220.3632049560547,0.7025384938421713,0.215335693359375,0
bg_03111,background,33.060031597567644,-3.5919211643576023,57,3,1052.62060546875,5.49407574219484,3.0551025390625,0
bg_03112,background,32.87460174464943,-8.023525272880228,10,8,198.08729553222656,0.7324909425233193,0.341729736328125,0
bg_03113,background,22.28395401402487,-16.48462532542716,40,7,24.661800384521484,0.4842114318386578,0.1728504180908203,0
bg_03114,background,35.29146847304493,-5.964171016438333,70,1,76.9002685546875,1.616206660828534,0.8634197998046875,0
bg_03115,background,31.66850534489343,-3.3580082171308505,82,3,1049.8662109375,5.308482078968872,4.250634765625,0
bg_03116,background,31.642706618499567,-5.6167531974559886,71,9,1952.939208984375,8.795974489423688,4.5372021484375,0
bg_03117,background,31.86676487173838,-5.654818772825461,71,7,2672.1669921875,23.910733646950845,15.38884765625,0
bg_03118,background,30.927142500448372,-4.959095696923065,28,3,880.0430908203125,13.21162939275395,5.67666259765625,0
bg_03119,background,29.08341385316731,-8.958549758098089,10,7,859.1244506835938,39.11818349327402,30.51814453125,0
bg_03120,background,26.667211920881687,-11.102301179735967,15,7,217.070556640625,0.6966472268256715,0.3690142822265625,0
bg_03121,background,32.97824274718267,-3.859595457018748,14,3,981.8684692382812,1.2379908141026241,0.65392578125,0
bg_03122,background,29.350535236718365,-10.16186550408232,8,9,369.3431396484375,18.698955791612114,10.6485498046875,0
bg_03123,background,28.08652339396917,-10.31300957177942,24,7,402.8259582519531,0.7145987501624639,0.40506591796875,0
bg_03124,background,33.918953449917694,-3.97096986323697,71,8,898.1083984375,20.753135942732055,12.49397216796875,0
bg_03125,background,23.523564980240504,-14.044491631159538,8,7,302.33648681640625,0.7035361116783045,0.39000244140625,0
bg_03126,background,32.468370349245205,-8.502738016334552,24,5,209.1791229248047,0.6412321299009031,0.1932635498046875,0
bg_03127,background,27.3235655757672,-9.058097780837604,27,7,458.56158447265625,1.1531511042352391,0.724755859375,0
bg_03128,background,31.35883724815257,-8.464291028902776,43,3,635.2261352539062,1.4492233144817577,0.87075439453125,0
bg_03129,background,23.14408873009656,-15.782626591442142,23,6,140.52734375,0.8933147032508177,0.700908203125,0
bg_03130,background,23.620295319475154,-12.160021138422243,8,7,301.7329406738281,1.0584445407310725,0.679808349609375,0
bg_03131,background,31.97858917106829,-3.3884631327669728,14,3,904.7173461914062,0.6297965627148326,0.30925048828125,0
bg_03132,background,32.47216496282083,-6.298778976871597,24,5,521.061767578125,0.5030533561786056,0.26602783203125,0
bg_03133,background,25.733404523140905,-12.428985294449244,8,7,306.0973205566406,0.6316119313395823,0.242691650390625,0
bg_03134,background,33.532202211069375,-5.366540071778959,56,3,1132.782958984375,12.004351851821028,6.671630859375,0
bg_03137,background,32.35669273171629,-2.1092979339507303,14,3,1047.097900390625,0.42419006621420186,0.238662109375,0
bg_03138,background,29.62286664813775,-6.380512744195984,82,7,466.03369140625,0.8193403303037842,0.275819091796875,0
bg_03139,background,31.93551863277395,-4.165544108463773,32,11,1058.6832275390625,6.488124546552936,4.0342529296875,0
bg_03140,background,32.302959732607846,-6.045691748536711,71,9,1072.884033203125,23.76800518916086,15.11337890625,0
bg_03141,background,21.73188996052236,-15.16988583885572,8,7,172.3018341064453,1.0565116510042805,0.4812445068359375,0
bg_03142,background,25.454719448825763,-12.642118327694728,8,7,292.9841613769531,0.7651701164034762,0.471343994140625,0
bg_03143,background,32.877965080948584,-6.277619453085446,13,3,836.5299072265625,7.479089213528481,3.869306640625,0
bg_03144,background,27.20839710081854,-12.82633622549561,27,6,107.85606384277344,0.5000391308840695,0.27711822509765627,0
bg_03145,background,22.937642251641073,-13.091695620913425,8,3,316.2066345214844,1.2079046792905248,0.6329248046875,0
bg_03146,background,32.38959481123909,-5.065038790629491,71,9,1984.518310546875,14.357766566062159,9.1872900390625,0
bg_03147,background,22.159274145825094,-16.357017857523587,40,7,64.0649185180664,2.6593021300788244,1.5866290283203126,0
bg_03148,background,27.721140386909752,-9.265089729920618,24,6,496.02593994140625,0.8511117908409719,0.472645263671875,0
bg_03149,background,25.12353484202879,-11.976132448720588,82,7,361.0705871582031,1.1838788815914545,0.686962890625,0
bg_03150,background,33.67309524662765,-6.8601036194709675,26,5,295.1472473144531,9.59557391834163,5.951678466796875,0
bg_03151,background,26.00727427034033,-8.678377972623537,8,3,389.2007751464844,0.5283550438070449,0.172069091796875,0
bg_03152,background,27.471373937534473,-10.25667018510927,27,7,562.16552734375,1.0971570907871544,0.63604248046875,0
bg_03153,background,31.998939767492143,-6.694826742585074,71,3,1211.0208740234375,16.419089892570245,10.725947265625,0
bg_03155,background,22.060197272351342,-13.575575518619125,8,7,270.27691650390625,0.3866902974101024,0.24096923828125,0
bg_03156,background,23.61964766005997,-13.15787764298245,8,7,308.534912109375,0.4899201030648914,0.16260498046875,0
bg_03157,background,24.341782685974657,-13.575082424129237,23,7,334.5655822753906,1.1547931379279242,0.721934814453125,0
bg_03158,background,24.613148317251486,-14.062371686718953,8,6,234.0982666015625,0.4953657335998947,0.3245025634765625,0
bg_03159,background,23.985233084055682,-14.501239630549373,23,7,222.21560668945312,0.68855316474186,0.3997216796875,0
bg_03160,background,25.534836603820512,-13.947835469558244,23,6,175.1751708984375,0.41705543691866553,0.2304864501953125,0
bg_03161,background,29.786771909414103,-5.343470398880034,82,7,605.981689453125,6.026842197313637,3.89885986328125,0
bg_03162,background,33.05326967253614,-8.599481944112648,17,3,65.64248657226562,1.143103269414927,0.6893255615234375,0
bg_03163,background,26.32269241151086,-9.125198509862106,8,7,447.88934326171875,0.3745606319012167,0.17164794921875,0
bg_03164,background,27.382518374427352,-11.265404522100528,8,7,181.2233123779297,1.5208571475356945,1.1752813720703126,0
bg_03165,background,32.88889326206473,-3.57012825773887,14,3,1294.3883056640625,9.664885898638259,5.0835205078125,0
bg_03166,background,28.75061384579032,-9.961454360019081,49,7,593.2618408203125,7.066637741348901,4.279267578125,0
bg_03167,background,27.17099745087014,-10.562141380211271,8,7,352.4669494628906,15.210634388408096,8.679642333984376,0
bg_03168,background,24.31226644999947,-12.08200435548123,8,7,216.33157348632812,0.9513569439755257,0.3424273681640625,0
bg_03169,background,30.06336921002874,-5.784599811219759,8,8,792.4521484375,12.335593668097298,7.58629150390625,0
bg_03170,background,25.41618283324769,-13.071681727989237,8,7,243.21505737304688,1.1446089128494787,0.509693603515625,0
bg_03171,background,30.425535255331802,-4.900002313113479,82,3,742.1608276367188,3.102145365965105,1.42090087890625,0
bg_03172,background,23.706051651779177,-15.302753279411839,23,6,165.42953491210938,0.43561617360832483,0.28301513671875,0
bg_03173,background,22.875138638358923,-15.365779489387387,29,7,226.4587860107422,0.8568585399350411,0.446873779296875,0
bg_03174,background,23.054441582676983,-14.881639521452925,29,7,213.6692352294922,0.544269988016941,0.2564617919921875,0
bg_03175,background,21.455688517832375,-15.434439927761522,8,7,144.64617919921875,0.8181539414353776,0.2909613037109375,0
bg_03176,background,22.0029205362266,-14.959860263892644,39,7,208.17880249023438,0.6092647591454573,0.3848199462890625,0
bg_03177,background,32.638833039929985,-1.8841931767221856,32,3,1282.039794921875,2.098920217537574,1.35751953125,0
bg_03179,background,23.172355518402366,-14.607380533605005,39,7,253.0426788330078,0.6077229863636674,0.2221453857421875,0
bg_03180,background,29.635804390363756,-7.747333132269476,14,7,464.37835693359375,4.177321107430522,3.300325927734375,0
bg_03181,background,24.0743070241396,-14.313548440458668,23,7,256.3198547363281,1.158898522216208,0.543673095703125,0
bg_03182,background,26.366525016967227,-9.975602644535165,8,7,484.4822998046875,0.7788307486895235,0.304044189453125,0
bg_03183,background,32.07584698827553,-7.924698422174964,24,5,423.7767639160156,1.0393553073101889,0.547686767578125,0
bg_03184,background,31.01024882086299,-9.431586948579396,69,9,713.841552734375,9.319659802084441,4.8811083984375,0
bg_03185,background,26.472062747718407,-9.99255056379711,61,7,441.57257080078125,1.9531338626977284,1.18955078125,0
bg_03186,background,33.029054082609754,-3.0222022937446815,32,7,1514.5980224609375,2.9273097871832854,1.55740234375,0
bg_03187,background,33.98789990934707,-6.301635705138691,14,10,276.9675598144531,4.856785174182012,3.6173974609375,0
bg_03188,background,27.73419747640122,-10.581525496112576,24,7,442.5075378417969,0.6005629117576046,0.376959228515625,0
bg_03189,background,26.20094398043967,-10.132311804733408,8,7,465.9497985839844,0.3683289099405534,0.1517626953125,0
bg_03190,background,21.604744053922694,-14.560709755701382,8,7,191.48275756835938,0.5960737525625519,0.32176025390625,0
bg_03191,background,27.395547085575082,-8.786888250840857,27,6,463.96240234375,0.4405236267574402,0.138392333984375,0
bg_03192,background,29.884927854088968,-8.512554337618186,56,7,1341.5760498046875,18.93094514985398,11.12982421875,0
bg_03193,background,32.05786324622804,-3.687521882798723,13,3,1285.038330078125,8.00182563348029,4.177587890625,0
bg_03194,background,33.86634512796901,-6.7609843240165235,8,5,147.63682556152344,27.306843218045437,16.750843505859375,0
bg_03195,background,23.073530810673258,-15.512062067633558,39,7,214.30812072753906,1.049818918188197,0.5666680908203126,0
bg_03196,background,25.163965315025955,-13.191205127658913,8,7,203.54859924316406,0.495508780290357,0.21748779296875,0
bg_03197,background,34.93844598013666,-2.4510752673139273,14,3,76.90631866455078,0.6293841444028979,0.32391143798828126,0
bg_03198,background,34.5322416923281,-2.916340750610722,59,10,273.6598205566406,2.163370534961896,1.0333837890625,0
bg_03199,background,27.045572660152498,-11.802775636042869,24,7,234.8285675048828,1.0531389166505702,0.39485595703125,0
bg_03200,background,31.49042250651355,-6.264003576973178,71,7,2453.395751953125,23.16440274449664,13.33220703125,0
bg_03201,background,31.63170436011113,-5.0429335880836925,14,3,1034.3099365234375,0.6095024103223281,0.34107421875,0
bg_03202,background,29.896711885381976,-6.726092386284845,14,7,511.0718688964844,0.7039837767518985,0.418116455078125,0
bg_03203,background,21.581360448291907,-14.198644763126843,8,7,214.36415100097656,0.559300339137685,0.2314141845703125,0
bg_03204,background,33.76733323047867,-2.145526755455365,14,3,1020.6585693359375,2.515306242135458,1.5797998046875,0
bg_03205,background,27.01439943497623,-9.983616544450598,8,7,369.3911437988281,0.741028950254391,0.359111328125,0
bg_03206,background,32.139159202213264,-4.250533868983334,71,9,1550.8084716796875,21.496367708148757,11.686650390625,0
bg_03207,background,34.70404267825321,-3.609120124731098,64,3,699.172607421875,4.813049263616562,2.4363916015625,0
bg_03209,background,30.838003284157587,-7.321131908513541,38,9,1479.9063720703125,4.896846896935329,2.3537890625,0
bg_03210,background,26.711197844358317,-12.940956752944079,8,6,148.1580810546875,1.3914585425932804,0.7991851806640625,0
bg_03211,background,26.947820901353566,-10.312520836988567,8,7,369.51416015625,3.985507278736692,2.52821044921875,0
bg_03212,background,21.897721493270677,-16.858856755467706,62,7,9.636282920837402,0.4038715647507538,0.19328514099121094,0
bg_03213,background,30.596604758454923,-5.010032873240574,14,3,680.3159790039062,0.6675223072786403,0.23650390625,0
bg_03214,background,27.00185181690047,-12.013632825312017,69,7,228.3453826904297,1.034068279680689,0.6580438232421875,0
bg_03215,background,32.675042438751234,-4.508612713699661,14,3,1406.7171630859375,3.362600106126852,1.99455078125,0
bg_03216,background,25.548183661631516,-11.970586126021477,82,7,348.0242004394531,0.6356078261325707,0.49665283203125,0
bg_03217,background,29.87094821600953,-5.918343742445887,14,7,537.3150024414062,0.7869572196855185,0.46342529296875,0
bg_03218,background,21.490517738444897,-15.280600680355887,8,7,161.67706298828125,0.8204519218076329,0.622259521484375,0
bg_03219,background,32.831865378148365,-6.669134908760094,8,3,804.7286376953125,2.3587156837117216,1.18875244140625,0
bg_03220,background,25.213052450554127,-13.9888516447866,23,6,187.31671142578125,0.6213716718384714,0.318836669921875,0
bg_03221,background,34.29938098410645,-5.957707355651124,24,2,21.803844451904297,0.7795340056469913,0.2919457244873047,0
bg_03222,background,34.414568624827034,-1.9923514157453626,18,3,902.1632080078125,1.9272876905149074,1.02365234375,0
bg_03223,background,23.344037420151686,-13.16997878779376,8,7,325.7054443359375,0.5259587345807468,0.25093505859375,0
bg_03224,background,31.47677381689545,-7.982520863771186,24,3,652.0807495117188,1.435911504295499,0.82490234375,0
bg_03225,background,27.322998515606976,-11.178235038891147,8,7,193.2869415283203,0.914820100521668,0.3665966796875,0
bg_03226,background,22.407166637115775,-15.635474771200723,29,7,187.69259643554688,0.629673563171392,0.26978271484375,0
bg_03227,background,31.179370712496052,-7.911886619786426,66,7,1738.8170166015625,19.535667605262116,10.8293017578125,0
bg_03229,background,23.174318323232047,-15.087898514291403,29,7,171.0914764404297,0.6103653650949008,0.2159521484375,0
bg_03230,background,24.60522536536934,-12.658715779325792,8,7,251.02952575683594,0.6596536525803364,0.2999273681640625,0
bg_03231,background,22.34505416097837,-16.40078124161479,40,7,26.261770248413086,2.4408294686997576,1.5102507019042968,0
bg_03232,background,34.70921246934656,-2.239205518600296,18,3,615.9156494140625,0.6507420320395466,0.35150390625,0
bg_03233,background,25.167139575849728,-14.311453955742076,27,7,82.72674560546875,0.8254588489486021,0.3196347045898438,0
bg_03234,background,26.785424143305885,-12.436992563258276,8,7,111.43693542480469,7.2013429627469865,3.8776364135742187,0
bg_03235,background,23.676166391980118,-13.702154229363973,69,7,375.1847229003906,0.7624688536580937,0.342874755859375,0
bg_03236,background,27.3450355498112,-9.678264703930749,27,7,520.9351806640625,0.6594711365210051,0.34497802734375,0
bg_03237,background,33.546352056095046,-1.8731774317211025,43,3,1107.71923828125,0.6564054801420379,0.35810546875,0
bg_03238,background,30.445516104364494,-4.641373812339933,82,3,806.096435546875,6.252610476200514,4.05305419921875,0
bg_03239,background,21.813753556125246,-15.07659985214169,8,7,186.5904998779297,0.3802427663472095,0.1557781982421875,0
bg_03241,background,31.0418041465145,-6.321651483889181,33,3,1396.6885986328125,12.746282944472734,6.0157275390625,0
bg_03242,background,32.33583284378473,-1.4055622302155204,14,3,1055.0107421875,0.9184097968167234,0.450859375,0
bg_03243,background,30.899456414121005,-9.550438903578437,68,3,441.89764404296875,8.618006472926387,4.5356005859375,0
bg_03244,background,31.9869884860976,-3.989485756311115,32,11,1094.9781494140625,1.116364995869276,0.488359375,0
bg_03245,background,32.10602983249068,-4.138091915581089,71,9,1726.62744140625,30.655483393823307,20.46056640625,0
bg_03246,background,26.22680223241179,-10.52213270280557,8,7,483.2743225097656,2.490200308021107,1.473902587890625,0
bg_03247,background,31.98563370478189,-8.974555468090822,68,3,494.06048583984375,6.549000327580703,3.7680419921875,0
bg_03248,background,23.190658802634058,-12.7806938513469,27,3,291.04583740234375,1.3341236473964717,0.497789306640625,0
bg_03249,background,22.83008747093847,-14.130485022843958,8,7,305.2446594238281,0.4966730480024695,0.294005126953125,0
bg_03250,background,22.55003604688221,-16.139685975262406,8,6,118.84944152832031,0.7793525477153066,0.44585662841796875,0
bg_03251,background,32.37937524858317,-5.417291704414417,71,9,1748.7757568359375,7.289878758022914,4.3627685546875,0
bg_03252,background,34.37157423867501,-6.369978509665281,24,2,6.114934921264648,0.6227810305905842,0.19595991134643553,0
bg_03253,background,27.79646192301985,-9.842733705175375,27,7,549.3140258789062,1.1943612823033773,0.65591552734375,0
bg_03254,background,23.322608063160573,-13.01955153380744,8,7,301.91815185546875,0.5516243588919408,0.183831787109375,0
bg_03255,background,26.354032614746668,-8.796517668497595,8,7,469.123291015625,0.3832679930480383,0.2604736328125,0
bg_03256,background,29.989348584716094,-5.404586426010191,24,3,623.2114868164062,1.2176723008098271,0.607158203125,0
bg_03257,background,23.022673880661063,-15.129753602837694,29,7,190.16493225097656,0.9445521056394941,0.5064434814453125,0
bg_03258,background,32.96402146365391,-7.202931662326547,32,3,730.0487670898438,1.2826490022377566,0.56542724609375,0
bg_03259,background,33.946724042495596,-3.6375261242037427,48,8,861.2862548828125,19.559677906214166,12.813837890625,0
bg_03260,background,23.238434185982054,-15.32331271653149,23,7,205.5097198486328,2.2130690086132816,1.2542974853515625,0
bg_03261,background,32.43508207563019,-8.551941207597615,24,5,214.9760284423828,0.5104481757116502,0.356270751953125,0
bg_03262,background,27.7054494114266,-10.74740041938819,24,7,560.9691772460938,15.163168341098437,9.125673828125,0
bg_03263,background,31.403004299471274,-4.284871183232691,8,3,784.3256225585938,0.5942263052471745,0.26482421875,0
bg_03264,background,32.34932741415882,-1.4930400275315738,18,3,1368.7470703125,9.469343449781032,5.6882080078125,0
bg_03265,background,22.17114526902192,-15.327427222805763,29,7,253.18161010742188,1.4139966812499762,0.8167828369140625,0
bg_03266,background,23.350541611861164,-15.839356266385114,23,6,74.48303985595703,0.5726550644106564,0.23510528564453126,0
bg_03267,background,29.769555138895104,-7.983004576635284,10,7,754.9827270507812,10.652911936041443,6.2261669921875,0
bg_03268,background,32.01065381749596,-7.40912202438292,41,5,574.2921142578125,21.966581897618035,14.44783203125,0
bg_03269,background,31.738430537328103,-5.042506369838804,8,3,1069.4024658203125,0.6390530715696792,0.3540478515625,0
bg_03270,background,30.297758340585336,-5.847046556117064,8,3,726.743408203125,4.529604208876533,2.79255615234375,0
bg_03271,background,32.11980556738905,-7.863218843707319,51,5,426.1377258300781,0.5227814420319916,0.232421875,0
bg_03272,background,30.786778125605437,-9.40921695173164,68,8,1129.073486328125,19.809506581727366,12.958544921875,0
bg_03273,background,31.608620990612675,-9.421175553136282,69,5,435.8814392089844,8.884150885844734,5.474559326171875,0
bg_03274,background,26.383750670883323,-8.868309275692747,8,7,469.33734130859375,0.47039388553542866,0.29985595703125,0
bg_03275,background,34.4672665844571,-3.4722935888375566,67,10,754.2849731445312,6.834583018094513,3.57805908203125,0
bg_03276,background,29.60152318017202,-9.100816986702279,66,3,954.0459594726562,3.197604463578746,1.668154296875,0
bg_03277,background,32.7742851750239,-5.291015216749441,8,9,1574.4622802734375,10.853148763752786,6.2190673828125,0
bg_03278,background,26.40060580557853,-11.924066497955652,11,7,501.4252014160156,5.7697313118391405,2.807994384765625,0
bg_03279,background,24.06827757996411,-14.255297419167958,23,7,273.8931884765625,1.0597275697011586,0.4999267578125,0
bg_03280,background,33.45919337652319,-1.8129843799324594,43,3,1139.482666015625,0.45274608268213723,0.141123046875,0
bg_03281,background,34.853163490383245,-6.155409580916574,14,6,5.26710319519043,4.015897342384448,2.3390668487548827,0
bg_03282,background,25.658047250495144,-14.146674611955834,23,6,130.38235473632812,0.44959724800880363,0.289832763671875,0
bg_03283,background,31.69624397582967,-5.467089980842151,71,9,2138.4482421875,29.451731808127676,19.333759765625,0
bg_03284,background,27.79610772364379,-10.38143547061672,14,7,505.3267517089844,2.799117756477011,1.18060546875,0
bg_03285,background,28.169093153455293,-11.904789736370935,82,7,0.0,0.0,0.0,0
bg_03286,background,31.815752464796596,-8.104879506956781,56,5,457.8349304199219,7.769833897918786,4.002730712890625,0
bg_03287,background,32.31410584541042,-7.755462053879629,8,5,421.3657531738281,1.7486919561987921,1.03718017578125,0
bg_03288,background,34.10555792465759,-6.26436888578206,14,3,179.8873748779297,1.9705704892213327,1.5202496337890625,0
bg_03289,background,24.092014411247554,-12.400806814188572,8,7,218.92161560058594,1.7259882953618206,0.589384765625,0
bg_03290,background,27.309679871270895,-12.21433304499661,27,6,250.54002380371094,0.5776704185910415,0.2412176513671875,0
bg_03292,background,29.929651115868804,-9.506150052508945,14,6,120.71642303466797,1.1140176460674007,0.407581787109375,0
bg_03293,background,24.804132095227914,-12.697127700399893,8,7,238.03587341308594,0.4580624207171456,0.1499542236328125,0
bg_03294,background,27.07201090123291,-8.941381680383,27,7,453.0827331542969,0.8161846739282229,0.356119384765625,0
bg_03295,background,28.072231449436433,-8.931686612249015,27,6,517.1270141601562,1.2414067345398512,0.63349609375,0
bg_03296,background,22.005417527683953,-13.604827453421295,8,7,245.86688232421875,0.47825169077820634,0.2613177490234375,0
bg_03297,background,33.58516819313207,-3.070841083725024,8,3,1298.682373046875,0.6226238430450554,0.3044580078125,0
bg_03298,background,32.46096885299666,-2.9115312878577413,14,3,1094.3236083984375,1.1191454115503092,0.639765625,0
bg_03299,background,32.58998633091311,-2.4664309009689975,13,3,1209.461669921875,10.395538391819404,6.7070458984375,0
bg_03300,background,33.15472989169735,-6.381911942067013,56,9,535.1992797851562,16.204829495731573,9.05025146484375,0
bg_03301,background,26.572402013773072,-11.084713283437226,60,7,267.05560302734375,1.2198667394341451,0.626353759765625,0
bg_03302,background,26.327620577604375,-10.150476927785462,8,7,467.7479248046875,1.0793598836899647,0.582471923828125,0
bg_03303,background,32.40399167209543,-8.059923025232088,10,11,426.78955078125,4.785540072835846,2.946680908203125,0
bg_03304,background,23.26045793326783,-12.84318935527967,8,7,282.2592468261719,0.5675433838802683,0.1951806640625,0
bg_03305,background,24.632999649805342,-14.354313635419965,23,6,183.228271484375,1.1070820609864027,0.531304931640625,0
bg_03306,background,27.533242769358903,-9.472094815185017,27,7,498.95220947265625,1.2064347934675204,0.676248779296875,0
bg_03307,background,26.143096455358723,-14.062145780587715,63,7,15.98488712310791,0.38096361523626016,0.18345478057861328,0
bg_03309,background,23.78630837698244,-13.64270781772155,69,7,339.8849792480469,3.3410210718674014,1.83497314453125,0
bg_03310,background,33.080487450623714,-7.877475546617818,41,5,254.10545349121094,0.8841151335660742,0.3899188232421875,0
bg_03311,background,29.362217106977415,-9.565873422635281,38,9,1087.933837890625,11.46589793654656,5.417529296875,0
bg_03312,background,25.52302283932831,-12.039015540643955,60,7,366.0193176269531,1.0163774650127815,0.56191650390625,0
bg_03313,background,31.674907111081072,-7.014631332421154,18,3,1222.5347900390625,12.089244845821971,6.60201171875,0
bg_03314,background,32.04644315178004,-6.106489272711809,71,9,1538.2569580078125,35.65645578048667,25.3831884765625,0
bg_03315,background,26.793636421778263,-10.185986321068192,8,7,447.349365234375,0.913269326310752,0.507095947265625,0
bg_03316,background,28.244172195041713,-8.878140572166066,27,6,552.5051879882812,0.3802599218563258,0.15756591796875,0
bg_03317,background,21.95271412466476,-14.424208679930524,8,7,226.91690063476562,0.5263001852572349,0.1956768798828125,0
bg_03318,background,31.62060313677727,-4.9182550745047,8,11,987.036865234375,0.6710727425952704,0.1891455078125,0
bg_03319,background,31.226659084724844,-5.503990548603944,36,9,1823.325439453125,15.870959865514608,9.5127587890625,0
bg_03320,background,32.96447169955207,-4.695626479084318,13,6,1487.614990234375,1.8910400872455468,0.96947265625,0
bg_03321,background,29.605251973677838,-7.673347912149233,60,7,489.7528076171875,13.951478232823652,7.30938720703125,0
bg_03322,background,27.321675196677393,-10.522842578897071,24,7,450.46124267578125,9.059809580708077,6.09917236328125,0
bg_03323,background,27.01417060903119,-9.413873578015679,27,7,522.4013061523438,1.2019790440594638,0.6475048828125,0
bg_03324,background,22.685890693660244,-14.219807358173195,8,7,299.748291015625,0.6183923100706272,0.31563720703125,0
bg_03325,background,23.089662120177298,-14.051249105762775,8,7,273.2499694824219,0.3120610743695604,0.109019775390625,0
bg_03326,background,26.742335730707005,-12.445603487771798,8,7,149.86572265625,1.0461050837637924,0.659659423828125,0
bg_03327,background,27.99711229283745,-10.656249449001837,24,7,507.337158203125,1.5483153239992544,0.772850341796875,0
bg_03328,background,31.128357215850947,-6.148881218193691,38,3,1489.2115478515625,13.26744712290844,7.675263671875,0
bg_03330,background,30.776646760956492,-6.084179582475892,10,7,1256.8515625,26.3966985275481,16.1236669921875,0
bg_03331,background,32.24826057762085,-4.538023905161588,71,3,1354.3848876953125,1.903940914356635,1.1776220703125,0
bg_03332,background,31.96675608269606,-4.089980777684472,24,11,1069.7626953125,1.190064965975487,0.65388671875,0
bg_03333,background,32.474031905171735,-1.7269456771569733,14,3,1169.1025390625,0.515897640611749,0.2417529296875,0
bg_03334,background,32.03758431087509,-5.166610919984515,14,9,1543.3675537109375,10.053101612862806,4.910146484375,0
bg_03335,background,32.00939787642224,-7.484268504328359,41,5,516.087158203125,3.050009926991509,1.40986572265625,0
bg_03337,background,28.357640794076374,-9.640959974513565,24,7,269.90399169921875,6.548678287708393,4.092003173828125,0
bg_03338,background,35.87904568493771,-5.522776803999001,82,3,3.213254690170288,3.9976752806640192,1.9508801472187043,0
bg_03339,background,24.865792859714624,-12.213867162250258,8,7,298.0423278808594,0.468522944113789,0.178095703125,0
bg_03340,background,22.441657801531054,-13.09766397616474,8,7,314.5731506347656,0.6473879261004024,0.3241845703125,0
bg_03341,background,29.60729322242493,-8.088216379738036,46,7,635.1591796875,10.52723439816254,5.29751708984375,0
bg_03342,background,32.304174647620485,-5.744055735563069,71,9,2045.0201416015625,13.611769976881881,7.6955712890625,0
bg_03343,background,21.65187600958957,-13.968744676756991,45,7,225.1473388671875,0.6147710108650843,0.300306396484375,0
bg_03344,background,28.37734065494276,-8.690505599785359,24,6,546.6671142578125,0.4875408471953956,0.2072412109375,0
bg_03345,background,35.82560765573133,-5.627408719362631,82,10,73.46599578857422,15.582057606530626,6.5946484375,0
bg_03346,background,31.81574129597322,-3.229613434842339,44,3,1009.0953369140625,3.192268904726597,1.70443115234375,0
bg_03347,background,26.15956565759628,-11.47174219462326,60,7,310.7313537597656,0.6404145112754013,0.332904052734375,0
bg_03348,background,29.66678115005633,-6.210108744032745,82,7,481.531494140625,0.9838710880539864,0.57070556640625,0
bg_03349,background,21.913883311358976,-16.804215028239824,62,7,9.375749588012695,1.8573222757732457,1.2559910964965821,0
bg_03350,background,31.371545642514324,-4.3474537793380685,8,3,776.2483520507812,1.0564802450615849,0.92389892578125,0
bg_03351,background,25.094290990890944,-14.561212261411017,23,6,127.55941009521484,2.6462221716734344,1.4611376953125,0
bg_03352,background,23.260136012310053,-15.554606930713332,23,7,174.03550720214844,1.4662553151113618,0.81033203125,0
bg_03353,background,27.44617915103535,-9.527902880335139,27,7,499.6086730957031,0.9411426377551199,0.576136474609375,0
bg_03354,background,21.49498951056986,-13.820175632725698,8,6,205.0307159423828,1.7551575650729931,2.0058453369140623,0
bg_03355,background,34.61003734072589,-5.353217649031343,64,1,215.28684997558594,6.400886874416523,3.9678594970703127,0
bg_03356,background,31.847753832853368,-3.2288333694427975,14,3,848.8154907226562,1.2902198231704087,0.704384765625,0
bg_03358,background,28.8385479820341,-10.668117709724807,8,7,90.84178161621094,1.0616940211996557,0.5816714477539062,0
bg_03359,background,24.316299373486057,-12.867846391732423,8,7,211.8616943359375,0.919209531122934,0.323792724609375,0
bg_03360,background,32.2083950965504,-5.61813560088506,71,9,2318.215576171875,13.901531100406665,9.3062890625,0
bg_03361,background,31.081829703800462,-8.44243547909299,56,7,2388.658447265625,12.60298414330443,7.076982421875,0
bg_03362,background,34.30236648593977,-3.180165711596989,14,5,389.86297607421875,1.2088543223979928,0.75795166015625,0
bg_03363,background,24.36238345533632,-12.47843243273257,8,7,225.77928161621094,0.5290011506113558,0.195091552734375,0
bg_03364,background,29.484777642947012,-9.412997756426426,66,3,681.8558349609375,29.363514267114535,18.24271728515625,0
bg_03365,background,30.309186756299876,-5.527519376390072,14,3,789.748779296875,2.8268523514239727,1.50266845703125,0
bg_03366,background,24.67615941918876,-12.87289245570728,8,7,214.84376525878906,0.46212402112533113,0.2964324951171875,0
bg_03367,background,28.65590210327827,-9.642630959710331,8,7,648.8096923828125,1.3011542535006768,0.75037841796875,0
bg_03368,background,33.49916260842469,-4.8951649968292745,24,9,1831.806884765625,13.446112593698683,8.1874609375,0
bg_03369,background,30.236322607540085,-8.536917491209302,49,9,1168.02099609375,21.062303271558353,13.5097216796875,0
bg_03371,background,24.288483557151324,-14.00978991923952,23,7,269.1351318359375,0.6459041435704579,0.389765625,0
bg_03373,background,25.53884100389571,-13.74907364788411,23,6,161.50997924804688,2.7786640448784903,2.0980352783203124,0
bg_03374,background,27.134035931715378,-10.904908587968922,24,7,269.0191955566406,6.731765796263605,3.276162109375,0
bg_03375,background,30.142848122533234,-6.643801717635065,10,3,903.6817626953125,22.477432375482714,16.0518701171875,0
bg_03376,background,24.33727500985369,-14.604287990115582,23,7,167.9867706298828,0.7076390345631747,0.3104931640625,0
bg_03377,background,26.649793705737753,-12.213692791936834,8,7,266.08294677734375,0.6516181096215952,0.4039794921875,0
bg_03378,background,24.986705605222788,-12.141121589964866,8,7,332.669921875,0.49611237342183145,0.238807373046875,0
bg_03379,background,34.58740946713201,-5.972469217391569,24,6,14.282200813293457,0.5403297051343563,0.16018199920654297,0
bg_03380,background,34.090855180065056,-6.726019384692,17,3,64.56072998046875,1.1988722256459958,0.7532766723632812,0
bg_03381,background,32.98303348219757,-8.419531797691267,17,3,121.40225219726562,1.944984743102044,1.0614053344726562,0
bg_03382,background,25.217764988557214,-12.355785305480257,11,7,467.0403747558594,3.2744239726961246,1.34571533203125,0
bg_03383,background,25.421548996162592,-13.458004785754449,8,7,153.29322814941406,0.7860107093003322,0.2807489013671875,0
bg_03384,background,31.92038354747912,-5.34211710343434,71,9,2431.98779296875,21.02935128418887,11.883935546875,0
bg_03385,background,29.85643512288598,-9.135670057919484,66,9,1488.5040283203125,27.312890096753918,17.9980029296875,0
bg_03386,background,24.098126423937448,-12.804699069754642,8,7,213.93557739257812,0.703621872123533,0.2222308349609375,0
bg_03387,background,33.18509836801465,-6.572680386919287,61,8,831.626953125,22.646617681971293,14.4606201171875,0
bg_03389,background,26.853023065560723,-13.367915171350543,45,7,59.678504943847656,1.4400433054811375,0.671292724609375,0
bg_03390,background,31.626492767334785,-7.400477624423308,71,9,839.6401977539062,15.223430322173067,8.64029052734375,0
bg_03391,background,29.542961042944622,-6.891605677680432,82,7,434.5536804199219,2.9519062784101253,1.55296630859375,0
bg_03392,background,23.187581011366177,-12.98602692796017,8,7,293.68096923828125,0.7290282781214134,0.313485107421875,0
bg_03393,background,32.13069359370253,-8.75448295597377,68,8,402.7729797363281,0.8226143456830103,0.405968017578125,0
bg_03395,background,21.47371247348653,-13.683604483208814,45,6,212.29063415527344,1.9198581414077707,1.0305926513671875,0
bg_03396,background,24.876084018792245,-14.633274421343456,23,6,122.23542022705078,0.7022038444235045,0.3314556884765625,0
bg_03397,background,32.72941512194571,-4.6596156102490545,13,3,1489.7176513671875,5.148269632660794,2.7731884765625,0
bg_03398,background,31.429281162721832,-5.193087945120474,8,3,1114.764892578125,18.103235508490375,9.484658203125,0
bg_03399,background,32.26120033451674,-5.831825676383295,71,9,1903.431640625,8.778421496853554,5.3798046875,0
bg_03400,background,23.61506122059659,-15.37381259405986,23,6,164.8838348388672,0.47074442490376545,0.268480224609375,0
bg_03401,background,27.46992279984664,-9.457396925260953,27,7,491.42755126953125,0.9538240926016995,0.5815771484375,0
bg_03402,background,35.14968508013978,-3.4439595940680663,9,9,626.7412719726562,25.359618368536214,16.07868408203125,0
bg_03403,background,24.52647022145241,-13.20862205801118,8,7,305.8694763183594,3.0300123581744627,1.235047607421875,0
bg_03404,background,24.14978350751576,-13.881848921033516,24,7,282.8750915527344,0.39185602831373517,0.195113525390625,0
bg_03405,background,31.184929073508993,-8.147938438905108,10,9,1470.5606689453125,29.264198985736037,18.1831005859375,0
bg_03406,background,21.64309172680038,-16.242520637275614,8,6,80.32225799560547,1.0316347601735125,0.281953125,0
bg_03407,background,31.545463273997434,-4.818965127008627,8,11,924.192626953125,1.1027975508768164,0.523984375,0
bg_03408,background,32.67092375205326,-4.054286064172457,13,3,1419.9576416015625,9.925679650541342,6.292265625,0
bg_03409,background,23.150965276399347,-13.656906783853062,8,7,319.5312805175781,1.1394097155114478,0.611468505859375,0
bg_03410,background,22.895574454409008,-13.965474474153288,8,7,293.2962646484375,0.28029371738990266,0.09779052734375,0
bg_03411,background,34.06287225652485,-6.263944081071705,14,10,199.38673400878906,4.580500484357966,2.5748748779296875,0
bg_03412,background,28.18497776161352,-11.809647396335087,40,7,40.831417083740234,0.37847972253095635,0.21126083374023438,0
bg_03413,background,26.803084684100316,-13.161931165300572,27,7,165.5398712158203,0.6606023546088899,0.28014892578125,0
bg_03414,background,25.68348041196333,-14.231172705343525,23,6,121.51580810546875,0.42300431834120833,0.20003570556640626,0
bg_03415,background,28.019067017823385,-8.929658396074458,27,6,509.61737060546875,0.49207821014421554,0.262655029296875,0
bg_03416,background,28.036887432705814,-10.478432273537745,24,7,446.05511474609375,0.55164191869052,0.21235595703125,0
bg_03417,background,29.82409703792914,-6.5294025786618946,63,7,457.3719482421875,0.5169338902814009,0.25920166015625,0
bg_03418,background,26.773055071463435,-10.421771631896027,15,7,301.1576232910156,0.6696505258205194,0.32816162109375,0
bg_03419,background,27.983654793344993,-12.167932309729528,13,7,98.29782104492188,9.1472176928204,5.160552978515625,0
bg_03420,background,22.303727375107815,-16.498242757259607,40,7,29.793107986450195,0.961051488526539,0.6668611145019532,0
bg_03421,background,27.78808418941126,-9.782487544164404,24,7,548.5059814453125,0.8521167581447326,0.61354248046875,0
bg_03422,background,28.424428114713724,-9.246386957886935,24,7,381.2532043457031,24.49226358065157,13.96659423828125,0
bg_03423,background,22.288281323124213,-14.444156816289297,8,7,273.8909912109375,0.4063120081676695,0.1569091796875,0
bg_03425,background,27.918196436873053,-11.815175924505153,27,6,207.77711486816406,0.6337210731863165,0.237794189453125,0
bg_03426,background,33.083434757280145,-7.72535982480877,14,5,256.4598083496094,0.7507455326709835,0.356553955078125,0
bg_03427,background,30.874070067532056,-8.633401566677975,47,9,2514.67724609375,31.575417481082745,18.985185546875,0
bg_03428,background,27.48283371550168,-12.167308689678391,27,6,234.02023315429688,0.3784446266112857,0.2177520751953125,0
bg_03429,background,26.529417884804683,-11.306618054774836,24,7,231.07241821289062,0.8803574462018525,0.2980084228515625,0
bg_03430,background,23.521665137609403,-14.732716719257631,69,7,363.34332275390625,0.8252817965752657,0.5164453125,0
bg_03431,background,32.046161435855204,-7.184312963178966,14,5,481.4912109375,0.8172197284621313,0.40985595703125,0
bg_03432,background,33.4524815357816,-1.9534060476860102,43,3,1134.6575927734375,0.7009371784501388,0.26044921875,0
bg_03434,background,21.33420577404379,-15.612822172881145,82,7,130.11724853515625,0.42377228077041407,0.238814697265625,0
bg_03435,background,21.668985365857605,-15.749427049537081,29,7,114.87293243408203,0.5321509570395629,0.2231134033203125,0
bg_03436,background,26.433563095739924,-12.091694893478872,8,7,315.9007263183594,0.535318769851054,0.176866455078125,0
bg_03437,background,31.09780874508498,-4.945858218461971,8,3,779.9938354492188,10.43502031379177,6.2984765625,0
bg_03439,background,32.220656342852045,-8.142350236692408,24,11,397.333984375,0.5020976639271025,0.250728759765625,0
bg_03440,background,29.488461880604717,-8.584343714295228,66,3,937.8322143554688,10.53096019760693,5.48986572265625,0
bg_03442,background,25.4029261892618,-12.451187564362018,15,7,354.53472900390625,1.7965122703984207,0.9719091796875,0
bg_03443,background,23.14130043040929,-13.644656783049342,8,7,316.44683837890625,0.6364927202883603,0.3693115234375,0
bg_03444,background,30.929821544095773,-7.570669647105679,38,1,1934.4161376953125,12.749283888045005,7.0229052734375,0
bg_03445,background,32.18359086392722,-7.274949102419962,24,5,383.5043029785156,2.4425708526818233,1.2641748046875,0
bg_03446,background,33.02867612466597,-6.076366855223789,16,9,942.312255859375,30.16238149867828,19.51168212890625,0
bg_03447,background,24.154905748290936,-13.813038637578886,24,7,287.5697937011719,0.6861931862025603,0.334647216796875,0
bg_03448,background,27.019953971157836,-12.252611668624553,27,6,269.787109375,0.8764552819806202,0.4108349609375,0
bg_03449,background,32.164010593906326,-9.082190640801889,40,3,167.54116821289062,2.456858596083101,1.3843328857421875,0
bg_03450,background,26.931539848962498,-10.193048370227316,8,7,387.09783935546875,2.6141977996511248,1.668472900390625,0
bg_03451,background,31.498813899515685,-4.258764510127967,8,11,808.447265625,1.0019432950520748,0.3755908203125,0
bg_03452,background,32.90601829105919,-4.076002839133394,24,3,973.2517700195312,1.3262542032052151,0.68095947265625,0
bg_03453,background,28.787849359077125,-9.527742748563037,24,7,593.0728149414062,1.4950992907788558,0.945771484375,0
bg_03455,background,35.141794228322794,-6.0410923917139385,24,2,2.8278353214263916,0.37050759791770205,0.1704029369354248,0
bg_03456,background,21.78798544136774,-13.699122075554826,45,7,226.2606201171875,0.932590087271205,0.46162353515625,0
bg_03457,background,34.48420856435399,-1.8091080622421705,71,3,1119.19580078125,4.08321622125668,1.9621142578125,0
bg_03458,background,28.587952665039413,-11.016131967094609,69,6,40.14661407470703,3.582076704598188,1.9205142211914064,0
bg_03459,background,21.969314041621843,-13.522794659976006,8,7,237.99888610839844,0.8126292660629144,0.5126751708984375,0
bg_03460,background,23.851142088339216,-12.187802135257101,8,7,257.30059814453125,0.5939963499872513,0.229222412109375,0
bg_03461,background,30.466546344611057,-6.204965854275757,10,3,1309.15234375,24.83261753899347,16.299580078125,0
bg_03462,background,33.03658260293099,-6.469308187444903,56,3,810.8389892578125,10.822356697019684,6.168916015625,0
bg_03463,background,22.36868494595862,-14.621747729749469,39,7,244.97776794433594,0.37794998522789736,0.171219482421875,0
bg_03464,background,21.40890693027048,-12.97144492927542,82,6,268.9283752441406,1.0006165790632104,0.5174951171875,0
bg_03465,background,26.2364749604874,-10.29893498613089,8,7,473.1923828125,0.3856147885540276,0.161396484375,0
bg_03466,background,29.763189296058595,-6.137657057551127,82,7,489.2093811035156,0.67471745632716,0.321055908203125,0
bg_03467,background,21.37059077467283,-16.335849724959303,42,6,55.933860778808594,1.660891488577188,0.9764535522460938,0
bg_03468,background,28.206918607186406,-10.235234127953197,24,7,438.7141418457031,13.513444919412086,9.139124755859376,0
bg_03469,background,24.19626759783568,-15.27270966576324,40,6,55.93843078613281,0.8162431916038013,0.461253662109375,0
bg_03470,background,30.42656918078747,-5.429224383779886,14,3,841.490478515625,1.361754196871411,0.64720947265625,0
bg_03471,background,27.055326424364583,-10.531987934562718,8,7,276.4603271484375,3.718413944812355,2.145457763671875,0
bg_03472,background,33.5289517738028,-2.434909143512127,43,3,1123.8067626953125,0.47521755711359315,0.1427294921875,0
bg_03473,background,23.813126732272465,-12.116174077847699,8,7,251.24916076660156,0.2807982321376598,0.087197265625,0
bg_03474,background,23.5327136230838,-12.211140946218105,8,7,322.41259765625,0.7856512347450306,0.505859375,0
bg_03475,background,26.93404562909015,-9.576449678278586,27,7,535.0590209960938,0.5449808537035772,0.42278076171875,0
bg_03477,background,24.904510209599373,-13.414169302615901,23,7,215.03143310546875,0.6734037333610837,0.3798077392578125,0
bg_03478,background,24.114737044640986,-14.732964129234912,23,7,177.90419006347656,0.2885077186055152,0.1605224609375,0
bg_03479,background,27.586150922557593,-12.22267014581661,27,7,232.19256591796875,0.38207760216998876,0.131153564453125,0
bg_03480,background,34.158455365978845,-6.329083118018882,14,3,135.35011291503906,2.1966345037343027,1.27328857421875,0
bg_03481,background,32.81546007492856,-3.6601552807540982,59,3,1475.8487548828125,10.448919245760168,4.809541015625,0
bg_03482,background,23.600586576668444,-14.14327125652408,69,7,328.679931640625,3.4702644677243972,2.060628662109375,0
bg_03483,background,26.793865825460394,-12.47320345901717,8,7,116.71533966064453,2.8202861018618575,1.5454574584960938,0
bg_03484,background,22.497367614909127,-16.247541465313102,8,7,89.94763946533203,2.6853278974763684,1.2329104614257813,0
bg_03485,background,23.060797971281616,-14.014411627421419,8,7,281.7115478515625,0.5292585501749271,0.272763671875,0
bg_03486,background,22.537150441267222,-15.365044169505119,29,7,224.65733337402344,0.6959086570665409,0.421854248046875,0
bg_03487,background,29.551112266648776,-5.928716292553464,82,7,557.320556640625,1.3185853995317198,0.85987548828125,0
bg_03488,background,21.85031196115137,-14.256830796912535,8,7,198.76956176757812,0.8273932713037608,0.445933837890625,0
bg_03489,background,32.052920079359744,-4.163913473797084,32,9,1303.210205078125,14.683153851629942,9.5813330078125,0
bg_03490,background,21.660381707551014,-13.57576318323297,8,6,227.59133911132812,0.768751271431236,0.467874755859375,0
bg_03491,background,33.36358889619876,-6.854942610996631,28,5,433.2427978515625,13.741017926917795,8.175247802734376,0
bg_03492,background,21.861425849820073,-16.165245701244373,39,6,115.80499267578125,0.873533218887952,0.3316119384765625,0
bg_03493,background,27.900109289404206,-12.137829674319752,32,7,58.7680778503418,0.4404296192929389,0.2252581787109375,0
bg_03494,background,29.070755237265505,-9.35846645032306,24,9,684.1939697265625,11.417356776674303,6.58812744140625,0
bg_03495,background,26.260961554013488,-9.063894371970484,8,7,436.5478210449219,0.7441190818396161,0.34860595703125,0
bg_03496,background,26.731328152801918,-13.12040824679549,27,7,168.88705444335938,0.42704597007999834,0.26592529296875,0
bg_03497,background,24.17618725972071,-13.953477709209885,8,7,277.38226318359375,0.6909105001282794,0.294207763671875,0
bg_03499,background,27.46313446162086,-9.015890359842599,27,6,469.2680969238281,0.9537090612411234,0.455517578125,0
bg_03500,background,34.86447207518365,-6.039025482570203,14,8,118.41412353515625,2.377925938560655,1.2450677490234374,0
bg_03501,background,21.827104576734744,-15.044087376306939,8,7,193.15330505371094,0.4215972637727932,0.152724609375,0
bg_03502,background,30.305305896289223,-8.748358043592907,49,9,877.1072998046875,17.312283785030754,10.674658203125,0
bg_03503,background,21.938780223289513,-13.362339077896129,45,7,257.47796630859375,1.2798488040596008,0.38834716796875,0
bg_03504,background,30.004009011780543,-7.43827266048653,8,3,721.3994140625,1.2241674533478593,0.67376708984375,0
bg_03505,background,22.94193977544482,-14.049400015961076,8,7,280.83038330078125,0.3131969290542516,0.137969970703125,0
bg_03506,background,23.59808644870347,-13.465899390770215,8,7,370.0775451660156,1.1381740274595789,0.503814697265625,0
bg_03507,background,30.245586347679197,-6.976883868674866,8,9,878.2066650390625,5.599369878062533,3.43769775390625,0
bg_03508,background,30.967465653485764,-4.525532548376224,8,8,796.8717651367188,10.836921580104843,7.3638427734375,0
bg_03509,background,25.09896850487862,-13.663731887107962,8,7,271.0582275390625,0.42378769494791013,0.225699462890625,0
bg_03510,background,25.693364130160294,-12.89489493081406,8,7,269.70867919921875,0.44433908175662584,0.20575927734375,0
bg_03511,background,32.19714541492297,-4.965338634011635,71,9,1829.7125244140625,13.646313931835296,8.0702001953125,0
bg_03512,background,24.20822441137118,-12.051659160628951,8,7,209.4097137451172,1.3181006719594441,0.6257470703125,0
bg_03513,background,33.296146706546786,-7.769146288431645,17,5,216.15737915039062,0.6649462445711273,0.3835089111328125,0
bg_03514,background,30.60648663316749,-5.984230992388001,11,3,1370.869873046875,40.495737621820105,28.51470703125,0
bg_03515,background,23.48436477000409,-14.671731535002992,69,7,320.520751953125,1.6074691125174072,0.917083740234375,0
bg_03516,background,21.995204990793333,-15.049497578860766,29,7,211.17501831054688,0.46695785347282937,0.19023193359375,0
bg_03517,background,27.036577114736364,-12.848337629601819,27,6,136.86721801757812,1.4796915755138293,0.834951171875,0
bg_03518,background,31.50717195895767,-8.05816093804796,24,5,562.426025390625,0.8685661243264663,0.45422119140625,0
bg_03520,background,26.881297644023512,-8.922313243857817,8,7,417.44427490234375,0.8783803397242375,0.27036865234375,0
bg_03521,background,32.42090467475581,-4.863559160714823,71,7,3080.006103515625,30.852413923203063,20.52546875,0
bg_03522,background,31.42842417732128,-3.712013680790934,82,3,999.9840698242188,1.6584166432147291,0.99866943359375,0
bg_03523,background,26.277982302113294,-10.065518770367357,8,7,483.8692626953125,0.3713960152140075,0.191392822265625,0
bg_03524,background,32.300987443783676,-7.277432813767806,24,10,341.6062927246094,1.1599422177228689,0.667509765625,0
bg_03525,background,32.474805665799074,-8.666744456861908,14,3,193.40939331054688,0.6064764272301838,0.402476806640625,0
bg_03526,background,27.651898974444812,-10.003146151455883,27,7,547.9780883789062,0.5762963618446052,0.29393798828125,0
bg_03527,background,27.470382439575502,-10.280479325090845,27,7,567.3598022460938,0.45574515408192706,0.18602294921875,0
bg_03528,background,22.692742452635276,-16.30369942854976,40,3,-1.975125789642334,1.2940947616835599,0.35619066715240477,0
bg_03529,background,23.834397615074263,-12.29005009424583,8,7,273.0504150390625,0.7663548873792582,0.27240478515625,0
bg_03530,background,33.950657090528175,-2.2155388889141796,43,3,1057.02734375,0.6268348197507473,0.3087158203125,0
bg_03531,background,29.600818976960575,-6.465653098307023,82,7,458.6631164550781,0.7089606683828656,0.22424560546875,0
bg_03532,background,27.41886118227468,-10.95754833360777,8,7,382.2076721191406,7.203849810202715,4.072490234375,0
bg_03533,background,31.51789908727465,-7.5101898768498225,8,3,935.088134765625,0.9753530044546405,0.5325390625,0
bg_03534,background,22.334578417115527,-15.026645675375088,29,7,243.98568725585938,0.39778694649135243,0.163280029296875,0
bg_03535,background,32.80968174120885,-4.052167177786201,14,3,1139.0421142578125,4.987104399058222,2.502421875,0
bg_03536,background,22.65410539764426,-15.82104486663213,39,7,170.7517852783203,0.9628624314898563,0.5794805908203124,0
bg_03537,background,29.763145320613468,-8.679521497156212,49,7,1817.996826171875,12.173945407550798,7.531015625,0
bg_03538,background,23.979317925592873,-12.84156754217504,8,7,225.45001220703125,0.35795462080283064,0.155675048828125,0
bg_03539,background,24.316222256276383,-12.706074377124555,8,7,196.95379638671875,0.27180991790613396,0.1303729248046875,0
bg_03540,background,29.765369073683658,-5.5511935894877,82,7,559.1241455078125,0.6771741066005306,0.258076171875,0
bg_03541,background,26.03941980995119,-12.28716088712541,8,6,352.5946350097656,0.5061357119183162,0.26371337890625,0
bg_03542,background,30.519338393173282,-4.517548086125732,82,8,801.0679321289062,1.580681353480074,0.8953857421875,0
bg_03543,background,28.96110983655864,-9.123466234214023,24,9,591.3284301757812,1.8871131694904226,1.00923095703125,0
bg_03544,background,27.591136231504628,-10.19125676084092,27,7,526.5665283203125,2.929485547621794,1.598994140625,0
bg_03545,background,24.252326465603893,-15.359504104475045,40,7,46.890506744384766,0.47417674603720295,0.16015960693359374,0
bg_03546,background,29.434533278470443,-9.922525846616548,14,9,379.2901916503906,1.2928134283860955,0.725517578125,0
bg_03547,background,28.21092566212171,-11.522616137451479,13,7,58.06942367553711,1.136451205269383,0.6915771484375,0
bg_03548,background,29.60946212927115,-8.442137110487039,49,3,844.1356201171875,12.152888222490338,6.91782958984375,0
bg_03549,background,23.981528454142733,-15.181319637558305,37,6,121.79109954833984,1.2803423580036342,0.8089413452148437,0
bg_03550,background,21.761670951681676,-15.99621744688708,39,6,133.73971557617188,0.44744406012071,0.1723931884765625,0
bg_03551,background,24.451732776088846,-12.739598658648125,8,7,217.879638671875,0.6288737027442364,0.283604736328125,0
bg_03554,background,31.43192207803825,-8.52905156046962,8,5,521.882080078125,0.5661165944604349,0.2760009765625,0
bg_03555,background,34.15589106640687,-4.172468968293603,26,9,760.6889038085938,35.34005120475429,22.29404541015625,0
bg_03556,background,24.49589114601844,-12.199018818486694,8,7,254.65309143066406,0.7275607487474778,0.267213134765625,0
bg_03557,background,33.79803809695968,-3.691676730814543,18,3,1247.18212890625,11.941422905828686,7.023408203125,0
bg_03558,background,25.266982034469493,-14.659739465458658,37,6,130.19949340820312,0.7018394077873534,0.4270037841796875,0
bg_03559,background,30.29307294752901,-8.40364139100982,49,9,1139.13818359375,40.3708732096654,30.543974609375,0
bg_03560,background,35.52727907940145,-5.313585506068338,7,10,147.04360961914062,27.181976385231685,19.308201599121094,0
bg_03561,background,30.78546954976106,-9.755422474374699,69,3,429.0896911621094,19.743164006182397,11.41849853515625,0
bg_03562,background,24.3555214228927,-14.640776464372768,8,7,162.3371124267578,0.838891552645131,0.47781494140625,0
bg_03563,background,28.793285572183514,-10.483961685962118,10,7,165.78848266601562,4.236620775248845,2.201492919921875,0
bg_03564,background,29.382267982498817,-8.56847017578713,33,3,820.6195678710938,8.728402333806207,4.9662255859375,0
bg_03565,background,31.909723560729645,-5.3921748266552125,71,9,2419.080322265625,22.286242605543574,14.237431640625,0
bg_03566,background,24.454652861102144,-13.01755591461981,8,7,238.75421142578125,0.6879804745461224,0.352332763671875,0
bg_03567,background,34.01951070407089,-4.443555557997899,48,8,530.2709350585938,8.253350732885064,5.1111669921875,0
bg_03568,background,35.045804118333756,-6.040375415982098,14,2,50.53361129760742,2.2648464390163587,1.066026153564453,0
bg_03570,background,22.781561761273096,-15.58404223065971,8,7,197.88648986816406,1.6596845462323713,0.8691326904296875,0
bg_03571,background,32.457550539076664,-1.2110667668753998,35,3,1280.1419677734375,25.77600499250517,16.7359326171875,0
bg_03572,background,31.522236344237857,-4.507646626780692,8,11,848.9558715820312,1.5370018766516522,1.19000244140625,0
bg_03573,background,24.519190152787907,-14.181326032314582,24,7,216.57894897460938,0.5915236509414358,0.246231689453125,0
bg_03574,background,26.724592568523654,-8.833616709214244,8,7,426.246337890625,1.844210234612915,1.233990478515625,0
bg_03575,background,21.658948539800686,-13.002137220709528,82,7,261.8331604003906,0.5811172757921449,0.209375,0
bg_03576,background,32.937763241223095,-2.277535497553648,18,6,1477.8726806640625,4.810163040599941,2.3325,0
bg_03578,background,34.83447153727928,-2.571124326040346,9,3,322.249267578125,24.668600676589627,14.817119140625,0
bg_03579,background,27.553471279603894,-9.186502928268101,27,6,485.4205322265625,0.8171206933684385,0.567435302734375,0
bg_03580,background,24.257536890324143,-12.112804326252775,8,7,211.4512939453125,1.8351365857338642,1.012578125,0
bg_03581,background,34.736258515649055,-6.076844423415692,24,6,15.533000946044922,0.6032131330671255,0.24101726531982423,0
bg_03582,background,23.85651758031948,-15.398989309804897,23,6,88.7359848022461,0.9804589975728542,0.7109649658203125,0
bg_03583,background,22.32639088344177,-14.096449612278368,8,7,242.65814208984375,0.47677102662985255,0.24521240234375,0
bg_03584,background,31.117034155717203,-6.248007663395361,38,3,1428.7264404296875,5.064135160719035,2.8836279296875,0
bg_03585,background,31.84224121526555,-6.317431005960045,71,9,1906.9688720703125,29.518070146559978,19.2673828125,0
bg_03586,background,25.932166733671277,-12.479068102669832,32,6,312.30419921875,0.6628906115457588,0.24853759765625,0
bg_03587,background,26.27605148905961,-9.252866090003725,8,7,455.2817687988281,0.5591806183515002,0.249736328125,0
bg_03588,background,35.03777510392259,-3.8356188050221425,69,8,300.44635009765625,18.04162376720757,8.5728955078125,0
bg_03589,background,31.007141396197017,-4.178290713957408,28,3,758.035400390625,2.382697908853838,1.5290966796875,0
bg_03590,background,33.07370380273696,-7.674376034698952,14,5,250.96783447265625,1.3996734488511322,0.870164794921875,0
bg_03591,background,33.64598368198317,-2.903273044116029,24,3,1260.41748046875,0.6938292524719888,0.3330126953125,0
bg_03592,background,30.672777233865023,-3.861920072799009,82,3,790.6720581054688,0.7801035255620326,0.5134814453125,0
bg_03593,background,23.16186647042802,-14.6063770471332,39,7,257.2350158691406,0.5511160603256999,0.29243896484375,0
bg_03594,background,34.65491926310779,-2.202445680019383,18,3,633.47607421875,2.22524336389813,1.1953564453125,0
bg_03595,background,34.55605113821889,-5.804610498121686,14,6,46.892791748046875,5.574414359974097,3.1594389343261717,0
bg_03596,background,32.59250154252124,-8.658482356548877,14,3,178.53768920898438,0.37735994747258494,0.126898193359375,0
bg_03598,background,31.83496332221639,-5.292163730684999,71,9,2453.949951171875,28.6292868689841,18.1178515625,0
bg_03599,background,31.289477702840284,-5.951406089899559,14,8,1531.146728515625,0.9713102513678233,0.5293994140625,0
bg_03600,background,27.067926313832054,-9.974367035461855,46,7,462.2773742675781,12.255549449546738,5.29343017578125,0
bg_03601,background,27.019063468890263,-11.50392537455438,8,7,167.46435546875,1.7670776931548198,0.651785888671875,0
bg_03602,background,29.596363143509635,-8.100093802014861,46,7,853.1314086914062,18.522455874364258,11.64897216796875,0
bg_03603,background,21.368283541013238,-14.100892780912528,45,6,199.4419403076172,2.0105583111758114,0.9357244873046875,0
bg_03604,background,29.560246030553948,-7.79416449206562,28,7,440.32794189453125,8.71165234576211,4.261444091796875,0
bg_03605,background,31.086594029390227,-7.7480729794523855,66,7,3535.776611328125,25.265758624081563,14.875771484375,0
bg_03606,background,21.367779163321977,-16.470439674523384,40,7,39.83390426635742,2.0787390851847065,0.6859516906738281,0
bg_03607,background,27.414566461363563,-11.673062943838739,27,6,306.338134765625,0.8280877373385632,0.30512939453125,0
bg_03609,background,34.06486992722035,-4.904700193580923,48,10,195.61109924316406,0.9696813802621533,0.5005145263671875,0
bg_03610,background,32.015362191332784,-5.918325515812882,71,9,1891.6943359375,23.040270692319496,11.90955078125,0
bg_03611,background,21.68806816998278,-13.769369091418422,45,6,212.9996795654297,0.7523996445464411,0.3617999267578125,0
bg_03613,background,27.371647452379875,-13.101970577349816,27,7,43.93218231201172,0.5461366668337252,0.29471847534179685,0
bg_03614,background,32.712221490590856,-7.589279466749874,13,8,403.2978515625,3.968557778529053,2.66472900390625,0
bg_03615,background,27.354132536345883,-12.539679369804901,27,7,168.2373809814453,0.1836388181058816,0.0902117919921875,0
bg_03616,background,25.496979333973854,-12.64535517301816,8,7,289.4762268066406,0.5795931109861038,0.434583740234375,0
bg_03617,background,23.875487157343013,-15.182004277420843,23,6,135.53451538085938,0.8023618555731635,0.32004150390625,0
bg_03618,background,29.828357511887013,-5.905874223705729,82,7,523.4642944335938,0.517841748623472,0.293154296875,0
bg_03619,background,22.419432252106915,-15.500513637697262,29,7,188.40985107421875,0.8042018549064891,0.453314208984375,0
bg_03620,background,25.889514072498745,-14.038828291465933,23,6,134.70489501953125,0.6021266232033535,0.212841796875,0
bg_03621,background,23.251422953506047,-14.008609850802095,8,7,297.4125061035156,0.5758873627431129,0.334581298828125,0
bg_03622,background,23.18180527570924,-15.832488777751546,23,7,131.62326049804688,0.5880588943767335,0.66069580078125,0
bg_03623,background,33.88810026542105,-6.722930076754806,26,3,60.5,0.0,0.0,0
bg_03624,background,26.092522995412704,-13.12688443565416,23,7,168.12001037597656,0.9671632985873518,0.409647216796875,0
bg_03625,background,30.772655795903468,-8.827539967301465,56,9,1762.4957275390625,33.32011955616498,20.363056640625,0
bg_03626,background,33.01215071409018,-7.53338693462559,13,5,421.8951721191406,6.8686349913061,3.835533447265625,0
bg_03627,background,30.860309402969467,-8.33597189648048,56,9,1879.1888427734375,42.238138692872226,31.117138671875,0
bg_03628,background,30.135696829501345,-6.238835204420318,14,3,835.3657836914062,0.705672994760123,0.30142822265625,0
bg_03629,background,26.49869817919144,-9.568886240759976,61,7,501.7960205078125,0.436380608482482,0.3935009765625,0
bg_03630,background,31.6500395417685,-9.460499233727703,69,5,323.48480224609375,17.70300822883345,10.174261474609375,0
bg_03633,background,23.540552676085344,-13.231743129019687,8,7,320.2012023925781,0.49268221847882837,0.204295654296875,0
bg_03634,background,31.617949536956267,-3.5338002834311157,82,3,1110.9205322265625,1.0288733811908481,0.572763671875,0
bg_03635,background,23.45008439521957,-15.678005311504757,23,6,124.03797149658203,0.7263840220799357,0.39012115478515624,0
bg_03636,background,34.374130479485906,-5.945319948803755,24,2,20.136199951171875,1.0171986195628668,0.8057594299316406,0
bg_03637,background,25.57848574460666,-14.619952125334322,37,6,83.7347412109375,0.45225449996358624,0.23889739990234374,0
bg_03638,background,24.551410102892344,-12.504056357727606,8,7,247.92662048339844,0.8155127384771973,0.277852783203125,0
bg_03639,background,34.24320192245856,-2.873213422571975,14,3,631.913818359375,1.145335760257077,0.624365234375,0
bg_03640,background,26.73273458721788,-11.686613899817592,24,7,175.13624572753906,0.6395846015505104,0.355955810546875,0
bg_03641,background,29.663848129338344,-8.798056204240433,49,7,1749.3175048828125,13.310018141078329,7.5979443359375,0
bg_03642,background,32.18527232757823,-6.095042700073253,71,9,1466.09423828125,29.162208264677734,19.2707666015625,0
bg_03643,background,28.73629671359946,-10.807425791045867,69,6,159.06202697753906,7.621028543148027,4.93896484375,0
bg_03644,background,34.41413989160812,-2.88109725195987,59,10,375.20648193359375,2.2039108837833687,0.95008544921875,0
bg_03645,background,27.978798938310494,-12.251636320413017,8,7,25.8967342376709,0.7489700719562211,0.3580523681640625,0
bg_03646,background,21.38316918911587,-14.944047682815928,8,7,155.40237426757812,0.42636343786324604,0.151160888671875,0
bg_03647,background,26.466097355216196,-10.393547660396488,61,7,374.67596435546875,0.9116570834630289,0.310059814453125,0
bg_03648,background,33.68050376510895,-4.868582118938109,24,3,1409.8775634765625,3.130914069053866,1.8770849609375,0
bg_03649,background,25.43759414996357,-14.653042046977134,37,6,126.54166412353516,0.4074188370914026,0.1895123291015625,0
bg_03650,background,28.142740784098333,-11.3978540330437,24,7,76.8106918334961,1.1489482429621987,0.7382351684570313,0
bg_03651,background,23.273138005138,-14.273705180572055,39,7,281.0419006347656,1.017438475344906,0.5153515625,0
bg_03652,background,31.96216069400359,-3.7144075261419505,14,3,992.6072387695312,0.7673276781135674,0.26285888671875,0
bg_03653,background,30.600360997237207,-6.748765125560892,38,3,1240.782958984375,2.5707466568763158,1.5381396484375,0
bg_03655,background,24.228002251887258,-12.595442012682826,8,7,240.3643035888672,0.8368303853645289,0.4078778076171875,0
bg_03656,background,24.084636342665764,-13.76071463518205,23,7,295.9161071777344,1.026125512484758,0.44854248046875,0
bg_03658,background,22.727540791145437,-15.361930472373905,29,7,258.5755615234375,0.835732879508873,0.48029052734375,0
bg_03659,background,28.387648944299904,-10.244711316826773,8,9,451.9494323730469,9.290333052454024,5.41302490234375,0
bg_03660,background,27.97787222067885,-9.539623333074417,13,6,445.2403259277344,10.896862457841468,5.190152587890625,0
bg_03661,background,29.561764318576344,-9.343186769006106,66,3,817.1896362304688,24.584929073426164,14.72013427734375,0
bg_03662,background,23.600096491444315,-15.889542280654593,40,3,0.0,0.0,0.0,0
bg_03663,background,34.17738696302654,-3.3631589219775786,24,10,377.8001708984375,1.1380109995864967,0.55720703125,0
bg_03664,background,23.53934517554638,-14.516361180470227,39,7,243.7333526611328,0.6639503209496778,0.2871337890625,0
bg_03665,background,26.614585220299436,-8.959558563006588,60,7,436.48590087890625,0.6820317317335919,0.23357177734375,0
bg_03666,background,25.918631181912204,-13.641650268306659,23,6,134.4749755859375,0.5055056024951998,0.202850341796875,0
bg_03667,background,34.05399933728978,-5.943310175055323,48,8,114.04158782958984,6.614906308636918,3.35964111328125,0
bg_03668,background,33.54877431158559,-4.3084806595055545,18,9,1788.164794921875,22.66475581749814,14.82060546875,0
bg_03669,background,25.32644718550353,-14.17448228143822,23,6,141.11831665039062,0.7629133479026794,0.5105755615234375,0
bg_03671,background,22.518008743956628,-13.795863208470857,8,7,271.64154052734375,2.1445541627814366,1.178465576171875,0
bg_03672,background,32.02500547538648,-4.678010408499085,71,9,1919.6478271484375,11.05966195087601,7.780263671875,0
bg_03673,background,34.89084238125384,-4.0454529817763385,69,7,1463.1712646484375,28.12697890092841,16.111748046875,0
bg_03674,background,21.57107756061239,-16.75275757618768,62,7,18.217884063720703,2.542671490755487,1.118755111694336,0
bg_03675,background,32.073740349206346,-8.024955543788721,51,5,451.59228515625,0.6953311388034813,0.3583349609375,0
bg_03676,background,30.179936232966803,-7.098498161331362,56,3,1088.9605712890625,25.09243850365371,16.014375,0
bg_03677,background,23.213478127803775,-14.359690851138915,39,7,236.38490295410156,0.43261982436588003,0.12062255859375,0
bg_03678,background,31.776282219577677,-4.25521243940446,13,11,1035.112060546875,22.232712267617813,11.231513671875,0
bg_03679,background,33.12018071521324,-8.487701960809616,17,3,37.540531158447266,0.8375167394769809,0.21369552612304688,0
bg_03680,background,27.995096851549345,-9.34848934595522,27,6,540.480712890625,1.3663041069906232,0.7263232421875,0
bg_03681,background,22.212315425929766,-14.471027913489669,8,7,270.54217529296875,0.5286277614238549,0.36666748046875,0
bg_03682,background,22.37989825288245,-13.228690261304264,8,7,306.941650390625,0.9034045907540417,0.3109619140625,0
bg_03683,background,27.588138815043546,-10.979626905595012,24,7,467.04071044921875,5.605669042407177,3.22718017578125,0
bg_03684,background,21.91132603835048,-14.544497355539022,8,7,236.3479766845703,0.3861398484880845,0.2527630615234375,0
bg_03685,background,25.982874827131972,-13.635509523449336,23,6,129.08169555664062,0.7784547218704352,0.7202099609375,0
bg_03686,background,27.48542494766718,-10.173879250758173,27,7,528.1932373046875,1.52148293165546,0.68338134765625,0
bg_03687,background,32.45036846974121,-2.4332782259094206,14,3,1040.219482421875,0.48056561537240844,0.1809228515625,0
bg_03688,background,27.50827060236067,-10.867382012353028,24,7,430.2712097167969,8.054169757758208,4.076634521484375,0
bg_03689,background,22.476838338462024,-15.211165806222,29,7,243.80239868164062,1.3252258027276198,0.74662841796875,0
bg_03690,background,33.21145492183368,-5.0365040336272076,71,9,2048.52099609375,17.81170805477803,10.3804931640625,0
bg_03691,background,34.7965287078496,-4.215066746995557,69,9,1263.9033203125,18.250760258045823,10.32970703125,0
bg_03692,background,22.084497299656196,-14.357340473931782,8,7,236.1095733642578,0.3612757856866056,0.115548095703125,0
bg_03693,background,22.606354735993868,-15.178830055807891,29,7,256.53106689453125,0.6726902935128075,0.2930413818359375,0
bg_03694,background,26.3913396343503,-11.899814910362362,69,7,416.5045471191406,1.2688072326305773,0.747476806640625,0
bg_03695,background,35.420643365822116,-5.300666940486753,7,9,528.9833374023438,34.277920631108124,21.5826953125,0
bg_03696,background,29.85912266605105,-7.777565688696752,49,9,1321.4666748046875,29.926453283830007,18.0824365234375,0
bg_03697,background,25.513740476884237,-12.880656504392697,8,7,253.48928833007812,0.7911692681748431,0.4699700927734375,0
bg_03698,background,28.181791243202536,-9.789144071195055,8,7,300.6871337890625,0.7932962559928637,0.38855224609375,0
bg_03699,background,30.655707796673383,-7.9466760182712015,8,9,1808.777099609375,35.71052724210785,24.6006005859375,0
bg_03700,background,32.92373967659594,-5.303487053813612,71,9,1962.2589111328125,12.010068857006683,6.05486328125,0
bg_03701,background,23.31843382674824,-15.010784990835678,29,7,220.56967163085938,1.397652222834511,0.775594482421875,0
bg_03702,background,27.899205892944682,-10.207192505055048,24,7,446.26763916015625,1.550640204875684,0.602412109375,0
bg_03703,background,23.035463590137386,-14.069208468910618,8,7,277.84130859375,0.5099345574240209,0.203360595703125,0
bg_03704,background,29.58084135179468,-8.306999024734047,8,3,690.6429443359375,0.8322900233075889,0.4247412109375,0
bg_03705,background,33.24347073906678,-7.068924985899683,56,9,456.24969482421875,8.555240872714394,4.3589794921875,0
bg_03706,background,30.174963246847607,-6.631968029647216,10,3,907.64306640625,2.4273452619478935,1.28496826171875,0
bg_03708,background,25.841570073361623,-14.387056461840597,37,6,101.13816833496094,0.3237913097600027,0.11899688720703125,0
bg_03709,background,27.154415578053815,-11.144000134350716,8,7,250.83477783203125,0.4215070663945054,0.4104010009765625,0
bg_03710,background,31.071277875655348,-7.412909016396666,8,9,1650.399658203125,21.02881770625876,11.644296875,0
bg_03711,background,31.28664760757396,-7.29346815371853,71,9,1953.5579833984375,14.15178243044481,9.0039501953125,0
bg_03712,background,33.33996875347621,-3.0900823714779633,24,3,1356.5638427734375,1.0085731668090057,0.6023193359375,0
bg_03713,background,23.490546985285555,-13.491254557620252,8,7,382.9615478515625,0.6831424841140548,0.33311767578125,0
bg_03714,background,27.05140131293906,-13.111221021642017,8,7,104.37625122070312,0.47621399885947363,0.3223306274414062,0
bg_03715,background,31.705183718813856,-6.053849698837519,71,7,3044.44140625,24.131514399404207,15.790068359375,0
bg_03716,background,30.8892789130005,-4.130403552231116,14,3,673.2406005859375,2.7081973975749425,1.1660009765625,0
bg_03717,background,32.70320319466435,-1.8942597147122076,32,3,1338.7232666015625,4.146447673186974,2.2113818359375,0
bg_03718,background,26.185391105150785,-13.629680239437198,23,6,110.74662017822266,0.4788416799796834,0.3132232666015625,0
bg_03719,background,32.77225888419841,-7.805619766755122,24,5,372.4199523925781,3.811961315105788,2.0259326171875,0
bg_03720,background,26.28625986763213,-9.265060078999499,8,7,458.14556884765625,0.46359325199625484,0.20193603515625,0
bg_03721,background,27.47507002265303,-9.612678085576167,27,7,505.4049987792969,1.0756639690331657,0.506568603515625,0
bg_03722,background,22.194975559464307,-15.986991647744546,39,6,149.03240966796875,0.5303254502917206,0.2746502685546875,0
bg_03723,background,27.354517409342606,-12.873802331437217,27,6,89.43074798583984,0.773014818889006,0.44060699462890623,0
bg_03724,background,27.446321784799565,-10.088386315381063,27,7,550.3047485351562,0.7925880188620118,0.45119873046875,0
bg_03725,background,30.751948563949643,-7.9370403444476025,33,9,1270.5374755859375,33.27620886645359,22.1761865234375,0
bg_03726,background,28.386492058271198,-11.425771739581428,82,7,30.046449661254883,0.5481000780313214,0.5307352447509766,0
bg_03727,background,32.50255077001826,-6.500642467772758,24,5,445.6111755371094,2.5774883326370808,1.308065185546875,0
bg_03728,background,31.108734497770573,-5.02021015218901,8,3,795.2948608398438,0.5889345437841846,0.47049560546875,0
bg_03729,background,34.98568518468589,-3.9402631229509955,69,8,773.0773315429688,21.845801885177064,14.46052978515625,0
bg_03730,background,34.71584735848749,-4.926799048294298,32,3,401.1144714355469,13.374838887503252,6.955726318359375,0
bg_03731,background,33.44279575176118,-7.913207975660174,17,3,70.62098693847656,2.10119649622827,1.1963937377929688,0
bg_03732,background,34.7722166632384,-2.19808891347666,71,3,878.3516235351562,22.225022073277845,12.0251416015625,0
bg_03733,background,30.245266868167974,-5.4045997553007865,8,3,972.106689453125,7.541765193015949,4.1984814453125,0
bg_03734,background,31.062946013147634,-8.342596649346733,56,7,2897.4560546875,18.099368248638545,11.446376953125,0
bg_03735,background,24.646776727400756,-14.448481553299528,8,6,163.70108032226562,0.7212408662707434,0.4043109130859375,0
bg_03736,background,23.26777024508756,-13.049503796268976,8,7,313.3402404785156,0.39443755485924187,0.28303466796875,0
bg_03737,background,27.08255530075014,-11.710193269041378,24,7,264.0899963378906,0.7984067153365518,0.378836669921875,0
bg_03738,background,33.220490829701035,-3.6140164573882907,57,3,927.0693359375,4.373139609120748,2.423125,0
bg_03739,background,23.818890755997597,-14.462414725411149,24,7,200.527587890625,1.102464619037866,0.4878997802734375,0
bg_03740,background,26.371727061830185,-8.91500514428491,8,7,457.59429931640625,0.7577688289715753,0.616431884765625,0
bg_03741,background,29.341770210543416,-9.540598762856852,49,3,1237.802490234375,6.7991117240511025,4.2056298828125,0
bg_03742,background,28.19820207747497,-11.762429896671161,13,7,48.64044189453125,0.5514682347824017,0.24899337768554688,0
bg_03743,background,25.80115441478237,-14.359700848018491,23,6,105.969970703125,1.4810503394417696,0.7273428344726562,0
bg_03745,background,32.98538436075979,-6.1773622722309405,56,3,700.181396484375,9.725566721469864,5.9434619140625,0
bg_03746,background,30.53043969672006,-4.579050347635964,82,8,871.1969604492188,8.810930875250646,5.3188720703125,0
bg_03747,background,24.091274555477817,-12.239415988567908,8,7,230.08509826660156,1.2576997064288238,0.5108203125,0
bg_03748,background,30.90623634645889,-9.005953709681041,56,9,1089.063232421875,23.336961291674804,14.21369140625,0
bg_03749,background,22.79436337133577,-15.323245695675352,29,7,249.4649200439453,0.6257022113040931,0.2988665771484375,0
bg_03750,background,24.247845477868054,-13.55548802755671,23,7,385.0820007324219,1.5837737772566058,0.873419189453125,0
bg_03751,background,23.182350293496686,-14.08244092121386,8,7,281.971923828125,2.04096635295798,1.050435791015625,0
bg_03752,background,27.491961157943,-9.732745505019299,27,7,514.9666748046875,1.0795610815827317,0.754384765625,0
bg_03754,background,31.04178190522893,-4.475240099375248,8,8,813.3961181640625,18.52162257902063,10.7497705078125,0
bg_03755,background,32.62789250161363,-3.2727356638127616,71,3,1316.84228515625,1.068075327623008,0.628046875,0
bg_03756,background,30.614589855130045,-7.871494871910347,33,9,1708.2498779296875,5.241452713841611,2.9191552734375,0
bg_03757,background,32.078446183137395,-4.690112945809679,71,9,1886.182373046875,9.849946910485794,5.9471142578125,0
bg_03759,background,26.070748118678466,-10.913348892833305,8,7,446.7862854003906,1.2918954858333918,0.73039306640625,0
bg_03760,background,31.703403518247292,-6.3284875187431835,71,9,2096.860595703125,15.981033347218037,8.130615234375,0
bg_03761,background,28.66036093530491,-9.81198528299916,56,7,514.6976318359375,14.594425749596631,9.6306396484375,0
bg_03762,background,22.12673793706165,-15.470026181060463,29,7,207.8859100341797,0.7967474465161681,0.5096240234375,0
bg_03763,background,34.21328977906381,-4.698327534041497,64,10,337.6949462890625,19.553220792943318,12.88948486328125,0
bg_03764,background,32.27013371175289,-6.183655155164185,71,9,1465.8033447265625,32.63917143682201,20.7287841796875,0
bg_03765,background,28.221168684067496,-9.273993449686616,67,7,313.7021789550781,1.1617564808269636,0.482022705078125,0
bg_03766,background,23.13237966076025,-13.906585326388374,8,7,291.5394287109375,0.6437798166743783,0.259122314453125,0
bg_03767,background,33.79850293546113,-5.034054948520035,71,3,860.1197509765625,7.487340002332898,4.0561181640625,0
bg_03768,background,30.090628051698154,-6.532720483611906,8,3,1098.610595703125,23.37746196678124,13.47990234375,0
bg_03769,background,22.39955727044243,-14.239088186682647,8,7,281.84185791015625,0.5183750380179644,0.21796630859375,0
bg_03770,background,23.4825833744847,-15.670005225167865,23,6,99.82272338867188,1.8393373327110734,1.2816970825195313,0
bg_03771,background,32.50665187916738,-4.951220161110993,71,7,3316.93701171875,19.307164500536977,12.56037109375,0
bg_03772,background,33.13085043947599,-8.488077271080202,17,3,41.2049446105957,1.6915786027146684,0.7907371520996094,0
bg_03773,background,21.75787068506283,-14.99213016767933,8,7,178.79232788085938,0.4248498392529728,0.181419677734375,0
bg_03774,background,31.065603686616612,-9.37205106772033,69,9,1144.7137451171875,2.7061000074067834,1.48443359375,0
bg_03775,background,31.362772597361733,-4.596292337634628,11,3,940.288330078125,1.2285054191792133,0.74243896484375,0
bg_03776,background,33.87630935639647,-2.231060957409122,43,3,1036.6767578125,2.442440368531278,1.4814697265625,0
bg_03777,background,33.73470239529251,-5.673052379490283,8,3,689.4105834960938,2.68451815102977,1.386435546875,0
bg_03778,background,33.64521182513082,-2.8649996096421737,24,3,1232.9969482421875,0.5474066658873192,0.366630859375,0
bg_03779,background,23.43309644597424,-13.555146919797373,8,7,379.5633850097656,1.0282068582551156,0.571490478515625,0
bg_03780,background,25.164011157744852,-14.486241720851817,23,6,121.85503387451172,1.4361552020629662,0.8660092163085937,0
bg_03781,background,32.58937006362525,-4.471648781831866,71,9,1831.232666015625,14.475107484152776,8.3308935546875,0
bg_03782,background,34.24925027313322,-3.194379836471587,14,10,429.75030517578125,1.0182314887794983,0.504393310546875,0
bg_03783,background,29.68311157159959,-6.759608458085581,28,7,520.870361328125,15.178471090777256,9.7376025390625,0
bg_03785,background,27.695028739122268,-9.084690993941082,27,6,485.11712646484375,0.5402776973212245,0.28007080078125,0
bg_03786,background,27.89236663197258,-9.236292193439128,27,6,506.9087829589844,1.0112184147097174,0.623028564453125,0
bg_03787,background,22.386491088044558,-13.433162023301275,8,7,280.99395751953125,0.6184015795158352,0.258538818359375,0
bg_03788,background,24.213932660225847,-14.15326282718106,23,7,292.65643310546875,0.7562863945075085,0.404332275390625,0
bg_03789,background,22.27167407696506,-15.38307702619552,29,7,245.11636352539062,1.9324140331942952,1.2512445068359375,0
bg_03791,background,34.13813810352097,-4.62192959711774,8,10,369.7353210449219,16.103397328769013,8.980322265625,0
bg_03792,background,31.173337587048287,-8.619358098310709,8,3,1290.4078369140625,26.073049972549097,15.3796728515625,0
bg_03793,background,32.39173973391705,-8.965780630152487,40,3,128.41311645507812,0.6318604502503936,0.37215576171875,0
bg_03794,background,34.284901238356504,-3.4120628984338315,24,5,377.968994140625,1.3465178237506208,0.540684814453125,0
bg_03795,background,22.528470237927287,-14.602916188501714,39,7,259.5097351074219,0.39214172053966423,0.172047119140625,0
bg_03796,background,34.52072441930566,-2.3879659527236092,18,3,663.9954223632812,1.7713110601682818,1.03566650390625,0
bg_03797,background,31.02179342970982,-4.6736775817144025,14,3,702.6249389648438,0.3798052524375238,0.1536865234375,0
bg_03798,background,25.704447615528398,-12.204130334311273,8,7,316.82806396484375,0.3602878645054563,0.14393310546875,0
bg_03799,background,33.885340308377266,-2.1667185942314946,14,3,976.0484008789062,0.9248195671670142,0.5684814453125,0
bg_03800,background,23.209048805024945,-15.766742236542754,23,6,132.01104736328125,1.3045331191962024,0.80993896484375,0
bg_03801,background,31.876352465421043,-8.682327395832537,10,8,278.8272399902344,2.5747385365039728,1.19366943359375,0
bg_03802,background,31.220427914954033,-7.428676104514215,71,9,1856.240478515625,7.452093023492753,4.054228515625,0
bg_03803,background,22.228664301234662,-14.529167803784226,8,7,256.4837646484375,0.6522417503405684,0.5207891845703125,0
bg_03804,background,33.276813742787226,-6.967884840834776,28,5,367.4200744628906,10.591377913298382,6.60322998046875,0
bg_03805,background,28.68836533901596,-10.188028503479623,38,7,600.400146484375,9.714546482066623,5.526083984375,0
bg_03806,background,21.87904652183946,-16.201096360688126,39,6,105.22767639160156,0.9376576314130514,0.44319854736328124,0
bg_03807,background,24.95268289747116,-14.337903995760161,23,7,65.9008560180664,0.9218132427359172,0.35387359619140624,0
bg_03808,background,30.564208967472037,-7.722160598704668,49,1,1508.024169921875,22.95615788476104,15.0977197265625,0
bg_03809,background,21.875597440477435,-14.72164894117034,8,7,226.59771728515625,0.47712468918723144,0.2606787109375,0
bg_03810,background,35.42058034003766,-5.561197956508062,8,3,663.4486694335938,18.216745097174297,10.66909912109375,0
bg_03811,background,28.58518483870035,-10.363786328732381,66,9,830.8020629882812,9.385738369807147,5.4328759765625,0
bg_03812,background,32.132812399476556,-4.890387928834482,71,9,1505.10888671875,1.9664495798419592,1.0792138671875,0
bg_03813,background,27.538756666622934,-12.48214968977317,8,7,142.43994140625,0.4864551699621188,0.2554168701171875,0
bg_03814,background,25.51795981060121,-14.309417635716459,23,6,115.4875259399414,0.5607847465543057,0.2214886474609375,0
bg_03815,background,30.79486745147879,-7.925887729362971,8,9,1391.6744384765625,35.12067782852055,23.6594384765625,0
bg_03816,background,29.066054126029275,-9.795116699161262,51,6,510.37103271484375,0.7950487589913661,0.328880615234375,0
bg_03818,background,33.830094184542475,-5.890758521141827,71,3,199.2914581298828,8.316943110867319,4.821678466796875,0
bg_03819,background,34.723421616339536,-4.396977806913282,69,7,1366.849853515625,28.332569977381617,17.0754638671875,0
bg_03820,background,29.905927890704223,-7.558469542063321,14,3,714.7254638671875,0.8760539123768227,0.38429443359375,0
bg_03822,background,34.84936840608244,-4.162575307835303,69,9,1131.4378662109375,14.532838659283643,9.23947265625,0
bg_03823,background,26.425637412022247,-13.839938258066061,23,6,82.32524108886719,0.8986366215407666,0.5378652954101563,0
bg_03825,background,32.54500505167644,-1.2699833095005546,8,3,1333.4976806640625,12.267566193104694,7.1008056640625,0
bg_03827,background,33.750863433274084,-2.8108036067579754,14,3,1212.9718017578125,0.7706473176338223,0.4041015625,0
bg_03828,background,33.63899612232233,-3.094931960235034,24,3,1304.49365234375,0.6886017207644242,0.3075732421875,0
bg_03829,background,31.621033296704475,-9.683859966497963,82,3,0.0,0.0,0.0,0
bg_03831,background,34.78875650996352,-6.219500985875617,14,8,56.2545051574707,3.6679308191238507,2.174335479736328,0
bg_03832,background,28.797269570054123,-8.524116032496712,61,7,276.6801452636719,0.4394714963493985,0.13526123046875,0
bg_03833,background,26.392652571589192,-10.613748505993897,46,7,388.720703125,1.9011117091079912,0.9563818359375,0
bg_03834,background,26.683090302251124,-9.754502417661536,27,7,533.4239501953125,1.1775413294512636,0.5195263671875,0
bg_03835,background,33.61598833787422,-4.7669156047584975,24,3,1424.8299560546875,1.3960479671739783,0.7317578125,0
bg_03836,background,31.096823457557306,-9.70848226667101,69,3,175.04840087890625,20.484035519062445,13.630986938476562,0
bg_03837,background,33.169070671158394,-5.633215767847862,56,3,1189.037353515625,11.201760854007608,6.776748046875,0
bg_03838,background,27.694426514501597,-12.374303915949946,14,6,177.4271697998047,0.778476296089143,0.438165283203125,0
bg_03839,background,29.9892365683779,-5.563814914836061,63,3,609.5519409179688,1.6627349284730981,0.61058837890625,0
bg_03840,background,24.13176962428751,-12.09245072163194,8,7,233.06707763671875,0.8660843762696983,0.578555908203125,0
bg_03841,background,25.900980030089908,-12.112622658039275,8,7,332.20147705078125,0.4765589760937229,0.27086181640625,0
bg_03843,background,26.5148640788488,-12.156602431924188,8,7,284.5973815917969,1.2295707070853743,0.613719482421875,0
bg_03844,background,32.77496715525798,-8.184876581385705,14,3,171.5257568359375,2.0157740844318566,0.764688720703125,0
bg_03845,background,26.897802630496205,-13.336098889379258,45,7,63.45616149902344,0.8141986393077839,0.2979698181152344,0
bg_03846,background,31.316030456039883,-7.455705605304193,38,9,2300.263427734375,29.83162180779791,20.20232421875,0
bg_03847,background,21.840560251715512,-16.16293201724788,39,6,113.52521514892578,0.7160120796007011,0.295418701171875,0
bg_03848,background,22.33573284590989,-13.836710222619077,8,7,237.6593475341797,0.4467669745235534,0.175447998046875,0
bg_03849,background,33.178915682054146,-7.105783191869685,56,5,468.0948486328125,16.423702565350382,8.825482177734376,0
bg_03850,background,31.160989989873258,-4.759411189575328,8,3,773.341796875,1.2322511782799233,0.604765625,0
bg_03851,background,21.991462962494776,-15.795158239436642,29,7,148.1986541748047,0.8257751936914878,0.4018707275390625,0
bg_03852,background,30.860722235257647,-8.731906599207573,56,9,3084.412841796875,42.821606467676354,34.357373046875,0
bg_03853,background,24.9174269394705,-13.531593590887494,8,7,220.1660919189453,0.4913111049919998,0.1559881591796875,0
bg_03854,background,21.77419147358594,-13.74299361243276,45,7,208.63743591308594,1.2478858534714952,0.4865533447265625,0
bg_03855,background,32.5876211883471,-8.431242140583123,24,3,188.97959899902344,0.4936000812448055,0.2397149658203125,0
bg_03856,background,28.32439282886365,-10.723072040024661,10,7,474.4643249511719,20.683115585699127,12.7414599609375,0
bg_03857,background,32.17163536613372,-8.818812028224894,68,8,387.3011169433594,5.993541023762964,3.435118408203125,0
bg_03858,background,34.26272081081075,-4.1838087057203355,64,9,609.66455078125,28.57115880281117,16.47128662109375,0
bg_03859,background,30.98114162278264,-5.5903909724373415,10,3,1760.7431640625,10.150253997229969,5.030732421875,0
bg_03860,background,34.11060807543282,-2.658896680469265,56,3,1051.543701171875,9.46823859429018,5.4149609375,0
bg_03861,background,32.97710181192512,-5.290763966990563,71,9,1945.139404296875,3.681870050644486,1.4436767578125,0
bg_03862,background,34.00905632443236,-6.327485973485287,14,10,192.95541381835938,18.723195071845804,10.40297119140625,0
bg_03864,background,34.62973586952766,-3.636480916328597,8,9,962.8901977539062,11.92151615869459,6.53224853515625,0
bg_03865,background,32.52633698056028,-8.315694502371073,24,5,263.00726318359375,1.1227857291340961,0.605377197265625,0
bg_03866,background,27.36721422291027,-11.562542052632224,69,6,335.0661926269531,0.7408648648092535,0.465367431640625,0
bg_03867,background,31.71753595986527,-5.267334094877896,71,9,2050.142822265625,9.993470448645457,4.5881103515625,0
bg_03868,background,31.403450203144335,-4.334636058955226,8,3,787.9758911132812,1.1429829826040976,0.56611572265625,0
bg_03869,background,24.180191255877812,-13.75753227848187,23,7,302.2699279785156,0.8388768719877486,0.41835205078125,0
bg_03870,background,33.670960023519704,-5.379252083753814,71,3,1081.780029296875,5.420412242064036,3.12375,0
bg_03871,background,33.86171377825947,-3.6648372805335008,18,8,1129.94189453125,16.305281858089096,9.9268115234375,0
bg_03872,background,31.68805749143767,-6.8151422425873225,71,9,1639.21826171875,31.495881018068488,22.0710400390625,0
bg_03874,background,26.258527406145888,-10.759441592523402,8,7,464.94244384765625,1.010839327149117,0.61952880859375,0
bg_03875,background,28.54157792158578,-10.868425530314179,10,7,128.59194946289062,8.056608910399008,3.7448416137695313,0
bg_03876,background,22.25184349739697,-13.252293080402882,8,7,303.728759765625,0.59409927341311,0.2595947265625,0
bg_03877,background,31.749027684504526,-5.017483437766725,8,3,1065.6727294921875,1.2096432094314715,0.6805810546875,0
bg_03878,background,30.012711098269016,-6.8380597173162725,14,3,600.7185668945312,2.0420632009104978,1.16980224609375,0
bg_03879,background,27.62613358135934,-8.902790953464685,27,6,472.5685729980469,0.4867769548228732,0.1534814453125,0
bg_03880,background,21.648066885664708,-16.29944032736204,42,6,76.77660369873047,1.233982608069526,0.6743399047851563,0
bg_03882,background,23.203888096002014,-14.3473627578437,39,7,237.87974548339844,0.39802353828217385,0.1302862548828125,0
bg_03884,background,30.846943052553662,-8.842740723849435,56,9,1892.7464599609375,31.758319699220014,21.1264794921875,0
bg_03885,background,31.50974334467769,-6.513336139982105,71,7,3080.241455078125,23.324442910688997,13.80048828125,0
bg_03887,background,23.229426628182804,-13.595049496943835,8,7,332.0476989746094,0.44632082735454415,0.236884765625,0
bg_03888,background,33.483801592066634,-4.207382270782477,18,9,2071.056884765625,3.36271018320125,1.310947265625,0
bg_03889,background,31.464333945075676,-7.521379022571704,71,9,1297.40869140625,16.57517681318512,10.3615380859375,0
bg_03890,background,24.423543582479823,-14.184095554405793,24,7,237.59483337402344,0.3591551949627303,0.24829833984375,0
bg_03891,background,22.580822547537192,-14.607901165465723,39,7,257.93463134765625,0.37775446941255697,0.171669921875,0
bg_03892,background,25.727198755221483,-13.026599922733302,8,7,236.26632690429688,0.3971247784221894,0.1637274169921875,0
bg_03893,background,27.393985109697766,-11.659746005113574,27,6,306.2144470214844,0.39441389725986153,0.353399658203125,0
bg_03894,background,22.037023161874803,-16.094217812869147,39,6,126.55291748046875,0.6582788571141399,0.25854827880859377,0
bg_03895,background,31.114580984099977,-9.808636897275496,68,5,237.47244262695312,1.977267807643996,0.966876220703125,0
bg_03896,background,30.72724469341383,-9.27063623902205,51,9,938.2807006835938,14.033284268127261,7.0728466796875,0
bg_03897,background,32.074882345890444,-4.226291894861755,71,9,1418.68798828125,10.076946920803136,5.50234375,0
bg_03900,background,21.87843747961287,-16.528748659747404,40,7,32.409820556640625,0.38777249057518764,0.1258055114746094,0
bg_03902,background,33.283734200374994,-4.5405505146857985,14,7,1687.1827392578125,4.680201275874166,2.3576318359375,0
bg_03904,background,32.89681883247921,-3.3927917886652113,13,7,1563.146240234375,8.968040407491408,5.4910107421875,0
bg_03905,background,33.69197395370571,-5.1111121176957335,71,3,1249.11083984375,0.9561553112910476,0.45638671875,0
bg_03906,background,30.59517401287671,-8.685093047958985,24,6,373.8976745605469,1.1049087215438547,0.5529541015625,0
bg_03908,background,32.1288327875762,-4.28830044318078,71,9,1391.685546875,11.030700600972516,6.4190576171875,0
bg_03909,background,29.573617300198016,-9.307095783258928,66,3,722.1304321289062,23.71171545722386,15.651298828125,0
bg_03910,background,32.865550319798366,-4.3042994477685115,57,3,1028.511474609375,3.3015896338481823,1.5191259765625,0
bg_03911,background,28.65503411513279,-9.66675293493433,8,7,687.5962524414062,26.202854464121625,16.2904736328125,0
bg_03912,background,26.37016382626558,-13.57500498847497,23,6,103.71968078613281,0.5027523618534716,0.2852825927734375,0
bg_03914,background,32.5137280004546,-8.806833869952964,24,3,156.44862365722656,0.4585191511791484,0.192296142578125,0
bg_03915,background,28.986735440373156,-10.191484737048624,24,6,208.01246643066406,0.5411058794650924,0.2468804931640625,0
bg_03916,background,26.158994101633823,-12.060387867302548,24,7,381.3387145996094,0.7912680469037835,0.356480712890625,0
bg_03917,background,21.550112032828434,-15.781810219156284,39,7,114.17245483398438,0.5152120748950215,0.24662261962890625,0
bg_03918,background,24.265020499827774,-13.002433237084915,8,7,301.1773681640625,1.7479984999945353,1.118477783203125,0
bg_03919,background,33.155249619119346,-1.6476368506781789,43,3,1225.5087890625,0.5138079407963212,0.2080517578125,0
bg_03920,background,32.635035096719214,-5.03887674625838,14,6,1692.0943603515625,0.6961201201281837,0.3396240234375,0
bg_03921,background,26.104381481043514,-9.610207791015524,8,7,437.7845153808594,0.5088961858447403,0.2424853515625,0
bg_03922,background,31.578792940736424,-5.267540007699651,8,3,1135.0955810546875,0.6607223727655277,0.396416015625,0
bg_03923,background,34.79104155078943,-5.094493372241446,32,9,347.37677001953125,18.061732693426137,10.296767578125,0
bg_03924,background,24.21321983312219,-12.825162467452014,8,7,203.54151916503906,1.7281004542455503,0.7410589599609375,0
bg_03925,background,27.655418436683924,-11.749160976764752,27,6,325.7242431640625,0.6033486234154837,0.289149169921875,0
bg_03926,background,31.004784776940628,-9.592494959914198,69,3,750.1031494140625,18.208575473195932,10.5957958984375,0
bg_03927,background,34.0709251197554,-6.58464051202754,14,3,130.63157653808594,3.1101574632674693,1.2498568725585937,0
bg_03928,background,23.905992554793976,-15.438750774492723,37,6,66.55640411376953,1.5709871011586976,0.9585134887695312,0
bg_03929,background,35.269704258278786,-6.055054188210378,14,1,154.50802612304688,5.507539823728191,3.144356689453125,0
bg_03930,background,26.830693182066465,-11.444207371026721,24,7,175.7726287841797,1.2630063874746058,0.6910113525390625,0
bg_03931,background,30.796114886672644,-4.440685743668025,14,3,642.3583374023438,0.6166851513537653,0.3138134765625,0
bg_03932,background,31.925891293364497,-7.369656605822863,47,5,552.3319702148438,0.4652896883831164,0.19108642578125,0
bg_03933,background,26.16894133008457,-12.602925006551985,8,7,247.88626098632812,0.7796783049334973,0.4196856689453125,0
bg_03934,background,27.14906721132828,-10.07345103769318,27,7,533.9442138671875,14.62969254499024,7.90231689453125,0
bg_03935,background,21.74816912414913,-14.608025772010262,8,7,207.9852752685547,0.5579699691803423,0.2565655517578125,0
bg_03936,background,21.7117496501837,-15.742706385326661,29,7,123.27152252197266,0.6467869507400933,0.29656158447265624,0
bg_03937,background,32.786316649905245,-6.921244469684037,32,3,655.0125122070312,2.32523243016063,1.14855712890625,0
bg_03938,background,30.818935082394475,-7.17236737322608,38,3,1602.8978271484375,12.40859954068338,7.217978515625,0
bg_03940,background,21.43125009343387,-16.984055235768494,62,7,17.594839096069336,2.8619505891164803,1.2568605041503906,0
bg_03941,background,33.533353579884896,-2.626009016563183,43,3,1153.0701904296875,0.6121071862156967,0.3986279296875,0
bg_03944,background,32.156091240917846,-3.158540300179581,71,8,1052.4210205078125,10.285915175313523,5.6422119140625,0
bg_03945,background,33.901106471494735,-6.47993055395279,14,10,246.83409118652344,6.965010354315342,3.7610919189453127,0
bg_03946,background,29.929517506136776,-8.832486440791646,56,9,1307.757080078125,10.245508389089466,5.834736328125,0
bg_03947,background,26.39340535694694,-13.080794249232573,23,6,135.422607421875,1.054106149960553,0.5634417724609375,0
bg_03948,background,25.18526209684636,-13.344594451557494,8,7,179.92161560058594,1.2699244668620067,0.5566168212890625,0
bg_03949,background,22.579858026666837,-15.119301860532193,29,7,249.8107452392578,1.1978221790375714,0.4606536865234375,0
bg_03950,background,22.37125904295495,-16.13119457253093,39,6,116.48627471923828,0.7577243961141522,0.2930584716796875,0
bg_03951,background,31.380862582722,-6.59881030172903,8,7,2363.290771484375,16.52694347514036,8.6901953125,0
bg_03952,background,27.6539574633672,-12.155857846653317,27,6,217.4152374267578,0.41016399908006657,0.223236083984375,0
bg_03953,background,22.359147112508634,-14.609500996583725,7,7,247.13717651367188,0.5298719192684636,0.1855413818359375,0
bg_03954,background,27.414316508352783,-9.526489843974849,27,7,508.32525634765625,1.012030457291287,0.560306396484375,0
bg_03955,background,33.030510084209205,-5.45543667522915,71,9,1462.3961181640625,16.12780542039993,9.4033251953125,0
bg_03956,background,27.34317920879874,-12.002120728609802,27,6,316.36273193359375,0.718101927434474,0.36927734375,0
bg_03957,background,33.766197615065515,-3.7050817485921073,18,3,1679.766845703125,15.504084335602744,8.5512646484375,0
bg_03958,background,31.867675097216512,-8.606930365062011,10,8,314.1630859375,1.5826918926994027,0.664500732421875,0
bg_03959,background,24.916829644742073,-14.25304285967256,23,6,142.97537231445312,4.213501545666473,2.4540087890625,0
bg_03960,background,32.31188562523392,-7.868558689606959,8,5,561.0389404296875,3.5453116467285866,2.27670166015625,0
bg_03961,background,26.05411330738751,-9.819437803942334,8,7,432.86920166015625,0.5475275401612852,0.2562158203125,0
bg_03962,background,27.48708660936528,-11.904855529519223,27,6,286.265869140625,0.7721675226250113,0.37390869140625,0
bg_03963,background,32.0479640977759,-5.7555961013274795,71,9,2418.27880859375,12.92027849050637,7.15837890625,0
bg_03965,background,26.840895448147347,-11.84806036582487,69,7,143.0897979736328,1.129025193008084,0.5614556884765625,0
bg_03966,background,32.554603158200464,-6.639943511859309,14,5,467.7929992675781,0.5137716009536907,0.22876953125,0
bg_03967,background,31.554285479966897,-7.847629141719471,24,5,541.1931762695312,1.1265787758911687,0.577646484375,0
bg_03968,background,27.305089761687505,-10.414736885243425,24,7,500.73388671875,5.791235241413044,4.15112548828125,0
bg_03969,background,33.12350061068733,-2.448603559725837,14,3,1264.6956787109375,0.8194982747583784,0.4456689453125,0
bg_03970,background,33.115783726002036,-2.575756815920483,32,3,1325.405029296875,1.0376423002317552,0.497744140625,0
bg_03971,background,23.409259855480574,-14.423794435641556,39,7,224.41357421875,1.5908096944800425,1.0967535400390624,0
bg_03973,background,25.495144917450887,-12.50484982364034,15,7,354.0284423828125,2.381334959404219,1.2332958984375,0
bg_03974,background,22.17898607642722,-15.475456909229305,29,7,201.9378204345703,1.8255804021755262,0.85260986328125,0
bg_03975,background,21.44123083579897,-15.477911460314683,8,7,143.5125274658203,0.5847291586664038,0.4572894287109375,0
bg_03976,background,34.360703306954605,-6.395591744590076,24,2,5.409969806671143,0.972174999772879,0.7270483684539795,0
bg_03977,background,34.93322746012328,-4.018877355220877,69,7,1812.5804443359375,26.18283724755088,15.635322265625,0
bg_03978,background,32.78862584393559,-3.3067764327806914,32,7,1607.1685791015625,6.479842002220352,3.9996875,0
bg_03979,background,23.777542522852993,-15.33317431281803,23,6,136.4207305908203,2.113007739530206,1.232901611328125,0
bg_03980,background,28.505653108854368,-10.721482186643533,8,7,255.03334045410156,28.292129914261434,18.90494323730469,0
bg_03981,background,24.13517418210744,-13.199745121503929,23,7,472.2085876464844,1.1613105226413125,0.558172607421875,0
bg_03982,background,31.906710843234045,-4.541330785077385,13,11,1086.7447509765625,2.0852883424941613,1.1096728515625,0
bg_03983,background,22.286829674165013,-14.59129644942945,8,7,250.14051818847656,0.7984608652568744,0.42565673828125,0
bg_03984,background,26.735027586058433,-10.561789193324529,15,7,287.90570068359375,1.493137617087981,0.754564208984375,0
bg_03985,background,28.167998223125014,-9.872616762588484,8,7,318.2136535644531,0.5680090702730473,0.26619384765625,0
bg_03988,background,26.09430211064401,-9.292439201425804,8,7,421.45306396484375,0.4454227895069216,0.222091064453125,0
bg_03989,background,30.668298932859766,-4.4667269171732835,63,3,622.2387084960938,0.9581428320037154,0.27900146484375,0
bg_03990,background,23.523679127467336,-12.359426859736812,8,7,318.4053649902344,0.6718143246827242,0.190380859375,0
bg_03991,background,33.3089464354459,-7.655051726637065,14,3,202.9854736328125,2.190588779912442,0.996097412109375,0
bg_03993,background,30.94909221264961,-5.61508132591066,10,3,1526.260986328125,19.441391741672433,10.97169921875,0
bg_03995,background,21.407847869667805,-16.69997368667867,62,7,16.398576736450195,0.642913777890495,0.2748673248291016,0
bg_03996,background,27.388117572555405,-12.506484053719944,8,7,157.9019775390625,0.2964588859148964,0.1537188720703125,0
bg_03997,background,25.690596492134034,-13.997149860320473,23,6,166.42694091796875,0.5817106350648207,0.3686273193359375,0
bg_03998,background,32.75177329094679,-1.728012803545098,32,3,1183.6783447265625,1.733947747778667,1.01642578125,0
bg_03999,background,26.300443559673607,-10.53793016420095,8,7,469.8901062011719,8.228274341254846,4.967476806640625,0
bg_04000,background,21.667720058815323,-13.475146000728083,45,6,242.84437561035156,0.7073114494553334,0.3542449951171875,0
bg_04001,background,31.467366617951043,-8.393273693099715,14,5,523.5626220703125,1.1634339225554848,0.6751123046875,0
bg_04002,background,24.2507900689672,-14.087293351088357,23,7,299.7616882324219,0.4296531086441613,0.161661376953125,0
bg_04003,background,34.05268650609967,-4.609873382835118,48,8,333.8147888183594,7.024723767406739,4.28821533203125,0
bg_04004,background,27.583783002776233,-12.617145532169848,27,6,122.00032806396484,1.003113911557107,0.682158203125,0
bg_04005,background,34.22587192205882,-5.289190452498684,64,8,317.64532470703125,6.70497083301093,3.893785400390625,0
bg_04006,background,33.745020380002806,-4.995950950785156,71,3,1483.925537109375,26.14819504518353,15.7798876953125,0
bg_04007,background,32.171745001576696,-7.350009362809748,14,5,408.2901611328125,1.1644861384420926,0.658717041015625,0
bg_04008,background,26.11994047562122,-10.292871110664965,8,7,468.3518981933594,0.7102625435080148,0.373515625,0
bg_04009,background,34.225373923772466,-2.5396033745806403,18,9,843.3438720703125,10.350533604834627,4.395595703125,0
bg_04010,background,33.991416056484624,-1.7525554702407147,14,3,1079.69287109375,2.30276523912657,1.1739697265625,0
bg_04011,background,34.423136036350535,-4.220183919549425,9,9,924.0731201171875,12.779717923476957,6.612275390625,0
bg_04012,background,33.11986428716303,-8.500381550517387,17,3,43.566139221191406,1.5908848812388994,0.9387112426757812,0
bg_04013,background,22.240911222079156,-14.111420198977356,8,7,239.85911560058594,1.069789604475635,0.6217388916015625,0
bg_04016,background,31.343967053468923,-5.230586021680895,8,3,1241.46484375,8.290709118744928,4.67654296875,0
bg_04017,background,29.009210132229757,-9.59834609405451,24,6,466.5380554199219,1.0846513698531297,0.437864990234375,0
bg_04018,background,22.62573066394721,-14.703139833239451,29,7,284.06787109375,0.9684195101713107,0.506949462890625,0
bg_04022,background,34.53222245191272,-2.0006070366602153,71,3,986.0667114257812,18.643991030676073,9.187823486328124,0
bg_04023,background,31.065763258571103,-5.86326554455373,49,9,1602.9248046875,20.57551101976481,12.4731689453125,0
bg_04024,background,32.64521755695348,-3.7013661221817875,69,7,1533.0469970703125,1.7313390667636637,0.9559130859375,0
bg_04025,background,30.201417099037013,-4.864406622401519,82,3,752.7719116210938,1.349038688051606,1.23253662109375,0
bg_04026,background,33.33935185444214,-8.25370998726278,17,3,49.668304443359375,4.824045276456803,2.665430145263672,0
bg_04027,background,24.066926716274175,-15.536516018463358,40,7,45.4008674621582,0.36915225022925807,0.1355328369140625,0
bg_04028,background,30.80707128877497,-4.4776492871307125,63,3,643.5823974609375,0.6708707234263169,0.20659423828125,0
bg_04029,background,31.40600280533423,-9.412068541086475,32,8,434.2074279785156,4.160416433282501,2.414129638671875,0
bg_04030,background,26.857918949796648,-12.976541309012886,8,7,121.41019439697266,0.6877048233856774,0.4163177490234375,0
bg_04031,background,32.89436505466559,-3.9876020412249464,8,3,1033.2215576171875,0.9199901739203182,0.3822802734375,0
bg_04032,background,30.980637340355724,-7.708145922390908,38,1,2385.39111328125,5.074744560453434,3.262509765625,0
bg_04033,background,32.665542643816856,-7.1715913385663175,8,3,614.6915893554688,1.4729233408551707,0.8008935546875,0
bg_04034,background,31.496774512259492,-7.4972338252057975,8,9,1047.034423828125,19.40953032977156,11.1976708984375,0
bg_04035,background,23.351562461450992,-15.713328186327914,23,6,132.6419677734375,0.45669442158798607,0.2687109375,0
bg_04036,background,33.09580619449413,-3.8702167433876755,59,3,885.712158203125,0.632828511580805,0.35322265625,0
bg_04037,background,25.802369894587372,-12.164265513754405,50,7,356.85595703125,2.088097433013506,1.25773193359375,0
bg_04039,background,34.78210961813377,-3.86612753296533,71,9,1633.468505859375,21.24471452472062,10.9942236328125,0
bg_04040,background,23.983156794552052,-12.45040671691045,8,7,239.74551391601562,1.5527689420320894,0.95641357421875,0
bg_04041,background,31.66586254715772,-9.623568248931566,45,5,98.87593078613281,3.4749642158859486,1.6135714721679688,0
bg_04042,background,34.267828636529295,-5.841824396727457,24,2,33.00553894042969,0.7545794565732115,0.5579182434082032,0
bg_04043,background,34.14516991238558,-3.351077864675985,59,10,432.3191223144531,1.1201979583174617,0.629510498046875,0
bg_04045,background,28.978040528082207,-10.142525962898326,24,6,228.06649780273438,0.7294813488396459,0.3449383544921875,0
bg_04046,background,32.777076243486796,-2.2579453352974435,32,3,1421.9227294921875,1.3917791168823952,0.7390576171875,0
bg_04047,background,26.899968096189227,-13.146228743171088,27,7,150.30291748046875,1.2411763298309992,0.70421630859375,0
bg_04048,background,31.421279277245084,-8.080506118688476,43,3,668.3092041015625,5.046500560994937,2.79925048828125,0
bg_04049,background,35.15232569579215,-6.067143208757583,24,2,2.1776585578918457,0.384053060057037,0.15708205223083496,0
bg_04050,background,30.49051045756971,-5.281449675238661,8,8,834.2546997070312,4.832272282902353,2.55180908203125,0
bg_04053,background,27.25457517649199,-12.246047517833174,27,6,242.45587158203125,0.4519370998753576,0.28810302734375,0
bg_04054,background,28.19243792490176,-10.066153656626687,14,7,326.3912353515625,0.7042285616451821,0.304085693359375,0
bg_04055,background,25.63615562982616,-12.281195487953367,8,7,344.45318603515625,0.5141237034211394,0.26547607421875,0
bg_04057,background,33.71320033005909,-5.736842455824298,56,3,651.5112915039062,4.57587217694482,2.43635009765625,0
bg_04058,background,27.600953555024883,-12.510818973516523,45,6,135.5252685546875,0.8496061951408563,0.5168328857421876,0
bg_04059,background,22.77436005815237,-15.663062258354321,8,7,185.9801788330078,1.5451229490442928,0.7556103515625,0
bg_04060,background,32.144782933017254,-7.675675821797536,24,5,407.2862243652344,0.5202323153962578,0.217061767578125,0
bg_04061,background,29.839975999333397,-5.563545955871961,82,7,574.2481079101562,0.8874301819478512,0.31478759765625,0
bg_04062,background,33.3299286397228,-2.161782162268018,43,3,1196.4676513671875,0.8117107782485617,0.48197265625,0
bg_04064,background,25.91064119532294,-14.040766631873838,23,6,134.1516876220703,0.48208312384251434,0.3083056640625,0
bg_04065,background,33.28658192462292,-8.226563495696443,17,3,96.1224365234375,4.567192241882141,2.677325439453125,0
bg_04066,background,31.949681220131,-6.218388836573967,71,9,2010.8018798828125,28.49708720733815,19.732216796875,0
bg_04067,background,27.653204816971847,-11.174875864125692,8,7,309.44482421875,11.173273774275227,7.429405517578125,0
bg_04068,background,32.57089226766688,-7.068829239997783,24,8,491.7157287597656,1.5193520089090125,0.779862060546875,0
bg_04069,background,26.009924919612445,-13.402501332365143,64,7,170.63465881347656,3.755054177645062,2.1442730712890623,0
bg_04070,background,32.59102391565833,-3.0087684866527513,14,3,1148.126953125,3.8120727743301726,1.8071875,0
bg_04071,background,34.27694884096509,-3.592238381104815,24,5,441.0224914550781,0.5542421138328922,0.249931640625,0
bg_04072,background,29.29453459501981,-9.027579787787666,49,3,1171.73291015625,19.59729306703868,12.574697265625,0
bg_04073,background,24.483822088746013,-12.568459505988809,8,7,218.1981201171875,0.4034605979729334,0.6328863525390624,0
bg_04074,background,30.98889111644384,-9.740492736214497,45,10,368.16607666015625,7.586387285405531,3.7533935546875,0
bg_04075,background,31.038651409499323,-7.449359395969617,8,9,1699.767822265625,4.856926838223471,2.8621044921875,0
bg_04076,background,22.472103690592018,-15.846884677139416,8,7,173.0554962158203,0.5247183158423799,0.326527099609375,0
bg_04077,background,32.924235712830296,-3.809907338373546,14,3,1075.60595703125,1.3250636915856489,0.7413916015625,0
bg_04078,background,26.53767214069059,-10.208363596193635,61,7,379.3922424316406,0.32518445667900875,0.23779296875,0
bg_04079,background,31.723152380269795,-4.28086879599403,13,4,1107.51513671875,1.5606894432678546,0.7984228515625,0
bg_04080,background,21.372649188193147,-14.69604651172936,8,7,154.16912841796875,0.7570826506571913,0.6509320068359375,0
bg_04081,background,31.74628057924863,-6.30395347785718,71,9,2924.434326171875,24.545400971782453,12.9646484375,0
bg_04082,background,24.0320868888877,-15.20957972399367,37,6,104.89295959472656,1.036831926084206,0.64598876953125,0
bg_04083,background,26.176196395712676,-12.48566601076735,32,6,277.43011474609375,0.6798514948937932,0.270400390625,0
bg_04084,background,24.959200277938297,-13.081323136611848,8,7,207.36444091796875,0.7646164086612701,0.4279449462890625,0
bg_04085,background,32.959918356782744,-4.125843829074208,8,3,947.2861328125,5.281427293086122,2.90624755859375,0
bg_04086,background,33.05886251673932,-6.3554869809708965,56,3,833.7139892578125,9.869768010493182,5.189970703125,0
bg_04087,background,29.34925233534705,-8.981072152503502,49,3,1231.024169921875,13.961068222638977,8.2632958984375,0
bg_04088,background,35.75082693039323,-5.705671798961919,69,3,228.4429168701172,15.184593362089062,9.511331176757812,0
bg_04089,background,26.239703450935078,-14.33074223832632,40,6,57.38772201538086,0.3794183226214072,0.15677322387695314,0
bg_04090,background,27.032938526970877,-10.792047271327672,24,7,251.85748291015625,4.8247008455859905,2.5646868896484376,0
bg_04091,background,30.49982158857982,-5.983541292976055,14,3,844.50927734375,1.93257794106863,1.0195849609375,0
bg_04092,background,31.930919265472724,-5.592423957723575,71,7,2599.52978515625,14.579848931921521,10.703056640625,0
bg_04093,background,26.087219102927467,-12.549586655318066,8,6,290.97454833984375,0.659935192503373,0.330216064453125,0
bg_04094,background,31.61904751727672,-7.811978467668802,24,5,495.8852233886719,0.6554575887149628,0.27360107421875,0
bg_04095,background,22.34749891906285,-13.679128844398411,8,7,264.4862060546875,0.47333737753243643,0.254312744140625,0
bg_04097,background,32.623342987417544,-7.7763284416199205,60,11,222.8120880126953,13.177088677315218,6.658079833984375,0
bg_04098,background,26.330579552634326,-14.25668200532843,82,6,0.0,0.0,0.0,0
bg_04099,background,25.642733570900244,-14.614497697752736,37,6,80.75682067871094,0.5203053047399772,0.3364755249023437,0
bg_04100,background,31.039924024097093,-7.945173540376427,66,7,4032.2734375,23.52623906429041,14.79712890625,0
bg_04101,background,26.19061745836306,-11.685720951076085,46,7,365.0147399902344,1.984511586761752,1.0997509765625,0
bg_04102,background,34.30873603349633,-2.9484782315731155,9,10,575.1920776367188,2.714466031794385,1.50036865234375,0
bg_04103,background,26.38446042759442,-14.108088169426157,40,6,63.902870178222656,0.41833845681217685,0.16512481689453126,0
bg_04104,background,25.0325989496863,-12.43533144011964,15,7,337.4213562011719,0.659739809874526,0.346092529296875,0
bg_04105,background,22.022096393467287,-14.080496663125032,8,7,214.275634765625,0.7644325062618956,0.4648345947265625,0
bg_04106,background,34.43170661856548,-4.014011025839374,32,1,966.6943359375,10.449464844781406,5.9372265625,0
bg_04107,background,32.5250593875717,-2.430771297158692,14,3,1053.539794921875,1.5082041609404158,0.6820751953125,0
bg_04108,background,32.24041799862313,-8.645543400335537,68,8,367.24029541015625,7.980741450755421,3.741761474609375,0
bg_04109,background,22.088087724386483,-14.312455976818905,8,7,236.957763671875,0.7842091028167235,0.249708251953125,0
bg_04110,background,22.296658860431688,-14.207046765710166,8,7,255.55072021484375,0.4854200737896098,0.3268463134765625,0
bg_04111,background,32.84040924910071,-3.9378827765906315,14,3,1124.3541259765625,0.9417327594303239,0.5218603515625,0
bg_04112,background,32.95531354395398,-3.074853938924002,32,7,1680.2802734375,8.372565477737576,3.9812890625,0
bg_04113,background,31.861472250587465,-8.431545624491626,16,8,416.1037902832031,2.8516283909798803,1.43053466796875,0
bg_04114,background,31.17780697339662,-7.986328996886116,38,7,2045.2406005859375,27.23443472391918,16.36142578125,0
bg_04115,background,33.9073338547179,-2.191513095443491,43,3,1015.1978149414062,2.5028841974577687,1.5823486328125,0
bg_04116,background,31.772962279471894,-8.553525070369695,10,5,290.2474670410156,0.6909184674000962,0.398699951171875,0
bg_04117,background,22.84851898692811,-14.690444239621417,29,7,327.19580078125,1.3379319355742982,0.721591796875,0
bg_04118,background,33.318532681473904,-5.620899681190046,56,3,1007.6773071289062,15.487049312267661,8.34544189453125,0
bg_04119,background,21.742995540253837,-16.29880907983885,8,6,65.91192626953125,1.3703386708645615,0.546927490234375,0
bg_04120,background,23.44990135264295,-15.563213677006875,23,6,133.18856811523438,1.0866524579016426,0.6021844482421875,0
bg_04121,background,32.732373042284706,-3.143893774765265,71,3,1287.69873046875,3.4684124238662024,2.40779296875,0
bg_04122,background,22.457767409865625,-16.436352249711696,40,3,11.898164749145508,0.969730190121121,0.5645341491699218,0
bg_04123,background,32.84466660490273,-6.441686239120084,13,3,811.9183349609375,0.9761007335332731,0.63181884765625,0
bg_04124,background,23.167502577373995,-15.407523289269,23,7,219.7381134033203,0.6353112288470848,0.3217767333984375,0
bg_04125,background,30.256410051232912,-6.96478642742563,56,9,907.106201171875,3.0071016856554604,1.92668701171875,0
bg_04126,background,22.532399947404272,-15.05771456679843,29,7,256.544921875,0.8618771812760526,0.40926025390625,0
bg_04127,background,29.304066762070043,-9.064450177384618,49,3,1224.7498779296875,21.292006084434796,12.6215087890625,0
bg_04128,background,29.07278308521403,-8.58203543801046,61,7,436.76788330078125,1.024221851486654,0.6724267578125,0
bg_04129,background,32.44904040097596,-4.284277521825685,71,7,1883.7464599609375,13.363841448802804,6.2700927734375,0
bg_04130,background,22.305428176276475,-15.477279404700033,29,7,184.71676635742188,1.849878587797889,1.018350830078125,0
bg_04132,background,23.888556644845085,-15.275544866186129,23,6,75.04181671142578,0.9724725993262983,0.4641152954101562,0
bg_04133,background,24.66532273586166,-12.199525936786216,8,7,293.7565612792969,0.7367159707504786,0.20791015625,0
bg_04134,background,31.921968075553142,-9.31010477493949,45,3,32.33556365966797,3.06041636505965,1.7365432739257813,0
bg_04135,background,33.49771132820442,-4.614889206013953,18,9,1253.577880859375,17.230556145077696,9.5135498046875,0
bg_04136,background,32.22339682568457,-8.016824006784375,8,5,431.9606018066406,2.207537311950617,1.689451904296875,0
bg_04137,background,32.27859704065861,-4.3241188299208115,71,3,1342.61376953125,19.264841089701346,11.009501953125,0
bg_04138,background,32.12309875399738,-5.555212132394835,71,9,2217.02099609375,5.046066260022937,3.144794921875,0
bg_04139,background,31.78973204000844,-4.6049388135461,13,11,1143.4808349609375,7.960382599842678,4.6027001953125,0
bg_04140,background,24.715468684529945,-13.537553133388263,23,7,271.43621826171875,0.5584770418404377,0.257109375,0
bg_04142,background,33.86779694690819,-6.620261066346832,14,10,222.84109497070312,3.5157309280310316,1.78697998046875,0
bg_04143,background,30.982479060910343,-6.915501821339364,59,3,1148.318359375,2.1717439952096638,1.09310546875,0
bg_04144,background,26.414959061329082,-11.464660239115712,15,7,271.2694091796875,1.9982476553822839,0.902762451171875,0
bg_04145,background,22.842074296923393,-13.835455881040922,8,7,304.7724304199219,0.6976181534337751,0.469197998046875,0
bg_04147,background,23.240193214763725,-15.541048868498466,23,7,168.99742126464844,0.7217769121657627,0.410391845703125,0
bg_04148,background,33.69460454763579,-1.8288531435520874,43,3,1084.0743408203125,0.6434097924992724,0.25404296875,0
bg_04149,background,25.534694052610277,-13.046185525227072,8,7,260.76605224609375,0.6077403294231365,0.404178466796875,0
bg_04150,background,27.765603101234664,-9.20712466467336,27,6,500.94964599609375,0.9482319219340007,0.418349609375,0
bg_04151,background,24.0149321972872,-14.527133780167931,23,7,222.12925720214844,0.4244015110701246,0.206405029296875,0
bg_04152,background,34.18120430539769,-4.685746508307312,64,10,338.5542907714844,11.919430210031535,6.90072509765625,0
bg_04153,background,21.85619560046845,-15.19367700623165,29,7,189.5346221923828,0.42752449056616904,0.1986859130859375,0
bg_04154,background,27.7792097386916,-11.42225039599614,10,7,229.28102111816406,11.923045684773474,6.914224243164062,0
bg_04156,background,31.26853537986515,-4.944993395862047,10,3,969.0582885742188,3.6866171262300735,2.0838134765625,0
bg_04157,background,29.41701434542787,-9.202956587804698,49,3,1368.220947265625,10.303394590561538,5.7628271484375,0
bg_04159,background,25.355150119896305,-13.03168448185172,8,7,239.2359619140625,0.456894150443646,0.219287109375,0
bg_04160,background,33.15732304255488,-4.833677515862432,18,9,1942.8577880859375,12.194205695371998,7.271923828125,0
bg_04161,background,32.69870912003496,-5.8718410672717045,56,3,673.0,0.0,0.0,0
bg_04162,background,29.51027016051659,-7.62223436824757,8,7,376.94219970703125,2.927789577269018,1.67029052734375,0
bg_04163,background,34.133866090401284,-3.312837279464696,14,10,483.80023193359375,1.869176678750358,0.88246337890625,0
bg_04164,background,30.4669022623678,-9.062347365865607,24,6,159.44503784179688,1.5271795189509998,1.0026580810546875,0
bg_04165,background,31.186276136078067,-8.532899449513293,56,3,1584.1971435546875,3.5444721027480868,1.6659765625,0
bg_04166,background,23.11162627040753,-14.830127112051294,29,7,215.42591857910156,1.229574895368977,0.57261962890625,0
bg_04167,background,32.86441843853317,-8.466078932071065,40,3,140.2814178466797,1.9589236057838346,1.332022705078125,0
bg_04168,background,31.991057636525007,-9.150219811539314,45,3,252.33990478515625,1.504625579363493,0.6936669921875,0
bg_04169,background,33.19263679867973,-3.2082489516528834,18,3,1549.397216796875,6.498804753089817,3.1695947265625,0
bg_04170,background,29.558637308844734,-8.34287741364563,56,3,736.0514526367188,14.97715279794402,8.68447265625,0
bg_04171,background,32.189369109752676,-6.848244160806208,24,5,446.2577819824219,1.3375793566005008,0.73112548828125,0
bg_04172,background,31.752763337225065,-4.043157701329365,14,3,949.822509765625,0.868560065356148,0.4850048828125,0
bg_04173,background,28.25722747486714,-9.467949535361505,14,7,281.137451171875,0.8241348720616677,0.300274658203125,0
bg_04174,background,32.33587206365674,-3.7198716739449282,71,3,1295.523193359375,8.446065109115262,4.5213037109375,0
bg_04175,background,33.054176026690286,-3.959679910658399,24,3,860.2312622070312,2.1251933733607142,1.4807275390625,0
bg_04176,background,32.50619567081576,-7.76057954818749,10,11,409.6643981933594,14.547469299782799,8.785693359375,0
bg_04177,background,26.857405583550047,-9.336060017246691,8,7,467.3594970703125,0.4407645283190923,0.19071044921875,0
bg_04178,background,29.11293146932698,-9.37242926214275,11,9,826.1156005859375,23.913503646168117,15.4207275390625,0
bg_04179,background,28.472726831817276,-9.06757890322216,24,7,351.6445007324219,8.49639161035809,5.39602783203125,0
bg_04180,background,23.502799796511272,-13.01092880500739,8,7,285.5852966308594,0.636389903632142,0.309185791015625,0
bg_04181,background,26.664091760064007,-13.482181267053623,40,7,65.19903564453125,0.444534213054364,0.188992919921875,0
bg_04182,background,26.85753850755494,-11.540820561068232,8,7,187.76654052734375,1.448776189941297,0.828212890625,0
bg_04183,background,24.414032446405074,-14.959233751590967,37,6,109.36746978759766,3.344826072351334,1.3752130126953126,0
bg_04185,background,23.805903608223364,-15.128835731945925,23,6,198.28564453125,0.8290878848912774,0.4834527587890625,0
bg_04186,background,33.723970882148315,-5.6985648765180255,8,3,669.885009765625,5.511825821106522,3.705078125,0
bg_04187,background,23.19578394691852,-13.020940424417827,8,7,303.2474670410156,0.7571529700072434,0.3167138671875,0
bg_04188,background,32.37560664578982,-1.3156518306078653,35,3,1033.586669921875,15.321916885626832,9.28048828125,0
bg_04189,background,31.98625492395345,-3.212925853705498,14,3,878.8897094726562,0.43707525361039445,0.1307861328125,0
bg_04190,background,24.3154899983427,-14.995654481542418,37,7,125.71619415283203,1.489700598155537,0.8057156372070312,0
bg_04191,background,22.680674145436203,-13.298518865173556,8,7,324.4873046875,0.5637702377567594,0.352305908203125,0
bg_04192,background,25.991575248633655,-13.954032582964372,23,7,134.5995330810547,0.4382258052206548,0.2241229248046875,0
bg_04193,background,26.496649679020596,-12.285301630937742,8,6,290.1846923828125,1.297057821767153,0.7041796875,0
bg_04194,background,31.29652237846782,-4.311051698457473,8,3,759.7555541992188,0.8061232719171589,0.5078515625,0
bg_04195,background,29.15651545194062,-8.220682514979321,61,7,396.64410400390625,11.717329835427424,6.944166259765625,0
bg_04196,background,32.76973268624658,-6.466071678828356,13,3,659.4796752929688,1.9526118782869153,1.00498291015625,0
bg_04197,background,21.775542109991928,-14.137356482191132,8,7,227.44615173339844,0.781389820824408,0.343662109375,0
bg_04198,background,32.35220931692176,-1.9459016722763633,71,7,1458.6522216796875,30.316549424691498,21.6216796875,0
bg_04199,background,25.010468873145506,-14.413267592371499,27,7,90.50383758544922,1.409644694358511,0.6574310302734375,0
bg_04200,background,30.282908406351734,-6.498259439662745,38,3,1241.696533203125,12.188569612391339,8.4651318359375,0
bg_04201,background,29.552240203109488,-5.502081312927799,82,7,544.091796875,0.8765706361225776,0.326787109375,0
bg_04202,background,24.980899862368155,-12.059297186829067,8,7,330.1345520019531,0.6970249254027203,0.285052490234375,0
bg_04204,background,22.500691623783055,-14.293737026151558,8,7,284.5907287597656,0.6005387108689962,0.4762109375,0
bg_04205,background,30.35373521140895,-9.586941248816172,24,6,4.707425594329834,1.6711438230721052,1.0186594486236573,0
bg_04206,background,22.925775878162174,-14.38998041592388,39,7,315.5422058105469,0.7086504232025111,0.40580078125,0
bg_04207,background,26.435542601051484,-13.994564340630966,40,6,60.804664611816406,0.6043316906124139,0.4130873107910156,0
bg_04208,background,27.235506038918622,-11.434753805069622,24,7,171.3301239013672,1.4106146866104492,0.891673583984375,0
bg_04209,background,32.625984326912985,-1.808975959551851,32,3,1318.367919921875,2.638073104375975,1.5913427734375,0
bg_04211,background,22.700650251745444,-14.562438548144726,39,7,300.6691589355469,1.1983542541867884,0.828775634765625,0
bg_04212,background,26.647725455926896,-13.255664662808332,27,6,168.84100341796875,0.787405457933651,0.4015948486328125,0
bg_04213,background,25.55381886723525,-14.394839369881746,23,6,125.81976318359375,0.44243116414560524,0.239576416015625,0
bg_04214,background,33.29183982806526,-7.985161270675179,17,3,170.50674438476562,1.5205837613410007,0.5595025634765625,0
bg_04215,background,21.699646076415682,-13.17403976507259,45,7,252.0358428955078,1.17597812717902,0.658309326171875,0
bg_04216,background,33.05567451776699,-2.7552118331379085,32,3,1449.813232421875,3.02629781009926,1.8776416015625,0
bg_04217,background,30.38070723508287,-6.2780125463088705,8,3,1247.33251953125,11.438229479350587,6.8757763671875,0
bg_04218,background,31.932314010499923,-6.919163684637917,71,8,1206.8372802734375,11.865843386349846,6.7476318359375,0
bg_04219,background,30.495805292447983,-8.804713227026694,24,6,264.4456481933594,1.631552192992161,1.03541015625,0
bg_04221,background,30.408769378340594,-8.862995170785371,24,6,239.00674438476562,1.3965771115808898,0.7192083740234375,0
bg_04222,background,28.90746314499119,-8.38255452411786,28,7,288.1087951660156,0.33915677831112223,0.15382080078125,0
bg_04223,background,30.419449935947814,-8.469399073328745,49,9,688.7742309570312,26.759150050788794,14.40236328125,0
bg_04224,background,27.0248783095412,-8.737853866650736,27,7,450.2742004394531,0.40634056574266486,0.1644189453125,0
bg_04225,background,31.784391622192967,-6.791679271161994,69,9,1196.779296875,35.78505180468623,23.5576904296875,0
bg_04226,background,30.218729652960043,-9.15061225562238,14,6,255.79100036621094,4.632559172713349,1.77187255859375,0
bg_04227,background,33.16888785942018,-3.7420059665590477,14,3,862.5084838867188,0.7327223030663048,0.38689453125,0
bg_04228,background,29.983511455131506,-7.388813273897618,8,3,680.3353271484375,13.154834080544878,6.85369140625,0
bg_04229,background,31.260616397346258,-8.547926062599759,24,3,719.232666015625,2.2253310018015457,1.3051318359375,0
bg_04230,background,32.778879756904956,-6.630461160588517,13,3,674.8362426757812,5.121329902826317,2.3983203125,0
bg_04231,background,27.121209293171884,-9.691771413554187,27,7,516.9252319335938,0.5591494401168828,0.2766943359375,0
bg_04233,background,30.187388068564317,-8.363298620338462,66,9,1523.6981201171875,10.86982211387498,6.834306640625,0
bg_04234,background,30.14233953796416,-8.00589781285779,49,9,1765.4468994140625,24.026363980715384,15.0274658203125,0
bg_04235,background,32.10944704158519,-1.6792843517212679,71,3,1692.2220458984375,20.459712636995153,13.0358447265625,0
bg_04237,background,31.13018601298395,-3.754838155958307,8,3,988.03564453125,2.54651514136784,1.42686767578125,0
bg_04238,background,33.809641158474356,-5.532645793074997,8,3,661.666015625,0.941431245687433,0.50171875,0
bg_04239,background,31.946554110694084,-8.84773517371204,10,8,425.3217468261719,6.294828434568961,3.460599365234375,0
bg_04240,background,22.171976711481797,-14.184412112474096,8,7,234.24208068847656,0.6888148485298401,0.3199639892578125,0
bg_04241,background,24.776256239047626,-13.868066677620819,23,6,251.7843475341797,0.43278767983824057,0.163609619140625,0
bg_04242,background,25.783897021144018,-12.972504044619107,8,7,237.40231323242188,1.0343576650414745,0.4222900390625,0
bg_04243,background,23.31751360307098,-13.247906057292106,8,7,341.3153076171875,0.327285894842416,0.10823974609375,0
bg_04244,background,26.022795539769753,-10.804784932746596,8,3,496.37225341796875,2.0780606132669885,1.23886962890625,0
bg_04245,background,29.42583941628553,-8.533446654138082,66,3,877.6299438476562,21.75416477933046,13.60858154296875,0
bg_04246,background,24.94420850751864,-13.301162554976802,8,7,193.3975372314453,0.610542219634851,0.326390380859375,0
bg_04247,background,28.550342796619486,-10.67577417629009,10,7,258.745849609375,1.344616835478238,0.626234130859375,0
bg_04248,background,23.036567620934303,-14.457400658729581,39,7,277.8771667480469,0.7807908703330291,0.443609619140625,0
bg_04249,background,31.25395145296661,-4.323990594472546,8,3,747.62548828125,1.7933778987182536,0.55133056640625,0
bg_04250,background,31.896699320275133,-4.641517265808122,13,11,1102.3341064453125,0.974517503718442,0.5019189453125,0
bg_04252,background,33.541143032835755,-4.741964798370022,71,9,1838.18017578125,31.819694834601503,21.8375341796875,0
bg_04253,background,24.685493488731264,-13.511778559009045,23,7,273.07366943359375,0.5419499659462511,0.197872314453125,0
bg_04254,background,30.191793464498403,-5.208185518910184,8,3,737.7015380859375,4.1694243663737245,2.31763671875,0
bg_04255,background,33.9259208572221,-4.854280134849494,48,8,625.812255859375,9.926972075603205,5.25383544921875,0
bg_04256,background,34.16285410748573,-3.838562654584907,48,8,675.1530151367188,4.5878209939761305,2.56330078125,0
bg_04257,background,25.176449193092875,-12.679161226889724,15,7,344.6585693359375,1.0222492217874215,0.640966796875,0
bg_04258,background,32.0471017020042,-5.981171700042214,71,9,2789.4228515625,23.97514133303374,15.657353515625,0
bg_04259,background,28.90326338124544,-10.405231259763074,10,7,175.7421417236328,6.750632307371835,3.808995361328125,0
bg_04261,background,26.802777219589306,-10.221989173729929,8,7,424.2842712402344,2.312503939300229,1.547476806640625,0
bg_04262,background,33.698092114397305,-7.371360325850734,17,5,27.29742431640625,3.288705629808436,1.7853035736083984,0
bg_04263,background,21.65732777639866,-14.813325212006335,8,7,188.4145965576172,0.7841493903575141,0.4431329345703125,0
bg_04264,background,23.539282299237758,-13.977075998350216,8,7,312.7440185546875,0.4912520577648926,0.21281494140625,0
bg_04266,background,28.76031927723113,-9.986128911046805,49,7,663.9419555664062,11.433452978453904,6.2305810546875,0
bg_04267,background,34.498873573203184,-3.4458087830434443,67,5,950.6876831054688,22.897899714633606,12.80725341796875,0
bg_04268,background,27.34861514680291,-12.276822302170398,27,6,213.50521850585938,0.51886797045785,0.2373944091796875,0
bg_04269,background,23.468957602399563,-13.042613576089778,8,7,294.40899658203125,0.6818003358771679,0.517685546875,0
bg_04270,background,27.499204380591994,-12.431341108583144,45,7,199.30560302734375,0.45262256988920446,0.2550885009765625,0
bg_04271,background,22.51867072746313,-16.13619942818649,8,7,129.23211669921875,0.7295063964436773,0.4878656005859375,0
bg_04272,background,31.386392485356076,-5.70320966965318,56,9,1396.155517578125,2.938047217022584,1.6551318359375,0
bg_04274,background,24.079095703423175,-12.088766516715577,8,7,238.7821502685547,1.4540116459831502,0.7077532958984375,0
bg_04275,background,22.521611199055837,-13.160745018249687,8,7,298.0404357910156,0.9115477973627097,0.46153076171875,0
bg_04276,background,26.863233439815097,-10.782262995939636,8,7,245.51702880859375,0.7403969777888066,0.3777093505859375,0
bg_04277,background,32.42271039000627,-7.65764622291495,46,5,313.00604248046875,1.4126333512097207,0.8520849609375,0
bg_04278,background,32.94492125298361,-3.758887837558251,14,3,1071.5465087890625,1.3719477914195588,0.7282275390625,0
bg_04279,background,22.31172267541712,-15.047046990845665,29,7,233.5284881591797,1.0814405744427507,0.6151995849609375,0
bg_04280,background,27.45723112988084,-13.097116355039246,45,7,40.99296569824219,0.8136866893167154,0.45706954956054685,0
bg_04281,background,21.75123486658578,-16.3223042437383,8,6,59.09746170043945,1.0016968167435056,0.4741853332519531,0
bg_04282,background,28.359516213832975,-10.652812418086276,56,7,193.86026000976562,3.0746303998490707,1.7687042236328125,0
bg_04283,background,32.08843471510456,-6.219667095242227,71,9,1694.0439453125,9.190588477856618,5.4012353515625,0
bg_04284,background,25.124396972334115,-13.45607651668729,8,7,200.0558624267578,0.4340303826356365,0.1349273681640625,0
bg_04285,background,32.51763554832159,-1.094736268366252,18,3,1277.93017578125,2.0498297722665324,1.1641748046875,0
bg_04286,background,26.902347006204064,-10.855682104492523,8,7,260.6644287109375,2.104147159568283,1.085565185546875,0
bg_04287,background,25.622170231418878,-13.322776129184932,8,7,183.0701446533203,0.8670117294292863,0.51453857421875,0
bg_04288,background,31.674590569684558,-5.117640789773137,13,3,1147.90576171875,3.49762875033455,2.045859375,0
bg_04289,background,23.901870714020664,-12.893078157040602,8,7,236.92372131347656,0.4861355968302544,0.27623046875,0
bg_04290,background,26.80497622045278,-11.324022388774718,15,7,184.30313110351562,1.3404682408138096,0.8082415771484375,0
bg_04291,background,32.78819588295523,-4.039857254340077,14,3,1166.0740966796875,4.2062962532202794,2.4778515625,0
bg_04292,background,23.142796034519794,-15.565102871305,39,6,191.20843505859375,0.7403291127026905,0.447415771484375,0
bg_04293,background,25.571267370040182,-14.443392022292732,23,6,101.4932632446289,3.019241414628426,1.8812835693359375,0
bg_04294,background,32.26714538320824,-1.5972363432281158,14,3,1168.442138671875,1.8238213633452722,0.970390625,0
bg_04295,background,32.5536185117135,-3.2997363969117126,71,3,1269.2813720703125,1.4344938873361277,0.8029736328125,0
bg_04296,background,23.887964197504882,-15.160230282334775,23,6,136.9261474609375,0.9624381503937718,0.545802001953125,0
bg_04297,background,30.101071686257033,-8.802168789602439,49,9,1223.8779296875,11.380892755493159,6.0652685546875,0
bg_04298,background,28.215106650371066,-9.454072351587675,67,7,294.2889709472656,0.8102655300896454,0.280150146484375,0
bg_04299,background,22.167509510349845,-16.698035559036548,62,7,12.552062034606934,2.186110777763242,1.1576280212402343,0
bg_04300,background,31.806100749409765,-8.90482504710931,68,3,296.7699890136719,5.312684953010849,2.80140380859375,0
bg_04301,background,33.32578174648392,-4.451130098314432,14,9,1538.5809326171875,3.329262033397655,1.82880859375,0
bg_04302,background,31.900981972787413,-8.558061315340508,10,8,323.485107421875,2.453116402833481,1.578170166015625,0
bg_04303,background,32.499041507930556,-6.840718508236905,14,5,426.5962219238281,0.769432995839404,0.472838134765625,0
bg_04304,background,28.811841495598017,-10.78765901414959,8,6,100.23930358886719,0.8852741981893698,0.5089596557617188,0
bg_04305,background,31.91177974051801,-3.227271554004068,14,3,850.8977661132812,4.10726156666815,2.657646484375,0
bg_04306,background,32.6250541903058,-1.430344013046241,14,3,1339.205810546875,5.4157268044089,3.059541015625,0
bg_04307,background,21.588062004839372,-13.266264803386663,45,7,238.05885314941406,0.7989171858591619,0.4871429443359375,0
bg_04308,background,27.222765966024102,-12.24370995229104,27,6,241.31219482421875,0.5582043633388342,0.2667474365234375,0
bg_04309,background,32.92999106822639,-8.405048373368029,37,3,130.85092163085938,0.9563590265937989,0.5556610107421875,0
bg_04310,background,31.61874423365345,-6.227828225780715,71,9,2356.244140625,23.232695335891787,14.821337890625,0
bg_04311,background,31.2134019328413,-6.19925506893773,59,3,1390.306396484375,2.5187204252322313,1.41412109375,0
bg_04312,background,30.97268287118081,-3.955858667472317,28,3,713.5166625976562,7.0817643000154735,4.18806640625,0
bg_04313,background,27.523185086254852,-13.066713140731318,45,7,37.486698150634766,0.7520939440012114,0.36248748779296874,0
bg_04314,background,22.357325345253297,-15.369222815234172,29,7,200.6149444580078,0.5451123097822288,0.2747283935546875,0
bg_04315,background,31.903500637057626,-4.165988079492916,14,11,1034.9342041015625,0.8958915813491534,0.518740234375,0
bg_04316,background,33.50672806917507,-4.385457061962044,18,9,1277.8504638671875,22.732894186339262,15.4407421875,0
bg_04317,background,26.977311181032576,-12.60592997337682,8,6,124.11359405517578,0.7317083719952345,0.44994049072265624,0
bg_04318,background,25.12725618097144,-13.71284186598882,23,7,280.2001037597656,0.7677032264450766,0.38348388671875,0
bg_04319,background,33.671657648963404,-3.8218204834012273,18,9,2131.56201171875,16.824179811657082,9.332705078125,0
bg_04320,background,21.821857798862432,-14.479706864537222,8,7,214.9780731201172,0.6597414082856216,0.23120849609375,0
bg_04322,background,22.687663796166923,-14.197223490550957,8,7,297.0006408691406,0.2982459756045993,0.194227294921875,0
bg_04323,background,26.239061774538094,-9.40436184061528,8,7,458.7993469238281,0.6786359850300552,0.28246337890625,0
bg_04325,background,31.14913000127196,-6.235903861300435,38,3,1354.364013671875,4.8562876201846485,2.5531591796875,0
bg_04327,background,32.940356833390105,-1.6061341853254538,44,3,1313.511962890625,0.9646711656699586,0.4580029296875,0
bg_04328,background,25.94559277712254,-13.561680015544392,45,6,131.1412811279297,0.8209537980552017,0.253929443359375,0
bg_04329,background,30.96873768029012,-8.265193513835785,19,9,1609.4827880859375,26.567574683102315,16.1493603515625,0
bg_04330,background,32.47973651896883,-1.2352224130796898,35,3,1180.5552978515625,10.726906491197683,8.73048828125,0
bg_04331,background,27.87680042958021,-12.532008584097325,40,7,40.96859359741211,1.7696131235497878,0.9633404541015625,0
bg_04332,background,22.734336303231867,-13.723677991461926,8,7,307.3475341796875,0.6840663168090308,0.2302685546875,0
bg_04333,background,28.862445965764262,-10.100222904856347,56,6,411.52496337890625,9.870826804395529,5.586103515625,0
bg_04334,background,33.07481059932521,-2.653172932511944,32,3,1396.578857421875,3.86140141610037,1.9257275390625,0
bg_04335,background,32.63517251385817,-5.089338441598212,59,6,1709.011962890625,3.419353110679853,1.925615234375,0
bg_04336,background,24.65067426159928,-13.404404319054281,23,7,257.159423828125,0.9544371180568293,0.340228271484375,0
bg_04337,background,33.776574139332766,-5.928799736227307,48,9,188.43365478515625,4.426694025136949,2.5372467041015625,0
bg_04338,background,33.01537116186047,-2.8704898576470215,13,3,1527.3924560546875,3.373699811381234,2.0988671875,0
bg_04339,background,22.29800650943837,-15.442488066133503,29,7,199.01870727539062,1.4339991517415163,0.6619342041015625,0
bg_04340,background,23.294602285547303,-13.714998426894375,8,7,337.0447692871094,0.5949520108975902,0.258197021484375,0
bg_04341,background,21.867067024190966,-15.996428793934129,39,6,133.35911560058594,0.3739164544787592,0.2118212890625,0
bg_04342,background,35.03363186255313,-4.510068065503361,69,9,1157.5255126953125,24.619697664409117,15.002958984375,0
bg_04343,background,27.664979980460167,-11.570355706051295,14,7,248.17678833007812,1.169164349482583,0.679803466796875,0
bg_04344,background,31.15423532013646,-6.831542165476979,14,3,1392.25244140625,1.3704414824838798,0.809609375,0
bg_04346,background,29.95685867011659,-5.7474167357132355,63,7,563.8785400390625,0.5334670701385691,0.19125,0
bg_04347,background,25.182559532403207,-12.74958835297229,15,7,304.18194580078125,2.6497841634440054,1.477606201171875,0
bg_04348,background,31.62128317016408,-5.14275395167492,14,3,1082.2449951171875,0.8271995854325951,0.46880859375,0
bg_04350,background,21.564007300455334,-14.017216395846821,45,7,220.21139526367188,0.5723193071845409,0.3342535400390625,0
bg_04351,background,24.09469105469702,-13.623167627085271,69,7,288.7884216308594,1.1959193309777738,0.5676953125,0
bg_04352,background,32.24579888944379,-7.967229129441975,8,5,466.3102722167969,1.712184882970541,0.873380126953125,0
bg_04353,background,23.84549353604351,-12.785183524691764,8,7,231.61964416503906,0.5785264517173315,0.3243865966796875,0
bg_04354,background,21.338734087997953,-16.961804743294223,62,7,18.73281478881836,1.1348846444648375,0.6041346740722656,0
bg_04355,background,33.00826839097858,-5.873502262470048,46,3,842.7138061523438,6.387289898297878,4.07830078125,0
bg_04356,background,26.48121734151487,-10.288104631176905,61,7,391.9502868652344,1.470825840782745,0.8363330078125,0
bg_04357,background,32.03603091116643,-7.146512761594365,14,5,505.3810119628906,0.4684985503797124,0.20648681640625,0
bg_04358,background,22.49954632909425,-16.225042737187884,8,7,107.04246520996094,1.1765727358357332,0.6030084228515625,0
bg_04359,background,33.895436788803025,-3.7921628465367334,18,8,1143.91015625,33.18907996001041,21.3725341796875,0
bg_04360,background,25.777830560459023,-12.397102940363542,8,7,299.4689025878906,0.4910833677149729,0.190726318359375,0
bg_04361,background,25.17441199231989,-14.078708657916634,23,6,174.01339721679688,0.7423061132151855,0.376016845703125,0
bg_04362,background,28.782995067461183,-9.950962734770766,49,7,626.7320556640625,18.57106920300006,11.082353515625,0
bg_04363,background,24.45450229511637,-13.480551864186767,23,7,313.39251708984375,1.0126062040107011,0.488343505859375,0
bg_04364,background,26.258827508266094,-12.350407975943014,8,6,295.4384460449219,0.5107072778512568,0.266708984375,0
bg_04365,background,22.577138238152504,-13.119797577805503,8,7,293.0530090332031,0.4577887745956094,0.1477880859375,0
bg_04366,background,23.270212747805708,-12.855373770818217,8,7,285.082763671875,0.9494993990320975,0.477568359375,0
bg_04367,background,25.666056038516654,-12.65833148456183,8,7,269.318115234375,0.5047414036010975,0.183504638671875,0
bg_04368,background,27.44462580312118,-10.386475689265776,13,7,531.918212890625,2.734046400225876,1.50104248046875,0
bg_04369,background,22.703434976194774,-14.130413968048197,8,7,276.40576171875,0.7679171721720017,0.333392333984375,0
bg_04370,background,27.04189523581896,-10.828201011248165,8,7,242.9360809326172,5.5417000289683696,4.421912841796875,0
bg_04371,background,30.911059252341296,-7.4217005848440705,38,1,1752.81298828125,7.514971212312891,3.9345166015625,0
bg_04372,background,30.580513040606554,-9.511095295294377,68,5,866.8291015625,13.267005746776924,8.6057421875,0
bg_04373,background,25.99117356072405,-13.518566255674342,45,6,127.712890625,1.2956360941044693,0.3839056396484375,0
bg_04374,background,26.85797018549021,-12.110226916533339,24,7,125.3082046508789,0.8567808634172343,0.44378997802734377,0
bg_04375,background,26.321551133780936,-9.16049212986992,8,7,447.47674560546875,0.5069869803853092,0.24383544921875,0
bg_04376,background,33.36500067565591,-1.8804842247743032,43,3,1163.843994140625,0.4662106064946385,0.201015625,0
bg_04377,background,32.94492528421764,-5.176864582066875,71,9,2025.149169921875,10.16206597307817,6.5907470703125,0
bg_04378,background,23.23078094852959,-14.79604083462917,29,7,222.1668701171875,0.6733050761709837,0.3756396484375,0
bg_04379,background,35.48462023054484,-5.300592420779389,7,9,374.9591064453125,23.460557259597763,14.07125732421875,0
bg_04380,background,27.446161541008316,-12.248217807429938,27,6,206.75674438476562,0.32242529278843257,0.1674810791015625,0
bg_04381,background,21.35175841455205,-14.043335784464514,45,3,196.8372039794922,1.4864248959192667,0.6528802490234376,0
bg_04383,background,34.77578316574488,-4.280001055940134,69,9,1135.1341552734375,28.943796794936073,18.878466796875,0
bg_04384,background,23.18774517450764,-14.677469207588851,39,7,235.1340789794922,0.5595823204104698,0.1960162353515625,0
bg_04385,background,23.655495290859204,-12.277211265382768,8,7,295.8739013671875,0.6061114300673156,0.1846630859375,0
bg_04386,background,32.05266468223979,-4.138849596005517,32,9,1247.8896484375,12.686687052025306,7.3829638671875,0
bg_04389,background,29.209589543617952,-9.947875181110224,49,6,783.315673828125,19.627130788536473,12.0203759765625,0
bg_04391,background,26.107507372380823,-13.375467177532407,27,6,161.48678588867188,2.1870210596506277,0.8484893798828125,0
bg_04392,background,33.05137674703773,-5.049841423344459,71,9,2146.43310546875,20.75791932757747,13.496279296875,0
bg_04393,background,27.781386543578,-10.476415267631719,14,7,460.2129211425781,0.33782665115286675,0.1916162109375,0
bg_04394,background,33.05066885487813,-8.269693719909853,37,3,174.7920379638672,4.723681378279687,2.6908721923828125,0
bg_04395,background,23.3117974072793,-14.048350043296182,8,7,299.24163818359375,0.5548020203166824,0.225072021484375,0
bg_04396,background,26.902235364624563,-9.266826446792606,8,7,438.39227294921875,0.727350742187615,0.260279541015625,0
bg_04397,background,27.298734641177553,-12.034727657090869,8,6,300.7162170410156,0.43119922600879357,0.255606689453125,0
bg_04398,background,30.223396705234556,-5.7607190632518686,14,3,698.7595825195312,0.45561981971819454,0.1899560546875,0
bg_04399,background,22.347120214093213,-16.162575153111494,39,6,127.0230712890625,0.6081695734057713,0.3315460205078125,0
bg_04400,background,34.35902846175149,-6.5885838338268785,17,10,49.63554763793945,3.8490490071483734,1.5052407836914063,0
bg_04401,background,27.08424591502162,-10.355346529200228,8,7,315.9278564453125,0.5221095667388393,0.263936767578125,0
bg_04402,background,21.73157694983984,-15.75609345002817,29,7,119.99008178710938,0.6945993973137419,0.4786505126953125,0
bg_04403,background,31.41418232650656,-9.487152307855972,13,8,461.6496887207031,7.520867359600235,4.53953125,0
bg_04404,background,26.45474168564201,-12.093205746249788,8,7,320.1562805175781,0.3723303296244326,0.1346484375,0
bg_04405,background,26.315138498999826,-11.340309360837944,60,7,272.8275146484375,0.791478468275287,0.29719482421875,0
bg_04406,background,30.417448990353957,-7.582990676588857,56,7,1853.8756103515625,5.983596241378905,3.306591796875,0
bg_04407,background,28.688485923029873,-8.97952191719424,28,7,262.2813720703125,1.4358209596646556,0.86653076171875,0
bg_04408,background,21.37331695897981,-14.561419835493682,8,7,153.93946838378906,0.4735220348014255,0.3472918701171875,0
bg_04409,background,29.79684343901039,-7.690359941992379,10,9,860.8690795898438,15.558281006474772,8.64935546875,0
bg_04410,background,33.061613015518645,-7.750142104227009,14,5,277.4529113769531,1.1942588162676497,0.622352294921875,0
bg_04411,background,31.407255633599906,-3.7248569786811534,82,3,915.2667236328125,1.1975678018877751,0.647890625,0
bg_04412,background,22.305884715245053,-15.114484964598809,29,7,213.9328155517578,1.0306219618394883,0.57366455078125,0
bg_04413,background,29.610928331406267,-8.783879555666951,49,7,1472.2196044921875,25.55235942346724,15.0918896484375,0
bg_04414,background,30.3610944157852,-4.8019675019423405,82,3,851.8424682617188,5.012924414123143,3.18510498046875,0
bg_04416,background,27.503020479787285,-9.10094386210054,27,6,474.0226745605469,0.3936665244055186,0.288070068359375,0
bg_04417,background,26.72990199327073,-10.90483259825068,15,7,254.3452606201172,2.288570481757983,1.3403717041015626,0
bg_04418,background,23.25237399070624,-15.404908494327872,23,7,207.44393920898438,0.2961891613115121,0.1356494140625,0
bg_04419,background,32.46208246849745,-4.58630565274749,71,7,1711.285400390625,4.229234727308863,2.2894384765625,0
bg_04420,background,30.08603708898028,-8.139200595137382,49,9,1211.3507080078125,5.020982429086475,2.4830224609375,0
bg_04421,background,21.602853226125646,-16.114100921874932,8,6,97.0637435913086,2.460379838628537,1.3911636352539063,0
bg_04422,background,30.244436129310888,-5.846783401741992,14,3,721.0361938476562,0.9672903676799413,0.6617578125,0
bg_04424,background,25.255916817448437,-13.840914303185794,23,6,227.68951416015625,0.5631751702715352,0.240245361328125,0
bg_04426,background,27.67314433292612,-10.004199482181637,27,7,546.7888793945312,0.7098476049502567,0.37657470703125,0
bg_04427,background,26.893442214804672,-10.084389252302396,8,7,406.79754638671875,8.972757550363214,5.537841796875,0
bg_04428,background,26.74076545158312,-11.734538977817556,8,7,194.24655151367188,5.728736511079349,3.8403192138671876,0
bg_04429,background,27.29466675453133,-11.72456994163201,27,6,336.9010314941406,0.6299165847664215,0.3762548828125,0
bg_04430,background,21.46925665254928,-16.403205813866972,42,7,53.070011138916016,1.3279487430078798,0.4640934753417969,0
bg_04431,background,23.056715877738952,-15.224600498249984,29,7,209.22557067871094,1.0090053131576509,0.6317962646484375,0
bg_04433,background,32.53458022850817,-8.41681646112646,24,5,216.4844207763672,0.4208192716563643,0.184481201171875,0
bg_04434,background,33.32985487106763,-6.994268200593427,28,9,453.3954162597656,15.345204321421368,7.99152099609375,0
bg_04435,background,25.811905242303407,-12.86910194701056,8,7,273.9208679199219,0.5498688627486751,0.188765869140625,0
bg_04436,background,33.5733592548876,-4.779975758006565,71,3,1634.8455810546875,24.164969992093432,14.8923779296875,0
bg_04437,background,28.483843259783555,-10.491014587989689,66,9,412.4689636230469,26.609008483273946,17.08791259765625,0
bg_04438,background,32.275726292810404,-4.035153761847413,71,3,1336.8009033203125,3.3848702097911496,2.066982421875,0
bg_04440,background,28.877505083044923,-8.708435354358823,61,7,331.7821350097656,7.808646122558131,4.6185693359375,0
bg_04441,background,31.098341165261512,-5.677437455951818,38,9,1668.646240234375,28.39874965422955,16.8935400390625,0
bg_04442,background,31.39288749928764,-4.347202859481697,8,3,786.05322265625,0.7481193620354438,0.23178466796875,0
bg_04443,background,27.45977073426863,-12.894214735216554,45,6,74.5355224609375,0.6652373591694347,0.2830230712890625,0
bg_04444,background,31.257016131529266,-8.261983678838506,14,3,908.8709716796875,1.1752685809037755,0.66075927734375,0
bg_04446,background,32.93445014391383,-5.379425733904831,71,9,1637.946044921875,0.6971026206903501,0.3078955078125,0
bg_04447,background,33.35575369300944,-6.587685650417823,61,3,696.3338012695312,6.042510756075581,3.30200927734375,0
bg_04448,background,27.767919100440743,-12.212088415345871,32,7,89.70032501220703,6.386291638580683,3.315467529296875,0
bg_04449,background,31.062604366610465,-7.28874557645851,8,9,1542.7081298828125,31.562608210358174,20.74484375,0
bg_04450,background,30.06899066464679,-9.487919927465102,14,6,112.441650390625,1.8251220920188669,1.0998577880859375,0
bg_04451,background,33.09200904466314,-1.675717818729517,43,3,1245.5611572265625,0.4212468469049269,0.2423828125,0
bg_04452,background,31.706742361573273,-5.616908823551609,71,9,2230.549560546875,20.323066869855147,11.0112109375,0
bg_04453,background,33.420499336518354,-6.51218748018792,67,3,746.1839599609375,9.282150744436676,5.45430908203125,0
bg_04454,background,32.27505863279253,-1.508887280985403,14,3,1148.2591552734375,1.213066956915829,0.6871044921875,0
bg_04455,background,23.25921559129636,-13.174562762687021,8,7,325.725830078125,0.37006045555239664,0.143612060546875,0
bg_04456,background,33.426393453653375,-6.957834068010699,28,9,433.6733703613281,9.433979023741452,5.499339599609375,0
bg_04457,background,22.39265227877055,-15.792886002771068,8,7,173.68687438964844,1.0435754461552025,0.4482135009765625,0
bg_04458,background,31.933025370528426,-8.94739504761819,68,3,447.37640380859375,14.745695415118632,7.29168701171875,0
bg_04459,background,35.03923775454871,-3.2129954177314346,24,8,161.98745727539062,1.9723348942587866,0.9605694580078125,0
bg_04460,background,35.131769247551766,-5.898206059603105,24,1,40.58660888671875,6.186950489614297,3.123332061767578,0
bg_04461,background,25.08054674073917,-13.324172855743662,8,7,191.22543334960938,0.33158630774930814,0.096080322265625,0
bg_04462,background,22.430449107615885,-13.69756167451396,8,7,260.04473876953125,0.5533147686069486,0.318704833984375,0
bg_04464,background,27.567142587272173,-9.091559567739079,27,6,481.4779968261719,0.7929869091285721,0.453377685546875,0
bg_04465,background,26.361206237397155,-13.243494168689331,27,7,187.61900329589844,0.9678325402820214,0.5533966064453125,0
bg_04466,background,23.750594241570404,-12.617071510418015,8,7,253.55638122558594,1.0064236868879717,0.3404888916015625,0
bg_04467,background,33.36800039222965,-6.409746774976684,67,9,379.35284423828125,6.561205752918109,2.781697998046875,0
bg_04468,background,23.654391207513196,-14.918040670949653,8,7,243.12168884277344,0.5802316600849015,0.2304400634765625,0
bg_04469,background,29.999433118140324,-5.772079216850835,63,7,587.9855346679688,0.7779926356508169,0.32051025390625,0
bg_04470,background,29.99999884730538,-5.453586148388945,8,3,768.837890625,2.231465534711679,0.9926554361979166,0
bg_04471,background,33.62821108817675,-5.519611157664077,71,3,1010.229248046875,8.588779290596987,5.28921142578125,0
bg_04472,background,31.216929836337737,-8.14891915645003,8,8,945.1337890625,23.836157866826316,14.1285693359375,0
bg_04473,background,32.28934910341805,-9.175419605546445,68,8,108.61408996582031,3.4636074023562626,1.4376547241210937,0
bg_04475,background,29.940904891145223,-9.163643128895623,66,9,1233.763427734375,30.8962093852547,22.4331591796875,0
bg_04476,background,21.616380380488835,-15.04572111553779,8,7,186.09130859375,0.41539824647677565,0.1786907958984375,0
bg_04477,background,29.157487808915008,-10.18827365464643,66,9,342.4596252441406,5.553463066861581,2.869432373046875,0
bg_04478,background,32.50549373115438,-6.097559737151036,71,5,1269.1123046875,27.204072611447877,16.6584423828125,0
bg_04479,background,29.743869957154512,-7.0170642296702495,28,7,452.51593017578125,1.4555148871510077,0.997376708984375,0
bg_04480,background,21.809150811807257,-16.588575886964833,62,7,36.06829833984375,0.4131741570326611,0.22012313842773437,0
bg_04481,background,29.080457418333108,-8.691497347038736,60,7,423.9003601074219,0.6517859459381043,0.245968017578125,0
bg_04483,background,24.977397137028078,-13.583297219581553,23,7,230.83096313476562,0.6549081443731644,0.3168292236328125,0
bg_04484,background,31.145025643623203,-9.22658991026786,69,3,1281.0433349609375,9.94042189021004,5.4416845703125,0
bg_04485,background,29.954738895094888,-9.703342778520462,8,7,150.42587280273438,3.0522876199893947,1.646607666015625,0
bg_04486,background,24.015853524765763,-14.515688017211675,23,7,227.34324645996094,0.5565281944226582,0.30079833984375,0
bg_04487,background,31.336022702197823,-3.999735226842393,14,3,785.2182006835938,1.0245308939879354,0.6811126708984375,0
bg_04488,background,30.37743071745589,-8.44336088255277,49,8,980.1439819335938,18.232095847924466,11.4177783203125,0
bg_04489,background,26.73762144551006,-10.739522057695245,15,7,278.75537109375,0.7159334491910617,0.4408447265625,0
bg_04490,background,30.441707845386322,-8.433210108365742,49,9,1359.6361083984375,12.0502408742035,6.827685546875,0
bg_04491,background,25.674107197835138,-12.178511687771909,8,7,322.0015869140625,0.44455037418849636,0.167568359375,0
bg_04492,background,34.253475949140146,-6.458618126188611,14,10,35.576576232910156,2.19360451039115,1.2766091918945313,0
bg_04493,background,32.15837201616066,-7.512867314936525,24,5,414.9576110839844,0.9586966832728809,0.549559326171875,0
bg_04494,background,22.981542534474208,-15.593772605688564,39,7,207.1659698486328,1.0215990916643298,0.5337969970703125,0
bg_04496,background,32.36869771755669,-2.1591865209346923,14,3,1042.147705078125,0.511783374356748,0.15056640625,0
bg_04497,background,32.01433938822107,-7.797642467975881,24,5,427.6556396484375,0.5134627090340157,0.24357421875,0
bg_04498,background,29.634490013622717,-7.210361433817163,14,7,420.078125,0.4285887242074597,0.252535400390625,0
bg_04499,background,27.641733865756645,-10.743731189384025,24,7,598.3735961914062,1.1198577021083322,0.6177294921875,0
bg_04500,background,29.729652217199327,-6.35723461653127,82,7,469.49053955078125,0.8612324032932622,0.31482177734375,0
bg_04501,background,30.33538517257718,-9.499957763448265,24,6,31.843477249145508,6.057332151899054,3.5619470977783205,0
bg_04502,background,24.520498277951795,-12.490175560025126,8,7,247.41717529296875,1.2524494555719266,0.458692626953125,0
bg_04503,background,32.59565739348875,-3.260899488276372,71,3,1274.8267822265625,22.238176939332106,13.604140625,0
bg_04504,background,34.544607474194216,-2.0646246294341037,18,3,719.66455078125,4.7107963436007445,2.18266845703125,0
bg_04505,background,26.900071726576332,-9.634204788457406,27,7,538.08740234375,3.0116520363261836,1.88413818359375,0
bg_04506,background,30.548220397393944,-6.637060467533005,56,3,1451.0592041015625,15.192591861053943,9.70421875,0
bg_04507,background,27.865766065220647,-11.799553849772007,27,7,254.32394409179688,0.9124192625796789,0.5187835693359375,0
bg_04509,background,28.481403049922136,-9.45373184944851,28,7,203.40261840820312,0.6492621392203924,0.238458251953125,0
bg_04510,background,26.38126147019764,-13.10342331894475,23,6,120.45638275146484,0.7397625069409202,0.23393035888671876,0
bg_04511,background,21.82940901144337,-16.907296400506265,62,7,4.863952159881592,6.218620201802557,3.5985276031494142,0
bg_04512,background,30.805653768389618,-6.4922746084054435,49,9,1087.067138671875,18.975928465023767,11.0139404296875,0
bg_04513,background,26.042976103423097,-12.746241833916656,8,7,259.97381591796875,0.8925703516015381,0.391387939453125,0
bg_04514,background,23.88223408874899,-13.77757819279476,69,7,363.5522766113281,4.300559604725696,2.63892578125,0
bg_04515,background,32.459940534457274,-2.861183584575107,14,3,1108.220458984375,1.7265256124894544,1.05208984375,0
bg_04516,background,29.047608651545264,-10.000508712074922,51,6,369.897216796875,0.8375097497624059,0.547369384765625,0
bg_04517,background,27.558612092326705,-11.766446543243886,27,6,291.0298767089844,0.48378289749868575,0.224447021484375,0
bg_04518,background,29.30906981084479,-9.855475938544723,56,6,781.7963256835938,6.786672154738927,3.9921044921875,0
bg_04519,background,23.376515605656476,-15.073908609891301,69,7,286.1744384765625,5.745675297254596,3.452218017578125,0
bg_04520,background,32.25060167926042,-2.5656187971167013,14,3,1090.453369140625,10.862708644139898,5.577958984375,0
bg_04521,background,33.294606795798266,-2.951427317152763,18,3,1346.353759765625,1.4224429856571303,0.543388671875,0
bg_04522,background,25.32465326090636,-12.165183917304443,15,7,452.9740295410156,4.837813631587137,3.22256103515625,0
bg_04523,background,27.92904607499469,-10.748321778380783,24,7,401.3831481933594,1.00836772805204,0.493367919921875,0
bg_04524,background,24.08944931865397,-14.11878635560161,23,7,297.37408447265625,0.6516082872932838,0.381668701171875,0
bg_04525,background,23.683055882778515,-15.323380276653337,23,6,168.28282165527344,0.5985863947078653,0.3238323974609375,0
bg_04527,background,31.97767551411841,-9.237369240726279,45,3,131.79946899414062,2.604771861749078,1.5048114013671876,0
bg_04528,background,29.020327563809133,-9.271396180014332,14,9,756.6520385742188,1.6234111962221425,0.89431396484375,0
bg_04529,background,34.3704535740262,-3.422968008445413,14,5,395.982421875,1.0005668532806644,0.50704833984375,0
bg_04530,background,25.232301562365027,-12.963450934848217,8,7,239.45477294921875,1.0314839224957846,0.5854559326171875,0
bg_04531,background,22.253390537876008,-16.038742217317395,39,6,150.66136169433594,1.054989486093889,0.6113323974609375,0
bg_04532,background,21.7222660691486,-13.592218201571631,45,6,238.65264892578125,1.8775781586618927,1.2197613525390625,0
bg_04533,background,21.557882561614413,-16.570944683764353,40,7,22.52010154724121,1.1393245477078007,0.5362353515625,0
bg_04534,background,21.978174296819926,-15.002612767647934,29,7,211.84075927734375,0.359533079475053,0.1534674072265625,0
bg_04535,background,23.07804148285644,-15.695461518576494,39,6,172.34571838378906,0.6803068727149899,0.2144537353515625,0
bg_04536,background,34.43905277676643,-5.13437344053756,13,9,241.67318725585938,9.639408254025412,5.310178833007813,0
bg_04537,background,26.728179702197355,-13.167571512430909,27,7,185.84341430664062,1.5110628259248862,0.879869384765625,0
bg_04539,background,26.03917596229471,-14.029021936482618,23,7,119.4670639038086,0.5792648329825166,0.29519561767578123,0
bg_04540,background,31.540804448436674,-8.44559906704318,43,10,437.07965087890625,1.681536362815727,0.95510986328125,0
bg_04541,background,25.082316706036604,-12.82335949686993,15,7,287.1939392089844,1.348603063839081,0.867979736328125,0
bg_04542,background,22.428464465332205,-15.160851808265313,29,7,254.40322875976562,0.6667946885586241,0.457796630859375,0
bg_04543,background,33.55267669653457,-3.046205017308767,8,3,1300.7154541015625,2.3389453637320043,1.375986328125,0
bg_04544,background,29.642991257793067,-9.139130023706763,66,3,1103.8663330078125,18.483332168693394,10.92484375,0
bg_04545,background,31.92816499978922,-6.243222355803381,71,9,2048.771240234375,6.666021504892036,4.027490234375,0
bg_04546,background,27.02654170558452,-10.209798052682018,8,7,317.8898010253906,0.3050395963619201,0.116318359375,0
bg_04547,background,24.91933483683859,-12.380446230282075,8,7,327.6653137207031,0.7218655308725431,0.389866943359375,0
bg_04548,background,31.62808130937592,-4.394325179496888,14,11,905.6184692382812,0.6923513952977107,0.37689453125,0
bg_04549,background,27.999449759876068,-9.216742454931776,27,6,493.6194152832031,5.7163293759515295,4.17616943359375,0
bg_04550,background,27.496695981307322,-10.413137208775261,13,7,481.3951721191406,1.1092488321316134,0.43114501953125,0
bg_04551,background,34.88969236438697,-3.94189290802836,69,8,1073.893798828125,21.6514388795915,13.0287158203125,0
bg_04552,background,29.497622275594946,-9.011274264116574,66,3,1319.4443359375,1.6860667699758984,1.0096923828125,0
bg_04553,background,34.69329855486598,-6.128174711389311,24,2,10.523601531982422,0.5692531881615986,0.25179683685302734,0
bg_04554,background,29.898596189447417,-8.794590651754362,49,9,1485.0048828125,15.346318220716517,7.3723193359375,0
bg_04555,background,32.41704691700265,-6.5121643860078064,51,5,430.3230895996094,2.950107404963288,1.781380615234375,0
bg_04556,background,23.228884668973592,-14.818740568212839,29,7,212.9879608154297,1.5367158172901545,0.842059326171875,0
bg_04557,background,32.48332247562077,-3.5785190252048413,71,9,1632.7034912109375,19.092754218008807,11.31814453125,0
bg_04558,background,34.58863407988443,-3.7534447717906803,13,3,1104.4520263671875,13.759952663477032,9.4292578125,0
bg_04559,background,32.89174123467393,-5.455349280013105,71,9,1462.8363037109375,14.119117965899912,7.28001953125,0
bg_04560,background,22.935312326729612,-13.125687352171571,8,7,325.1715087890625,0.4008328249280567,0.254921875,0
bg_04561,background,32.67564902334438,-4.596958475710251,59,3,1476.132568359375,1.692776960836503,1.0509521484375,0
bg_04562,background,24.289363749735084,-14.137056371687537,23,7,274.8026428222656,0.6136226273820731,0.29649658203125,0
bg_04563,background,27.23410263347609,-12.411332551058882,27,6,218.59764099121094,0.4481258572863874,0.2857598876953125,0
bg_04565,background,32.0484079431682,-5.266840441147711,71,9,1855.609375,23.62130596952199,13.3861083984375,0
bg_04566,background,31.62440704410385,-8.910170890749919,69,8,327.54010009765625,2.014034140233801,1.1132470703125,0
bg_04567,background,33.39460203828865,-2.1848510569935535,43,3,1194.1668701171875,1.082015419618102,0.57294921875,0
bg_04568,background,26.766438859285085,-12.90983525162777,8,6,188.1467742919922,1.30093718096355,0.7544244384765625,0
bg_04569,background,26.982186484392983,-11.394638160871619,8,7,183.83108520507812,0.9297685436841372,0.41697265625,0
bg_04570,background,29.308614396337653,-9.867622106756189,56,6,794.5072021484375,6.194883750328857,3.116337890625,0
bg_04571,background,26.813083571419366,-11.964711797037658,69,7,164.44766235351562,1.0047797162777148,0.4789801025390625,0
bg_04572,background,28.50780844063046,-9.90118134706693,8,7,576.383056640625,26.037098165141906,16.0426953125,0
bg_04573,background,35.431286778442974,-5.5221335850789215,8,3,164.65322875976562,14.385788279601481,7.445025024414062,0
bg_04574,background,21.366537041182596,-14.123174212860281,45,6,201.3085479736328,1.2347033897089734,0.50845458984375,0
bg_04575,background,30.942558175825003,-8.858786761104529,56,9,2362.67529296875,27.445333835726537,17.222802734375,0
bg_04576,background,24.687068114872986,-14.475543924036176,23,6,162.19314575195312,0.5161145168404797,0.2016876220703125,0
bg_04577,background,26.27125788838807,-8.722897406863261,8,7,436.6700744628906,0.5541174465655722,0.277850341796875,0
bg_04578,background,27.619391226927654,-13.062694125542327,45,7,32.783809661865234,0.9880435707257258,0.3925555419921875,0
bg_04580,background,27.934728540373573,-8.902477372618558,27,6,497.4098205566406,0.5573531556544145,0.308157958984375,0
bg_04581,background,27.311255450444545,-8.760017967993836,27,7,459.5075378417969,0.3056300282012233,0.33427734375,0
bg_04582,background,33.96597961223218,-6.378262841459949,14,10,260.26763916015625,2.2812568409841965,1.491082763671875,0
bg_04583,background,23.71716862761683,-12.476786314513081,8,7,288.8180236816406,0.5539208670437339,0.270054931640625,0
bg_04584,background,24.067566992693617,-15.167036316131174,37,6,106.29182434082031,2.697781900519013,1.960426025390625,0
bg_04585,background,21.382573500836425,-16.213529082741157,42,6,92.61348724365234,0.7040444942989099,0.3805426025390625,0
bg_04586,background,32.25967586406704,-4.650975018913518,71,3,1447.6942138671875,3.5022588300688353,2.0116845703125,0
bg_04587,background,29.18846533951463,-8.221666937684539,46,7,576.022216796875,7.146303198337849,3.40098876953125,0
bg_04588,background,34.06820243256072,-3.9556891014512607,18,8,1131.6146240234375,22.831145781334385,14.5198486328125,0
bg_04589,background,25.652017216340106,-14.49806512477748,37,6,105.00128173828125,0.3558576430680239,0.11419219970703125,0
bg_04590,background,23.78826251478727,-13.010616796749463,8,7,273.51568603515625,0.7180966674076934,0.31027099609375,0
bg_04591,background,27.580967375632195,-12.83222663649442,27,6,88.47476959228516,0.6908518776744621,0.3704046630859375,0
bg_04592,background,30.29057744411507,-8.501913581792573,49,8,1211.2242431640625,8.350883109643153,5.3959375,0
bg_04593,background,22.39610527715658,-13.29798331554048,8,7,308.3280944824219,0.5813315321940496,0.304766845703125,0
bg_04594,background,27.24403491261055,-10.828072936468246,8,7,249.74899291992188,1.614478195551379,0.5791131591796875,0
bg_04595,background,27.652475325417377,-11.605409981556031,14,7,268.05657958984375,1.1393305165543202,0.649970703125,0
bg_04596,background,25.750348523646345,-12.32470310011393,8,7,306.9469909667969,0.31138078802528896,0.162908935546875,0
bg_04597,background,25.923830205706498,-14.006689239817193,23,6,136.33856201171875,0.6274191277616972,0.3843963623046875,0
bg_04598,background,32.08323766434562,-2.2699452816247105,82,3,975.3744506835938,0.750130275567433,0.4657421875,0
bg_04599,background,26.117229113336087,-9.834157759130647,8,7,434.9920349121094,1.0324480275689167,0.44930419921875,0
bg_04600,background,24.833946333803063,-14.629178426868261,23,6,119.89608764648438,1.1360856627705955,0.741649169921875,0
bg_04601,background,32.29166440380049,-2.0739939755954686,14,3,1065.968017578125,0.9333823893124811,0.601767578125,0
bg_04602,background,31.299290734446636,-4.683856231318012,10,3,1033.1435546875,22.828392603166648,14.7669677734375,0
bg_04603,background,30.828118742363287,-4.440344863479627,14,3,652.2648315429688,1.7766605307483792,1.26109375,0
bg_04604,background,32.29169760578553,-4.650704451770275,71,3,1699.8912353515625,21.707828022261335,17.0675341796875,0
bg_04605,background,26.574488238843593,-11.463160388787523,15,7,233.1764678955078,1.9400942088861133,1.1015435791015624,0
bg_04606,background,33.776516334402565,-3.027374502206437,18,3,1396.991455078125,2.217016200492064,1.301572265625,0
bg_04607,background,33.62852111785618,-7.012483158524458,28,9,250.43878173828125,16.31457699433212,9.405548095703125,0
bg_04608,background,33.45745267620863,-5.3028982499947315,56,3,1195.8009033203125,13.339923810759794,7.14994140625,0
bg_04609,background,33.22419956396709,-2.648493569472934,13,3,1310.204833984375,2.5088179050346398,1.240810546875,0
bg_04610,background,27.919474869744864,-9.38121827450383,27,6,520.8571166992188,0.9188662201415398,0.4412109375,0
bg_04611,background,31.87765886368985,-5.504751385095472,71,9,2745.51220703125,10.982881807845176,6.14376953125,0
bg_04612,background,33.654537864554484,-3.3753641511456816,18,3,888.657470703125,1.3393521970531064,0.71328857421875,0
bg_04613,background,27.574065913020608,-9.521643305746135,27,7,516.7105102539062,1.9276288458192434,1.17359619140625,0
bg_04614,background,26.509970856803932,-11.057303412756644,60,7,273.89593505859375,1.5728569981355924,0.7970556640625,0
bg_04615,background,26.448112048411144,-11.018159209408962,60,7,299.8589172363281,1.0003306080124106,0.52171630859375,0
bg_04616,background,30.77340945163804,-7.356825886949823,38,9,1707.6795654296875,13.117153509074377,6.92533203125,0
bg_04617,background,26.80387312133803,-13.150131167123805,27,7,165.5525665283203,0.9128728726357866,0.4643536376953125,0
bg_04618,background,32.30463029084047,-5.480119360955425,71,9,2224.79638671875,32.34761108008059,21.046142578125,0
bg_04620,background,33.022734362003426,-4.010884136221097,24,3,887.8385620117188,0.7657857830805266,0.28736328125,0
bg_04621,background,23.16196766083811,-13.052520923844641,8,7,309.8554992675781,0.6760308878906038,0.28997802734375,0
bg_04622,background,32.25647831256945,-1.5976939700174233,14,3,1186.4859619140625,1.6424307698503853,0.869931640625,0
bg_04623,background,31.482106414093394,-5.815610827336611,66,9,1880.2958984375,22.786583341261704,14.2501611328125,0
bg_04624,background,32.93442553403434,-5.480692936700031,71,9,1552.2935791015625,17.680679132756904,10.819130859375,0
bg_04625,background,31.607448317047606,-6.31501905538462,71,9,2363.55712890625,7.596121937735862,4.52078125,0
bg_04626,background,21.580062093851915,-13.524069385754956,45,6,221.59117126464844,0.7506582513998397,0.2387921142578125,0
bg_04627,background,23.889631011916183,-15.62149521784933,40,7,51.3071403503418,0.48194569561734124,0.3212712097167969,0
bg_04628,background,23.694174596892275,-13.600329148787651,69,7,364.200927734375,1.0446625308173556,0.40057373046875,0
bg_04629,background,34.40317649503134,-6.421828356138185,24,2,4.494671821594238,0.5525484191108887,0.22204620361328126,0
bg_04630,background,26.27390489325226,-9.900432283516581,8,7,480.9296875,0.5007090179123243,0.159345703125,0
bg_04631,background,33.85133639146721,-5.916461910908983,71,3,244.14817810058594,17.076967346375397,9.411055908203124,0
bg_04633,background,28.161281613890505,-10.557395064750033,24,7,340.0298767089844,8.735229587507884,4.48158203125,0
bg_04634,background,22.25105554836831,-13.557727830385437,8,7,262.3541259765625,0.8946033294026531,0.49782958984375,0
bg_04635,background,27.122845695495347,-9.929521603680708,26,7,479.0118103027344,1.2951672851010776,0.5900341796875,0
bg_04638,background,27.088635257079595,-11.793840213789359,24,7,248.21900939941406,0.8958286867332206,0.331318359375,0
bg_04639,background,33.681206263501494,-5.072847393693859,71,3,1381.206298828125,3.2841881800672303,1.4766552734375,0
bg_04641,background,22.575788600526923,-14.277925325219671,8,7,360.3970031738281,2.2527818360674297,1.03317138671875,0
bg_04642,background,26.498100139524475,-10.631418151406947,61,7,332.8789978027344,2.98512081592067,1.564267578125,0
bg_04643,background,29.665500382282225,-6.380971492163269,82,7,466.21240234375,0.7772351882575348,0.296490478515625,0
bg_04644,background,27.43965732911846,-9.086503216948007,27,6,466.4659423828125,0.9413076686752303,0.46903564453125,0
bg_04645,background,26.17948479995684,-12.073617629906025,8,7,368.8443908691406,0.8464815116389431,0.49302978515625,0
bg_04646,background,27.950122524556033,-9.094840474813644,27,6,500.4335632324219,0.6004206117262001,0.428802490234375,0
bg_04647,background,25.91068064098402,-12.653681734818031,8,7,297.01025390625,0.8447165435434839,0.468997802734375,0
bg_04648,background,27.967382984159663,-12.79121362073525,82,3,4.324406623840332,1.6745818702012725,0.9335000610351563,0
bg_04649,background,23.367272054767906,-13.732733287541896,8,7,339.4127197265625,0.6110651347765275,0.2906689453125,0
bg_04650,background,22.84169916010886,-13.698778884791098,8,7,318.8095397949219,0.9718655328186324,0.403970947265625,0
bg_04651,background,30.09553118034586,-5.073498867787607,82,3,751.2366333007812,12.206958142573136,7.40041748046875,0
bg_04652,background,23.2701194738363,-12.695354513112914,8,3,263.0955810546875,0.6738721354312915,0.347652587890625,0
bg_04653,background,33.97873628559341,-3.636877099317877,48,8,673.5072021484375,3.3688887203431777,1.653681640625,0
bg_04654,background,33.5669212421235,-3.989480079426269,18,9,1924.234130859375,16.941199382761067,9.6770166015625,0
bg_04655,background,27.81543429664882,-9.903506728967571,27,7,555.18310546875,0.8023621076889681,0.475390625,0
bg_04656,background,25.54242970029373,-12.426489487088178,15,7,376.95001220703125,4.556358272695144,2.423880615234375,0
bg_04657,background,34.767645605828505,-4.616242572583176,69,8,901.720458984375,20.02692517382431,11.50108642578125,0
bg_04658,background,32.20732827402552,-2.114839233356443,14,3,1199.1802978515625,3.202191058516221,1.79080078125,0
bg_04659,background,21.988963154196902,-16.37171865674321,8,6,54.26033020019531,2.6430946260910924,1.6239918518066405,0
bg_04661,background,21.508961706003443,-14.574181174814134,8,7,168.0677490234375,1.1418156779127595,0.4887567138671875,0
bg_04662,background,28.39355309913417,-9.823318631031784,60,7,186.95994567871094,6.196775361017778,3.2488873291015623,0
bg_04663,background,24.747913703020227,-13.528716102186433,23,7,260.9474792480469,0.5546558421506047,0.313515625,0
bg_04664,background,32.64621201881775,-5.480429460799778,13,7,2045.27587890625,6.416066895296066,3.2602001953125,0
bg_04665,background,32.40363713307949,-2.271202376518495,14,3,1036.0433349609375,0.7928549577115652,0.32287109375,0
bg_04666,background,32.740428455779366,-3.004717165061194,13,3,1300.9990234375,4.1799058476954665,2.4114697265625,0
bg_04667,background,30.686115680886186,-8.021615599087374,49,9,1225.4271240234375,23.8348773597994,16.6308544921875,0
bg_04668,background,24.838636586538644,-13.885253862410046,8,6,249.9190673828125,0.8008213490473776,0.3149554443359375,0
bg_04669,background,32.35887237944763,-3.845211921611812,71,3,1324.541748046875,0.9379224197902313,0.62169921875,0
bg_04670,background,32.784869610582525,-5.215180522266796,19,9,1754.445068359375,6.542062007462057,3.2609326171875,0
bg_04671,background,27.751362488727782,-10.905653971439635,24,7,431.3835144042969,13.807913509754954,8.090032958984375,0
bg_04672,background,23.737496994714743,-12.48976902289454,8,7,285.27008056640625,0.45292184423106263,0.186768798828125,0
bg_04674,background,33.782757931683236,-4.216073188040471,71,9,1615.955078125,29.978361812985398,19.205830078125,0
bg_04675,background,21.423709023551368,-15.55477070652701,8,7,137.3139190673828,0.9406549008245143,0.591732177734375,0
bg_04676,background,27.25638170603609,-11.233646429752184,8,7,186.14117431640625,2.255096628158464,0.9781268310546875,0
bg_04677,background,33.761533148827525,-2.810486598133438,14,3,1213.912353515625,0.7579159426170348,0.3709814453125,0
bg_04678,background,25.82829274116707,-12.612128009278537,8,7,297.1239013671875,0.7277613148185339,0.21693603515625,0
bg_04679,background,31.905461143185732,-4.378678976385944,14,11,1004.9299926757812,2.432633842228508,0.8370849609375,0
bg_04680,background,27.903546552178867,-8.87733915829705,27,6,490.720703125,0.7603975906818955,0.419892578125,0
bg_04681,background,34.37266956127582,-6.215560184619875,24,2,7.274664878845215,0.5413260725451755,0.14251014709472656,0
bg_04682,background,32.67906944461681,-7.651580206037058,30,8,340.9421081542969,12.653855931881914,6.113397216796875,0
bg_04683,background,29.17241325468035,-7.990450577889894,63,7,328.4211120605469,0.9182730531814922,0.32968994140625,0
bg_04684,background,27.121802487166878,-9.050191398952157,27,7,476.6648864746094,1.0526138775748894,0.6275537109375,0
bg_04685,background,31.715154911055816,-7.190179010107842,24,3,815.850341796875,8.333637171072363,4.3322119140625,0
bg_04687,background,34.765337743074994,-2.8320302813766576,9,3,330.46630859375,2.9220303230576294,1.70411865234375,0
bg_04688,background,32.528813964623716,-5.366919698042673,14,6,1949.0030517578125,17.757057795287334,10.0539404296875,0
bg_04689,background,25.841916866190147,-12.214050926878715,50,7,321.377685546875,1.0968110903363415,0.627720947265625,0
bg_04690,background,22.741529671893183,-16.126817310760156,8,7,82.10201263427734,1.318054775038909,0.8034231567382812,0
bg_04691,background,23.0152496306225,-13.919066775753906,8,7,282.2890319824219,0.6070903230760363,0.315430908203125,0
bg_04692,background,28.013039777278895,-9.745149288620441,8,7,364.8412780761719,0.9997981793614613,0.424080810546875,0
bg_04693,background,32.92954535600287,-7.949193889509095,69,8,283.547607421875,4.992666090132814,2.931204833984375,0
bg_04694,background,33.23192346141543,-4.807792749374184,66,7,2278.058837890625,5.343448810515016,2.652275390625,0
bg_04695,background,31.39874114529947,-6.910108196817341,71,9,2353.527587890625,23.397187445045702,13.691416015625,0
bg_04696,background,23.593092630083426,-14.63630532475742,69,7,327.2242431640625,3.637100835267423,1.91216064453125,0
bg_04697,background,25.11638804874604,-14.14337771934075,23,6,170.2354736328125,1.0828636725954135,0.4888165283203125,0
bg_04698,background,31.886684178773667,-8.695224075759612,10,8,290.9366149902344,2.165690497265306,1.33282958984375,0
bg_04699,background,32.83074580701425,-2.2686800456688068,32,3,1482.1881103515625,3.370618696287602,1.7513720703125,0
bg_04700,background,29.721709952238676,-9.655660610603428,51,7,231.3084716796875,3.9412236284561373,2.3645086669921875,0
bg_04701,background,26.396531356648072,-9.139915870420227,8,7,459.6042175292969,0.6841401348228994,0.281253662109375,0
bg_04703,background,31.962419864593162,-5.8053349199209014,71,9,2354.6240234375,31.18710886826748,19.689853515625,0
bg_04704,background,24.210658746446107,-13.48302507145706,23,7,322.95172119140625,1.5368757088551082,0.969720458984375,0
bg_04705,background,22.572656721487782,-13.482686763799506,8,7,305.6072998046875,0.5891726896051179,0.22555908203125,0
bg_04706,background,28.053805432336297,-8.834989138161669,27,6,506.5416564941406,0.5937369501961152,0.243984375,0
bg_04707,background,27.543292859628483,-9.782886926844292,27,7,511.94696044921875,0.9677860710971234,0.2964599609375,0
bg_04708,background,29.884927747595288,-6.823803406328749,60,7,711.467529296875,18.69888009307515,10.228935546875,0
bg_04709,background,35.31320019652805,-3.023804231218353,14,3,228.37149047851562,3.2465006949921493,1.9656219482421875,0
bg_04710,background,30.03149478813869,-9.64566081884242,8,6,4.927087306976318,0.9688537007075265,0.6423191833496094,0
bg_04711,background,21.613307723167342,-13.054764657528494,8,7,262.8387756347656,3.7554170600252257,1.50986328125,0
bg_04712,background,28.222936455320255,-10.608955819053941,14,7,191.28204345703125,0.9387096455842923,0.44031494140625,0
bg_04713,background,31.04069087942598,-6.457955051756586,59,3,1229.8912353515625,4.812777603057907,2.09951171875,0
bg_04714,background,32.170429191831396,-1.2497422649907626,82,3,874.8402709960938,1.1903238756742378,0.813427734375,0
bg_04715,background,21.976745678152298,-13.986136647857206,8,7,238.61257934570312,1.1582488568279734,0.578177490234375,0
bg_04716,background,23.585308172841213,-12.214871170207987,8,7,309.76873779296875,0.6459079444668162,0.460938720703125,0
bg_04717,background,34.86340612268838,-4.576542391896522,69,7,1687.472412109375,28.975968247101495,18.0630712890625,0
bg_04719,background,23.829118488242273,-14.198665016690528,69,7,273.6271057128906,1.2135709484544304,0.682677001953125,0
bg_04720,background,31.980092268276323,-6.431561294817836,71,9,2007.8994140625,23.899741645348364,17.1485400390625,0
bg_04721,background,31.472025923066713,-5.230343575151089,56,3,1179.9586181640625,15.035840448305366,7.605166015625,0
bg_04722,background,32.016458875472125,-5.392165500276337,71,7,2402.30419921875,18.362962543686322,14.924228515625,0
bg_04723,background,34.09772812964183,-5.584397836769875,14,3,282.8602294921875,1.8439678604302652,0.731278076171875,0
bg_04724,background,21.863160124535863,-13.389954999364726,45,6,261.2835693359375,1.0498289545459782,0.4409765625,0
bg_04725,background,24.392096644567875,-11.983569504187106,82,7,225.32220458984375,0.7088038188875477,0.5151214599609375,0
bg_04726,background,27.493092965495688,-10.496483633970376,24,7,467.3384094238281,3.8685620164274135,1.959544677734375,0
bg_04727,background,32.83526826827976,-6.27719412121298,13,3,837.808349609375,6.316543162955876,3.48319091796875,0
bg_04728,background,30.810967437959203,-3.8224758771196625,82,3,828.6768798828125,1.3371035941403753,0.6484130859375,0
bg_04729,background,32.15373009533243,-8.692586326007932,68,8,426.653564453125,1.1633674728584915,0.667720947265625,0
bg_04730,background,31.34930255265811,-4.2482343682255355,8,3,773.1932983398438,0.9986407436024394,0.48037353515625,0
bg_04731,background,22.83276753641944,-16.057107401857035,42,6,123.66767883300781,0.7850884400431447,0.4295794677734375,0
bg_04732,background,28.138818358368134,-9.799118189856552,24,7,327.4162902832031,2.7341140417524916,1.486934814453125,0
bg_04733,background,28.879567747285662,-9.3381145861214,8,9,763.7853393554688,23.69971386772716,15.7657666015625,0
bg_04734,background,35.003745348827515,-3.019403639836682,8,8,174.53123474121094,3.7208525216043027,1.6122613525390626,0
bg_04735,background,25.76198984831815,-12.982478768466956,8,7,237.82164001464844,0.6052251473179879,0.2596954345703125,0
bg_04736,background,27.512318508533674,-9.757560424052524,27,7,512.1736450195312,0.7573406116694205,0.3864306640625,0
bg_04737,background,24.182372972718955,-12.811227146186507,8,7,205.21282958984375,1.0646057922135777,0.301839599609375,0
bg_04738,background,25.351267394126644,-13.089787397805903,8,7,241.94554138183594,1.292504354522321,0.9389520263671876,0
bg_04739,background,30.297971128451604,-5.785596594279339,14,3,706.0385131835938,2.069219901090358,0.72796630859375,0
bg_04740,background,27.699827306771365,-12.099339900985676,32,6,227.2545166015625,0.6918556097963173,0.303875732421875,0
bg_04741,background,26.24796606988242,-10.982641086641074,8,7,381.8879089355469,0.9389274572439883,0.362802734375,0
bg_04742,background,25.863145911479602,-14.518466110279935,37,6,81.41825866699219,0.8566202509176164,0.38817901611328126,0
bg_04743,background,23.61175956589879,-13.27197584619972,8,7,327.2889099121094,0.5795627367306851,0.575648193359375,0
bg_04744,background,23.26319677329004,-14.787762133054745,29,7,214.7462158203125,1.6933249691448655,0.5037310791015625,0
bg_04745,background,22.268008541043113,-14.691461399501847,39,7,234.30020141601562,1.0122682890313635,0.5485198974609375,0
bg_04746,background,22.264797234363087,-13.51361448621902,8,7,272.0988464355469,0.8181186236986833,0.363741455078125,0
bg_04747,background,34.79408588980776,-2.67594207005507,14,3,205.8019256591797,3.527073941334047,1.399564208984375,0
bg_04748,background,24.0967683957603,-12.147618476147635,8,7,235.5281219482422,1.2660270925306734,0.881016845703125,0
bg_04749,background,32.87859202723814,-3.595646900174916,14,3,1307.1583251953125,17.33121777934782,9.438896484375,0
bg_04751,background,23.175293933316233,-15.076557858619822,29,7,183.08914184570312,1.2026924607176444,0.7714703369140625,0
bg_04752,background,28.413917501579714,-9.84839618166604,24,7,227.60899353027344,0.7568022330329582,0.3197283935546875,0
bg_04753,background,21.60987684629139,-13.830112310996958,45,6,217.59461975097656,1.9244242910540221,1.06442626953125,0
bg_04754,background,32.15426173952732,-4.915359427412727,71,9,1660.153564453125,4.08763829122915,2.3436376953125,0
bg_04755,background,23.186931220793152,-14.81463366551427,29,7,204.9390106201172,0.6278046702688824,0.270240478515625,0
bg_04756,background,30.357952083197116,-8.368885470624587,49,9,1078.0028076171875,11.911184576252333,6.176865234375,0
bg_04757,background,30.28782504307877,-5.244848486211181,8,8,779.8549194335938,1.0557489660934836,0.48783935546875,0
bg_04758,background,21.99876824402497,-15.829866699034874,29,6,147.15725708007812,1.09867421652914,0.6369110107421875,0
bg_04759,background,32.864928138044874,-2.824202754947786,13,3,1397.7723388671875,2.6941434269005833,1.6837060546875,0
bg_04760,background,28.638867091672495,-8.856834983721608,63,7,266.7081604003906,8.446711611703943,4.099647216796875,0
bg_04761,background,32.804880655107176,-2.5224996953963483,43,3,1314.9710693359375,0.7422975173533685,0.36884765625,0
bg_04762,background,26.237408543340127,-11.606371638537883,15,7,330.0881042480469,3.0754829030586963,1.95301025390625,0
bg_04763,background,25.079173217293153,-14.349830573846162,27,7,63.24385070800781,0.6200541492446411,0.2692572021484375,0
bg_04764,background,30.717934601328455,-4.071074518495845,82,3,705.3003540039062,1.2457892786320985,0.58075927734375,0
bg_04765,background,25.12676453797683,-14.284324486873244,27,7,107.92793273925781,6.1595292627340354,4.146768188476562,0
bg_04766,background,24.51672172261668,-13.19624094088238,8,7,276.755126953125,1.3276432812644654,0.632293701171875,0
bg_04767,background,31.60019726186222,-5.454548422622845,71,9,1677.3515625,24.787893879309348,16.839560546875,0
bg_04768,background,26.204294575074055,-13.360100268845123,64,6,143.8807830810547,1.0166805916061559,0.655093994140625,0
bg_04769,background,27.120897894995757,-12.164844987789417,27,6,280.5652770996094,0.5032106011999486,0.16029541015625,0
bg_04770,background,33.88971825919018,-4.240214366801204,71,9,1311.0548095703125,21.33348791190968,10.6703564453125,0
bg_04771,background,32.99478528877158,-2.0093720733400624,18,3,1515.35986328125,4.245707973201634,2.3677392578125,0
bg_04772,background,31.712159524255203,-6.553319779228188,71,9,1557.40966796875,29.520361969241705,19.2908642578125,0
bg_04774,background,24.176847263207538,-15.004837108578899,37,6,172.12130737304688,1.4284858390631403,0.69518310546875,0
bg_04775,background,30.93855567975412,-5.280859660769223,14,3,851.6080322265625,0.9593289177868923,0.73213134765625,0
bg_04776,background,34.22468651278932,-3.67042006358883,14,10,505.7798156738281,1.1860751520002197,0.75439453125,0
bg_04777,background,25.128345044767325,-13.246563954125422,8,7,197.21322631835938,0.47006847234968757,0.1729046630859375,0
bg_04778,background,24.13041412287397,-12.115410257932078,8,7,223.0550079345703,0.9522918283219605,0.339267578125,0
bg_04780,background,27.248162834760954,-9.709516377174442,27,7,516.538818359375,0.3913899826904029,0.112646484375,0
bg_04781,background,31.381547857531732,-4.272698814528666,8,3,779.3049926757812,0.6730187973993761,0.20427490234375,0
bg_04782,background,28.802211548128785,-9.092831523041319,60,7,461.0721740722656,18.23866462184566,11.13129638671875,0
bg_04783,background,28.401211291915192,-8.968375351760976,67,7,269.09735107421875,1.4977902284433666,1.003798828125,0
bg_04784,background,31.598110250256404,-6.115412429934894,71,9,2312.2666015625,24.61235646070895,15.395966796875,0
bg_04785,background,29.422105849743833,-9.373699868840083,49,3,1286.181396484375,10.575081315780142,5.987197265625,0
bg_04786,background,27.451050563489083,-8.705460462368933,27,6,463.5109558105469,0.4333587499069278,0.1554296875,0
bg_04787,background,26.881010589872805,-9.265948992773474,8,7,450.1810302734375,0.6909064755116816,0.20146240234375,0
bg_04788,background,31.461374593414465,-5.5540636332802285,8,9,1262.011474609375,0.8049929806551491,0.649521484375,0
bg_04789,background,28.902799758977945,-9.884214945003025,56,7,404.4285888671875,16.733136803248723,10.197056884765624,0
bg_04790,background,30.27678952172403,-5.736357178074321,14,3,696.4032592773438,1.8226847577208884,0.865673828125,0
bg_04791,background,25.115882328213303,-14.423293870324148,23,7,132.07676696777344,0.6891553703429524,0.3020330810546875,0
bg_04792,background,34.16107188103696,-5.854118192812042,24,8,128.8047332763672,1.6313690727223777,0.9431100463867188,0
bg_04793,background,26.807313065266843,-12.248889769491162,69,7,153.65135192871094,1.1838386309337963,0.63953857421875,0
bg_04794,background,23.041049009954786,-13.122757427344618,8,7,327.077392578125,0.6195882585953199,0.467960205078125,0
bg_04795,background,30.25591313533898,-5.466022302908066,8,9,1041.5953369140625,18.87545337187744,10.156376953125,0
bg_04796,background,24.158069962551405,-14.459961005813598,24,7,217.0713653564453,0.3216009478335247,0.13333251953125,0
bg_04797,background,27.326660124133483,-12.466011353612728,45,7,180.8252410888672,0.37434250674359376,0.2440423583984375,0
bg_04798,background,28.496027961725883,-10.455494788440117,66,9,419.7115783691406,18.80146963994799,10.015389404296876,0
bg_04799,background,31.98856227295117,-8.473466308238663,10,10,465.19256591796875,8.337195707297324,4.7487744140625,0
bg_04800,background,27.280977769171454,-12.689051964981326,8,6,152.32655334472656,0.4238974459360172,0.1949041748046875,0
bg_04801,background,23.669685647093562,-13.93130638969759,69,7,370.8381652832031,2.5767033052509305,1.473153076171875,0
bg_04802,background,32.23898119927721,-6.032666573041564,71,9,1972.973388671875,12.191663599957185,7.5996923828125,0
bg_04803,background,24.865082236722934,-13.957402284883033,8,6,228.5393524169922,0.5959150940298297,0.42821533203125,0
bg_04804,background,33.58988290081852,-3.338595662365898,18,3,1114.2373046875,10.688498531418315,5.901513671875,0
bg_04805,background,27.77068026318357,-9.374833902911497,27,6,501.0590515136719,0.7014675517230521,0.316463623046875,0
bg_04806,background,27.27425417967575,-12.795822806823214,27,6,103.42178344726562,0.32017144693247057,0.2858172607421875,0
bg_04807,background,32.40253340986784,-6.8768986625569,24,5,382.9232482910156,0.44717501591598585,0.159453125,0
bg_04808,background,22.278552965192123,-15.996134738317288,39,6,150.10134887695312,0.5360445974645438,0.26863037109375,0
bg_04810,background,34.21521144034495,-5.30204945670386,64,10,317.91497802734375,7.767994285700109,4.549605712890625,0
bg_04811,background,25.15764175177753,-12.969154132144766,8,7,234.08755493164062,1.3694591734252273,0.4781005859375,0
bg_04812,background,30.150102762119015,-9.295112809560804,45,6,172.69967651367188,0.6492584472080123,0.3669024658203125,0
bg_04813,background,24.086323667261645,-13.737792141914912,23,7,293.741943359375,0.8428358039499604,0.423116455078125,0
bg_04814,background,32.154435306821334,-3.723305475652429,71,3,1167.8753662109375,1.2316947338335442,0.7069384765625,0
bg_04815,background,29.924942162337604,-5.722815225614505,63,7,564.4732666015625,1.0224520898664107,0.4347509765625,0
bg_04816,background,32.7471072447803,-6.60475308451983,13,3,637.0408325195312,1.8029488471146942,1.03875244140625,0
bg_04817,background,21.566100145911665,-13.129686622280817,8,7,255.7482452392578,0.567161101097638,0.27344970703125,0
bg_04818,background,34.20876470822362,-6.676441008500995,17,3,21.657638549804688,1.7176254968315907,0.6899286651611328,0
bg_04819,background,32.79023437812711,-1.5873060703348567,32,3,1206.8406982421875,5.113632451620151,2.7870751953125,0
bg_04820,background,26.36117874810859,-10.836056294857931,46,7,353.2886962890625,1.2444378579068398,0.68900146484375,0
bg_04821,background,35.708550360785765,-5.391824939129415,7,10,56.48512649536133,5.260801700217779,2.8588632202148436,0
bg_04822,background,24.356928132678124,-12.89414656548228,8,7,213.8450927734375,0.755403933883767,0.36892333984375,0
bg_04823,background,22.594205492956554,-13.177923551176006,8,7,307.29473876953125,0.5006372986571658,0.26033935546875,0
bg_04824,background,25.43644615374951,-12.067999781036075,60,7,461.54547119140625,2.19851148570567,1.22516845703125,0
bg_04825,background,30.941582282405633,-7.509050161266032,38,1,1753.602294921875,12.182960028829187,8.114169921875,0
bg_04826,background,23.239774446862462,-13.150134705118544,8,7,317.3540954589844,0.6209571658737162,0.414854736328125,0
bg_04827,background,23.89270429171444,-13.030422541722151,8,7,267.6662902832031,0.8054438352680935,0.308948974609375,0
bg_04828,background,31.547141785843348,-3.8094790489917942,82,3,1107.68359375,3.667462724444383,1.51314453125,0
bg_04829,background,31.808210112897843,-6.554562952597381,71,9,1625.3369140625,30.125571302483245,19.3556103515625,0
bg_04830,background,27.16675904390559,-12.81110908899002,27,6,118.08161926269531,0.6181102163340271,0.33940277099609373,0
bg_04831,background,24.884915655137515,-14.389713774859683,23,7,145.35137939453125,0.6846964310332259,0.2767596435546875,0
bg_04832,background,23.728844225303824,-15.523767999098798,23,6,83.95087432861328,0.4688261424350768,0.23931732177734374,0
bg_04833,background,25.64465543657816,-13.148849422271496,8,7,209.85617065429688,0.4403421206610273,0.1590460205078125,0
bg_04834,background,32.472435515876434,-8.754847437856053,14,3,176.34414672851562,0.37718082142639675,0.15621826171875,0
bg_04835,background,30.457980615451977,-5.022942547564563,14,3,682.906982421875,0.7736805054070104,0.2665478515625,0
bg_04836,background,23.81934741906382,-15.095654010660914,23,7,198.6293487548828,0.9731788345050576,0.546287841796875,0
bg_04838,background,32.36252385450544,-1.9329157250679514,71,7,1657.1890869140625,19.832771439018483,12.1094384765625,0
bg_04839,background,26.846489141485872,-9.927992935077517,8,7,547.55859375,0.7159760947191429,0.3660205078125,0
bg_04840,background,29.005041412894304,-9.998372689945922,10,6,378.2640686035156,3.0271655156755854,1.672264404296875,0
bg_04841,background,32.049369739829785,-8.162137645394402,8,5,468.4613342285156,0.5689098770159826,0.280035400390625,0
bg_04842,background,29.79127944604754,-6.614552711442766,63,7,462.434814453125,0.9902809628769245,0.3900537109375,0
bg_04843,background,32.635027674359364,-2.565896490758915,14,3,1313.677490234375,2.1276628143282794,1.252568359375,0
bg_04844,background,27.996696805106687,-9.300582819740129,13,6,428.18670654296875,8.093910854399075,4.45323974609375,0
bg_04845,background,25.812846324868847,-13.926065549699308,23,6,161.91156005859375,0.5575411254886146,0.2872491455078125,0
bg_04846,background,26.481088264555687,-13.80944100987653,40,6,77.8075180053711,0.7759496648356136,0.46743560791015626,0
bg_04847,background,27.65185534956124,-10.517154121151131,14,7,433.9611511230469,0.7714087441624413,0.44905029296875,0
bg_04848,background,22.943742188398694,-15.544106946050443,39,7,199.68605041503906,0.6230441918605361,0.3099505615234375,0
bg_04849,background,23.66967981281124,-14.862079721010897,8,7,264.2026062011719,1.1196670064120011,1.1555322265625,0
bg_04851,background,33.958730267406175,-5.08461084955967,8,10,478.1289978027344,2.587831127609373,1.489437255859375,0
bg_04852,background,21.52292156683399,-13.586696362037692,45,6,217.17063903808594,0.6083844376961475,0.2765875244140625,0
bg_04853,background,32.079727710950664,-3.724715313576449,13,3,1238.747802734375,7.90060918729775,4.45388671875,0
bg_04854,background,26.186565695030207,-12.828173979564236,8,7,238.39956665039062,1.1280869601046304,0.678157958984375,0
bg_04855,background,34.29796144361256,-2.4471671404964246,18,9,1285.114013671875,15.843175956911953,8.742880859375,0
bg_04856,background,27.495366463022837,-9.923806785679472,27,7,524.613525390625,0.8617419095408316,0.47878662109375,0
bg_04857,background,29.869537398308605,-7.790073418627897,49,9,1592.9671630859375,17.159269083560915,8.8370556640625,0
bg_04858,background,33.08095106397933,-6.254287286644201,56,3,614.6596069335938,6.4306252205720975,3.9851611328125,0
bg_04859,background,27.30177669699249,-11.176918335554266,8,7,187.5474853515625,0.7675321991421865,0.3759429931640625,0
bg_04860,background,22.426740158419353,-13.311816576628782,8,7,315.3578796386719,0.5099492768786656,0.291746826171875,0
bg_04862,background,21.886086449289223,-15.332167445544352,29,7,210.70887756347656,0.6638899451757344,0.35962158203125,0
bg_04863,background,22.77122166880041,-13.795129576527719,8,7,287.6482849121094,0.5101358125583834,0.28486328125,0
bg_04864,background,23.317477804504257,-12.778988855621794,8,7,271.7742004394531,0.4554139876930142,0.175474853515625,0
bg_04865,background,30.829771709031153,-6.121672168878718,56,7,1180.67138671875,20.274577777210954,11.9676611328125,0
bg_04866,background,22.556428406738537,-15.50346722512648,29,7,216.6120147705078,1.219689298872113,0.677916259765625,0
bg_04867,background,23.92767902382709,-13.735491808364246,69,7,318.95361328125,2.583043844467677,1.46017333984375,0
bg_04868,background,27.426725893917904,-11.840959551026826,27,6,279.2357482910156,0.3619702612023791,0.175859375,0
bg_04869,background,23.367972944923185,-15.05012519949847,69,7,282.5430603027344,7.970846954212384,5.301065673828125,0
bg_04870,background,30.479660321940507,-5.158315622530505,14,3,738.8419799804688,5.55502340331177,3.1959228515625,0
bg_04872,background,28.482990697285793,-9.080043264562343,24,7,452.6419677734375,28.192687836719738,17.030596923828124,0
bg_04873,background,33.209881941117274,-2.0645794808677147,43,3,1252.2685546875,0.8890186834471147,0.4961669921875,0
bg_04874,background,31.73895353935193,-5.404678432080344,71,9,2317.706298828125,28.1915547778148,16.3914453125,0
bg_04875,background,33.89416646308889,-4.918469924413047,48,8,683.0029296875,5.244870475076708,3.135966796875,0
bg_04876,background,31.341003895241496,-4.5343193830553545,46,3,921.1895141601562,4.8266433033130305,3.0972802734375,0
bg_04877,background,28.458387255730994,-10.586087007924178,14,7,173.48316955566406,0.7313429992998725,0.3762567138671875,0
bg_04878,background,27.78880186604579,-12.033874744817517,27,6,225.2611846923828,0.6877943418026233,0.295792236328125,0
bg_04879,background,24.053760548033676,-12.835835295107978,8,7,219.64793395996094,0.47410159440356053,0.1594219970703125,0
bg_04880,background,22.388464890681036,-15.837851959739549,8,7,175.3019256591797,0.6984354123831956,0.4053863525390625,0
bg_04881,background,23.08000378019374,-14.175982314278908,8,7,259.91851806640625,0.5147388395497584,0.26969970703125,0
bg_04882,background,31.41341556008947,-8.416365799638461,24,5,562.1839599609375,0.8035372421468394,0.42905517578125,0
bg_04883,background,30.823034902568118,-3.9335321665583862,82,3,767.5511474609375,8.034473103940996,6.13428466796875,0
bg_04884,background,34.457320354352255,-2.905608853020987,59,10,387.1091613769531,3.3163912442120065,1.85075927734375,0
bg_04885,background,26.299043200300794,-11.645814205727198,24,7,313.700439453125,1.0887211532190664,0.53650390625,0
bg_04886,background,32.17593491502273,-5.793759813026913,71,9,2507.48291015625,24.866749107935586,16.75060546875,0
bg_04887,background,24.28337940065382,-13.200300656806647,13,7,306.6880187988281,1.5890293665153743,1.043883056640625,0
bg_04888,background,26.896469075989465,-8.768823328024164,63,7,412.77081298828125,1.035409322954755,0.3299609375,0
bg_04889,background,33.10283585573537,-8.322148805754452,17,3,127.59861755371094,4.376697556080102,2.4621209716796875,0
bg_04890,background,33.65667819170785,-6.34926818138684,56,9,206.51931762695312,2.657430907297399,1.334986572265625,0
bg_04891,background,34.80219039890628,-2.5592477604785606,9,9,497.54656982421875,29.95447571682248,20.283018798828124,0
bg_04892,background,25.10997176876995,-12.208114099263204,11,7,416.3440856933594,7.126049238927135,3.5530615234375,0
bg_04893,background,29.24508707551689,-8.077576851901581,61,7,414.4454650878906,1.185107478095435,0.503037109375,0
bg_04894,background,26.11931747357691,-14.095316970287021,8,7,49.83732604980469,2.2660209205892543,1.0810671997070314,0
bg_04895,background,29.621235133180797,-8.796467574128334,49,7,1548.4505615234375,23.877695868378716,15.001513671875,0
bg_04896,background,22.127485823572027,-13.942955524921075,8,7,211.09378051757812,0.4705896036346556,0.1635369873046875,0
bg_04897,background,22.271174492444953,-13.570739590893416,8,7,257.19549560546875,0.489797146373291,0.2405078125,0
bg_04898,background,33.849411110592,-4.534967319640002,71,3,947.2326049804688,4.766179574388304,2.67179931640625,0
bg_04899,background,22.65834519456143,-14.433332957867862,39,7,302.6153564453125,0.6367779200990311,0.445057373046875,0
bg_04900,background,25.279443048328503,-13.364173337412039,8,7,173.214599609375,0.7502290910786684,0.343094482421875,0
bg_04901,background,31.483053898397248,-8.18201642850827,56,5,534.5695190429688,5.196133311148858,2.23473876953125,0
bg_04902,background,23.882031482411417,-15.228771386511196,23,6,136.09469604492188,1.1212452829388089,0.6794610595703126,0
bg_04903,background,23.389606166388813,-14.53653255936698,39,7,255.6826629638672,0.5114768669312216,0.21467529296875,0
bg_04904,background,26.567863983807563,-8.745216327847853,60,7,425.2778015136719,0.5913458735876538,0.221624755859375,0
bg_04905,background,24.591663078692044,-13.028515241023037,8,7,219.0492706298828,0.5357249584194278,0.24657470703125,0
bg_04906,background,22.969522880074077,-14.37124542376854,39,7,291.96343994140625,0.34064675432603875,0.125333251953125,0
bg_04907,background,26.559996612514723,-11.734147874820422,8,7,255.53878784179688,6.443291024795472,3.703697509765625,0
bg_04908,background,24.828199560572003,-13.291520816121261,8,7,210.68081665039062,0.5242618639496858,0.1987750244140625,0
bg_04909,background,23.422113872925106,-15.158782912100294,69,7,247.88597106933594,0.7864589962333501,0.4881878662109375,0
bg_04911,background,33.843655725961355,-2.206656674234018,43,3,1067.9256591796875,0.4742146583518328,0.1539892578125,0
bg_04912,background,32.444526664315184,-1.4636406174554972,14,3,1156.0765380859375,3.3545908032801917,1.9146142578125,0
bg_04913,background,32.839716479823245,-1.812912861403161,14,3,1240.6820068359375,1.6399963181638881,0.91169921875,0
bg_04914,background,32.45159194038624,-6.185262326239737,66,5,622.6759033203125,6.547761345923203,3.356767578125,0
bg_04915,background,31.01148908895407,-7.138996596237256,59,3,1335.901123046875,6.168514940731305,3.359228515625,0
bg_04916,background,23.423487951372167,-13.393985001146518,8,7,358.5601806640625,0.5661496994099221,0.22884033203125,0
bg_04918,background,26.879995629670738,-11.910084110616621,69,7,146.67425537109375,0.7516872778887786,0.3501971435546875,0
bg_04919,background,35.900385340573045,-5.496607342143907,82,3,0.0,0.0,0.0,0
bg_04920,background,30.80246727922035,-6.801231812763027,38,3,1292.509765625,21.812750252253835,14.329072265625,0
bg_04921,background,32.559628964043306,-5.946727707013167,71,9,1269.004150390625,13.915362265562159,7.77962890625,0
bg_04923,background,34.01201173534415,-2.1107180919059445,14,3,946.5377807617188,0.6979406741796944,0.52827880859375,0
bg_04924,background,23.753367543910404,-13.364045310367448,69,7,316.58953857421875,0.474561008659896,0.27421630859375,0
bg_04925,background,34.94073343668819,-5.327129808316626,69,3,543.6990966796875,22.84895624335604,11.9223193359375,0
bg_04926,background,30.4051832891067,-5.281561386059208,8,8,991.8215942382812,9.778822745999868,5.51922607421875,0
bg_04927,background,22.366681704086297,-15.143276644722647,29,7,247.2415008544922,0.7708769112222199,0.366900634765625,0
bg_04928,background,33.192015422692336,-7.626649097060728,14,5,225.10809326171875,0.8179164767185095,0.387415771484375,0
bg_04929,background,33.34473839328281,-1.9194732134154275,43,3,1174.4754638671875,0.6615178364288059,0.3285986328125,0
bg_04930,background,23.578983438263148,-12.489533187106582,8,7,291.1578063964844,0.6519728477564839,0.331767578125,0
bg_04931,background,31.838605662382765,-3.316593440124559,14,3,889.6253662109375,2.8761632768388035,1.6718212890625,0
bg_04933,background,27.622123512113156,-10.706745350893813,24,7,482.0259704589844,10.617705403253357,7.315526123046875,0
bg_04934,background,30.570841183564045,-4.295144423725229,82,3,750.0335693359375,13.613844209030677,7.7365576171875,0
bg_04935,background,23.801950309813282,-14.54136665930498,69,7,230.54566955566406,1.205227843011653,0.4583135986328125,0
bg_04936,background,24.9547369210857,-14.71082364513245,37,6,125.65673065185547,0.9554273589331317,0.441839599609375,0
bg_04937,background,26.66093140276511,-8.831284604118075,15,7,439.6531677246094,1.8101827319476262,1.05521240234375,0
bg_04938,background,26.411140222530314,-11.12215279833296,60,7,298.8247375488281,0.7991830372266021,0.337542724609375,0
bg_04940,background,30.401819172310272,-9.096646972785074,24,6,157.93698120117188,0.6402932100232448,0.2545098876953125,0
bg_04941,background,21.447824894570722,-13.748751735204426,8,6,186.91900634765625,0.540711249380713,0.2104638671875,0
bg_04942,background,33.982272699630784,-6.8909207080495944,82,3,29.104555130004883,4.422704287405146,3.2065230560302735,0
bg_04943,background,33.66833530249536,-2.9537070898659428,18,3,1329.9549560546875,7.581055165515176,4.3240869140625,0
bg_04944,background,25.466017922962333,-12.631289515761617,8,7,294.94189453125,0.4409180794270012,0.229466552734375,0
bg_04945,background,34.668637647871485,-4.229738282328282,32,9,695.3126220703125,18.87795403893847,12.17457763671875,0
bg_04946,background,31.149872539050566,-7.7869587681364205,66,7,3349.193603515625,39.03905643042212,25.516376953125,0
bg_04947,background,26.827083573493475,-12.451991333861896,8,7,97.27991485595703,1.746939377046983,0.8218743896484375,0
bg_04948,background,26.013575826067168,-13.944259808904532,23,7,130.2104949951172,0.607742249572129,0.1934991455078125,0
bg_04949,background,28.0565675091183,-8.739097430617626,27,6,502.8304443359375,0.3860941462075379,0.160301513671875,0
bg_04950,background,31.99382975882142,-3.688754909057925,14,3,1018.5887451171875,0.773716608106257,0.46605224609375,0
bg_04951,background,33.466857351589894,-3.672671714800669,14,3,738.702392578125,2.5346588875220526,1.51322998046875,0
bg_04952,background,26.104999009171323,-12.433216179856858,32,6,295.75274658203125,0.452278152935233,0.170465087890625,0
bg_04953,background,26.639529811516564,-13.219440732507111,27,6,191.71670532226562,0.7348625755837987,0.4248126220703125,0
bg_04954,background,23.957138813460137,-14.84441040877672,23,7,221.05908203125,0.44371052828889,0.21060791015625,0
bg_04955,background,23.13465677880354,-15.770167134527975,23,6,144.5588836669922,0.36157039660296736,0.198995361328125,0
bg_04956,background,31.910014369987817,-6.993867917886298,71,8,996.5963134765625,6.77752739796288,3.3978759765625,0
bg_04957,background,31.839210688255267,-4.1418712276851855,32,11,999.3274536132812,0.8768693779540769,0.58187744140625,0
bg_04958,background,32.12228917204809,-4.928076662737513,71,9,1556.5726318359375,7.633090194519521,4.983662109375,0
bg_04959,background,34.95711862274395,-4.277637143021034,69,8,1067.556396484375,6.478629021809367,3.963388671875,0
bg_04960,background,21.452173566827156,-14.624999726871351,8,7,166.05638122558594,2.095239827775538,1.1463360595703125,0
bg_04961,background,31.599400547809218,-4.955777461908475,14,3,981.6173706054688,1.2439888104105175,0.79965576171875,0
bg_04963,background,21.871029629798414,-16.810483020115374,62,7,9.659212112426758,2.251468862148615,1.5656370162963866,0
bg_04964,background,26.350971992172326,-14.128613216662645,37,6,71.6653823852539,4.404736884652473,2.5495880126953123,0
bg_04965,background,33.551517453235654,-3.619999655346261,18,3,709.663330078125,4.229344044646033,2.4556982421875,0
bg_04966,background,28.251540868957917,-11.561427788349098,40,7,42.2118034362793,0.5330001411046681,0.2537994384765625,0
bg_04967,background,32.05719610169325,-7.159463977607478,14,5,484.76220703125,0.5363059853096328,0.271082763671875,0
bg_04968,background,27.655473918085196,-10.433666077381615,14,7,444.0634460449219,0.44479311940323396,0.1987548828125,0
bg_04969,background,27.545870130601518,-11.192096698433588,8,7,275.10699462890625,7.582604294246038,4.093311767578125,0
bg_04970,background,31.45216099584821,-9.625933031311591,45,3,140.18287658691406,1.4542824595299744,0.7678759765625,0
bg_04971,background,22.16447884956198,-15.519246144890795,29,7,195.19403076171875,1.3032670642457909,0.712529296875,0
bg_04972,background,31.164713299707667,-8.929432187442417,13,3,1237.314208984375,7.646679625888817,4.277724609375,0
bg_04973,background,26.700417628276885,-12.608309482837209,8,7,167.24258422851562,1.7568990133744369,1.0605535888671875,0
bg_04974,background,32.79760224408262,-6.8708790495418155,32,3,678.8895263671875,3.8340370143910527,2.16458740234375,0
bg_04976,background,34.51909415800721,-1.9108409449491686,71,3,873.2548828125,10.252586380843145,5.5593505859375,0
bg_04977,background,30.436778955635692,-8.999544663484972,24,6,180.41265869140625,1.5871410889506046,0.8210797119140625,0
bg_04978,background,23.1613977743946,-12.904039707696656,8,7,299.1345520019531,0.8247520617145552,0.36384765625,0
bg_04979,background,31.97557870155719,-3.9270509223078833,32,3,1083.9305419921875,1.0156953819515002,0.39412109375,0
bg_04980,background,23.70881579161999,-14.900445695763812,8,7,239.5901641845703,0.3679784658690073,0.2293951416015625,0
bg_04981,background,27.974077784437338,-10.199085384797883,24,7,393.4805603027344,1.4701229445357884,0.76495361328125,0
bg_04982,background,29.638139531987733,-7.625352097780344,14,7,445.59661865234375,1.6791416890826807,0.816395263671875,0
bg_04983,background,28.054017001900505,-11.668407295764212,13,7,231.5640106201172,14.310282601706897,8.969286499023438,0
bg_04984,background,28.122108151185987,-9.041668351886694,27,6,544.928466796875,0.7885538399704682,0.38173828125,0
bg_04985,background,24.2780802187026,-12.472185293546579,8,7,246.66683959960938,0.531393781791691,0.2586669921875,0
bg_04986,background,35.31367534881809,-5.092626664084473,36,9,779.60302734375,31.794251864869594,20.75397216796875,0
bg_04987,background,31.041010788283412,-8.366671584853906,10,7,2718.166015625,35.57967747600673,21.894912109375,0
bg_04988,background,30.42992746784184,-8.026499650233394,38,9,1104.6710205078125,17.133755631310738,11.3396728515625,0
bg_04989,background,33.13460197637197,-7.219123874364336,14,5,495.96588134765625,1.4724936638381148,0.774427490234375,0
bg_04990,background,24.56465021390134,-12.956833712939405,8,7,204.2955780029297,0.8169450026802073,0.350006103515625,0
bg_04991,background,32.76775868314044,-7.464287602020815,32,5,490.1826171875,1.2779846366398864,0.700701904296875,0
bg_04992,background,27.196222059985637,-9.95687337066922,27,7,543.3411254882812,1.1791338794080588,0.636044921875,0
bg_04993,background,22.06353410009834,-13.383865690573264,8,7,246.75633239746094,0.44223584804963284,0.1603875732421875,0
bg_04994,background,34.73849528127064,-2.574276835387249,9,9,621.1260986328125,27.052852357363655,13.39203125,0
bg_04997,background,26.466225544484445,-13.867251603655136,40,6,76.33434295654297,0.5317968936807923,0.2941790771484375,0
bg_04998,background,23.75250626954038,-14.628670982461536,69,7,289.9134216308594,1.0338538834179407,0.5712255859375,0
bg_04999,background,22.021695227490167,-15.696604752170868,29,7,165.30995178222656,0.8383017880118702,0.464986572265625,0
bg_05000,background,22.92826112428085,-13.227652666320672,8,7,335.68115234375,0.37057337863252965,0.2648193359375,0
bg_05001,background,34.509738246600115,-4.360789839689522,69,8,836.6727294921875,26.266252984270142,14.6272265625,0
bg_05002,background,22.47705653053381,-16.347588974111115,40,7,36.12824249267578,4.673668201941998,2.6478898620605467,0
bg_05003,background,21.91271504658796,-14.39792412869046,8,7,217.16014099121094,0.6045679233835599,0.307542724609375,0
bg_05004,background,33.04884515973008,-7.242702357072746,13,3,601.74169921875,0.9165115009987066,0.52806884765625,0
bg_05005,background,29.681218387564723,-7.6019849298831135,14,7,500.2556457519531,10.245491544774112,6.3829931640625,0
bg_05006,background,22.578369192012737,-15.49438909126319,29,7,222.2436065673828,0.6888716425090342,0.356602783203125,0
bg_05007,background,31.536990908515328,-6.949829898190438,61,9,1881.7847900390625,13.011994566660563,5.23796875,0
bg_05008,background,24.76504359638689,-12.810218359033525,8,7,228.39797973632812,0.40645023191885493,0.1695489501953125,0
bg_05009,background,30.540768908751936,-9.090005218625329,24,6,221.35647583007812,1.049243208160047,0.55183837890625,0
bg_05010,background,24.162873124298333,-13.848375190406538,24,7,290.2269287109375,0.5259967772446361,0.256795654296875,0
bg_05012,background,30.758432623427115,-9.296699298159453,68,9,1503.8485107421875,12.658570497737417,8.3188134765625,0
bg_05013,background,32.333340339074894,-3.5438791497192845,71,3,1170.0166015625,7.290176597902375,4.3776123046875,0
bg_05014,background,21.37370673582854,-14.8084016264646,8,7,155.73744201660156,0.7471218082620086,0.4689727783203125,0
bg_05015,background,22.555595920076254,-15.276000047859965,29,7,233.23316955566406,0.4583727734357467,0.1722265625,0
bg_05016,background,32.22992877143469,-5.354473158087857,71,9,2998.037353515625,39.32727615487489,27.3929296875,0
bg_05017,background,35.034552276328604,-4.6527103440348805,32,3,542.7452392578125,27.34189031980373,18.647568359375,0
bg_05018,background,33.08082744533513,-2.031422599694243,18,3,1399.626708984375,2.024743063022928,1.1541015625,0
bg_05019,background,30.677203025940646,-8.404091268129124,24,6,565.539306640625,1.0464960324329393,0.62488525390625,0
bg_05020,background,31.184105091723055,-9.3400386760149,68,9,750.601318359375,9.068021801162745,5.65283447265625,0
bg_05022,background,26.032297529640662,-9.242902137744073,8,7,408.64080810546875,0.4801296585572398,0.206461181640625,0
bg_05023,background,33.73106450065839,-4.408396062204117,18,8,1117.0244140625,19.08344530883114,12.0763818359375,0
bg_05024,background,31.879689220151654,-8.945269475286677,68,3,375.1845703125,13.707334953714122,8.00921875,0
bg_05025,background,33.42307632777742,-4.6282882592965,71,9,2338.09912109375,26.274572608529763,16.284599609375,0
bg_05026,background,23.19397343180216,-15.227180955505,29,7,180.50115966796875,1.8055177759873486,1.1865484619140625,0
bg_05027,background,29.910283030091993,-7.301532294762564,8,7,558.26806640625,2.011422227343848,1.24538818359375,0
bg_05028,background,24.40598031755664,-15.1785658192529,40,7,46.501277923583984,0.46102606137976715,0.19693984985351562,0
bg_05029,background,27.736128622607904,-11.431424768596576,60,7,178.43016052246094,3.099696115956703,1.5465301513671874,0
bg_05030,background,34.39381794101102,-4.5552686202333135,70,9,374.8096618652344,6.713457664878907,3.689925537109375,0
bg_05031,background,22.31479333683301,-13.834886864719671,8,7,234.3549346923828,0.6474911150347944,0.4166162109375,0
bg_05032,background,22.222776366984824,-14.472007039792887,8,7,273.548828125,0.5651194097467374,0.291439208984375,0
bg_05033,background,34.44858714131786,-5.997310502898947,24,2,14.238248825073242,1.1104637958079275,0.5330006790161133,0
bg_05034,background,23.494597899465028,-15.418693555258187,23,6,144.89529418945312,1.1744619278646222,0.764173583984375,0
bg_05035,background,31.63232500279815,-8.623434461012112,24,5,315.2729797363281,0.563527697336076,0.254566650390625,0
bg_05036,background,25.669202146255028,-12.775770414882084,8,7,282.45599365234375,0.504829482421878,0.219061279296875,0
bg_05037,background,23.834995201621613,-13.55486912644143,69,7,310.8963623046875,1.0910749339721888,1.013697509765625,0
bg_05039,background,21.865172220390807,-16.764577883894574,62,7,0.7052110433578491,0.6309310439253107,0.2512014496326447,0
bg_05040,background,26.07671828728179,-12.195756574756308,32,7,375.45318603515625,1.0707855508640796,0.6378564453125,0
bg_05041,background,34.76559957151163,-2.84495380525781,9,3,258.8922119140625,5.434661769382354,3.325404052734375,0
bg_05042,background,32.51027928691733,-3.262965070757355,71,3,1172.6683349609375,2.814459562182207,1.747421875,0
bg_05043,background,26.244691328791443,-9.545858362291044,8,7,451.2861022949219,1.0816290984351458,0.47156494140625,0
bg_05044,background,24.040973074866184,-12.86940763404934,8,7,223.1924285888672,0.5796307430419907,0.2336871337890625,0
bg_05045,background,32.37841684725224,-4.914132807826489,71,7,2210.28759765625,22.19855776016094,12.867119140625,0
bg_05047,background,27.603072154214008,-9.296007338762083,27,6,499.3753967285156,1.0901606078327275,0.623575439453125,0
bg_05048,background,21.36869876879027,-15.695075885746977,39,7,118.24063873291016,0.9015835564059328,0.49023284912109377,0
bg_05049,background,27.89086815036874,-11.321590694756066,11,7,344.89508056640625,1.893123344065153,1.0798974609375,0
bg_05050,background,26.2997668358649,-14.241962046530794,40,6,61.65243148803711,0.5986672612305236,0.3915484619140625,0
bg_05051,background,23.06396913419397,-14.894001414608946,29,7,207.68997192382812,0.6594257542400023,0.2771246337890625,0
bg_05052,background,22.382663341649334,-15.43992720518195,29,7,195.40435791015625,0.9007522338253254,0.5498150634765625,0
bg_05053,background,21.788001798887702,-15.130419024816034,8,7,184.61459350585938,0.4421557915969329,0.1937457275390625,0
bg_05054,background,34.47417333556056,-3.2401857645703287,14,5,357.75543212890625,0.8833700142496778,0.48730224609375,0
bg_05056,background,30.124015114596112,-6.373664229171335,14,3,903.7373046875,0.8420483966846076,0.48443115234375,0
bg_05057,background,32.59704071843173,-8.482027363970333,14,3,178.9839324951172,0.9881611744004873,0.504937744140625,0
bg_05058,background,21.88807796238616,-15.309790239181483,29,7,207.40415954589844,0.8969038523733139,0.523236083984375,0
bg_05059,background,22.801901454113175,-14.993549747538056,29,7,223.70387268066406,0.7959907679845891,0.395379638671875,0
bg_05060,background,22.487752868562048,-14.190399827533705,8,7,274.3518371582031,0.3360835594218202,0.14062744140625,0
bg_05061,background,33.501289639602255,-2.1809265430951137,43,3,1140.2127685546875,0.7690312829674726,0.3629296875,0
bg_05062,background,27.143823672275303,-13.321326497876855,45,7,27.409400939941406,3.204421945631118,2.0608503723144533,0
bg_05063,background,24.353274023653157,-12.45464347606836,8,7,235.71734619140625,0.9752686262152025,0.461607666015625,0
bg_05064,background,30.360036457053866,-4.61749250385756,82,3,742.6215209960938,1.069719453557059,0.52814697265625,0
bg_05065,background,23.488460284422683,-14.22480214532047,39,7,267.2459716796875,0.8880730001260976,0.47007568359375,0
bg_05066,background,24.02629947079251,-13.974663534598749,23,7,315.7931823730469,0.8190330066425856,0.409302978515625,0
bg_05067,background,34.738041088287545,-5.314378106241997,64,9,425.05718994140625,14.05238793677336,9.73708984375,0
bg_05068,background,30.954745939287534,-7.360772116517434,59,3,1422.3153076171875,8.24606332504338,4.9162451171875,0
bg_05069,background,32.23579205212215,-4.312078661806416,71,3,1267.51318359375,1.0213935005128574,0.539970703125,0
bg_05071,background,32.15470210679808,-5.756023696869063,71,9,2658.310546875,13.967530914053132,7.71697265625,0
bg_05072,background,21.40340701786935,-16.21584272211834,42,6,97.60333251953125,0.6618645234311246,0.2944805908203125,0
bg_05073,background,28.222900552999707,-8.877339820354768,27,6,553.0695190429688,0.8070133876130683,0.40215576171875,0
bg_05075,background,22.027656573720922,-16.081869816583765,39,6,133.9192352294922,0.4187763098027859,0.2173193359375,0
bg_05076,background,22.62506260772285,-13.487068266582892,8,7,301.5912170410156,0.6625639024113134,0.221053466796875,0
bg_05078,background,32.941447867344166,-6.35421201548469,65,3,777.7703857421875,2.0397778340360824,1.012412109375,0
bg_05080,background,30.42046153389789,-9.183611998766985,24,6,118.38040924072266,0.954370297837701,0.3542825317382812,0
bg_05081,background,24.3853654217642,-14.921611226493727,37,6,151.64794921875,0.7530240793207161,0.4434783935546875,0
bg_05082,background,34.46981765621535,-2.4928475334949924,8,3,748.7450561523438,2.470804050602968,1.44134765625,0
bg_05083,background,30.98710642914465,-9.789987264958524,45,5,272.0052795410156,7.233507813171296,4.799471435546875,0
bg_05084,background,30.581025860893668,-7.377317751654366,33,9,1890.68310546875,26.938789606012936,19.0537255859375,0
bg_05085,background,31.81365229219616,-5.454679248370983,71,9,2152.93603515625,21.42118808448259,13.90029296875,0
bg_05086,background,30.57284752331399,-4.541681106804653,82,8,885.0504150390625,19.732019229843978,12.4556396484375,0
bg_05087,background,25.390069581946058,-14.449466600985376,23,6,114.166259765625,0.6966810986203286,0.25332427978515626,0
bg_05088,background,34.75057310909692,-3.9054688305515075,69,9,1425.892333984375,24.44118264285023,16.17373046875,0
bg_05089,background,23.339513325951014,-14.88686581538848,29,7,236.88116455078125,0.9184384461836278,0.6143670654296876,0
bg_05090,background,25.40639950576506,-13.059198408525981,8,7,253.5778350830078,1.0091345786867403,0.4965252685546875,0
bg_05091,background,30.96764190473309,-4.550294958954108,8,8,831.1110229492188,10.849543492416995,4.71969970703125,0
bg_05092,background,27.127206360453513,-9.525680330126178,27,7,512.4225463867188,0.9447146855995548,0.406964111328125,0
bg_05093,background,21.74399127541448,-16.502060097133587,40,7,37.38563537597656,0.7212978882338908,0.37354537963867185,0
bg_05094,background,27.11872044495775,-8.800603812013005,27,7,466.4407653808594,0.8663819108875964,0.379442138671875,0
bg_05096,background,23.95298096480607,-12.252554854237458,8,7,251.1464385986328,1.0697757033416029,0.847166748046875,0
bg_05097,background,22.754553551901374,-15.763517612594901,39,7,180.31637573242188,1.035570923031409,0.6179559326171875,0
bg_05098,background,32.2213267466964,-1.4986797155916023,8,3,1153.42626953125,4.091188218898865,2.0367919921875,0
bg_05099,background,32.64070155881537,-8.849604120522885,40,3,114.36068725585938,0.39324673373697827,0.16736724853515625,0
bg_05100,background,26.96049389942745,-12.533348680294846,8,6,119.13578033447266,1.6579762416061123,1.0741732788085938,0
bg_05101,background,30.143627497088374,-7.380053599324808,56,3,956.0025634765625,28.043744595418346,19.11406982421875,0
bg_05102,background,31.059310275000215,-4.066024477896786,8,3,699.3876342773438,0.853711164816697,0.5995458984375,0
bg_05103,background,25.973977722085166,-14.18781913687273,23,6,43.0274772644043,2.012045906035474,1.160048370361328,0
bg_05104,background,27.52906096851442,-10.4029439240991,13,7,472.0073547363281,0.7699254571203442,0.480826416015625,0
bg_05105,background,23.344820550812038,-13.158600664368677,8,7,325.2803955078125,0.5263728898570644,0.209552001953125,0
bg_05106,background,21.654436756710428,-14.970672997065398,8,7,182.10137939453125,0.29731715420639887,0.0855889892578125,0
bg_05107,background,23.647141546583114,-13.665197072589544,69,7,395.45050048828125,1.6183272398846564,0.813189697265625,0
bg_05109,background,33.66922192140488,-4.740998916348653,71,3,1435.074951171875,12.895547811533781,7.2795263671875,0
bg_05110,background,24.663065627703272,-12.581957521721172,8,7,276.38037109375,1.1955622242559778,0.65318359375,0
bg_05111,background,26.939909877027816,-9.707168492692459,27,7,537.2413330078125,0.48016290612058943,0.30908447265625,0
bg_05112,background,34.947460998106465,-3.4744780389769776,8,3,330.8060607910156,0.8911653944374477,0.479202880859375,0
bg_05113,background,27.646911263508148,-11.904095405757863,27,6,312.1249084472656,0.78131831595057,0.341787109375,0
bg_05114,background,22.170285119660928,-14.071142345602437,8,7,220.2540283203125,0.7988382396405337,0.454517822265625,0
bg_05115,background,32.574430108822746,-8.53168821325254,24,3,183.39535522460938,0.5084011838301422,0.2780401611328125,0
bg_05116,background,25.514330864140593,-13.793745857832379,23,6,173.49893188476562,0.655646003198757,0.359228515625,0
bg_05117,background,27.12697116251003,-11.475306469425632,24,7,170.89138793945312,1.1448378706200368,0.426580810546875,0
bg_05118,background,25.00331786943431,-13.212946381335028,8,7,198.8458251953125,0.253824730736556,0.1086431884765625,0
bg_05119,background,27.04270223494883,-13.24135754179852,27,6,76.03437805175781,0.4524722526798193,0.38667449951171873,0
bg_05120,background,23.55595087993621,-14.035934495202445,8,7,315.1368103027344,0.49869010903155153,0.17280029296875,0
bg_05121,background,30.106371809256828,-5.147045069674471,82,3,780.7359619140625,15.538302123843879,9.66496337890625,0
bg_05122,background,28.673753506641727,-9.111837333864472,28,7,293.36407470703125,8.267526646590511,5.46998046875,0
bg_05124,background,34.34993085686692,-6.408333795508851,24,2,5.796396732330322,0.5725050160038949,0.26449193954467776,0
bg_05125,background,27.18633235732884,-13.003258745388365,27,6,108.1773452758789,0.7547293438036896,0.408646240234375,0
bg_05126,background,23.795805752465032,-12.402164860698166,8,7,270.64813232421875,0.6354217947529613,0.338582763671875,0
bg_05127,background,27.689594716478666,-10.62687745640041,24,7,509.64288330078125,4.055940636385874,2.241697998046875,0
bg_05128,background,26.149097887473676,-8.906694731762435,8,7,404.9548645019531,0.9387196678457258,0.3521630859375,0
bg_05129,background,32.470751669598485,-6.475061334684859,51,5,451.77471923828125,0.442751172249125,0.277744140625,0
bg_05130,background,32.91195240241784,-8.265170348445952,24,3,132.0198974609375,0.660206343329666,0.346834716796875,0
bg_05131,background,30.414359011438243,-4.789309266452776,82,3,873.0830078125,7.933191732250097,4.31830078125,0
bg_05132,background,26.199295050828738,-12.098585790040707,8,7,378.6235046386719,0.5256629253722973,0.284794921875,0
bg_05133,background,26.440241712873764,-8.752463667795762,8,7,472.650634765625,0.6045416880943034,0.357945556640625,0
bg_05135,background,27.103085229594893,-11.319177659252203,8,7,217.0715789794922,2.2610688561571726,1.261651611328125,0
bg_05136,background,34.3268967086616,-6.6010055022656715,17,10,36.35317611694336,3.4860079654114853,1.5951312255859376,0
bg_05137,background,22.089820751485362,-13.160129604939527,8,7,270.125732421875,0.8873249233257412,0.2873974609375,0
bg_05138,background,32.59596488337389,-6.766633008283987,8,8,489.6318664550781,3.1656127501995104,1.84040771484375,0
bg_05139,background,25.791503894506913,-14.34703410229718,23,6,100.43287658691406,0.6230247995235968,0.34117218017578127,0
bg_05140,background,22.331250775576375,-16.21756684753701,8,6,104.47388458251953,0.6731225054425958,0.27223175048828124,0
bg_05141,background,31.179260618888257,-4.324886248737027,8,3,732.7053833007812,1.149836832998979,0.43666259765625,0
bg_05142,background,27.189732127355434,-9.849521841823352,27,7,531.0391235351562,1.4629800435610727,0.6856787109375,0
bg_05143,background,23.266225137662335,-13.072243437551174,8,7,312.45416259765625,0.9993081798425835,0.39931640625,0
bg_05144,background,23.03552130831387,-13.647018298726085,8,7,315.05206298828125,0.8866400486605723,0.36256103515625,0
bg_05145,background,23.781415068572915,-14.401346066186264,24,7,220.3932342529297,0.7670976242890071,0.2313482666015625,0
bg_05146,background,34.30362892446602,-2.241150077269353,18,3,1119.0029296875,15.890413708372416,8.751015625,0
bg_05147,background,31.845679629220836,-5.367173002502862,71,9,2049.70361328125,18.60951323177404,10.4717138671875,0
bg_05148,background,26.701895622332056,-9.530614104804053,15,7,473.2375793457031,0.7058913163117805,0.44099609375,0
bg_05149,background,23.530324095720413,-14.882777543126814,69,7,307.2358703613281,0.45474856233656574,0.264842529296875,0
bg_05150,background,26.033147692855078,-11.451836448085935,11,3,385.4061279296875,0.8233501754727267,0.44761474609375,0
bg_05153,background,33.5566582063609,-1.8600054314686167,43,3,1097.8826904296875,1.8080391654624417,0.9800244140625,0
bg_05155,background,22.28147750223661,-15.508800606547403,29,7,188.9710693359375,0.8496038253487523,0.4717138671875,0
bg_05156,background,22.851941551346055,-14.519834648588013,39,7,305.86328125,0.49198265639447647,0.147093505859375,0
bg_05157,background,33.021659706003604,-3.199838296277266,18,7,1593.3631591796875,5.436538276657251,3.08904296875,0
bg_05158,background,33.7043512173172,-2.6333441357696787,43,3,1134.6461181640625,0.7180888667861509,0.51638671875,0
bg_05159,background,23.71767939498018,-13.567871376019555,69,7,356.7107849121094,0.7293945819385325,0.39012451171875,0
bg_05160,background,24.89981952682508,-12.692851696789402,8,7,269.9449462890625,0.5065870343343483,0.252149658203125,0
bg_05163,background,33.37022833637519,-4.71780594834629,18,9,1923.5255126953125,19.648722925792118,11.12076171875,0
bg_05164,background,22.224311871188576,-15.67282006296947,29,7,168.09237670898438,0.5775324152765029,0.2191961669921875,0
bg_05167,background,33.18789752990721,-8.337682193521596,17,3,134.12786865234375,1.5105958179087253,0.599559326171875,0
bg_05168,background,27.814855542196135,-11.556370127109775,8,6,203.43450927734375,1.2845940031463168,0.7518927001953125,0
bg_05169,background,21.51533267936731,-16.36338167540046,42,6,54.837459564208984,1.635288680926053,0.8036227416992188,0
bg_05170,background,32.102436827541254,-8.176332441576974,8,5,472.17669677734375,0.6359623864224518,0.358720703125,0
bg_05171,background,30.266406071837878,-5.613459960754456,14,3,674.7111206054688,0.8639230805471594,0.3616650390625,0
bg_05172,background,33.58415682922097,-4.805404643385235,71,3,1655.8514404296875,9.686216765045694,5.3567578125,0
bg_05173,background,30.82394564720838,-8.062726400345518,8,9,2439.14208984375,34.9430710246529,26.382626953125,0
bg_05174,background,22.53894006276623,-14.603912753274154,39,7,254.4458465576172,0.8142752369700169,0.4311358642578125,0
bg_05175,background,27.653473413502887,-11.78491758741741,27,6,341.3611145019531,0.8843737923645824,0.415172119140625,0
bg_05176,background,32.49195566595922,-1.9782478645542214,14,3,1095.01416015625,0.8230052377883977,0.498740234375,0
bg_05177,background,29.882351772004633,-9.638694509802141,14,7,81.92643737792969,0.7673151290061725,0.37847869873046874,0
bg_05178,background,22.777947373975092,-13.704679395999836,8,7,300.63861083984375,0.625455530989658,0.3253515625,0
bg_05179,background,26.184493987959534,-10.27269286857303,8,7,462.35113525390625,0.4361130600065215,0.225596923828125,0
bg_05180,background,27.702524899204885,-10.328570010274124,13,7,507.2386474609375,0.8414960024738706,0.4505517578125,0
bg_05181,background,27.601719493966403,-13.168938092800005,40,7,10.350215911865234,0.7100684622061436,0.2530413818359375,0
bg_05182,background,31.056928737224553,-7.623328190076405,38,1,2161.96240234375,23.93977143148113,14.72,0
bg_05183,background,23.28204549480324,-14.022792047233674,8,7,303.227294921875,0.6677659811509081,0.283218994140625,0
bg_05184,background,27.562151814914248,-9.246542581381965,27,6,485.9478759765625,0.8707111775043093,0.420001220703125,0
bg_05185,background,27.86035964335442,-10.852210258340962,8,7,281.3174133300781,1.9217121336641452,1.109326171875,0
bg_05187,background,32.46452364877494,-5.152893645942281,71,7,1816.2320556640625,16.15205358795449,10.1173291015625,0
bg_05188,background,24.227686992459958,-13.39207137868841,23,7,322.89312744140625,2.2079526329676673,1.175159912109375,0
bg_05189,background,23.00903606852481,-13.861478429123474,8,7,294.26141357421875,1.2379994786404676,0.62991455078125,0
bg_05190,background,28.88391323467313,-9.205097837114463,8,9,605.3221435546875,14.509000237507141,8.8006982421875,0
bg_05191,background,26.020619438619722,-11.68613191115489,15,3,345.57861328125,7.772650543375568,3.97374755859375,0
bg_05192,background,24.410962215255452,-13.037203145743703,23,7,312.190673828125,9.26664643546968,5.431248779296875,0
bg_05193,background,32.273803026874404,-3.8718346656811824,71,3,1235.9573974609375,2.889314367797963,1.840625,0
bg_05194,background,27.024544140886682,-9.995986547278491,8,7,369.95849609375,0.7244267675347943,0.271171875,0
bg_05195,background,26.66389600546432,-13.636230733606771,82,7,46.660255432128906,0.4956870669257183,0.25228988647460937,0
bg_05196,background,30.220570855668925,-7.8361829620273005,38,7,1911.7764892578125,13.096659066425833,7.0589208984375,0
bg_05197,background,33.36325062028047,-3.9164313332709506,59,3,1111.764892578125,3.206001228049527,1.6467626953125,0
bg_05198,background,28.157058863161836,-11.110185464912254,10,7,225.8055419921875,1.4520886575006815,0.9498565673828125,0
bg_05200,background,30.15027419519304,-8.128866965932312,49,9,1716.71240234375,24.737785570451184,13.447314453125,0
bg_05201,background,31.877948835043416,-3.128008597343597,14,3,820.1007690429688,0.782681774823102,0.35076416015625,0
bg_05202,background,21.679087184900915,-15.525110623022105,29,7,164.40682983398438,0.6905679747007467,0.4131451416015625,0
bg_05203,background,21.460755759576305,-14.648280962009984,8,7,160.57635498046875,0.5556036416202854,0.204420166015625,0
bg_05204,background,32.469136272452694,-9.233496505658387,69,3,0.0,0.0,0.0,0
bg_05205,background,27.077462773883678,-9.107831783771813,27,7,463.39776611328125,0.7501937944035025,0.35099609375,0
bg_05206,background,31.36878146373826,-8.887702615123374,8,8,608.6707763671875,1.7233340183219976,0.9910205078125,0
bg_05207,background,35.39901494869951,-5.105342911884754,7,6,143.8645782470703,16.658547061731973,10.394295349121094,0
bg_05209,background,30.679795207190438,-8.712872815878871,8,6,1137.9757080078125,23.52295796944486,12.7303369140625,0
bg_05210,background,30.830316858511758,-9.695725670930491,69,3,390.7913513183594,3.7338961716652967,2.37330810546875,0
bg_05211,background,26.97686165934814,-12.26132918516511,27,6,248.3413848876953,1.3564889840070922,0.7433599853515624,0
bg_05212,background,23.629378024007373,-13.170139499281786,8,7,311.94708251953125,0.7772061557657773,0.28340576171875,0
bg_05214,background,33.577923242112966,-3.2623526407457404,18,3,1219.213134765625,3.286828897918844,1.7968994140625,0
bg_05215,background,30.938066428007435,-9.354030398575857,69,9,910.908203125,5.857943542499195,2.42659912109375,0
bg_05217,background,31.696894759543433,-8.987964310995428,69,3,226.04119873046875,0.6448231107395853,0.3414483642578125,0
bg_05218,background,21.56575037574708,-14.129782450999679,45,7,224.56454467773438,0.9483603911970594,0.3507159423828125,0
bg_05219,background,32.752864144446804,-5.2278799454900255,19,9,1649.2413330078125,10.02904374752438,6.35693359375,0
bg_05220,background,31.51397767240163,-4.943744402280856,8,3,1068.246337890625,7.7420001843568125,4.2674365234375,0
bg_05221,background,34.50516757281874,-1.795340439029586,9,3,1103.6131591796875,6.072675632370187,3.4295361328125,0
bg_05222,background,33.49988093704332,-5.1244871720520875,71,3,1743.8697509765625,4.946983017338009,2.667470703125,0
bg_05223,background,27.318873161310375,-10.820521175313424,8,7,316.560791015625,2.747198527819481,1.455440673828125,0
bg_05224,background,29.6385916138571,-7.6009551509660875,60,7,461.56689453125,9.060001106553036,5.2758056640625,0
bg_05226,background,21.596702549225817,-16.91358007360545,62,7,36.077117919921875,1.8277494967156402,0.7982765197753906,0
bg_05227,background,25.89203205392227,-13.415994203955696,64,7,167.85044860839844,4.9278250381778435,3.1188409423828123,0
bg_05228,background,33.264634414592884,-5.824062098088152,56,3,1227.21533203125,11.31740776841517,6.96640625,0
bg_05229,background,27.205715976795474,-12.171003542851844,27,6,281.38433837890625,0.3782415286580642,0.195902099609375,0
bg_05230,background,32.33993907944574,-2.28603159084631,41,3,1016.4173583984375,0.40415233958402835,0.20610107421875,0
bg_05231,background,23.395922028590054,-12.544695513372792,8,7,266.9462585449219,0.9604445786049113,0.3818310546875,0
bg_05232,background,24.17791385085016,-13.930536724524979,24,7,278.91998291015625,0.3720338697118501,0.21166748046875,0
bg_05233,background,33.059705809144916,-7.230251701688257,13,3,625.78271484375,5.445477964114791,3.518427734375,0
bg_05236,background,23.476611736414764,-12.928666236232159,8,7,287.68536376953125,1.3154427571248961,0.45234130859375,0
bg_05237,background,24.876545916602186,-12.888653303630697,15,7,264.7257080078125,2.219093000572697,1.534456787109375,0
bg_05238,background,25.912334267490795,-12.794808594520083,8,6,271.3197326660156,1.2811305208520112,0.68845458984375,0
bg_05239,background,31.11617918583568,-4.437265983316004,8,3,776.8350830078125,10.90200260205486,4.935576171875,0
bg_05240,background,29.764889679954976,-8.190650061398815,49,7,1248.5408935546875,35.32980175661796,26.2760107421875,0
bg_05241,background,31.809087880442828,-4.342285855193301,13,11,1088.7767333984375,12.394098849473474,6.5281201171875,0
bg_05242,background,30.83567735804317,-4.106430360587637,8,3,674.583251953125,3.2946955090300927,1.56251953125,0
bg_05243,background,30.58712000998459,-8.154409708705055,49,6,878.1158447265625,24.926380818087466,13.2889404296875,0
bg_05245,background,29.898088274976384,-8.415074165155978,49,7,1455.6378173828125,9.149808151136645,4.0035595703125,0
bg_05246,background,23.852725378163644,-13.602400588346066,69,7,301.5159606933594,0.7539443682762217,0.29880615234375,0
bg_05248,background,24.931473801916727,-12.695281797808736,8,7,294.35162353515625,0.7141317773522827,0.5294384765625,0
bg_05249,background,26.181942496130503,-9.519566448887463,8,7,435.7486572265625,0.6899692095752286,0.39273681640625,0
bg_05250,background,22.48077558110337,-15.166132683940257,29,7,256.1935119628906,1.029988619617431,0.4376116943359375,0
bg_05251,background,26.218201225470434,-12.995730303841988,23,6,183.11056518554688,1.013826497598387,0.6170989990234375,0
bg_05253,background,23.036021419611227,-14.594352200106027,39,7,267.63037109375,0.6436711771309026,0.278221435546875,0
bg_05254,background,33.70334810487562,-3.795704131292409,18,9,1719.4556884765625,13.079040736688695,7.2485595703125,0
bg_05256,background,22.251053458564968,-13.26354263962104,8,7,300.5067443847656,0.5433086605687217,0.3903564453125,0
bg_05257,background,23.828411912993158,-13.19778298906497,69,7,312.5218200683594,0.9165518440445124,0.455968017578125,0
bg_05258,background,33.07320792380446,-5.455463619743178,71,9,1231.36767578125,7.750711027220115,4.0368896484375,0
bg_05259,background,30.138040547730313,-5.024271902459567,82,3,741.5244750976562,9.670314413028954,6.045009765625,0
bg_05260,background,21.45114809072222,-15.130502774721558,8,7,177.17129516601562,0.588406427180506,0.2286273193359375,0
bg_05261,background,23.123156111870564,-12.843997574819927,8,3,306.5145568847656,0.652126073733728,0.28618408203125,0
bg_05264,background,28.579197439666956,-9.397687839066254,14,7,289.8204650878906,0.4979986981779749,0.32927001953125,0
bg_05265,background,23.11229949833071,-13.607921499628558,8,7,314.87750244140625,0.7971648686144445,0.308404541015625,0
bg_05266,background,31.597119210107913,-4.531837268877305,14,11,871.9048461914062,0.49427722838246446,0.31264892578125,0
bg_05267,background,24.852205303479888,-12.607868092852248,8,7,260.9044494628906,2.173630514950275,1.226607666015625,0
bg_05268,background,28.837257966583902,-8.62228003405661,61,7,298.96160888671875,0.6400844322469209,0.215673828125,0
bg_05269,background,32.15436968667122,-5.856400588031916,71,9,2765.372314453125,13.302774370977616,8.419052734375,0
bg_05271,background,23.074997158746136,-13.684638347857161,8,7,299.1483154296875,1.029527315655996,0.458389892578125,0
bg_05272,background,34.98338283114079,-5.301173130961447,32,9,419.1026306152344,18.313244920124447,11.1058935546875,0
bg_05273,background,33.8079828458166,-2.0672576279940156,8,3,1016.4454345703125,1.891683503974263,1.0963623046875,0
bg_05274,background,23.798808888865562,-12.689650316965173,8,7,234.13153076171875,1.23646232004382,0.338544921875,0
bg_05275,background,23.5297054286843,-12.600481948570174,8,7,260.7852478027344,0.9763979388098878,0.833662109375,0
bg_05276,background,21.49671792127451,-14.337056554581213,8,7,188.21022033691406,0.5690191849475768,0.1902947998046875,0
bg_05278,background,25.544163540178626,-12.040500120587916,60,7,363.7664489746094,2.3493333085091943,1.328480224609375,0
bg_05279,background,22.176956576915515,-13.56280386270493,8,7,277.0880126953125,0.7019820281788721,0.393660888671875,0
bg_05280,background,25.40132176970941,-12.813332074615513,8,7,260.8372497558594,0.9177962218024457,0.314835205078125,0
bg_05281,background,28.015238741920584,-9.685263183241291,8,7,366.03997802734375,0.9051249238529829,0.381865234375,0
bg_05283,background,26.04771181349198,-9.983620509264773,8,7,425.8036804199219,0.8439190614810156,0.331412353515625,0
bg_05284,background,32.83592500031239,-4.620786816530937,16,7,1360.535400390625,9.239976268620277,4.040673828125,0
bg_05285,background,31.107976342569707,-8.244826546232098,10,9,1978.6611328125,14.539122334366066,9.6371630859375,0
bg_05287,background,26.26017429861076,-14.202813151436683,37,6,89.3653564453125,8.996654807665308,6.204418640136719,0
bg_05288,background,27.418412248121623,-9.085661836844462,27,6,461.627685546875,0.7536552502695009,0.257340087890625,0
bg_05289,background,27.534592867983584,-10.009275554881748,27,7,549.5144653320312,1.2544760631584642,0.69154296875,0
bg_05290,background,30.573526967056505,-6.156607870028609,8,9,836.1829223632812,2.2053802853847335,0.96559814453125,0
bg_05291,background,23.73719616019769,-14.01778194540842,69,7,332.16571044921875,1.3475335853203196,0.8081787109375,0
bg_05292,background,23.37561888277508,-13.618963072581543,8,7,354.69989013671875,0.6297395020875839,0.366710205078125,0
bg_05293,background,32.389053167533596,-5.895352061862366,71,3,1651.763671875,6.252933900403741,3.96486328125,0
bg_05294,background,33.745244808882575,-5.072607073152046,71,3,1228.0609130859375,10.056518374480754,6.2090234375,0
bg_05295,background,25.173532248607746,-14.09029839177623,23,6,171.74290466308594,0.5682690233724454,0.2650750732421875,0
bg_05296,background,33.162225071786985,-8.514575156433093,17,3,32.25386047363281,3.7878585036669388,1.9705442047119142,0
bg_05297,background,23.863242550193853,-13.603301326822995,69,7,301.2442626953125,0.9690598291041641,0.364337158203125,0
bg_05298,background,31.248083642732304,-9.342851620873535,68,9,846.1865844726562,5.719814858689699,2.93650390625,0
bg_05299,background,30.467147563625385,-4.69044593033131,82,3,842.0120849609375,14.68070144556587,7.44191162109375,0
bg_05300,background,32.99188070696844,-7.4695489297858595,13,5,496.597412109375,8.860405034225135,4.964970703125,0
bg_05301,background,23.592771227054687,-15.739287825631992,37,6,66.98331451416016,1.422385824993281,0.7079936218261719,0
bg_05302,background,28.34364695868698,-10.013590903943072,60,7,183.66294860839844,8.135402508189713,4.400775146484375,0
bg_05303,background,29.914138721384205,-5.771730017968072,63,7,550.2048950195312,0.35975654978302163,0.29822021484375,0
bg_05304,background,27.332665006748925,-9.72533643303655,27,7,520.7919921875,1.2070329661496206,0.73703369140625,0
bg_05305,background,33.26626058044409,-3.841826840252693,14,3,850.353515625,0.8702237002800827,0.492294921875,0
bg_05306,background,32.469295540721404,-8.868115656612286,14,3,156.0680694580078,4.2764944840317085,2.7823260498046873,0
bg_05307,background,32.373836017892216,-2.3603417890010143,14,3,1067.0172119140625,15.058400703244216,9.9053173828125,0
bg_05308,background,31.05009341895143,-6.594396845562022,8,3,1187.8463134765625,0.9729152192416721,0.5166064453125,0
bg_05309,background,21.50064010647366,-15.04550195024471,8,7,168.07749938964844,0.4902900692009355,0.2233953857421875,0
bg_05310,background,30.145444418569916,-7.8587103066819015,49,9,1708.89892578125,21.52504522873972,13.866337890625,0
bg_05311,background,31.83297868036501,-6.104796448162992,71,9,1610.894287109375,14.8749524436835,8.3961181640625,0
bg_05312,background,31.53602527120391,-5.5915735875034445,66,9,1437.67822265625,8.66747217378632,4.3609375,0
bg_05313,background,34.92832293916704,-4.731347407426185,69,9,1304.8760986328125,21.809958749376765,14.6352197265625,0
bg_05314,background,34.21100744312508,-6.432408791181933,14,3,59.44336700439453,2.2474090759161536,1.3326200866699218,0
bg_05315,background,21.88012972358672,-16.18991794764439,39,6,109.88728332519531,0.7702087220874796,0.3907135009765625,0
bg_05316,background,34.796940607655685,-3.400238814322644,14,5,517.031005859375,2.6566718043209328,1.3853955078125,0
bg_05317,background,23.607331543063975,-14.32759847361281,69,7,273.9344482421875,1.9318927295949122,1.132205810546875,0
bg_05318,background,22.56892525390914,-13.959267649481943,8,7,279.39532470703125,0.6542062171959956,0.353260498046875,0
bg_05319,background,26.845721766520832,-9.667288508283427,27,7,541.364013671875,1.151853063898504,0.7886181640625,0
bg_05320,background,23.771447483666662,-15.159867131453387,23,6,175.03211975097656,1.1288369156062745,0.5849383544921875,0
bg_05321,background,24.78735831702456,-14.415364238808868,23,6,148.24197387695312,1.0182083044731747,0.629775390625,0
bg_05322,background,33.66560054806117,-4.243193333051654,71,9,1458.1220703125,20.820715225094652,12.3251416015625,0
bg_05323,background,32.77972910861405,-6.5420139591620785,13,3,674.3803100585938,2.1651229046489364,1.1264208984375,0
bg_05324,background,31.658461780149484,-8.437131948114661,14,5,340.8448791503906,0.6116377353807215,0.4246044921875,0
bg_05325,background,31.573772607114698,-6.514134099777566,71,7,2700.023193359375,24.58464025533464,14.47283203125,0
bg_05326,background,33.06192375071463,-8.244698296445566,37,3,180.94395446777344,2.9375869472770844,1.7823675537109376,0
bg_05327,background,30.74165710149817,-9.481368511075104,68,3,667.57958984375,26.312796383668044,16.39681640625,0
bg_05328,background,24.827130978129183,-14.314463792178776,23,6,159.71133422851562,1.2880022317733668,0.569842529296875,0
bg_05329,background,32.706294023105684,-4.407287546915559,14,3,1279.446533203125,1.4448528104677636,0.74794921875,0
bg_05330,background,30.29183523360296,-8.452778162966778,49,9,1252.712158203125,19.498683971867603,11.186103515625,0
bg_05331,background,30.200234023950042,-7.786515728959084,49,7,2038.889404296875,23.50265484432255,14.824970703125,0
bg_05332,background,33.98490694800022,-2.3040037967342126,14,3,1065.606201171875,0.5500702598718658,0.219189453125,0
bg_05333,background,23.8078653667769,-14.334788398922425,24,7,235.3098907470703,1.1040053878961058,0.491925048828125,0
bg_05334,background,22.769182111823184,-15.719497914053196,8,7,174.1571807861328,0.8097098968057522,0.432032470703125,0
bg_05335,background,27.01937218718269,-9.568395487836233,27,7,531.4393310546875,0.8656110651819189,0.42991455078125,0
bg_05336,background,31.527247879216514,-6.874898078723072,61,9,2333.548583984375,13.718362782452138,7.348828125,0
bg_05337,background,29.688616717767125,-9.043278383592916,66,7,1164.7337646484375,5.038406790339072,2.8299755859375,0
bg_05338,background,27.427937996935697,-11.208615053427664,8,7,258.6534729003906,4.445773847987591,2.067415771484375,0
bg_05339,background,27.874137494540882,-11.64424432553563,27,7,301.7793273925781,0.578673719333089,0.271744384765625,0
bg_05340,background,31.075451225588097,-9.397297877382002,69,9,939.7404174804688,19.451704573080697,12.5646435546875,0
bg_05342,background,29.669339779045483,-5.612061004927194,82,7,535.0611572265625,0.46822159069096275,0.27067138671875,0
bg_05343,background,23.305940752869827,-13.704537280484494,8,7,337.50494384765625,0.7253137099075699,0.234271240234375,0
bg_05344,background,28.535520943424434,-11.218181870944655,40,7,89.32891845703125,1.1437493804314545,0.6963308715820312,0
bg_05345,background,32.093715910884875,-3.9877911643290056,13,3,1220.14453125,4.403463981936014,2.6087939453125,0
bg_05346,background,28.782172655750134,-9.382326301025568,8,7,750.5137329101562,6.9213950508879,3.50436767578125,0
bg_05347,background,32.34996905045009,-2.2605178822124596,14,3,1023.1749267578125,0.4563295396221278,0.15807373046875,0
bg_05348,background,25.037743598229778,-12.691808934896065,15,7,359.90631103515625,1.8066526320718812,1.1929150390625,0
bg_05349,background,31.22781555059094,-9.627783532230374,13,3,577.8190307617188,16.454757068837385,9.5684228515625,0
bg_05350,background,22.15405814313869,-13.730459760873366,8,7,262.5887145996094,0.5005038417045323,0.258851318359375,0
bg_05351,background,21.454722311090503,-15.209531935187295,8,7,176.36598205566406,0.5461188362380373,0.19871337890625,0
bg_05352,background,25.413277384549772,-12.101417445999296,60,7,435.441162109375,0.6435861660285318,0.34806640625,0
bg_05353,background,22.047217338003886,-13.890710136828256,8,7,233.29896545410156,0.8122620603326886,0.30055419921875,0
bg_05354,background,35.71837591575858,-5.862421803653272,32,8,55.78230285644531,2.36579634622352,1.3071920776367187,0
bg_05355,background,22.87064155477439,-14.419031077192152,39,7,330.2815856933594,0.40573568061911747,0.262779541015625,0
bg_05357,background,34.10500400303637,-6.341340635722123,14,3,156.78929138183594,5.642927985312192,3.0330999755859374,0
bg_05358,background,34.680278263220885,-2.847483137031744,9,3,419.48822021484375,6.140160906703198,2.676881103515625,0
bg_05359,background,26.08544546577812,-9.832661312962426,8,7,439.6932373046875,0.7836456812324019,0.530523681640625,0
bg_05360,background,31.478779635874965,-4.408456852275132,8,11,817.0140991210938,0.9824910573066146,0.50151611328125,0
bg_05361,background,26.815583255685706,-12.107185181162802,69,7,170.1268768310547,1.8243028217656256,0.921268310546875,0
bg_05363,background,32.34734118531097,-5.455008977540072,71,9,2485.77587890625,17.25679469651072,12.07482421875,0
bg_05364,background,26.69016706311319,-13.413312430596115,45,7,94.02120208740234,0.7838389141868438,0.44186187744140626,0
bg_05365,background,27.205626029894468,-9.08914537432992,27,7,472.4967346191406,0.5394309479298772,0.188963623046875,0
bg_05366,background,25.662093413500592,-14.369963077818717,23,6,105.59810638427734,3.7977250175022004,1.9788772583007812,0
bg_05367,background,21.565692404094683,-16.49297689448339,40,7,37.68589782714844,0.8193129924888518,0.47187469482421873,0
bg_05368,background,32.50687584383954,-9.046053594256,69,3,111.77737426757812,1.4919256347495824,0.9267550659179687,0
bg_05369,background,31.696160792753943,-5.2424003346648425,71,9,1521.5391845703125,14.720743287587522,7.5756396484375,0
bg_05370,background,32.46923966344936,-2.331868491032485,14,3,1037.19873046875,0.4035673755010634,0.1340625,0
bg_05371,background,33.91179868235624,-2.370636311130707,14,3,1076.3319091796875,0.3240530063699091,0.1552685546875,0
bg_05372,background,24.897644570241084,-12.890316200656144,15,7,262.1954040527344,1.7081148838329736,0.833974609375,0
bg_05373,background,25.763723429657947,-12.278771696543473,8,7,305.4320068359375,0.433940400900458,0.301414794921875,0
bg_05375,background,28.45069974410539,-9.090806041768229,24,7,277.95263671875,2.5449666961080815,1.464144287109375,0
bg_05376,background,33.77703911880127,-4.995802493894481,71,3,1052.634521484375,5.154874239745282,3.2487255859375,0
bg_05377,background,26.100678398898523,-9.986199013146678,8,7,441.1494140625,0.6171381761483352,0.43503173828125,0
bg_05378,background,32.451671620098296,-6.172673340707865,66,5,635.8081665039062,3.078402639792212,1.67559326171875,0
bg_05379,background,31.366538001597988,-3.8748778317579795,8,3,852.1549072265625,8.739560992882494,4.93144775390625,0
bg_05380,background,26.008078383805927,-9.007106682880984,8,3,404.1302490234375,0.7729974331762509,0.258934326171875,0
bg_05381,background,30.959020333309123,-5.875096184854675,10,9,1134.43505859375,2.5021237821680944,1.3507373046875,0
bg_05382,background,23.004478845382206,-13.040025772632292,8,3,312.0184020996094,0.6539325514783091,0.4324169921875,0
bg_05383,background,32.599760291550965,-7.8892188706613675,8,11,287.16851806640625,4.080233025037512,2.748936767578125,0
bg_05385,background,29.89482534586302,-7.582682504803741,14,3,741.6956787109375,1.0073487143844684,0.553681640625,0
bg_05386,background,26.389796939082984,-12.974189554785367,23,6,162.6558837890625,1.5648522611744589,0.92125732421875,0
bg_05387,background,32.95483983212837,-1.732203572097024,44,3,1315.1436767578125,2.1524201400446605,1.3260693359375,0
bg_05388,background,32.27624654863534,-1.546554322572007,14,3,1143.948974609375,0.913785700143984,0.4957080078125,0
bg_05389,background,25.680908419977314,-13.984534991209566,23,6,167.6149444580078,0.6820145051235073,0.39632080078125,0
bg_05390,background,27.436678566329174,-11.853584862295273,27,6,275.923583984375,0.6222447059890298,0.254365234375,0
bg_05391,background,33.68352388117894,-3.1959157095442663,18,3,1280.9451904296875,6.775295990400731,3.3664404296875,0
bg_05392,background,34.747301922904555,-4.797377503100456,13,8,1085.0960693359375,9.130865290738049,4.5201904296875,0
bg_05394,background,23.159699700802303,-15.95599330930563,23,6,46.07256317138672,0.828003360309226,0.42652984619140627,0
bg_05395,background,27.96154821257738,-8.711698728172571,27,6,490.3895263671875,0.5097498464337885,0.24935302734375,0
bg_05396,background,23.578855579771645,-14.680865299479342,69,7,363.0968017578125,0.6077569061137578,0.32024658203125,0
bg_05397,background,27.111770391075154,-9.940867009094028,26,7,442.2322692871094,9.351318269722055,5.05703125,0
bg_05398,background,29.473519558662414,-7.86498520982934,14,7,424.73529052734375,0.4232423493151458,0.202686767578125,0
bg_05399,background,22.49515670558906,-13.238014749973296,8,7,307.4294128417969,0.6351711270728266,0.28019287109375,0
bg_05400,background,27.0390748991105,-8.975741147462955,47,7,444.0991516113281,0.5455447628671521,0.297042236328125,0
bg_05401,background,23.324906947125044,-14.015189651149754,8,7,305.479248046875,0.33699303860068713,0.175013427734375,0
bg_05402,background,23.77186869757264,-13.250647681882462,69,7,324.197265625,0.9310526117105432,0.568248291015625,0
bg_05403,background,25.505335079592406,-12.681092513859621,8,7,283.03448486328125,0.6967240435031661,0.295927734375,0
bg_05404,background,33.97476128078677,-6.596140893701169,42,3,138.5625762939453,6.20411569690815,3.348885498046875,0
bg_05407,background,25.795222844259715,-13.278618869231703,23,7,158.0103759765625,0.7309564950783985,0.52601806640625,0
bg_05408,background,33.33171794810146,-6.841696216288734,28,5,505.6878356933594,14.073941977061839,7.8135546875,0
bg_05409,background,34.85498237017293,-5.06838437494298,32,3,568.8440551757812,9.23337337992459,4.715087890625,0
bg_05410,background,27.27417867452277,-13.284715965333913,45,7,15.61706256866455,0.6469042493020801,0.2399129867553711,0
bg_05411,background,29.45857552611488,-9.850586310841015,56,6,688.2471923828125,18.16101859049587,10.73564453125,0
bg_05414,background,24.25502522155365,-13.891200641076372,23,7,286.8670959472656,0.48783849831163295,0.22359130859375,0
bg_05415,background,21.57531449366376,-14.006975196848314,45,7,221.2413787841797,1.4086743655208296,0.9439373779296875,0
bg_05416,background,26.040348627606864,-9.90102579533856,8,7,427.14581298828125,0.748318587186313,0.256961669921875,0
bg_05417,background,29.722421225790555,-8.983532013676468,66,7,997.3629150390625,1.8741868181603218,1.06453369140625,0
bg_05418,background,25.63693292743313,-14.144717804765433,23,6,134.12310791015625,0.48571930831605553,0.1854522705078125,0
bg_05419,background,34.3430272733308,-5.662106426859751,8,8,69.57049560546875,3.800508678172047,2.1616952514648435,0
bg_05420,background,30.819302698348004,-4.712394802107557,28,3,684.81884765625,2.439533904224538,1.38962158203125,0
bg_05421,background,24.345662157049674,-13.667936448366763,23,7,323.11151123046875,1.1498696350560722,0.65327392578125,0
bg_05422,background,22.539041694294628,-15.808636256405734,8,7,174.9551544189453,1.229506450325239,0.69724609375,0
bg_05423,background,22.58290280006776,-15.676851347165249,8,7,223.3442840576172,1.0047255968258282,0.8883380126953125,0
bg_05424,background,33.37008910484393,-3.6236881677689388,57,3,841.5428466796875,2.1979102293620905,0.9769189453125,0
bg_05425,background,21.778536773183987,-15.11819563470764,8,7,182.35958862304688,0.571327827595074,0.2956951904296875,0
bg_05426,background,31.789253832311008,-3.5677066767310674,27,3,1128.8065185546875,1.1896205797011683,0.377109375,0
bg_05427,background,30.41972017350961,-6.684532923973993,38,3,1218.9501953125,13.534487264752041,8.4603125,0
bg_05428,background,35.132687660287694,-5.521708450195676,32,9,193.6934051513672,21.335210843596954,14.48023193359375,0
bg_05429,background,24.578616904123226,-14.894528762527294,23,6,85.0743179321289,1.1393572584274172,0.7935858154296875,0
bg_05430,background,27.63015124387291,-12.728455245173357,40,6,54.246585845947266,0.5849963538276188,0.34612518310546875,0
bg_05431,background,26.092398898572693,-9.927022646913112,8,7,434.62042236328125,0.3117111676537909,0.15603759765625,0
bg_05432,background,30.87784169607013,-6.740553524865439,38,3,1145.85302734375,31.8676128698942,21.89640625,0
bg_05433,background,32.0331594049789,-3.4624220821856353,14,3,974.6195678710938,0.6628641648463826,0.40260498046875,0
bg_05434,background,31.077284139717868,-5.491420706752865,56,9,1602.087158203125,17.687802423065854,9.7873095703125,0
bg_05436,background,31.401182531300925,-6.698622589905954,71,9,3102.989013671875,14.96764486882046,9.4405078125,0
bg_05437,background,31.845671756322467,-5.4546989244751805,71,9,2145.849365234375,8.569674021426952,4.373876953125,0
bg_05438,background,32.60767121945126,-7.460545842470747,32,8,470.639892578125,2.5009230142167476,1.30195068359375,0
bg_05439,background,26.416592216928525,-9.176089494277184,8,7,463.59808349609375,0.6623580434712816,0.31875,0
bg_05440,background,31.91693481896792,-3.5400468329161754,44,3,977.6720581054688,2.4743156744679853,1.52614013671875,0
bg_05442,background,30.58247275401357,-4.405967163167805,82,8,648.6551513671875,13.305917039646506,8.42681640625,0
bg_05443,background,34.309553291440686,-6.060649533050745,24,2,18.502700805664062,0.7621932844437739,0.6097969818115234,0
bg_05444,background,28.83111358681444,-10.595035286121677,10,7,219.34744262695312,6.914076247180883,3.8782806396484375,0
bg_05445,background,27.69544895113272,-10.962152730028011,24,7,426.38079833984375,29.666782640155454,19.3222265625,0
bg_05446,background,23.382128819529125,-13.230287794563004,8,7,329.0692138671875,0.6535388757009006,0.37259765625,0
bg_05448,background,22.322779597896588,-13.292007754372102,8,7,294.73614501953125,0.5810649110769809,0.183671875,0
bg_05449,background,31.177007983691745,-8.023549203658987,10,7,1353.89208984375,18.550347594227276,11.0116796875,0
bg_05450,background,23.395627921535866,-15.809840543440211,23,6,79.85501861572266,0.4805305001275299,0.2081732177734375,0
bg_05451,background,33.226758570314495,-4.121967324044441,8,3,1491.7659912109375,22.92448927009638,12.8784130859375,0
bg_05452,background,28.59774661970281,-9.157057607816979,28,7,235.89129638671875,0.9022352636592623,0.4983111572265625,0
bg_05453,background,23.071969946899017,-13.581660955949218,8,7,316.47576904296875,0.686182786448401,0.308568115234375,0
bg_05454,background,22.07270446495471,-14.503192067963122,8,7,257.1697082519531,0.6052463987263883,0.465086669921875,0
bg_05455,background,24.15919311337595,-15.211084507199628,40,6,58.870445251464844,0.8199773287119838,0.3562821960449219,0
bg_05456,background,29.484923453007756,-7.828740958340073,14,7,424.696044921875,0.44423989448311313,0.2394482421875,0
bg_05457,background,26.367494649006932,-12.31123981821437,8,6,291.3350830078125,0.6510862915392172,0.36727294921875,0
bg_05458,background,27.06644413456048,-11.614004827664585,24,7,228.75880432128906,0.4590750431855845,0.2536798095703125,0
bg_05459,background,30.959952588924548,-5.404637209511541,11,3,1044.8807373046875,1.586665074927631,0.83111328125,0
bg_05460,background,33.64954144891151,-5.264398180087411,8,3,1251.3975830078125,2.675229217110247,1.6000732421875,0
bg_05461,background,26.506188106696662,-9.935188489416502,61,7,421.6396789550781,1.1776951646847882,0.422662353515625,0
bg_05462,background,33.44555703581413,-7.123716455008117,14,5,304.510498046875,2.8783809221678176,1.562802734375,0
bg_05463,background,34.69470949761851,-3.0408614745915763,9,10,389.3857116699219,16.53663472975153,8.835728759765624,0
bg_05464,background,26.962297317219907,-12.676059262967195,8,7,82.68305969238281,1.0236364691760544,0.5301190185546875,0
bg_05465,background,34.21399959310087,-4.839621423209634,64,10,255.29136657714844,12.54407862881615,7.177913208007812,0
bg_05466,background,25.84410790311584,-12.355066461772164,8,7,302.8649597167969,0.3062697779074819,0.1656298828125,0
bg_05467,background,31.94173571473615,-5.354620430159944,71,9,2309.522705078125,10.66323851888017,5.59185546875,0
bg_05468,background,31.369825426360503,-7.991876773784338,8,3,883.9248046875,2.8603821300063292,1.7860791015625,0
bg_05469,background,29.96377889651779,-6.408683498327836,14,7,465.4830627441406,1.291971419713519,1.427174072265625,0
bg_05470,background,29.27273052395814,-9.683421422658714,56,9,1154.386474609375,11.2575127302212,6.2933056640625,0
bg_05471,background,31.071579263504226,-8.826548543469322,10,9,1761.4896240234375,26.323639195130546,16.083447265625,0
bg_05472,background,31.27189229722011,-6.808571827705106,33,9,2033.768798828125,34.89977467840658,24.551416015625,0
bg_05473,background,30.88692539444057,-6.87677725015559,59,3,1139.231689453125,2.74601559854614,1.342109375,0
bg_05474,background,21.968234987935343,-16.04140374300721,39,6,135.88229370117188,0.7160668508780106,0.38197998046875,0
bg_05475,background,26.519918666818665,-9.2628817930731,8,7,471.3500061035156,0.8225105292196935,0.44156005859375,0
bg_05476,background,22.42920112707496,-13.425370031981101,8,7,283.59613037109375,0.6144306259952083,0.5935009765625,0
bg_05477,background,27.048685334827017,-12.825516646906278,27,6,139.4794464111328,0.6788778992541257,0.2660516357421875,0
bg_05479,background,33.85895395670054,-6.4154404327452825,30,10,286.6751708984375,14.432417900235661,8.361173095703125,0
bg_05480,background,22.363354205977632,-15.88054869525998,8,7,181.9173126220703,1.0307817929079781,0.566041259765625,0
bg_05481,background,22.435521044887313,-14.832387284630085,39,7,251.4796142578125,0.8187137537345334,0.6896630859375,0
bg_05482,background,24.69076142769864,-13.732762344972098,23,7,279.86029052734375,1.8507794184638258,0.9152685546875,0
bg_05483,background,28.665362061156408,-9.0390199423944,14,7,301.6749267578125,0.5582454521964361,0.386903076171875,0
bg_05484,background,31.89882859891252,-5.166974571395426,71,9,2064.4892578125,27.043166978468218,17.1065234375,0
bg_05485,background,23.21452257876521,-14.737250846637451,29,7,218.60244750976562,1.7425069264498823,1.0067144775390624,0
bg_05486,background,31.225026049183022,-9.056052441182599,32,3,1004.3074951171875,1.5182038189408418,0.700478515625,0
bg_05487,background,24.906662767796945,-12.751506601506748,8,7,279.4407043457031,0.965927454381934,0.533936767578125,0
bg_05488,background,25.544633959388413,-12.730936870972911,8,7,266.3243103027344,0.43759628475304274,0.2178369140625,0
bg_05489,background,33.61969595954503,-3.937591638064103,18,9,1791.2965087890625,44.09079180366498,36.5380712890625,0
bg_05490,background,32.986406773290724,-3.669441008623431,14,3,1076.62744140625,0.9274890630962654,0.5028076171875,0
bg_05491,background,28.800694585663845,-9.141161603860919,14,9,443.960693359375,1.3681482717767806,0.7931201171875,0
bg_05492,background,29.555493427812674,-6.733324328560462,82,7,439.7895812988281,0.5631190861021647,0.3911572265625,0
bg_05493,background,25.614865372095238,-12.794954730366324,8,7,267.899169921875,0.562265957448883,0.296119384765625,0
bg_05494,background,27.07195164925301,-11.709476148264365,24,7,262.76068115234375,1.0205135155128215,0.461328125,0
bg_05495,background,33.382239015721844,-7.733297169817286,45,3,166.47186279296875,2.440674061321605,1.344866943359375,0
bg_05496,background,31.1260321046894,-8.381890578062768,8,7,1946.09375,20.631515891227114,11.871728515625,0
bg_05497,background,31.838869063845625,-7.467773116710507,24,5,591.0961303710938,0.8075209717400258,0.39422119140625,0
bg_05498,background,32.6165879034514,-8.104178238212114,69,8,314.902587890625,9.147166225829842,5.976849365234375,0
bg_05499,background,31.84287246052783,-8.318336850473104,56,5,581.5238037109375,15.511683009730051,8.48154052734375,0
bg_05500,background,22.83969978451832,-15.407726592129146,29,7,235.3434600830078,1.0684004197362658,0.482193603515625,0
bg_05501,background,31.83503316686209,-3.116597977202202,14,3,825.888916015625,1.1284678261065997,0.650927734375,0
bg_05502,background,33.40753793382086,-2.7318465746518887,8,3,1217.119873046875,0.9515554165735554,0.3664111328125,0
bg_05503,background,30.424411903938452,-4.678473588454178,82,3,813.24951171875,3.45557710760249,2.0902880859375,0
bg_05504,background,26.144598272586016,-14.321703292455494,37,6,81.83002471923828,0.3816466659815131,0.155142822265625,0
bg_05507,background,28.053792312231273,-10.815578467543082,14,7,246.1752471923828,1.280925422804643,0.81089111328125,0
bg_05508,background,34.19885361579531,-6.599231989495878,17,3,57.92826461791992,2.8553395263199333,1.0044673156738282,0
bg_05509,background,35.30278101777502,-3.037105635874121,14,3,222.82733154296875,8.411813653299983,4.2846826171875,0
bg_05510,background,23.96695912768261,-14.464918538752688,23,7,234.14471435546875,1.3600464974815782,0.7143310546875,0
bg_05511,background,32.704982605057054,-4.25578862328476,59,3,1276.2275390625,6.99678977754288,3.5069140625,0
bg_05512,background,27.01109521144907,-9.793535722291566,27,7,539.553466796875,0.9648146769256687,0.50099365234375,0
bg_05513,background,30.941615149364193,-8.499608849495381,8,9,3173.034423828125,37.080122345707224,25.940654296875,0
bg_05515,background,31.858031885999228,-3.9164881383197567,44,3,1080.3431396484375,4.822379668479367,2.430888671875,0
bg_05516,background,25.549966076528484,-12.813288163558502,8,7,249.28465270996094,0.44050838963103434,0.1407293701171875,0
bg_05517,background,30.346316854067354,-6.560515918622929,49,3,1395.0811767578125,26.48653627656801,16.3922314453125,0
bg_05518,background,27.402913354462875,-10.610779097557494,24,7,466.19781494140625,2.615578651539294,1.43867431640625,0
bg_05519,background,30.799883698149507,-5.305760079614281,14,3,788.3425903320312,1.1920058487903666,0.65768310546875,0
bg_05520,background,33.471708126209464,-4.067439251197926,18,9,2483.409912109375,13.101443967963386,8.370625,0
bg_05521,background,22.2444047339104,-14.066454477157102,8,7,239.635986328125,0.6704807556756505,0.228974609375,0
bg_05522,background,32.847635574679835,-8.275728620799752,45,3,167.85780334472656,1.1547402973213716,0.56733154296875,0
bg_05523,background,31.82020771513039,-6.40470877577324,71,9,2012.7149658203125,17.062087371740272,9.4873291015625,0
bg_05524,background,31.361139871005125,-9.783441841723963,17,3,21.857532501220703,1.1332543844659948,0.542291030883789,0
bg_05525,background,23.92490954804588,-14.460935085486652,24,7,213.9989776611328,0.5621388762407247,0.32656494140625,0
bg_05526,background,32.19811417733304,-2.6049694663884435,8,3,951.8443603515625,1.6950601117909947,0.93543212890625,0
bg_05527,background,32.8321224206872,-6.643849366813325,32,3,815.850830078125,5.33724495500508,2.38372314453125,0
bg_05528,background,27.49893935815321,-10.102972456340584,27,7,555.7914428710938,0.6497618237434007,0.44363525390625,0
bg_05529,background,27.923864041955945,-9.249580376216722,27,6,522.1044921875,0.5614053246943492,0.1908642578125,0
bg_05530,background,22.330395120094163,-15.196326374126011,29,7,231.83609008789062,1.37345504559256,0.897747802734375,0
bg_05531,background,33.13703088025124,-7.714088783585875,14,5,233.61412048339844,0.5613489352297917,0.228314208984375,0
bg_05532,background,32.847340815016175,-8.288369716964098,45,3,167.76055908203125,0.7736297005740557,0.4870654296875,0
bg_05533,background,23.718596019287155,-13.407108626647847,69,7,334.815185546875,2.4613085726629143,1.359373779296875,0
bg_05534,background,21.853002942314877,-13.95266106991765,8,7,246.71958923339844,0.887857141240299,0.5383477783203126,0
bg_05535,background,28.391335379010545,-9.281141200347957,24,7,236.30149841308594,6.961675019153247,3.48165771484375,0
bg_05536,background,24.450401205344345,-13.538088785137495,23,7,331.4043884277344,0.6805742222438959,0.342008056640625,0
bg_05537,background,21.794499465978227,-14.29682450490999,8,7,189.93270874023438,0.503654457463973,0.16804931640625,0
bg_05538,background,26.33966596686174,-9.561832353695001,8,7,471.61224365234375,0.4968392611279038,0.243145751953125,0
bg_05539,background,31.858951272619887,-8.531548066336835,10,8,338.3621520996094,2.5997826753201903,1.423785400390625,0
bg_05540,background,21.71481421497463,-15.934722466056693,39,7,110.4506607055664,2.0705933053459598,1.2830758666992188,0
bg_05542,background,27.502630878064036,-11.61929219832924,27,6,291.2940673828125,1.0729381944194922,0.381611328125,0
bg_05543,background,27.44550907702887,-8.895993490412033,27,6,468.08441162109375,0.3317609874040363,0.145858154296875,0
bg_05544,background,26.850324248602085,-11.05418848966226,15,7,233.45040893554688,1.0596661685924822,0.666343994140625,0
bg_05545,background,30.743315478392606,-9.432002891652612,68,8,1356.173095703125,25.088196461144225,16.4818212890625,0
bg_05546,background,24.79649101495959,-13.590967138997756,8,7,252.2860107421875,0.5531652837401783,0.33229248046875,0
bg_05547,background,33.048090132235686,-6.3680451766193755,56,3,844.0000610351562,7.1049710544674305,3.66109130859375,0
bg_05548,background,34.47264119745012,-2.1705228161499712,71,3,1104.8590087890625,13.1322006247559,7.0931005859375,0
bg_05549,background,28.137895370916134,-11.890566354330351,40,7,45.60724639892578,0.6494919101650377,0.37339035034179685,0
bg_05550,background,30.499425378826928,-4.739463589183584,82,3,921.0862426757812,10.344143664595872,7.04526123046875,0
bg_05551,background,31.88086122767825,-3.2905823744579825,44,3,940.229736328125,13.518459409141581,9.428642578125,0
bg_05552,background,28.850963386759187,-9.845360104727375,14,7,343.7885437011719,0.9211477088810637,0.475753173828125,0
bg_05553,background,29.945917741442074,-5.833073025755147,63,7,591.2699584960938,0.5636841189300698,0.31328125,0
bg_05555,background,28.24287475878932,-9.864214916408548,24,7,308.4227294921875,0.7686755026124219,0.45814453125,0
bg_05557,background,24.99513664656483,-13.177351313493713,8,7,200.06814575195312,0.5974744904231274,0.2472137451171875,0
bg_05558,background,22.49281566403661,-15.26958767009307,29,7,216.80197143554688,0.8564422661756517,0.3441961669921875,0
bg_05559,background,22.82670058652149,-15.668633831859985,8,7,160.02676391601562,1.175591241348434,0.5146551513671875,0
bg_05560,background,31.711228082786253,-8.001798422995792,56,5,409.4010314941406,2.2112993060307318,1.2525830078125,0
bg_05561,background,32.652318364548556,-6.464653802471881,14,8,535.7669677734375,3.2378214938887866,2.0035986328125,0
bg_05562,background,34.52479332075808,-3.767554934704548,64,9,948.8250122070312,10.365369214369833,5.29064697265625,0
bg_05563,background,29.839472645767252,-5.783653107299707,82,7,539.042724609375,1.5593157280826484,1.61626953125,0
bg_05564,background,23.493926731665997,-14.684127849720603,69,7,329.93609619140625,4.3418986435165525,2.541805419921875,0
bg_05565,background,30.15285758183222,-9.209279438713757,56,6,267.0545349121094,6.597049304398224,3.1065185546875,0
bg_05566,background,21.778052648394763,-14.23898248324095,8,7,208.07688903808594,0.9968430298831267,0.5360003662109375,0
bg_05567,background,31.799915261828453,-6.267004307118347,71,9,2362.638671875,26.677388035913594,16.0848828125,0
bg_05568,background,29.01570063251485,-10.265787386498811,56,6,199.66847229003906,9.796518813450561,6.070879516601562,0
bg_05569,background,29.343262223299917,-10.076266360942437,8,9,275.6820068359375,5.760981275617161,3.439241943359375,0
bg_05570,background,26.225583529495214,-13.8101652232405,23,6,105.50308227539062,0.4682966692923687,0.2169287109375,0
bg_05571,background,23.65618910036242,-12.265789409378929,8,7,294.9404602050781,0.5017622220732494,0.393333740234375,0
bg_05572,background,29.95320056731362,-8.34341232788925,49,7,1753.8743896484375,28.739895679971198,18.4183447265625,0
bg_05573,background,21.708516989520376,-13.636075280087624,45,6,229.62245178222656,1.7498116261035368,1.214534912109375,0
bg_05575,background,25.040747267286914,-13.285908060895299,8,7,193.12098693847656,0.2559973230784331,0.1529461669921875,0
bg_05576,background,33.71111382909702,-6.196601840843324,48,10,462.46533203125,8.186500064911824,5.675567626953125,0
bg_05577,background,30.804993167515487,-8.816404919340716,56,9,2840.317626953125,39.577702558573684,26.83919921875,0
bg_05578,background,27.005328360218417,-8.677834707725408,27,3,454.9606018066406,0.8065252923108294,0.45677001953125,0
bg_05579,background,24.196297140835558,-14.244065371037417,23,7,263.6434326171875,0.5325421737172482,0.255535888671875,0
bg_05580,background,24.352977831543637,-12.62798045008122,8,7,222.2797088623047,1.4386202690053835,0.840889892578125,0
bg_05581,background,25.168232808415514,-13.436474722438223,8,7,186.39031982421875,0.8007141434030564,0.484539794921875,0
bg_05582,background,24.674596466109243,-14.091185636818198,23,6,224.3852996826172,0.3808034451731153,0.1635760498046875,0
bg_05585,background,33.23901104864334,-7.958191182310547,17,3,196.8602752685547,1.6592734171390877,0.9345050048828125,0
bg_05587,background,34.74755240828187,-5.947683495541329,64,3,75.88883209228516,4.5688958498308,2.597159729003906,0
bg_05588,background,24.62069044025617,-14.77101802559965,63,6,127.10759735107422,1.5297715160143834,0.5890298461914063,0
bg_05589,background,29.467157383066436,-8.583600591765311,66,3,853.4637451171875,2.929303403533732,1.66679443359375,0
bg_05590,background,21.47784228566155,-13.190029973750201,45,7,234.10009765625,3.1395396973956737,1.7285955810546876,0
bg_05591,background,22.30102907099586,-15.40878284967686,29,7,212.5778350830078,2.6842358654807734,1.2597247314453126,0
bg_05592,background,33.7644569009592,-4.599707178324589,71,3,724.7584838867188,14.267759757232733,7.75963134765625,0
bg_05593,background,28.455845730508198,-10.13977793474918,10,9,567.446044921875,20.032804514096203,12.205146484375,0
bg_05594,background,22.37785762850809,-14.112408096266352,8,7,249.4033966064453,0.3704375684816327,0.1243585205078125,0
bg_05595,background,31.385025482270787,-6.051511338133261,66,9,1684.8956298828125,18.856959522150827,9.733056640625,0
bg_05596,background,24.846897706799357,-13.479058597209294,23,7,231.29074096679688,0.5661338127766183,0.2576800537109375,0
bg_05597,background,24.258149438851827,-12.620805671986917,8,7,214.52618408203125,0.9230620377343925,0.75634033203125,0
bg_05598,background,24.88343441987498,-12.273229152886204,8,7,309.16412353515625,0.7529677669231651,0.375301513671875,0
bg_05599,background,33.385339049167385,-3.9796810974484593,14,3,1478.1260986328125,7.330499329121219,4.4197900390625,0
bg_05600,background,29.678559819702233,-7.113570375761858,28,7,435.2642517089844,2.1177084230372025,1.106904296875,0
bg_05601,background,32.81057442721063,-8.021618802368112,10,8,205.0171661376953,7.001753499040187,4.1235302734375,0
bg_05602,background,22.927854907259235,-14.230544945110628,8,7,299.0283508300781,0.5037433740625233,0.26517578125,0
bg_05603,background,23.679999774036787,-13.047950405539464,8,7,296.1335754394531,0.5451273623995357,0.163828125,0
bg_05604,background,25.268723825537442,-13.211497888842814,8,7,203.12728881835938,0.512731094501573,0.2694195556640625,0
bg_05605,background,34.166879354275366,-2.323195051750479,14,3,953.2330322265625,5.3153453227261735,3.52665283203125,0
bg_05606,background,24.53939238613361,-14.855815319606707,23,7,75.30521392822266,0.5353440881092006,0.4699981689453125,0
bg_05607,background,31.268587545135833,-7.069435983966088,71,9,2351.954345703125,15.83809377449922,9.536474609375,0
bg_05608,background,22.382442976434284,-13.342186817065643,8,7,309.2609558105469,0.7606876958660528,0.41122314453125,0
bg_05609,background,27.81802481915608,-9.54446002150711,27,6,526.1852416992188,0.6679352217988043,0.57149169921875,0
bg_05610,background,24.19317785232523,-14.80997876959113,45,7,168.0209503173828,0.5985274372948888,0.2798748779296875,0
bg_05611,background,28.13170728797578,-11.192765804843836,10,7,213.01339721679688,5.701004542565915,3.7933001708984375,0
bg_05612,background,34.57762171885604,-3.0569648619739884,14,10,250.9379119873047,0.9334134147770664,0.453419189453125,0
bg_05613,background,22.38128115277563,-14.203408383591585,8,7,271.7906494140625,0.624013239216311,0.312677001953125,0
bg_05614,background,30.80915823315657,-7.1103670331397915,38,3,1632.3160400390625,6.868899184751717,3.8174609375,0
bg_05615,background,21.465920390951013,-14.457791170840714,8,7,176.84181213378906,0.3670930055015762,0.22943359375,0
bg_05616,background,24.893133334295946,-14.55344677415876,23,6,131.0771484375,0.8863498931964291,0.27068603515625,0
bg_05617,background,31.545477436733904,-5.977909635692408,71,9,2271.994140625,26.672433579536637,17.81412109375,0
bg_05618,background,32.46842989218887,-6.714291689604727,14,5,421.140625,0.8438089426362481,0.245469970703125,0
bg_05619,background,32.175428583868765,-9.057548647124374,40,3,142.45655822753906,1.0046487071163481,0.5315118408203126,0
bg_05620,background,34.929567587098425,-2.5291227854864116,24,3,63.57115173339844,1.7047461171935576,1.0234927368164062,0
bg_05622,background,33.8289045681157,-6.133735488479889,14,10,421.4081726074219,1.1782310192727259,0.669937744140625,0
bg_05623,background,31.067341178646213,-8.590755772845366,10,9,2702.483642578125,8.590601445755839,4.062841796875,0
bg_05624,background,31.086520756468552,-7.115650135147775,8,3,1556.7015380859375,16.856034323245954,8.064189453125,0
bg_05625,background,30.916310387046405,-3.7216202081040164,82,3,756.5744018554688,2.046435711295272,0.9556640625,0
bg_05626,background,30.954045071174253,-4.203773110050761,8,3,743.419921875,1.4615055106905417,0.73619140625,0
bg_05627,background,21.69173315838428,-13.578396898045629,45,6,234.86038208007812,2.6545270125025153,1.2746514892578125,0
bg_05628,background,30.285418752909656,-8.280454496585538,49,9,1148.3466796875,1.6116472522246927,0.8281103515625,0
bg_05629,background,29.905397725760825,-8.109274949321671,49,9,947.1513671875,9.77607657112213,5.7012255859375,0
bg_05630,background,30.413462592138156,-7.176729551764214,49,7,1526.4200439453125,24.244426517033947,14.4571533203125,0
bg_05631,background,22.725896724683945,-13.404544794295997,8,7,335.34478759765625,0.8994942257713902,0.338148193359375,0
bg_05633,background,30.810585123659873,-5.429349465310969,14,3,863.4298706054688,1.5055465614604344,0.8740380859375,0
bg_05635,background,23.77171064364032,-15.033282414911072,23,7,211.58712768554688,0.7387405736443388,0.272080078125,0
bg_05636,background,31.70109858690807,-4.206240191513573,13,11,1062.53076171875,10.602660818723226,5.11025390625,0
bg_05637,background,31.001425751527762,-4.859639979113968,28,3,713.5697631835938,1.629992718966733,0.82011474609375,0
bg_05638,background,32.064917493881545,-7.936926099486464,24,5,426.8241882324219,1.074873522938202,0.701312255859375,0
bg_05639,background,24.99302409765142,-12.560381868644043,15,7,313.39111328125,0.8719689674749584,0.472132568359375,0
bg_05640,background,33.543739060297774,-2.6129280948939697,43,3,1150.6546630859375,0.33729198630949986,0.1536279296875,0
bg_05641,background,22.19283924255664,-13.9147764776347,8,7,238.6392822265625,0.7547641082476154,0.398751220703125,0
bg_05642,background,34.670644299845236,-2.4085643971601516,18,3,629.951904296875,1.911565649914134,0.97404541015625,0
bg_05643,background,31.865981620015205,-7.093144705862376,43,3,652.29638671875,5.90619253115456,3.16826416015625,0
bg_05644,background,31.808181648246013,-4.242303474436659,13,11,1008.2850341796875,1.110731914694096,0.53170166015625,0
bg_05645,background,26.872776535740655,-11.245297095979202,8,7,193.1256561279297,1.147948827474756,0.43251953125,0
bg_05646,background,22.32121129473649,-15.05933060868,29,7,225.9698944091797,0.6536151088079845,0.2299273681640625,0
bg_05647,background,34.09782544279219,-5.302181948203226,48,9,369.18133544921875,11.497501358970283,6.9947119140625,0
bg_05648,background,35.21687497120248,-5.95068394217719,24,1,20.092397689819336,2.308879695973744,1.28018310546875,0
bg_05649,background,29.326398953643345,-9.673766896730042,49,9,1172.80712890625,21.078256264152735,10.9929638671875,0
bg_05651,background,24.545854758984056,-12.758430948586152,8,7,237.7418975830078,0.7438285854924486,0.3579766845703125,0
bg_05652,background,23.883620147729893,-13.466941350301612,69,7,315.0080871582031,3.786841092903586,2.14774658203125,0
bg_05653,background,33.520891579265665,-5.79981841344852,56,9,1048.6866455078125,14.190472348678579,8.5514892578125,0
bg_05654,background,30.92731263938531,-5.0085996224424605,8,3,767.4786987304688,0.931506769953525,0.38362548828125,0
bg_05655,background,21.376556994480723,-14.898490642404377,8,7,162.46470642089844,0.4382813698369228,0.3796624755859375,0
bg_05656,background,26.00373297852358,-12.860799501368945,8,6,257.9006652832031,0.5220676937831498,0.264937744140625,0
bg_05657,background,25.54987031616967,-14.710936736497283,82,6,0.0,0.0,0.0,0
bg_05658,background,29.95425244151336,-7.2167334640895815,8,7,766.2191162109375,7.149750639053791,4.155859375,0
bg_05659,background,33.05873943117818,-4.428659913904789,71,7,1479.9874267578125,7.099371612715743,4.60619140625,0
bg_05660,background,32.2299022342668,-5.492609699104272,71,9,2344.651123046875,11.616860090672844,6.871962890625,0
bg_05661,background,22.12618036494727,-15.820935763079397,29,6,165.53024291992188,0.5829251634280926,0.177811279296875,0
bg_05662,background,22.622679930984983,-15.70384502125234,8,7,198.81350708007812,0.796212375049699,0.4300408935546875,0
bg_05663,background,24.246151877035864,-12.64298891062774,8,7,217.69589233398438,0.9294197182351631,0.4006781005859375,0
bg_05664,background,33.29524088894572,-6.129267312979819,30,3,852.493408203125,18.527808088816826,11.91822509765625,0
bg_05665,background,30.853072631821384,-8.62027542586974,47,9,1880.4100341796875,14.503322207718481,7.756474609375,0
bg_05666,background,26.15020925500693,-11.447597377174837,60,7,366.126953125,1.965853366491318,1.1889892578125,0
bg_05667,background,32.08023931399625,-8.213262331141683,8,5,480.2744445800781,0.5938127211711787,0.29078857421875,0
bg_05668,background,22.096272296873092,-13.657704564381769,8,7,269.59100341796875,0.5401862973513101,0.559520263671875,0
bg_05669,background,33.33750217560206,-2.4668348282658497,43,3,1193.528564453125,0.4696545060385349,0.18736328125,0
bg_05670,background,27.409143845055553,-10.217655496362244,27,7,562.499267578125,0.6395074461712417,0.30750732421875,0
bg_05671,background,29.776029201397527,-5.551211310183958,82,7,562.5213623046875,1.0124299164055495,0.45022216796875,0
bg_05672,background,22.921941194532156,-13.46639031980797,8,7,346.9885559082031,0.478624753779107,0.183699951171875,0
bg_05673,background,32.318600056683984,-2.2867816434050257,14,3,1014.0496215820312,0.5728050237748378,0.3854345703125,0
bg_05674,background,31.77355218924135,-7.541234754622887,24,5,577.04443359375,0.49856392032227204,0.3318310546875,0
bg_05675,background,27.272811727796775,-11.329964596933124,8,7,164.11419677734375,0.6988831568033463,0.2275341796875,0
bg_05676,background,34.38489060882413,-3.0235639724971244,14,10,393.92681884765625,2.5622278759238037,1.4219091796875,0
bg_05677,background,33.66977564805718,-4.8558822239521335,24,3,1395.898193359375,4.709630146805199,2.84560546875,0
bg_05678,background,30.687856120557438,-6.540223671289437,8,9,1187.768310546875,18.312947507337377,10.8811474609375,0
bg_05679,background,26.407196035387205,-11.995361230552621,8,7,356.7997131347656,0.9199247320795989,0.451527099609375,0
bg_05680,background,28.927989614095285,-8.807160368699373,24,7,375.6160583496094,0.6718568025060323,0.294063720703125,0
bg_05681,background,29.049122029807187,-10.486021911847905,82,9,11.211897850036621,6.866354954416482,3.6621794509887695,0
bg_05682,background,25.66926419101551,-12.260175508792758,8,7,327.4818115234375,0.5548806988582603,0.330540771484375,0
bg_05683,background,31.42334961178897,-7.420830056437345,71,9,1522.1217041015625,32.716513355919986,20.3265673828125,0
bg_05684,background,30.778150532141353,-9.347009850512034,68,9,1522.8001708984375,24.488980204232867,16.1006298828125,0
bg_05686,background,30.701497160704186,-9.405423649548663,68,8,1423.5147705078125,15.00268254774249,9.134140625,0
bg_05687,background,28.15335842631214,-9.391292357919724,67,7,378.60302734375,3.5323762595172057,1.116080322265625,0
bg_05688,background,31.82428143738372,-5.5171893053209775,71,9,2272.851318359375,21.028091923804823,11.799287109375,0
bg_05689,background,30.511699688319734,-7.018490982137201,38,3,1161.7181396484375,0.6057141254668099,0.355068359375,0
bg_05690,background,28.103222192438796,-10.42201044172624,24,7,500.119873046875,1.893483907837795,0.988419189453125,0
bg_05691,background,32.69854561192131,-4.887120800318281,48,6,1520.6500244140625,0.5247511392948111,0.2915478515625,0
bg_05692,background,26.239013325265017,-9.086577541727703,8,7,437.95111083984375,0.5375643142573125,0.16552978515625,0
bg_05693,background,25.589446666115514,-14.069988877196128,23,6,147.67811584472656,0.5258909594141598,0.23207763671875,0
bg_05694,background,32.49534902816019,-5.996713308948281,18,9,1703.0257568359375,9.212082377501842,5.8690087890625,0
bg_05695,background,27.477380320860693,-8.89719112689469,27,6,467.8343200683594,0.6839933623372014,0.323465576171875,0
bg_05696,background,30.20464099874425,-7.553304822254223,49,9,1404.1536865234375,35.06981947222402,22.0014013671875,0
bg_05697,background,30.05704288458972,-8.849574569379875,49,9,1189.7584228515625,10.83550318892891,4.9855712890625,0
bg_05698,background,32.441265275423206,-1.3630094985357393,35,3,1197.0859375,2.5766806071651787,1.3085546875,0
bg_05699,background,25.652351695654296,-14.627171762087796,37,6,77.0030746459961,0.41989892955203284,0.1533331298828125,0
bg_05700,background,32.61454999806391,-2.604405117531577,14,3,1368.0093994140625,1.4707031877811516,0.7690380859375,0
bg_05701,background,32.16394281588202,-1.3756271482110851,14,3,948.1573486328125,1.074843991208226,0.66679443359375,0
bg_05702,background,21.759395742207058,-13.370177367370534,45,6,252.770751953125,1.7670205879438678,0.6564117431640625,0
bg_05703,background,22.52962917716111,-15.796251957933855,8,7,176.35975646972656,0.6930419480397549,0.3847747802734375,0
bg_05704,background,27.658176903106277,-12.958137729064966,40,7,34.24974822998047,0.7562159174080483,0.496859130859375,0
bg_05705,background,31.029967589221158,-8.787770802930908,8,9,1922.2796630859375,22.532996505823437,12.4173095703125,0
bg_05707,background,23.30334606871995,-15.307103319005655,23,7,207.65066528320312,0.6150061705369485,0.40040283203125,0
bg_05708,background,29.998939086165322,-5.906824550859721,8,8,724.3140869140625,8.094946952394524,4.6477490234375,0
bg_05709,background,31.649217067094487,-4.369133535199172,13,11,988.4210205078125,17.374559663414736,10.488662109375,0
bg_05711,background,29.393884358475688,-8.532350659086138,33,3,677.3106689453125,25.211249144653006,15.64038330078125,0
bg_05712,background,32.911755506898686,-4.822602051423643,14,6,1420.1826171875,1.6184001827426233,0.9540478515625,0
bg_05713,background,25.43505685582478,-12.617233048771084,8,7,299.39825439453125,0.48572936166778224,0.213558349609375,0
bg_05714,background,28.15738359682573,-10.400913957035039,24,7,525.8428344726562,2.2759768607477953,1.248447265625,0
bg_05715,background,23.12411405871799,-14.419931797564365,39,7,261.2377014160156,0.5638982437095555,0.318477783203125,0
bg_05716,background,31.872006441575504,-6.5804064986614,71,9,1596.8699951171875,1.5492498140968727,0.5954052734375,0
bg_05717,background,21.49475105252058,-16.777633858725615,62,7,15.871423721313477,2.4532440357684866,1.0591516876220703,0
bg_05718,background,21.528399467340606,-16.860429096282832,62,7,7.959828853607178,0.49904237377121885,0.23272087097167968,0
bg_05719,background,21.318665805184263,-16.644670609392822,82,7,12.235055923461914,3.9401350202554135,2.242016487121582,0
bg_05720,background,28.277839337758937,-8.819267358879129,27,6,549.467041015625,1.324706415281209,0.57755615234375,0
bg_05721,background,25.337202081272427,-12.819991199348376,8,7,258.52197265625,1.3346398749031587,0.66960205078125,0
bg_05722,background,22.20450083748932,-15.88602864324011,39,6,171.14817810058594,0.7439448683624568,0.41987548828125,0
bg_05723,background,29.86140961626021,-5.40457977843275,82,7,589.9547119140625,0.7148759168638205,0.3739892578125,0
bg_05724,background,33.807454409453555,-3.6019828027083047,18,3,1221.236083984375,21.66837493854463,13.980859375,0
bg_05725,background,34.565367232699955,-3.611997351371337,8,8,1145.088623046875,7.064838495153606,3.409833984375,0
bg_05727,background,31.775678109135605,-7.416322081867256,24,3,642.8609008789062,0.4899537629802026,0.17572998046875,0
bg_05728,background,21.916169413191337,-16.781863722206083,62,7,14.006038665771484,1.711460066035272,0.9039745712280274,0
bg_05729,background,25.427680091741742,-12.733565509985741,8,7,271.21466064453125,0.6530780877812435,0.258607177734375,0
bg_05730,background,32.41962988771012,-4.6244513145554285,71,7,1680.448974609375,7.16847236795663,4.58150390625,0
bg_05731,background,33.2939521583041,-4.476896384443053,71,7,1683.5496826171875,6.772545657189935,3.0448046875,0
bg_05732,background,35.08851512224685,-4.76902769178982,69,8,1257.865234375,20.90206432002817,13.6409814453125,0
bg_05733,background,31.510949730211653,-8.357347358216625,43,5,473.4292907714844,1.8580786114745573,1.157099609375,0
bg_05734,background,21.499692596107696,-16.09149156035741,42,6,123.32654571533203,0.892893679672636,0.5507809448242188,0
bg_05735,background,33.00742615923947,-1.7046556123009335,43,3,1303.861572265625,1.4034408091387631,0.6729345703125,0
bg_05736,background,31.148777949188545,-6.28552881430695,59,3,1336.494384765625,6.0568844185590756,3.58720703125,0
bg_05737,background,28.067894000724117,-9.399608839838987,13,7,541.6756591796875,24.771263571669188,15.53880126953125,0
bg_05738,background,23.542661616787925,-14.987326930820801,69,7,255.43157958984375,0.3094438981208971,0.0996661376953125,0
bg_05739,background,33.59526506299389,-1.7180601175870773,59,3,1093.0982666015625,0.5768869472650374,0.347412109375,0
bg_05740,background,34.02031279199988,-3.5591226752755167,59,10,591.6354370117188,6.751431559473174,3.35533203125,0
bg_05742,background,32.57660398741935,-7.97684245214016,10,8,373.1203918457031,5.122659979406199,2.200230712890625,0
bg_05743,background,21.318344573403415,-16.543485655622206,82,7,33.71797561645508,1.2596311132145228,0.7780998229980469,0
bg_05744,background,33.79710602725182,-6.095115631553543,14,10,468.6192932128906,3.597147181173211,2.486771240234375,0
bg_05745,background,30.99169173835465,-5.14455457082268,8,8,958.1456909179688,3.524228718590737,1.613857421875,0
bg_05746,background,24.19876187106029,-15.365478451814356,40,7,48.139923095703125,0.6405072962924597,0.1861146545410156,0
bg_05747,background,33.06746049170811,-8.460482706593577,17,3,64.23633575439453,1.7858265202383905,0.9243685913085937,0
bg_05748,background,27.54189578938269,-11.681661032824756,27,6,303.4813232421875,0.9132627874507344,0.3559033203125,0
bg_05749,background,21.73911791416601,-16.445074131373797,8,7,44.264591217041016,1.0572944792531942,0.6152001953125,0
bg_05750,background,29.519998724394828,-5.672640914431079,82,3,682.9987182617188,1.272377967890028,0.69596435546875,0
bg_05751,background,30.61827425944079,-5.133277098069138,14,3,704.2630004882812,0.5645861197693476,0.3582470703125,0
bg_05752,background,34.625092548136514,-2.758743735952965,8,3,336.9096374511719,5.8219899734877405,3.4230078125,0
bg_05753,background,21.4697212624316,-15.964453619331891,39,7,134.67945861816406,1.8433380369941252,1.4796929931640626,0
bg_05754,background,21.353691549129874,-16.81738041748882,62,7,9.773507118225098,0.3943663357808399,0.1508017349243164,0
bg_05755,background,22.18609639408544,-16.190021327277428,39,6,124.3921127319336,0.7117833326262824,0.262969970703125,0
bg_05756,background,31.749386638716683,-5.6419930492395345,71,9,2318.139404296875,27.257159705280277,18.68525390625,0
bg_05757,background,28.302874960239482,-8.68785180883843,27,6,550.3873901367188,0.8381403501168131,0.327578125,0
bg_05758,background,24.80607409577336,-12.32569150144907,8,7,284.2833557128906,0.5433603181555732,0.177427978515625,0
bg_05759,background,31.585553461698318,-3.509538467037669,82,3,1095.453369140625,0.6570314119430211,0.252724609375,0
bg_05760,background,22.702127398313756,-15.290994610681901,29,7,247.4506378173828,1.1251124476835335,0.600023193359375,0
bg_05761,background,24.75176943458458,-14.725818910338033,37,6,121.1790771484375,0.5865091484332536,0.22647216796875,0
bg_05762,background,31.984246934346732,-7.696620252005833,14,5,507.0572814941406,2.3425748054300732,1.336328125,0
bg_05763,background,21.70712556963447,-13.365897322845608,45,6,241.68283081054688,0.5470033109020277,0.220616455078125,0
bg_05765,background,31.137443170738766,-6.372255913394494,14,3,1297.535888671875,1.2698746166171135,0.490478515625,0
bg_05766,background,21.991661726349847,-16.451224616244815,40,7,39.193519592285156,0.9571756437042171,0.5008560180664062,0
bg_05767,background,23.573726889899657,-15.599324107534393,23,6,81.33521270751953,0.3258600896818998,0.307982177734375,0
bg_05768,background,24.388021717066867,-14.63234737150209,8,7,159.036865234375,0.724893233626681,0.307393798828125,0
bg_05769,background,33.72405660300297,-5.660245991961532,8,3,712.7383422851562,3.1453255556725828,1.9607763671875,0
