Geology_Class,Soil_Class,Elevation_m,Slope_deg,Ruggedness,Latitude_WGS84,Longitude_WGS84,presence
71.0,9.0,2200.41845703125,61.26057815551758,898.8236694335938,32.59281111111111,-4.504277777777777,1
71.0,9.0,2200.41845703125,61.26057815551758,898.8236694335938,32.59246944444445,-4.504686111111111,1
71.0,9.0,2200.41845703125,61.26057815551758,898.8236694335938,32.59108611111111,-4.504991666666666,1
71.0,9.0,2200.41845703125,61.26057815551758,898.8236694335938,32.590869444444444,-4.504938888888889,1
71.0,9.0,2200.41845703125,61.26057815551758,898.8236694335938,32.59060277777778,-4.505005555555556,1
71.0,9.0,2200.41845703125,61.26057815551758,898.8236694335938,32.590297222222226,-4.5050638888888885,1
71.0,9.0,2200.41845703125,61.26057815551758,898.8236694335938,32.59028055555556,-4.504902777777778,1
71.0,9.0,2200.41845703125,61.26057815551758,898.8236694335938,32.590050000000005,-4.504761111111111,1
71.0,9.0,2200.41845703125,61.26057815551758,898.8236694335938,32.590025000000004,-4.504727777777778,1
71.0,9.0,2200.41845703125,61.26057815551758,898.8236694335938,32.58986388888889,-4.504866666666667,1
71.0,9.0,2200.41845703125,61.26057815551758,898.8236694335938,32.58935,-4.504527777777778,1
71.0,9.0,2241.571533203125,59.71824645996094,856.3630981445312,31.584444444444443,-5.590833333333333,1
71.0,7.0,2426.76025390625,74.89967346191406,1121.2794189453125,31.72,-5.826666666666666,1
66.0,9.0,1624.2755126953125,2.538189649581909,146.71826171875,31.542222222222225,-5.566944444444444,1
71.0,9.0,2220.994873046875,3.659560918807984,620.414794921875,31.71722222222222,-5.507777777777778,1
8.0,9.0,1541.9693603515625,0.3937812745571136,14.256577491760254,31.48305555555556,-5.539444444444444,1
13.0,9.0,1624.2755126953125,2.820927619934082,80.92125701904297,31.435277777777777,-5.655,1
13.0,9.0,1747.7347412109375,1.2450661659240725,33.977935791015625,31.375,-5.7908333333333335,1
13.0,8.0,1830.040771484375,2.2949275970458984,61.16984558105469,31.33944444444444,-5.838611111111111,1
71.0,9.0,1932.9234619140625,1.733922839164734,97.19824981689452,31.425,-6.011388888888889,1
71.0,9.0,1974.0765380859373,4.85919189453125,94.82879638671876,31.441944444444445,-6.010833333333333,1
71.0,9.0,1562.5458984375,13.2293701171875,242.52577209472656,32.0,-6.333333333333333,1
69.0,8.0,101.61224365234376,0.1761064082384109,33.00968933105469,32.30277777777778,-9.230833333333331,1
69.0,8.0,122.18877410888672,0.7875245213508606,25.01889991760254,32.3325,-9.176666666666666,1
69.0,8.0,101.61224365234376,0.4980930685997009,17.459775924682617,32.323888888888895,-9.180277777777777,1
17.0,3.0,60.45918273925781,78.15099334716797,43.0678939819336,32.5575,-9.254166666666666,1
68.0,8.0,369.1071472167969,2.112325429916382,61.17278289794922,32.157777777777774,-8.865277777777777,1
71.0,3.0,1727.158203125,2.616195678710937,94.14616394042967,33.61666666666667,-4.883333333333333,1
71.0,3.0,1439.0867919921875,1.9681605100631716,59.375919342041016,33.65555555555555,-5.333333333333333,1
71.0,3.0,2076.959228515625,2.4513907432556152,61.6157455444336,33.5625,-4.916666666666667,1
8.0,3.0,1233.3214111328125,4.959287166595459,107.4214859008789,33.0425,-5.738666666666667,1
68.0,3.0,451.4132690429688,5.652669429779053,148.0000457763672,31.142222222222223,-9.707777777777777,1
71.0,8.0,1747.7347412109375,1.9681594371795652,153.044921875,34.118611111111115,-4.040555555555556,1
71.0,8.0,1747.7347412109375,1.9681594371795652,153.044921875,34.12166666666667,-4.038333333333333,1
18.0,8.0,1171.591796875,2.680422306060791,117.55690002441406,33.95916666666667,-4.0,1
26.0,9.0,1541.9693603515625,6.890967845916748,191.4849853515625,33.97361111111111,-4.224722222222223,1
71.0,9.0,2035.80615234375,7.335158348083496,596.62548828125,33.81777777777778,-4.081666666666666,1
71.0,9.0,1686.005126953125,10.471694946289062,207.5283050537109,33.72138888888889,-4.2275,1
71.0,8.0,862.94384765625,1.071091890335083,102.91227722167967,33.73694444444445,-4.532777777777778,1
46.0,7.0,636.60205078125,0.3937804400920868,44.323387145996094,29.213335,-8.203033,1
56.0,7.0,862.94384765625,1.5043115615844729,31.70764923095703,29.603338,-8.251098,1
56.0,7.0,1418.51025390625,2.820927619934082,153.17311096191406,29.854611,-8.533996,1
56.0,7.0,986.403076171875,4.504671573638916,129.09226989746094,29.270107,-8.678496,1
46.0,7.0,636.60205078125,0.3937804400920868,44.323387145996094,29.213335,-8.203033,1
56.0,7.0,986.403076171875,4.504671573638916,129.09226989746094,29.270107,-8.678496,1
49.0,3.0,801.2142944335938,6.675581932067871,157.24542236328125,29.339495,-8.52788,1
8.0,3.0,821.7908325195312,0.4980932772159576,38.65795516967773,30.140782,-6.877585,1
10.0,3.0,801.2142944335938,0.0,52.70140075683594,29.91642,-7.374716,1
8.0,9.0,780.6377563476562,0.2490513324737548,43.44248962402344,29.748743,-7.659674,1
8.0,7.0,801.2142944335938,0.7875249981880188,35.36240768432617,29.705037,-7.986517,1
14.0,7.0,657.1785888671875,2.885925769805908,73.91992950439453,29.086675,-8.85169,1
24.0,7.0,657.1785888671875,0.2490498721599578,74.23989868164062,29.06027,-8.925848,1
49.0,7.0,1397.9337158203125,5.883411884307861,203.03787231445312,29.741683,-8.50205,1
56.0,9.0,1747.7347412109375,2.820925712585449,78.4028091430664,30.068945,-7.954123,1
49.0,3.0,1480.23974609375,9.232949256896973,166.75880432128906,29.912618,-7.684191,1
14.0,7.0,574.8724365234375,1.026761531829834,25.045583724975582,29.646508,-7.756531,1
14.0,7.0,574.8724365234375,1.026761531829834,25.045583724975582,29.646508,-7.756531,1
14.0,7.0,574.8724365234375,1.026761531829834,25.045583724975582,29.646508,-7.756531,1
49.0,9.0,1686.005126953125,6.855554580688477,148.2969970703125,29.899215,-7.94165,1
10.0,9.0,986.403076171875,6.137639999389648,157.10784912109375,30.308991,-6.837444,1
49.0,9.0,1212.744873046875,1.9041868448257449,131.5764923095703,30.278531,-7.062836,1
49.0,9.0,1439.0867919921875,6.844449996948242,200.31724548339844,30.195719,-7.540216,1
38.0,7.0,1315.6275634765625,9.254015922546388,286.38043212890625,29.732906,-8.189294,1
49.0,7.0,1233.3214111328125,7.530975341796875,222.6586456298828,29.734488,-8.261025,1
49.0,3.0,1130.438720703125,2.488961696624756,132.03408813476562,29.361629,-8.518739,1
56.0,7.0,636.60205078125,5.120677471160889,116.1478042602539,29.254602,-8.694864,1
56.0,9.0,821.7908325195312,2.9125795364379883,87.24427032470703,29.167098,-8.958087,1
60.0,7.0,821.7908325195312,0.9482786655426024,93.97340393066406,29.888118,-6.827353,1
46.0,7.0,801.2142944335938,4.2769060134887695,101.08582305908205,29.21444444444444,-8.233055555555556,1
8.0,7.0,616.0255126953125,3.469125986099243,110.5600814819336,29.47055555555556,-8.293055555555556,1
56.0,7.0,883.5203857421875,0.4980932772159576,38.81526947021485,29.61583333333333,-8.261111111111111,1
13.0,7.0,39.88265228271485,1.594304442405701,39.04121780395508,27.9,-12.333333333333334,1
56.0,3.0,1253.89794921875,1.4085720777511597,46.45697021484375,29.23935,-9.168466666666667,1
56.0,3.0,1253.89794921875,1.4085720777511597,46.45697021484375,29.23933333333333,-9.168466666666667,1
14.0,6.0,492.5663146972656,1.0267614126205444,92.30046081542967,29.093,-10.019,1
56.0,9.0,1377.357177734375,1.3751758337020874,41.67583084106445,29.3,-9.695,1
56.0,9.0,163.3418426513672,57.71175384521485,103.43740844726562,29.116666666666667,-10.416666666666666,1
82.0,3.0,225.0714263916016,77.61551666259766,121.54068756103516,35.52732169189336,-5.194990926733846,1
7.0,9.0,595.448974609375,9.161280632019045,227.80213928222656,35.25514905973631,-5.194830135719653,1
8.0,3.0,471.9898071289063,4.881267547607422,200.8438415527344,35.313233448135364,-5.438441306152264,1
8.0,9.0,904.096923828125,6.00682544708252,142.16319274902344,35.299406646993035,-5.411120390022425,1
32.0,8.0,821.7908325195312,2.501358985900879,85.08267974853516,35.31806624622103,-5.372840869212867,1
25.0,3.0,1274.4744873046875,14.653444290161133,354.9808959960937,35.21666666666667,-5.25,1
25.0,3.0,616.0255126953125,9.633991241455078,274.7422790527344,35.23181859593759,-5.279753047641164,1
25.0,9.0,965.8265380859376,14.725892066955566,438.7203063964844,35.16939288330852,-5.084877527601663,1
28.0,9.0,1439.0867919921875,0.8978981971740723,110.01306915283205,33.54575277777778,-6.007341666666667,1
28.0,9.0,1089.2857666015625,7.575103759765625,148.54881286621094,33.556780555555555,-6.039383333333333,1
28.0,9.0,1130.438720703125,7.703940868377685,171.4380340576172,33.54856111111111,-6.030172222222222,1
28.0,9.0,1439.0867919921875,0.8978981971740723,110.01306915283205,33.545833333333334,-6.0075,1
8.0,9.0,1068.709228515625,4.480706691741943,122.26277923583984,33.55333333333333,-6.070277777777777,1
28.0,9.0,801.2142944335938,4.167520999908447,93.7929916381836,33.52833333333333,-6.251666666666667,1
67.0,3.0,842.3673706054688,1.0710910558700562,29.168689727783203,33.39418611111111,-6.580788888888889,1
30.0,9.0,1295.051025390625,1.9444185495376587,96.3230209350586,33.441111111111105,-6.0525,1
30.0,9.0,1295.051025390625,1.9444185495376587,96.3230209350586,33.441111111111105,-6.0525,1
67.0,9.0,1212.744873046875,3.3190624713897705,177.96734619140625,33.418055555555554,-6.1025,1
67.0,9.0,1212.744873046875,4.900107383728027,126.6175308227539,33.4225,-6.101944444444444,1
56.0,9.0,554.2958984375,1.6702240705490112,68.54674530029297,33.57888888888889,-6.270833333333333,1
14.0,9.0,492.5663146972656,0.3937818109989166,89.7854232788086,33.565216666666664,-6.749641666666666,1
8.0,9.0,492.5663146972656,3.62568998336792,80.79420471191406,33.61027777777778,-6.405,1
30.0,9.0,1089.2857666015625,3.4912922382354736,107.01752471923828,33.48583333333333,-6.158333333333334,1
71.0,9.0,1624.2755126953125,10.085918426513672,278.4043884277344,32.20277777777778,-6.119999999999999,1
71.0,9.0,2097.53564453125,10.394930839538574,208.1940155029297,32.26083333333333,-6.262777777777778,1
71.0,9.0,2241.571533203125,2.126930952072144,204.60939025878903,32.27,-6.263888888888889,1
71.0,9.0,2241.571533203125,2.126930952072144,204.60939025878903,32.26972222222222,-6.258611111111111,1
69.0,9.0,1377.357177734375,11.47896957397461,230.8443756103516,32.21472222222223,-6.222777777777778,1
69.0,9.0,1521.392822265625,2.5624473094940186,140.32284545898438,32.22777777777778,-6.248611111111111,1
69.0,9.0,1747.7347412109375,4.612605571746826,111.64452362060548,32.20722222222223,-6.256666666666667,1
71.0,9.0,1624.2755126953125,10.085918426513672,278.4043884277344,32.20916666666667,-6.118888888888889,1
71.0,9.0,1850.6173095703125,11.51984691619873,270.7314147949219,32.193888888888885,-6.101944444444444,1
69.0,5.0,1048.1326904296875,7.53700590133667,239.50392150878903,32.13167777777778,-6.397130555555556,1
71.0,9.0,1253.89794921875,8.950977325439453,206.6914978027344,32.13381666666667,-6.311780555555555,1
71.0,9.0,1603.698974609375,5.468156814575195,217.37179565429688,32.55341501,-6.01361989,1
40.0,7.0,19.306121826171875,73.42619323730469,27.191768646240234,23.91027777777778,-15.71861111111111,1
40.0,7.0,19.306121826171875,73.42619323730469,27.191768646240234,23.91027777777778,-15.71861111111111,1
40.0,7.0,19.306121826171875,73.42619323730469,27.191768646240234,23.91027777777778,-15.71861111111111,1
40.0,7.0,19.306121826171875,73.42619323730469,27.191768646240234,23.91027777777778,-15.71861111111111,1
37.0,6.0,101.61224365234376,0.0,4.032218933105469,23.59083333333333,-15.698055555555555,1
37.0,6.0,101.61224365234376,0.0,4.032218933105469,23.59083333333333,-15.698055555555555,1
37.0,6.0,101.61224365234376,0.0,4.032218933105469,23.59083333333333,-15.698055555555555,1
37.0,6.0,101.61224365234376,0.0,4.032218933105469,23.59083333333333,-15.698055555555555,1
69.0,7.0,204.49490356445312,0.3937806487083435,18.404207229614254,23.326666666666668,-15.23277777777778,1
29.0,7.0,204.49490356445312,0.0,5.582128524780273,23.2075,-15.088333333333331,1
29.0,7.0,204.49490356445312,0.0,5.582128524780273,23.2075,-15.088333333333331,1
8.0,7.0,369.1071472167969,0.948278307914734,30.796205520629883,22.55027777777778,-14.317222222222222,1
8.0,7.0,369.1071472167969,0.948278307914734,30.796205520629883,22.55027777777778,-14.317222222222222,1
39.0,7.0,369.1071472167969,2.22647476196289,50.10551452636719,22.612222222222226,-14.4825,1
17.0,5.0,266.2244873046875,0.3522095084190368,15.39810276031494,33.009166666666665,-8.002222222222223,1
14.0,5.0,430.8367309570313,0.3937810361385345,11.523075103759766,32.080000000000005,-8.66,1
71.0,9.0,1603.698974609375,5.468156814575195,217.37179565429688,32.55341501,-6.01361989,1
71.0,9.0,2385.607177734375,6.693808078765869,205.87252807617188,32.29302956,-6.214958909,1
69.0,5.0,1048.1326904296875,7.53700590133667,239.50392150878903,32.13167777777778,-6.397130555555556,1
71.0,9.0,1253.89794921875,8.950977325439453,206.6914978027344,32.13381666666667,-6.311780555555555,1
71.0,9.0,1253.89794921875,8.950977325439453,206.6914978027344,32.13381666666667,-6.311780555555555,1
71.0,9.0,1253.89794921875,8.950977325439453,206.6914978027344,32.13381666666667,-6.311780555555555,1
71.0,9.0,1356.7806396484375,8.634851455688477,202.18524169921875,32.13302222222222,-6.300258333333333,1
71.0,9.0,1356.7806396484375,8.634851455688477,202.18524169921875,32.13302222222222,-6.300258333333333,1
71.0,3.0,986.403076171875,11.444350242614746,243.3731689453125,32.08027777777778,-6.46,1
71.0,3.0,945.25,8.06445026397705,218.0940093994141,32.07277777777778,-6.445277777777778,1
71.0,3.0,945.25,8.06445026397705,218.0940093994141,32.07277777777778,-6.445277777777778,1
71.0,3.0,945.25,8.06445026397705,218.0940093994141,32.07277777777778,-6.445277777777778,1
71.0,9.0,1932.9234619140625,1.7339236736297607,113.3126220703125,32.38333333333333,-5.916666666666667,1
8.0,3.0,1974.0765380859373,14.342447280883787,438.56158447265625,33.378861111111114,-4.010527777777778,1
18.0,9.0,1994.653076171875,75.78884887695312,987.3583984375,33.47083333333334,-3.963638888888889,1
18.0,9.0,2097.53564453125,9.35536003112793,764.4318237304688,33.40472222222222,-4.721111111111111,1
18.0,9.0,1541.9693603515625,3.186147451400757,151.64019775390625,33.47361111111111,-4.654444444444445,1
18.0,9.0,1356.7806396484375,5.279936790466309,197.6265411376953,33.48305555555556,-4.6075,1
18.0,9.0,1315.6275634765625,3.319060802459717,127.17212677001952,33.48222222222223,-4.61888888888889,1
18.0,9.0,1788.8876953125,0.9482770562171936,109.20508575439452,33.44444444444444,-4.45,1
69.0,3.0,204.49490356445312,1.8379796743392944,107.29508209228516,35.725,-5.6685,1
8.0,7.0,389.6836853027344,0.0,9.876582145690918,23.016150159703702,-13.17777499447381,0
14.0,7.0,451.4132690429688,0.7043924927711487,15.0867280960083,28.00253186579445,-10.020587903030483,0
82.0,7.0,616.0255126953125,0.0,0.0,29.78667334398509,-5.563450110400259,0
43.0,3.0,1356.7806396484375,0.4980932772159576,10.210289001464844,33.46489573060009,-2.0166265649319373,0
8.0,7.0,492.5663146972656,0.3937818109989166,9.238167762756348,26.15328781665688,-8.765762171451597,0
23.0,6.0,122.18877410888672,0.0,0.0,26.234063032483206,-13.692935762074413,0
14.0,3.0,1089.2857666015625,0.7043924927711487,19.72308349609375,33.07461542144936,-3.883265659897632,0
8.0,3.0,1583.1224365234375,0.634934663772583,13.67479419708252,33.57425851154632,-3.058377725199413,0
69.0,7.0,369.1071472167969,0.1761064380407333,11.523075103759766,23.843984418844705,-13.429093912455338,0
3.0,9.0,677.755126953125,78.46118927001953,876.8992919921875,34.45013390000012,-12.546087718522296,0
56.0,3.0,1480.23974609375,0.8804649710655212,42.16040802001953,31.482778933525413,-5.30504106129455,0
23.0,6.0,204.49490356445312,0.4980930089950561,20.983997344970703,24.02287376644853,-15.070145064499323,0
24.0,3.0,945.25,5.374891757965088,102.15918731689452,31.72564241293269,-7.2028782543822425,0
69.0,7.0,327.9540710449219,0.4980932772159576,14.397808074951172,23.72212589812452,-14.740745745128038,0
59.0,3.0,1809.4642333984373,1.4085705280303955,39.09603500366211,30.97608085243981,-7.3612374242963154,0
66.0,9.0,2385.607177734375,76.39690399169922,1165.2452392578125,33.31743414144048,-4.83264263177168,0
8.0,7.0,286.801025390625,0.1761064380407333,7.543105125427246,21.913744499626965,-13.56325711957242,0
14.0,3.0,245.64796447753903,0.3937810361385345,10.213922500610352,33.362990828888414,-7.618273798640553,0
29.0,7.0,245.64796447753903,0.1761064380407333,12.096454620361328,21.890065009668117,-15.287412118904486,0
17.0,3.0,348.5306091308594,3.856492280960083,118.80620574951172,30.752152428149994,-9.790900269634555,0
8.0,10.0,780.6377563476562,0.4980932772159576,72.52284240722656,33.88442017528294,-5.391997696803862,0
8.0,3.0,842.3673706054688,0.3937802016735077,13.372078895568848,29.917243057877965,-7.522014576469221,0
56.0,3.0,1624.2755126953125,15.562525749206545,308.2357177734375,33.96905707402952,-3.0477444141459618,0
8.0,7.0,225.0714263916016,0.0,7.54336404800415,21.70824101902057,-14.322716034808318,0
14.0,6.0,163.3418426513672,0.8978991508483887,40.32160568237305,30.45755845470192,-9.357649352693103,0
15.0,3.0,430.8367309570313,0.7043924927711487,146.9980926513672,26.053007964615244,-11.676534718578592,0
23.0,6.0,142.7653045654297,0.5568816661834717,14.860746383666992,25.93935767352707,-13.79636732945804,0
43.0,3.0,1295.051025390625,0.5283054709434509,10.210289001464844,33.72769522540339,-1.865840232436072,0
56.0,9.0,1439.0867919921875,1.2818647623062134,80.41532897949219,33.381864338006,-5.875522734938899,0
32.0,3.0,842.3673706054688,0.7260676026344299,14.113380432128906,32.97375606848232,-7.266461324788493,0
23.0,6.0,245.64796447753903,0.249050959944725,13.919130325317385,24.683237336892223,-14.25453153655565,0
63.0,7.0,266.2244873046875,0.8804656863212585,23.91162109375,28.518984986948947,-9.286519329311009,0
9.0,10.0,616.0255126953125,2.864424705505371,97.05845642089844,34.71769713979248,-3.130696030021718,0
14.0,5.0,266.2244873046875,1.340945601463318,39.472694396972656,33.75739373890439,-6.950970353147568,0
37.0,6.0,101.61224365234376,0.0,0.0,26.239928200825624,-14.189111164541735,0
23.0,7.0,163.3418426513672,0.3937806487083435,10.214018821716309,24.830411266786086,-14.4078188340182,0
66.0,9.0,1727.158203125,0.7875253558158875,34.427459716796875,30.55246387390441,-7.154811473638996,0
27.0,6.0,574.8724365234375,0.3937812745571136,8.787420272827148,27.75222382200927,-8.955392693514229,0
43.0,3.0,1336.2041015625,0.3937803208827972,9.233092308044434,33.541553624979755,-1.7075698027856638,0
48.0,6.0,1830.040771484375,0.4980932772159576,17.72709846496582,33.017770285221374,-4.682528790348157,0
23.0,7.0,163.3418426513672,0.0,10.540194511413574,26.17555602204142,-13.15728365337978,0
29.0,7.0,204.49490356445312,0.5568815469741821,17.72930145263672,21.696056962536943,-15.684674981162043,0
67.0,5.0,904.096923828125,5.8834147453308105,225.99571228027344,34.49847135917969,-3.420038363791485,0
8.0,7.0,266.2244873046875,0.0,0.0,24.29353371118279,-12.219260133383123,0
23.0,7.0,327.9540710449219,0.0,0.0,24.96652522233101,-13.73369381066673,0
8.0,6.0,101.61224365234376,0.0,0.0,21.67545528559144,-16.234855567920626,0
82.0,3.0,1356.7806396484375,0.1761069595813751,10.087120056152344,31.54579990907705,-3.709796659748573,0
27.0,6.0,389.6836853027344,0.4980932772159576,16.746734619140625,27.668797703063063,-11.893663411088465,0
8.0,7.0,369.1071472167969,0.0,7.543622970581055,23.33541541605745,-12.986249138240368,0
27.0,6.0,307.3775634765625,0.2490513324737548,13.373539924621582,27.36478086352697,-12.182581056222322,0
15.0,7.0,430.8367309570313,0.7043924331665039,23.655073165893555,26.72902462046526,-10.206355591801875,0
10.0,7.0,163.3418426513672,1.340945601463318,52.727298736572266,28.040160554545523,-11.319139810554152,0
8.0,7.0,389.6836853027344,0.0,0.0,22.579005626259445,-13.24481012933636,0
13.0,3.0,1315.6275634765625,0.94827800989151,28.22676086425781,31.70651617054462,-5.080087020554855,0
23.0,7.0,286.801025390625,0.6349368691444397,16.12839126586914,25.203063190966706,-13.544446407658684,0
14.0,5.0,636.60205078125,1.232558250427246,22.629487991333008,33.12411459894879,-7.206218932633842,0
71.0,3.0,1562.5458984375,0.0,13.416407585144045,32.37856374967264,-3.719061673502412,0
40.0,7.0,19.306121826171875,0.1761063635349273,13.117438316345217,22.376394757325297,-16.404347006059336,0
8.0,3.0,965.8265380859376,0.2490498721599578,21.36732292175293,32.91327552680492,-7.0120362844042265,0
23.0,6.0,122.18877410888672,0.70439213514328,34.47045135498047,25.957292903686547,-14.127421114524946,0
8.0,7.0,327.9540710449219,0.0,5.583178043365479,22.706066139786607,-14.096529282355824,0
28.0,9.0,204.49490356445312,1.594304442405701,48.16143035888672,33.63919322809162,-7.012680315865262,0
8.0,7.0,410.26019287109375,0.3937802612781524,9.876582145690918,23.21561382457901,-13.639592958073129,0
8.0,7.0,225.0714263916016,0.0,8.064680099487305,28.210710029262952,-10.64435044350962,0
8.0,7.0,163.3418426513672,0.0,4.032097816467285,21.443540175904197,-15.568080197679643,0
48.0,3.0,369.1071472167969,3.171569347381592,96.5125503540039,34.07602877710956,-5.7510744805934,0
71.0,3.0,945.25,2.3150646686553955,66.9874038696289,33.81984847212078,-5.033965265730036,0
8.0,7.0,286.801025390625,0.3937810361385345,9.876582145690918,21.78777770570092,-14.510336083457156,0
8.0,7.0,410.26019287109375,0.5568816661834717,29.40025520324707,24.962964037343564,-12.360392340052725,0
8.0,6.0,389.6836853027344,0.0,14.256577491760254,26.13534577133557,-12.282411115565685,0
60.0,11.0,327.9540710449219,3.738769292831421,82.45410919189453,32.59181096450219,-7.750255041075977,0
14.0,3.0,1274.4744873046875,0.7875234484672546,20.426698684692383,32.45325849905962,-3.0628632107917206,0
8.0,7.0,266.2244873046875,0.498092919588089,9.876977920532228,21.887655630431677,-14.316636719769589,0
24.0,5.0,369.1071472167969,1.0565223693847656,28.795345306396484,32.277261101723155,-8.458337730962892,0
8.0,7.0,327.9540710449219,0.0,9.238167762756348,22.412688072285263,-14.206264894032582,0
8.0,7.0,204.49490356445312,0.0,7.543622970581055,25.38500629477939,-13.373060221467751,0
8.0,7.0,554.2958984375,0.1761069595813751,10.920165061950684,26.2236582892472,-10.592606550217273,0
8.0,7.0,204.49490356445312,0.0,0.0,21.73188996052236,-15.16988583885572,0
82.0,7.0,657.1785888671875,0.0,39.00640869140625,29.61580004642191,-5.721720483954269,0
27.0,7.0,657.1785888671875,0.4980932772159576,9.596549034118652,26.684852111814845,-9.707272850549804,0
45.0,6.0,307.3775634765625,0.2490513324737548,8.86443042755127,21.86878376980604,-13.458040452640375,0
62.0,7.0,39.88265228271485,0.0,0.0,21.61252986078376,-16.656134726700238,0
8.0,7.0,327.9540710449219,0.0,0.0,21.84609780307123,-14.04223638441584,0
45.0,3.0,122.18877410888672,1.8125269412994385,41.968017578125,32.14834045429805,-9.244749074706744,0
33.0,9.0,2076.959228515625,2.361384630203247,123.32071685791016,31.236666947167848,-5.814473080673007,0
82.0,3.0,1068.709228515625,5.812811851501465,110.90254974365234,30.835410378342686,-4.081705344262154,0
23.0,7.0,163.3418426513672,0.0,0.0,25.158968261896156,-14.415725946072191,0
67.0,7.0,327.9540710449219,0.4980932772159576,10.280062675476074,28.43564383233733,-8.885363952327506,0
27.0,6.0,183.9183654785156,0.5568816661834717,15.265488624572754,26.74539105606455,-13.228293220641495,0
13.0,5.0,451.4132690429688,1.40857195854187,45.57394409179688,33.06572964207133,-7.522007968266058,0
27.0,6.0,327.9540710449219,0.2490513324737548,12.039972305297852,27.48694513091881,-12.095941392903825,0
61.0,7.0,513.1428833007812,0.4980917870998382,14.11227321624756,29.21533864136358,-8.429039194014456,0
8.0,7.0,163.3418426513672,1.2697173357009888,27.12359619140625,26.858149295026507,-12.466202289597568,0
39.0,6.0,163.3418426513672,0.0,6.686331748962402,22.21742836635543,-16.193513306379746,0
8.0,7.0,183.9183654785156,0.0,8.86465072631836,25.73920305102595,-13.473415290073088,0
24.0,5.0,307.3775634765625,0.0,8.23056411743164,33.2591096876305,-7.450441914243354,0
23.0,7.0,369.1071472167969,0.5283060073852539,11.639775276184082,23.91853471187165,-14.137774471207846,0
10.0,8.0,616.0255126953125,0.7260693311691284,27.91169166564941,32.448285309809584,-7.985697687020214,0
69.0,7.0,348.5306091308594,0.0,0.0,24.05727933010293,-13.70066593410834,0
24.0,7.0,554.2958984375,0.2490513324737548,26.337947845458984,27.943454590527548,-10.665197189789083,0
64.0,7.0,183.9183654785156,1.1136579513549805,24.63689422607422,26.2863582455332,-13.249043136164374,0
27.0,7.0,657.1785888671875,0.0,0.0,26.79092955969195,-9.712154852283591,0
14.0,3.0,1315.6275634765625,0.1761069595813751,20.062402725219727,32.503668505883034,-2.015604788484389,0
79.0,10.0,3928.846923828125,79.77253723144531,1312.33251953125,20.420153333389575,-13.31723756005843,0
40.0,7.0,39.88265228271485,0.3937808871269226,8.787899017333984,22.204856046640742,-16.430211005104287,0
8.0,7.0,327.9540710449219,0.3937808573246002,10.540102005004885,24.60413175298459,-12.5079883218393,0
8.0,7.0,410.26019287109375,0.5568808913230896,10.21411418914795,22.841956788231624,-13.254803443186551,0
82.0,3.0,1130.438720703125,0.0,12.59464168548584,31.718808450538955,-3.182017399076766,0
27.0,7.0,657.1785888671875,0.0,0.0,26.66708401018472,-9.895671413154112,0
48.0,3.0,307.3775634765625,2.451388359069824,58.755252838134766,34.000996517452265,-5.85328187842195,0
13.0,5.0,430.8367309570313,0.6349368691444397,46.09128189086914,33.053956135548155,-7.585115267190503,0
40.0,7.0,39.88265228271485,0.0,0.0,22.123998564764918,-16.500317505978675,0
8.0,7.0,554.2958984375,0.0,7.543622970581055,26.348355395994897,-8.984824298092326,0
69.0,7.0,389.6836853027344,0.5568807125091553,18.513931274414062,23.73541332467467,-14.17856655000626,0
39.0,7.0,327.9540710449219,0.0,0.0,22.598050216820138,-14.65500803617497,0
23.0,6.0,286.801025390625,0.1761064380407333,7.543105125427246,23.83197321068135,-14.94721709999264,0
14.0,7.0,657.1785888671875,0.0,49.41122055053711,29.889540887833736,-7.26438775342748,0
17.0,3.0,19.306121826171875,56.518028259277344,24.4458122253418,33.49691496870898,-7.876533401404941,0
8.0,7.0,225.0714263916016,0.0,0.0,21.60105984721483,-14.605362871959914,0
39.0,7.0,307.3775634765625,0.0,10.080147743225098,22.390541352665178,-14.612488252571367,0
23.0,6.0,122.18877410888672,0.0,0.0,26.38845400236106,-13.76567977679917,0
57.0,3.0,965.8265380859376,1.0710917711257937,36.47430419921875,33.3494602749495,-3.674987233217088,0
13.0,3.0,1253.89794921875,3.011688709259033,102.82022857666016,32.075847047258335,-3.461491162432638,0
8.0,7.0,225.0714263916016,0.3937806487083435,11.63994312286377,26.478293778128258,-12.75672254296292,0
24.0,8.0,81.03571319580078,0.8804653286933899,25.04596328735352,34.214757621821086,-5.751636186839024,0
18.0,9.0,1480.23974609375,4.501253128051758,96.07549285888672,33.73600975273826,-3.8462079878582416,0
8.0,7.0,204.49490356445312,0.0,4.032097816467285,25.302166111443327,-13.34272556336582,0
8.0,7.0,369.1071472167969,0.3522095680236816,75.0262451171875,22.77089737717221,-13.21490292440036,0
39.0,7.0,327.9540710449219,0.249050959944725,8.23056411743164,23.224805254014363,-14.612401239774,0
45.0,7.0,266.2244873046875,0.3937810063362121,8.787420272827148,21.55003541030916,-14.195814975687297,0
14.0,10.0,801.2142944335938,0.9961109161376952,58.118412017822266,31.98405727091088,-7.045293576174392,0
8.0,7.0,204.49490356445312,0.0,0.0,21.59327661294497,-15.189737037617723,0
40.0,7.0,60.45918273925781,0.0,5.582281589508057,24.285347966245677,-15.224064449271712,0
39.0,7.0,307.3775634765625,0.1761064380407333,9.876977920532228,22.35729306654937,-14.63200076666295,0
39.0,6.0,163.3418426513672,0.3937810659408569,14.350590705871582,21.748836348190512,-16.130204886887498,0
27.0,7.0,636.60205078125,0.5568810105323792,10.2774019241333,27.2048168729128,-9.731300758157095,0
8.0,6.0,327.9540710449219,0.3937802612781524,9.238591194152832,26.435943470405416,-12.410784352440013,0
71.0,9.0,1891.7703857421875,8.480079650878906,197.7921905517578,32.05423312376364,-4.301767276899072,0
56.0,6.0,821.7908325195312,3.978437185287476,134.61508178710938,29.12210606172409,-10.004251524510671,0
27.0,6.0,101.61224365234376,0.0,8.86465072631836,27.196577512461133,-13.1709027950601,0
8.0,7.0,204.49490356445312,0.0,0.0,21.582843027329623,-15.18868747352504,0
8.0,7.0,348.5306091308594,0.4980932772159576,10.08092212677002,25.39673410939944,-12.719481330828058,0
18.0,9.0,1850.6173095703125,2.691934585571289,99.23331451416016,33.42174591335874,-4.437360138353657,0
14.0,3.0,1233.3214111328125,0.4980932772159576,18.513507843017575,32.38946646818344,-3.0771308160357025,0
40.0,6.0,81.03571319580078,0.3937808573246002,7.543461322784424,24.16871268406216,-15.22362206016824,0
71.0,3.0,2241.571533203125,2.616196632385254,72.4361801147461,33.456918981130585,-5.02274996510497,0
14.0,3.0,163.3418426513672,0.0,9.238801956176758,32.61113238218483,-8.760117308806464,0
8.0,3.0,883.5203857421875,2.1196401119232178,52.59871673583984,29.989336643052216,-5.453579843031845,0
40.0,7.0,60.45918273925781,0.1761064082384109,12.909210205078123,24.481856484978653,-15.035610979956465,0
8.0,7.0,101.61224365234376,1.795357346534729,39.78034210205078,26.889693071820947,-12.979118675049024,0
68.0,9.0,1541.9693603515625,3.5045292377471924,91.6515121459961,30.91044972284468,-9.21661018472313,0
40.0,7.0,60.45918273925781,0.0,5.582281589508057,26.713715109403637,-13.533897987542318,0
24.0,7.0,389.6836853027344,0.2490505874156952,8.788309097290039,23.808053455928448,-13.920624434505426,0
24.0,7.0,554.2958984375,1.071091890335083,25.179977416992188,27.817048177221977,-10.634064215227957,0
82.0,7.0,574.8724365234375,0.3937812745571136,9.239859580993652,29.63419559071428,-6.295226575360186,0
8.0,7.0,348.5306091308594,0.0,5.582478046417236,22.51026797128857,-14.305970511280414,0
8.0,7.0,286.801025390625,0.0,0.0,25.812522448841523,-13.021762060914874,0
8.0,3.0,904.096923828125,0.4980932772159576,10.077821731567385,31.285396450170957,-4.261481883835761,0
69.0,9.0,862.94384765625,4.582510471343994,118.11434936523438,31.092625289306707,-9.52214550490413,0
71.0,9.0,1932.9234619140625,4.53529167175293,138.12857055664062,32.02493099711655,-4.665481797738071,0
24.0,7.0,266.2244873046875,0.3937810063362121,13.372955322265623,23.844906343295737,-14.53395502711828,0
62.0,7.0,19.306121826171875,56.24808120727539,8.668427467346191,21.198843005401063,-16.99013113705403,0
23.0,7.0,225.0714263916016,0.4980932772159576,11.755650520324709,26.463202733243197,-12.82645524940503,0
23.0,7.0,307.3775634765625,0.3937810361385345,8.787420272827148,24.31536960955643,-14.347647413864864,0
24.0,7.0,451.4132690429688,1.2818642854690552,36.8453254699707,27.686524404145302,-10.92573161242057,0
14.0,2.0,19.306121826171875,0.1761063635349273,4.032162189483643,34.724314529003486,-6.283496544434203,0
19.0,10.0,1521.392822265625,2.1196391582489014,126.6984634399414,32.96632235516804,-5.594689203089629,0
8.0,7.0,245.64796447753903,0.2490513324737548,16.337385177612305,26.744662981335107,-11.462341923498482,0
8.0,7.0,163.3418426513672,0.634936511516571,18.40415382385254,29.81669873485983,-9.684576211275647,0
8.0,7.0,266.2244873046875,0.0,8.86443042755127,24.65722593616441,-12.998975803422129,0
8.0,7.0,327.9540710449219,0.3937810361385345,11.463937759399414,23.59078853410177,-12.800001697650847,0
8.0,8.0,1006.9796142578124,1.837979912757873,39.52530670166016,31.063398692549832,-4.51220350992677,0
8.0,7.0,183.9183654785156,1.5145763158798218,47.82262802124024,26.90407015333373,-12.23224173627586,0
37.0,6.0,163.3418426513672,0.3522095382213592,20.261329650878903,25.40313383015221,-14.684781935513284,0
17.0,3.0,39.88265228271485,0.8804653286933899,25.31498908996582,33.15250509214547,-8.476143864913679,0
4.0,1.0,677.755126953125,62.53511047363281,946.6221923828124,36.31921016870584,-6.787305683279344,0
17.0,2.0,60.45918273925781,56.3565559387207,23.277252197265625,34.434191560552875,-6.538102195015031,0
14.0,3.0,1233.3214111328125,0.5568810105323792,10.28348159790039,32.27333531334631,-2.187813300732435,0
59.0,3.0,1480.23974609375,0.3937812745571136,28.814058303833008,30.927526530239877,-7.038351436904725,0
66.0,9.0,2426.76025390625,69.05001068115234,1143.5093994140625,31.194250022799487,-5.727386062074586,0
8.0,3.0,1356.7806396484375,0.5568810105323792,11.757975578308104,33.94713180760563,-2.510325325789218,0
71.0,7.0,2056.382568359375,5.445699691772461,177.62530517578125,33.24400532554775,-5.366650052256771,0
32.0,3.0,2118.1123046875,4.397538661956787,184.3997039794922,32.6490393688956,-2.262503247706656,0
8.0,7.0,266.2244873046875,0.0,6.686623573303223,24.856041511681,-13.038119529015972,0
62.0,7.0,19.306121826171875,0.0,0.0,21.545685321271247,-16.794860962457374,0
20.0,5.0,1459.6632080078125,38.37373733520508,1123.6611328125,21.56835185021401,-7.163067554812257,0
11.0,7.0,327.9540710449219,5.262486457824707,97.1630401611328,27.857195833195945,-11.355398372844263,0
8.0,7.0,204.49490356445312,0.5568816661834717,10.213922500610352,21.690722541334686,-15.278416201284776,0
23.0,7.0,266.2244873046875,0.3937807381153106,10.540102005004885,25.216085930212536,-13.5105543854325,0
27.0,6.0,266.2244873046875,0.0,11.639775276184082,27.03055965864272,-12.431706220221386,0
43.0,3.0,1315.6275634765625,0.5283054709434509,9.880536079406738,33.7170282402352,-1.8662726774856704,0
39.0,7.0,286.801025390625,0.7875242829322815,17.575729370117188,22.14835428079931,-14.861039490535145,0
15.0,7.0,348.5306091308594,1.419528603553772,34.91932678222656,26.29349163305006,-11.55113051650605,0
24.0,6.0,657.1785888671875,2.112326145172119,82.98625946044922,30.560219049566037,-8.387868048446629,0
82.0,3.0,307.3775634765625,78.47795104980469,1450.9161376953125,29.67436466185452,-23.09031671101554,0
8.0,7.0,327.9540710449219,0.0,4.033066272735596,22.397469996076023,-14.39765619207481,0
24.0,2.0,19.306121826171875,0.0,0.0,34.607950041253844,-6.127454476677784,0
8.0,7.0,389.6836853027344,0.5283050537109375,9.876582145690918,25.87640382800443,-12.169578057045015,0
71.0,9.0,1912.346923828125,10.060809135437012,194.5565490722656,32.06523752659325,-4.3392370710262975,0
8.0,7.0,430.8367309570313,1.4519041776657104,42.97291946411133,25.54656554954104,-12.181068231506792,0
8.0,7.0,245.64796447753903,0.0,0.0,25.65127562501164,-13.207998993472652,0
10.0,3.0,1624.2755126953125,2.53818678855896,121.62442016601562,31.07731037978345,-5.355056347520628,0
69.0,7.0,492.5663146972656,0.4980925321578979,9.598176956176758,23.61810690569401,-13.62826222843502,0
45.0,6.0,307.3775634765625,0.4980932772159576,9.876582145690918,21.776173336610395,-13.574236375915644,0
48.0,8.0,862.94384765625,1.127488613128662,45.78141021728516,34.141672516317776,-3.85177974821562,0
82.0,3.0,3908.2705078125,80.44579315185547,1283.8636474609375,35.664811493761526,-0.1509982868984175,0
61.0,7.0,574.8724365234375,0.4980932772159576,16.12936019897461,29.324877209688783,-8.311025331737689,0
11.0,3.0,1006.9796142578124,3.931687116622925,78.1872787475586,33.00352432121924,-6.582927964922464,0
23.0,6.0,122.18877410888672,0.7875246405601501,19.92422103881836,24.51353442852117,-14.783666678418047,0
27.0,7.0,616.0255126953125,0.0,7.543622970581055,27.10192188659933,-9.334493575053012,0
8.0,7.0,348.5306091308594,0.1761064380407333,7.543105125427246,24.80817270347888,-12.29101201609234,0
10.0,7.0,2344.4541015625,79.27022552490234,879.5886840820312,31.15567383695741,-8.022925406056753,0
82.0,3.0,904.096923828125,0.3937803208827972,8.78919792175293,31.883973765273268,-2.89012006590545,0
13.0,3.0,1686.005126953125,0.3522106111049652,31.27299118041992,33.12982734267071,-2.7275965053526687,0
8.0,7.0,821.7908325195312,3.872445583343506,183.88735961914065,28.51367224213796,-9.74464513159092,0
59.0,8.0,1932.9234619140625,78.15868377685547,930.43408203125,34.38720949482563,-13.741186513347923,0
56.0,5.0,513.1428833007812,0.7260696887969971,21.39947509765625,31.783466848254104,-8.116398817591097,0
40.0,7.0,60.45918273925781,73.42605590820312,27.14610290527344,24.02080441578337,-15.57780309628968,0
9.0,9.0,1027.55615234375,5.120677471160889,163.049072265625,34.78976075504454,-2.4820420715409584,0
27.0,6.0,286.801025390625,0.1761064380407333,10.279682159423828,27.21147046608254,-12.43345201310601,0
8.0,7.0,307.3775634765625,0.0,9.165151596069336,22.4162421219111,-14.025144565261474,0
8.0,9.0,801.2142944335938,2.5198416709899902,97.1564483642578,29.722706132544232,-7.664064643366506,0
39.0,7.0,348.5306091308594,0.0,4.033066272735596,23.21986460574026,-14.54329306018817,0
18.0,3.0,842.3673706054688,0.3937817513942718,14.254384994506836,34.57154244340755,-2.2829607849335707,0
24.0,3.0,821.7908325195312,0.4980932772159576,10.216408729553224,31.788153470621037,-7.304123690670854,0
67.0,3.0,1500.8162841796875,4.365936279296875,103.94830322265624,33.21112778210941,-5.861898767703152,0
26.0,7.0,533.7193603515625,1.281864047050476,30.97176170349121,27.28826305750713,-10.55673121208238,0
8.0,7.0,471.9898071289063,1.181194305419922,29.09977531433105,27.563475860892463,-11.049825997672118,0
45.0,7.0,60.45918273925781,0.5568814277648926,10.213922500610352,27.32294687331816,-13.193391044318428,0
43.0,3.0,1541.9693603515625,0.4980932772159576,12.649110794067385,33.18219852531143,-2.230735832544425,0
59.0,10.0,369.1071472167969,1.1811941862106323,51.308048248291016,34.502714234641296,-3.046105391211271,0
49.0,3.0,1418.51025390625,5.105673789978027,107.62957000732422,29.371643174504644,-8.945431555887039,0
10.0,3.0,1356.7806396484375,1.4085720777511597,95.45417785644533,30.28121395468682,-6.670279663837897,0
23.0,6.0,163.3418426513672,0.0,5.581953525543213,25.141406907177885,-14.635796213858889,0
22.0,3.0,2118.1123046875,78.52961730957031,1308.45166015625,21.532496359978825,-8.360976835797251,0
24.0,8.0,451.4132690429688,0.6349360346794128,23.79797744750977,31.509556386762924,-8.818415131059885,0
14.0,7.0,163.3418426513672,1.2697172164916992,44.353736877441406,28.0215963542091,-11.474059329180804,0
8.0,7.0,471.9898071289063,0.7260686159133911,23.366641998291016,27.432047717441566,-11.125356187970484,0
13.0,9.0,1562.5458984375,9.355361938476562,217.9856719970703,32.00259076593813,-4.515352622608326,0
14.0,3.0,1089.2857666015625,2.1196393966674805,181.55130004882807,30.069975168924987,-6.458903221863016,0
40.0,7.0,39.88265228271485,0.3522094190120697,10.604403495788574,24.415807372468368,-15.063693993130128,0
71.0,9.0,1583.1224365234375,14.342447280883787,554.7224731445312,31.4754349610945,-7.496733365958994,0
8.0,7.0,327.9540710449219,0.0,0.0,25.544633959388413,-12.730936870972911,0
8.0,7.0,307.3775634765625,1.026761174201965,25.36822509765625,26.89457635213039,-11.23479767252648,0
68.0,9.0,904.096923828125,3.659562587738037,103.67376708984376,30.95857857492537,-9.379711402354577,0
45.0,6.0,266.2244873046875,0.0,4.032097816467285,21.471757538721995,-13.98660140983843,0
29.0,7.0,204.49490356445312,0.0,4.032097816467285,23.24478326038257,-15.129341309149616,0
8.0,6.0,122.18877410888672,1.056521773338318,15.917236328125,22.407652639197902,-16.19203439207873,0
8.0,7.0,348.5306091308594,0.0,4.033066272735596,23.519968373214784,-13.069595266029538,0
13.0,3.0,1068.709228515625,0.3937812745571136,37.772342681884766,32.877304995815635,-6.366167673775289,0
8.0,7.0,616.0255126953125,0.3937803208827972,11.523075103759766,26.402007669512567,-9.882985596748792,0
8.0,7.0,533.7193603515625,0.0,7.54155158996582,26.12555656303218,-9.893341550723049,0
8.0,7.0,430.8367309570313,0.1761064380407333,9.239013671875,25.321778121098767,-12.56189760985792,0
8.0,7.0,307.3775634765625,0.3937804996967315,7.543622970581055,22.34535408486539,-13.848877748650049,0
14.0,3.0,1295.051025390625,0.0,5.578978538513184,33.91179868235624,-2.370636311130707,0
14.0,7.0,266.2244873046875,0.1761063784360885,12.64385986328125,27.877953557112868,-11.152924418482185,0
8.0,7.0,369.1071472167969,0.0,8.231039047241211,24.849486988959555,-12.131395008760077,0
13.0,3.0,1624.2755126953125,0.1761069595813751,24.19710731506348,33.1508950284258,-2.714261235785285,0
71.0,5.0,1377.357177734375,18.177505493164062,325.1353454589844,32.46279685215026,-6.097223082284288,0
8.0,7.0,471.9898071289063,0.3937804996967315,13.01441478729248,25.463387024992635,-12.15172641590523,0
8.0,7.0,369.1071472167969,0.0,7.079901218414307,23.427294404165988,-14.058748391397748,0
40.0,7.0,19.306121826171875,0.5568814277648926,10.280035972595217,27.68145265352173,-13.091776560450713,0
23.0,7.0,266.2244873046875,0.5283060073852539,10.91909122467041,23.993905346765253,-14.525126976291006,0
73.0,3.0,2385.607177734375,33.798587799072266,614.4916381835938,20.492956791871265,-12.556563562593684,0
14.0,3.0,1233.3214111328125,0.9961113333702089,26.74415779113769,33.9520549426438,-1.8695334716319971,0
69.0,3.0,101.61224365234376,78.15099334716797,47.04898834228516,32.511018349029854,-9.26052576550514,0
14.0,7.0,1809.4642333984373,4.248016834259033,137.23155212402344,32.202499246002354,-1.9391706107983189,0
14.0,7.0,554.2958984375,0.1761069595813751,13.920533180236816,29.90972129319308,-6.49375144992955,0
69.0,7.0,369.1071472167969,0.3937810361385345,13.91884994506836,23.5207829705761,-14.870356819580756,0
43.0,3.0,1377.357177734375,0.5283054709434509,10.07472038269043,33.55267506431305,-2.5361272691995835,0
13.0,3.0,60.45918273925781,0.4980930685997009,11.639827728271484,33.20490334546703,-8.51609073638512,0
24.0,6.0,327.9540710449219,0.7043916583061218,20.983997344970703,30.30996696668664,-8.957604627370094,0
48.0,8.0,801.2142944335938,3.709787130355835,88.74612426757812,33.90428088812367,-4.790417556673964,0
56.0,3.0,862.94384765625,0.7043911814689636,17.767597198486328,32.76285000804299,-5.846916529373717,0
13.0,5.0,513.1428833007812,2.519840955734253,51.307743072509766,32.99853271897037,-7.697772915799283,0
82.0,3.0,904.096923828125,1.340946078300476,29.147254943847656,30.42386498999904,-4.592325179298528,0
40.0,6.0,81.03571319580078,0.5283059477806091,12.644091606140137,24.21965069893028,-15.124782644191454,0
71.0,3.0,1871.19384765625,1.8960392475128172,57.93315124511719,33.62761580322206,-4.996494356747504,0
82.0,7.0,554.2958984375,0.0,0.0,29.65388954946262,-6.490681546281728,0
56.0,3.0,904.096923828125,0.7260685563087463,26.209491729736328,32.86869695300524,-6.049839769051917,0
14.0,7.0,183.9183654785156,0.3522094488143921,15.39797592163086,29.818871013186875,-9.623500574779795,0
40.0,6.0,81.03571319580078,0.5283059477806091,11.639817237854004,24.1526368033824,-15.16418320317442,0
82.0,3.0,1027.55615234375,0.5568810105323792,30.509220123291016,30.70614082428623,-3.972473828626903,0
8.0,6.0,163.3418426513672,0.3937807381153106,10.21373176574707,22.839182003977907,-15.989361322330378,0
71.0,3.0,1541.9693603515625,0.4980932772159576,21.99431800842285,32.38763711790493,-3.605651673552209,0
37.0,6.0,101.61224365234376,0.0,0.0,26.210891400980767,-14.150994124717492,0
49.0,3.0,1130.438720703125,3.7097864151000977,73.92056274414062,29.567465389950293,-8.416342538739116,0
69.0,9.0,821.7908325195312,6.76393985748291,119.14775848388672,31.06231502493412,-9.471136935693512,0
8.0,7.0,327.9540710449219,0.4980925321578979,10.214496612548828,21.98172431848105,-14.585010862903172,0
9.0,9.0,1068.709228515625,1.3751753568649292,90.58904266357422,34.79861098796266,-2.4041164776655224,0
46.0,3.0,1500.8162841796875,2.348243236541748,134.0708770751953,33.286706317727614,-5.392052354850213,0
32.0,11.0,1315.6275634765625,0.2490498721599578,29.744747161865234,31.976459480270456,-4.002175928835617,0
10.0,8.0,389.6836853027344,0.747115969657898,21.241174697875977,31.85798482151556,-8.569047509666047,0
82.0,3.0,1644.85205078125,0.0,657.9407958984375,32.172563430604434,-24.11621504589921,0
49.0,9.0,1295.051025390625,2.3150646686553955,62.0513916015625,29.28823992922968,-8.881390995426111,0
24.0,9.0,1048.1326904296875,5.4456939697265625,169.96580505371094,29.012030850206116,-9.198289073865029,0
8.0,7.0,471.9898071289063,0.0,0.0,23.44688419107837,-13.51049071392898,0
23.0,6.0,142.7653045654297,0.2490513324737548,11.639775276184082,25.782972921108684,-14.181761408337522,0
23.0,6.0,183.9183654785156,0.5568813681602478,10.214018821716309,22.924117287679596,-15.873098239242996,0
69.0,7.0,348.5306091308594,0.4980932772159576,14.861075401306152,23.762079825837183,-14.641097624586582,0
23.0,6.0,266.2244873046875,0.3937807381153106,11.463937759399414,23.51160813546494,-15.225286305019717,0
15.0,7.0,595.448974609375,0.7260695695877075,19.54641914367676,26.724366880206404,-9.496109616615858,0
8.0,7.0,307.3775634765625,0.4980925321578979,10.080147743225098,22.106198353827967,-13.376077943176783,0
29.0,7.0,286.801025390625,0.3937810361385345,9.239013671875,22.641921701025684,-15.011789604473584,0
49.0,9.0,2365.030517578125,1.2697192430496216,467.4318237304688,30.276069097870803,-7.727062914381642,0
8.0,6.0,266.2244873046875,0.2490513324737548,10.080147743225098,26.41998386018229,-12.669456281328952,0
27.0,7.0,657.1785888671875,0.0,0.0,26.78960825843165,-9.74761724802665,0
8.0,4.0,60.45918273925781,56.7700424194336,165.87347412109375,35.31329469895441,-4.962525169083291,0
29.0,7.0,204.49490356445312,0.0,6.686331748962402,22.306888303920857,-15.692928649105356,0
48.0,10.0,780.6377563476562,3.539574146270752,86.69144439697266,34.290893273001885,-3.83625434567492,0
8.0,7.0,183.9183654785156,0.1761064380407333,8.787864685058594,21.46852395331082,-14.929935586840516,0
13.0,7.0,554.2958984375,2.0603904724121094,34.39158630371094,27.89952286546549,-9.931561979862863,0
24.0,7.0,533.7193603515625,0.1761069595813751,21.049049377441406,27.48039024362532,-10.543519958525255,0
24.0,5.0,657.1785888671875,0.3937803208827972,20.559364318847656,31.52850915742635,-8.058795596020389,0
8.0,7.0,369.1071472167969,0.0,6.68720817565918,23.675346376661366,-13.116459945557978,0
8.0,7.0,327.9540710449219,0.0,9.598176956176758,24.479806734389925,-12.2904352997812,0
29.0,7.0,307.3775634765625,0.3937804996967315,9.239436149597168,22.881010388266542,-14.933004078773957,0
62.0,7.0,19.306121826171875,0.3937808871269226,9.238839149475098,21.378045301782524,-16.98897431361703,0
29.0,7.0,286.801025390625,0.1761064380407333,9.945161819458008,22.178684636515943,-14.999843614782268,0
61.0,9.0,2282.724609375,61.24673843383789,1173.26416015625,31.54859002315461,-6.875250335950092,0
23.0,7.0,183.9183654785156,0.5568813681602478,15.95978832244873,25.96911465245225,-13.222604452621278,0
23.0,6.0,204.49490356445312,0.1761063784360885,7.543622970581055,25.64817338387087,-13.852556587255815,0
45.0,3.0,225.0714263916016,2.25410532951355,56.42621612548828,31.48458188650724,-9.615002459348904,0
8.0,7.0,307.3775634765625,0.3937810361385345,8.23056411743164,24.81468088887919,-12.697937215004096,0
8.0,7.0,389.6836853027344,0.0,4.033066272735596,22.758084375249428,-13.543708366332408,0
27.0,6.0,595.448974609375,0.0,7.54155158996582,27.81203491129893,-8.730295864082244,0
14.0,3.0,883.5203857421875,1.8379794359207156,40.5385627746582,31.42421724653631,-7.943658088882628,0
28.0,3.0,986.403076171875,5.660787582397461,88.6231460571289,30.84155155733276,-4.897692525890914,0
69.0,7.0,451.4132690429688,0.0,8.06419563293457,23.72788747498583,-13.718125179318736,0
23.0,6.0,225.0714263916016,0.0,12.590298652648926,26.33765733836405,-12.958177388561104,0
23.0,6.0,163.3418426513672,0.176106110215187,6.686623573303223,25.27192249816663,-14.19279533040508,0
8.0,7.0,554.2958984375,0.0,0.0,26.37417948416372,-9.174384971720132,0
40.0,7.0,60.45918273925781,0.0,0.0,24.34287659897038,-15.172093407040402,0
49.0,9.0,1377.357177734375,2.6919331550598145,151.09434509277344,30.56251670969501,-7.808422067420182,0
8.0,3.0,1356.7806396484375,4.058939456939697,127.51911926269533,33.12090549839715,-4.212311039075078,0
8.0,7.0,286.801025390625,0.9482786655426024,25.181062698364254,27.581766451031736,-11.325791581080594,0
16.0,3.0,1686.005126953125,4.846535682678223,138.59654235839844,33.0829888974164,-5.873904987608149,0
23.0,7.0,389.6836853027344,0.3937810361385345,9.598176956176758,24.60179695440023,-13.643799191737829,0
27.0,7.0,636.60205078125,0.0,6.68720817565918,27.051213663778796,-9.569816839478795,0
49.0,3.0,1603.698974609375,1.7339239120483398,48.4406852722168,29.444615662710888,-9.338127320022704,0
71.0,9.0,1624.2755126953125,12.73899269104004,286.7756042480469,31.4216557664285,-7.520367190159695,0
24.0,3.0,225.0714263916016,0.4980932772159576,10.280062675476074,32.52011546559417,-8.56757834448817,0
8.0,7.0,327.9540710449219,0.0,5.581778526306152,22.29293657625013,-13.561253421073497,0
23.0,6.0,122.18877410888672,0.0,7.543493747711182,25.351978913526267,-14.527695419727369,0
13.0,6.0,410.26019287109375,0.4980932772159576,13.372663497924805,27.148925045604237,-12.047868550344328,0
8.0,6.0,245.64796447753903,0.5568813681602478,11.463768005371094,21.56270081226043,-13.758599552367611,0
24.0,6.0,348.5306091308594,0.7043924927711487,19.75336265563965,30.486526246337608,-8.755074666477329,0
8.0,7.0,369.1071472167969,0.0,0.0,23.656181202358532,-12.437871130073615,0
14.0,7.0,471.9898071289063,0.3522094488143921,13.01381492614746,29.377887223267376,-7.850235865154363,0
8.0,3.0,1130.438720703125,3.077651023864746,65.04805755615234,34.270982808898026,-2.2166216399547483,0
27.0,6.0,142.7653045654297,0.5568816661834717,15.95972728729248,27.244706533864704,-12.7577208008654,0
8.0,7.0,307.3775634765625,0.3937810361385345,9.238591194152832,26.19107015482341,-12.757818134686158,0
29.0,7.0,266.2244873046875,0.1761064380407333,12.64385986328125,23.327954257686688,-15.023193526178266,0
56.0,3.0,1603.698974609375,12.729877471923828,300.8392333984375,31.210130121318503,-8.434368456133413,0
18.0,9.0,2241.571533203125,68.56204986572266,1126.838623046875,33.471293395427715,-4.029234091506449,0
14.0,3.0,389.6836853027344,3.804175615310669,115.30489349365234,34.91983618942503,-2.127804163540225,0
14.0,1.0,101.61224365234376,1.281864047050476,28.511682510375977,35.195052964414664,-6.054483407170693,0
14.0,7.0,266.2244873046875,0.6349368691444397,50.06488037109375,28.725283011236403,-10.57695879848916,0
29.0,7.0,266.2244873046875,0.0,9.945161819458008,22.512774131591595,-15.635294525969307,0
18.0,3.0,1768.311279296875,0.3522095680236816,30.97176170349121,32.92960646434904,-2.379130392469992,0
8.0,7.0,554.2958984375,0.0,4.031128883361816,26.225585379828235,-9.486170362833851,0
8.0,7.0,225.0714263916016,0.2490511536598205,16.461246490478516,25.33546073937814,-13.474045591058257,0
18.0,3.0,1274.4744873046875,3.986175060272217,187.5899810791016,34.37785117644632,-2.676176907973625,0
69.0,3.0,657.1785888671875,5.349165916442871,108.7251434326172,30.77111051675238,-9.556888978557769,0
82.0,3.0,1295.051025390625,0.0,13.8699312210083,31.659064532773197,-3.433103347863701,0
14.0,7.0,595.448974609375,3.8724446296691895,81.8273696899414,29.907773276891668,-6.689538747224514,0
82.0,3.0,369.1071472167969,79.74169158935547,1165.1116943359375,32.30621370242368,-24.0936511813955,0
27.0,6.0,595.448974609375,0.0,0.0,27.631270293921403,-9.082162321665203,0
37.0,3.0,204.49490356445312,0.5283060073852539,11.63994312286377,32.83577838471122,-8.325937989198197,0
38.0,9.0,1541.9693603515625,2.1486518383026123,48.69291687011719,30.835575736036287,-6.702830817220945,0
8.0,5.0,595.448974609375,1.375176191329956,47.7519645690918,32.52605955898998,-7.219203290629198,0
24.0,5.0,471.9898071289063,0.7875241041183472,16.46112823486328,31.606047234859464,-8.397922923930672,0
37.0,6.0,204.49490356445312,0.3937810361385345,10.91909122467041,24.27632508103336,-14.957006046632324,0
43.0,3.0,1500.8162841796875,0.5283054709434509,9.874208450317385,33.26150303816582,-1.9990538246668148,0
69.0,7.0,369.1071472167969,0.0,9.165151596069336,24.172619111593136,-13.422093035442836,0
8.0,7.0,348.5306091308594,0.1761064380407333,10.08092212677002,23.591643255330663,-12.456071820089516,0
39.0,7.0,286.801025390625,0.0,0.0,22.362167305108724,-14.70050006915072,0
8.0,7.0,327.9540710449219,0.3522094488143921,14.631141662597656,26.998911901655934,-10.83757634187875,0
27.0,7.0,101.61224365234376,0.4980930685997009,10.213922500610352,25.051161983395144,-14.300556748790244,0
71.0,9.0,1974.0765380859373,2.1772713661193848,115.56924438476562,32.61357953665382,-5.795711104992783,0
8.0,7.0,101.61224365234376,0.4980930685997009,12.909238815307615,30.182383435092788,-9.60359298936049,0
13.0,3.0,595.448974609375,4.119205474853516,85.9460220336914,32.70465548630177,-6.578920883278008,0
8.0,7.0,327.9540710449219,0.2490513324737548,8.231513023376465,23.567410582386668,-12.993117366403135,0
60.0,7.0,533.7193603515625,0.3937802016735077,9.875791549682615,29.159897394463822,-8.512204640939485,0
8.0,7.0,348.5306091308594,0.1761064380407333,8.23008918762207,22.3182463666382,-14.333641954572508,0
69.0,7.0,369.1071472167969,0.3937810361385345,19.924074172973636,23.643337121967924,-14.273515679899845,0
43.0,5.0,595.448974609375,0.7471163868904114,20.91874122619629,31.49936921012184,-8.3943453133417,0
8.0,6.0,122.18877410888672,0.7875245213508606,20.394664764404297,30.06475226627697,-9.610411385953512,0
14.0,3.0,821.7908325195312,0.5283065438270569,10.280442237854004,30.575188908897868,-4.985469479653357,0
32.0,3.0,862.94384765625,0.7043917179107666,13.167194366455078,32.85673337138231,-7.238682856186294,0
82.0,7.0,595.448974609375,3.561300754547119,75.14714813232422,29.58183483301875,-6.160578234204175,0
24.0,7.0,348.5306091308594,0.4980932772159576,17.459999084472656,27.02297520794201,-10.542084910896468,0
40.0,6.0,101.61224365234376,0.0,8.064255714416504,26.016526888678275,-14.462666647408694,0
23.0,6.0,163.3418426513672,0.0,0.0,25.280428978561496,-14.357179318280965,0
37.0,7.0,142.7653045654297,0.5283060073852539,15.746030807495115,24.469533330450115,-14.930026128551429,0
70.0,1.0,513.1428833007812,12.35783863067627,267.432861328125,35.10050032329276,-5.651442248289012,0
66.0,9.0,533.7193603515625,3.7263762950897217,92.70298767089844,29.136691014094577,-10.1750388223791,0
59.0,8.0,1830.040771484375,1.5943034887313845,32.92035675048828,31.29958958113503,-6.0633178629791775,0
39.0,7.0,327.9540710449219,0.0,4.033066272735596,23.100790207008277,-14.57768729022484,0
56.0,3.0,842.3673706054688,1.6609238386154177,40.855690002441406,33.0495084647755,-6.165254136941016,0
71.0,3.0,1480.23974609375,4.747251510620117,90.85771942138672,31.95651092985391,-6.669168764930682,0
8.0,3.0,883.5203857421875,0.7471163868904114,19.303497314453125,31.17979434151316,-4.386937543186747,0
8.0,7.0,307.3775634765625,0.0,0.0,21.97619977100474,-13.715209165565968,0
43.0,3.0,1624.2755126953125,0.4980932772159576,31.30095863342285,33.38648444572106,-3.305206854914781,0
24.0,3.0,1624.2755126953125,0.3937803208827972,11.640446662902832,33.67124340347049,-3.106848312575859,0
8.0,7.0,348.5306091308594,0.6349368691444397,29.09977531433105,28.35210648922718,-9.496213980080388,0
32.0,11.0,1253.89794921875,0.9961113333702089,30.795698165893555,31.902174669228867,-4.0408804695896805,0
14.0,7.0,1974.0765380859373,0.1761069595813751,16.94107437133789,33.17699539428586,-4.541595858483221,0
29.0,7.0,225.0714263916016,0.5283054709434509,9.876779556274414,21.86999361873368,-15.51115195545028,0
82.0,3.0,1644.85205078125,0.5283054709434509,833.72705078125,30.026885873018063,-21.446243766362823,0
69.0,7.0,471.9898071289063,0.5283050537109375,19.302282333374023,26.290693525043444,-11.798526783886654,0
8.0,7.0,410.26019287109375,0.2490513324737548,11.4632568359375,22.66524112961011,-13.217724166533197,0
18.0,3.0,1027.55615234375,1.8379780054092407,74.13922882080078,34.435401348422964,-2.3909390909700226,0
8.0,6.0,307.3775634765625,0.1761063039302826,9.598990440368652,25.92819774206079,-12.87832372487782,0
16.0,3.0,1480.23974609375,1.245068073272705,91.85858917236328,33.10428838710986,-5.886702927281576,0
8.0,6.0,266.2244873046875,0.0,6.686623573303223,26.487177657096225,-12.615560163683744,0
24.0,6.0,60.45918273925781,0.7471160888671875,36.214691162109375,29.94756206246536,-9.604979382733278,0
23.0,6.0,286.801025390625,0.4980932772159576,9.876582145690918,24.476864307727755,-14.31646680862794,0
29.0,7.0,225.0714263916016,0.3937810361385345,14.397672653198242,22.445900503208687,-15.673652136269345,0
46.0,3.0,1048.1326904296875,3.872443437576294,89.88394927978516,33.008219309413754,-5.886171155964394,0
8.0,7.0,554.2958984375,0.3937812745571136,9.165151596069336,26.11644471347772,-10.84544993387007,0
9.0,9.0,801.2142944335938,1.9444166421890257,171.9589385986328,34.8083497365612,-2.364959643116978,0
69.0,7.0,451.4132690429688,0.4980932772159576,11.464619636535645,23.736718252495194,-13.741877258042122,0
8.0,3.0,369.1071472167969,0.1761067062616348,42.57695388793945,34.63629549257025,-2.7842249183547176,0
8.0,7.0,60.45918273925781,0.0,0.0,21.75664193793433,-16.480930237868524,0
32.0,8.0,163.3418426513672,2.864423990249634,119.99768829345705,35.53776950591445,-5.626641590744043,0
8.0,7.0,513.1428833007812,0.0,0.0,26.839203064500087,-8.908884909341898,0
8.0,7.0,307.3775634765625,0.0,6.68720817565918,22.25479844700618,-14.203242704192972,0
43.0,3.0,1418.51025390625,1.51457679271698,36.80693054199219,33.40030969344442,-2.413806139861173,0
23.0,7.0,286.801025390625,0.5568816661834717,10.080147743225098,24.30900976365799,-14.428025438144592,0
8.0,7.0,389.6836853027344,0.0,0.0,22.67695730394611,-14.332714236636706,0
18.0,9.0,1562.5458984375,3.522097110748291,105.93040466308594,33.91019943599574,-4.150333059133989,0
8.0,7.0,245.64796447753903,0.5283054709434509,11.63994312286377,21.70403470948072,-14.243517022706047,0
66.0,3.0,1624.2755126953125,9.729565620422363,201.81922912597656,29.586639725184053,-9.234437671832191,0
18.0,5.0,636.60205078125,0.3937808275222778,82.65950775146484,32.09271066723737,-6.8968272269848265,0
8.0,7.0,327.9540710449219,0.4980925321578979,9.598176956176758,24.51352496231812,-12.258148194888092,0
17.0,3.0,163.3418426513672,1.5747517347335815,26.10540580749512,32.755915066093166,-8.929951996395106,0
33.0,3.0,1151.0152587890625,1.026761174201965,90.58904266357422,29.39719863051167,-8.800314167454186,0
8.0,7.0,81.03571319580078,0.7260685563087463,21.525840759277344,26.008189815127068,-13.873138338394584,0
37.0,6.0,101.61224365234376,0.0,0.0,26.254057854507074,-14.143213070097776,0
82.0,3.0,1644.85205078125,17.837900161743164,860.4442138671875,29.74068870688147,-21.803425894473456,0
8.0,7.0,327.9540710449219,0.0,0.0,25.642704563103628,-12.69168506972011,0
8.0,9.0,657.1785888671875,4.351814270019531,109.17897033691406,34.99697187580745,-2.6824718563156145,0
61.0,7.0,636.60205078125,1.3751747608184814,94.72014617919922,29.36778055023244,-8.300222199430836,0
43.0,5.0,595.448974609375,0.1761069595813751,15.917757034301758,31.48621183946776,-8.493574720825162,0
69.0,7.0,245.64796447753903,1.4195287227630615,42.71992874145508,26.79370853479336,-12.117472353148097,0
43.0,3.0,1377.357177734375,0.0,8.782084465026855,33.42117946890065,-1.9801106647884108,0
38.0,7.0,183.9183654785156,0.7875245809555054,30.619579315185547,28.46312745508937,-10.719026200310829,0
8.0,7.0,410.26019287109375,0.0,0.0,23.33324121351623,-13.764119358112293,0
18.0,9.0,1624.2755126953125,3.8564915657043457,98.37682342529295,33.80939796038254,-3.742602664905853,0
13.0,7.0,163.3418426513672,2.686185598373413,50.84360504150391,28.162136902466543,-11.639660045980497,0
8.0,7.0,348.5306091308594,0.5568816661834717,10.280442237854004,22.64831047804706,-13.602637041704773,0
82.0,8.0,1068.709228515625,2.4513885974884038,91.46720886230467,30.573105007509565,-4.5786625045165925,0
49.0,3.0,1624.2755126953125,4.795555591583252,127.71060943603516,30.510335983673134,-7.117031114273471,0
41.0,5.0,616.0255126953125,0.8804662227630615,21.36732292175293,31.981389099623563,-7.233112151156971,0
8.0,3.0,862.94384765625,0.2490513324737548,15.311351776123049,33.745573845914066,-5.558100684013757,0
24.0,5.0,122.18877410888672,0.9482784271240234,22.540414810180664,33.79893795218479,-7.0412083956803855,0
24.0,2.0,19.306121826171875,0.0,6.686584949493408,34.34149637573463,-6.073757676372045,0
39.0,6.0,163.3418426513672,0.0,0.0,22.27506531320756,-16.143218710122106,0
56.0,3.0,1274.4744873046875,4.518307209014893,94.8999481201172,33.47882958191428,-5.353823302484155,0
29.0,7.0,327.9540710449219,0.0,4.033066272735596,22.403920837679262,-15.07893666193927,0
8.0,9.0,1130.438720703125,5.996640205383301,163.7998046875,28.81531123765026,-9.347460683910574,0
8.0,7.0,369.1071472167969,1.37517511844635,20.91948890686035,23.562990350282345,-12.901043120176713,0
23.0,6.0,101.61224365234376,0.1761064082384109,18.51432609558105,23.19537487803051,-15.914109113117451,0
71.0,9.0,2344.4541015625,79.69697570800781,1117.6070556640625,31.48049453104784,-6.151830398251512,0
82.0,7.0,616.0255126953125,0.0,62.82291412353516,29.75480357874309,-5.4167910579728,0
29.0,7.0,286.801025390625,0.2490513324737548,12.856782913208008,22.717906557639875,-15.110433755864388,0
71.0,5.0,657.1785888671875,3.132370710372925,73.8463363647461,32.06909678836531,-7.071941737356229,0
31.0,3.0,677.755126953125,24.630430221557617,848.9807739257812,28.20967954514169,-23.27072244680713,0
49.0,9.0,1624.2755126953125,4.2769036293029785,110.7429428100586,29.87411449937173,-8.903832385587368,0
67.0,7.0,327.9540710449219,0.0,4.033066272735596,28.510826908826523,-8.864090456905911,0
56.0,3.0,904.096923828125,2.0603902339935303,66.79492950439453,32.77338152149168,-5.884876130752134,0
23.0,6.0,307.3775634765625,0.0,12.096293449401855,25.034403323823323,-13.821209992620552,0
27.0,7.0,657.1785888671875,0.0,0.0,27.197608110533626,-9.921259419674548,0
28.0,7.0,389.6836853027344,0.2490513324737548,12.04029655456543,29.083392914840864,-8.15777343028329,0
8.0,7.0,389.6836853027344,0.5568816661834717,10.21411418914795,23.430778644116707,-14.01322584276133,0
14.0,3.0,1871.19384765625,1.760517120361328,46.44620513916016,31.208849654492013,-6.720669664573299,0
8.0,6.0,163.3418426513672,0.0,0.0,27.13946622773932,-12.737509217958852,0
58.0,9.0,286.801025390625,6.150068759918213,140.60618591308594,35.01457418937991,-2.513309793652587,0
51.0,5.0,471.9898071289063,0.4980932772159576,12.643550872802734,32.20818021585449,-7.04945015038156,0
23.0,7.0,245.64796447753903,0.5568813681602478,10.280442237854004,23.62248896604468,-15.167691804373236,0
8.0,10.0,471.9898071289063,1.504312515258789,39.24860763549805,31.545659624457144,-8.670178761575173,0
13.0,6.0,307.3775634765625,0.7043924331665039,18.840614318847656,27.831301922485697,-11.845119670563165,0
14.0,3.0,1295.051025390625,0.5568823218345642,25.02248954772949,31.621228018499043,-5.117809475598273,0
49.0,3.0,1541.9693603515625,2.3939192295074463,46.80544662475586,29.432754802705915,-9.374163316256825,0
82.0,5.0,60.45918273925781,78.2286605834961,117.16812133789062,31.134544478451485,-9.8468655205827,0
71.0,3.0,1974.0765380859373,3.464674711227417,80.64427947998047,33.58433340190338,-4.843661754221872,0
8.0,7.0,327.9540710449219,0.0,0.0,23.85822596569311,-12.245780484553883,0
8.0,7.0,554.2958984375,0.1761069595813751,32.40370178222656,26.232393278529607,-10.86394260153532,0
13.0,7.0,554.2958984375,1.9681609869003296,77.2099380493164,28.14036594477899,-9.138478128728485,0
14.0,5.0,286.801025390625,0.0,8.23056411743164,33.27960450761822,-7.501764468127578,0
28.0,7.0,430.8367309570313,0.1761064380407333,9.164299011230469,29.31446758308329,-7.824213843841754,0
24.0,7.0,513.1428833007812,0.2490505874156952,18.696590423583984,27.527265710218508,-10.916264573966558,0
39.0,7.0,286.801025390625,0.5568816661834717,10.280062675476074,22.19586384264707,-14.797750138533209,0
27.0,6.0,101.61224365234376,0.0,4.032218933105469,27.407522963783208,-12.878063352547436,0
45.0,6.0,286.801025390625,0.0,8.787420272827148,21.597688177523853,-13.57050082732214,0
48.0,7.0,1932.9234619140625,0.8804662227630615,25.28833770751953,33.08084089420553,-4.5298554292557744,0
8.0,7.0,286.801025390625,0.1761064380407333,8.231039047241211,22.21301042224995,-14.063648074854797,0
8.0,7.0,327.9540710449219,0.0,5.581778526306152,25.466949681582182,-12.783390764197256,0
40.0,7.0,60.45918273925781,0.4980930685997009,25.02147483825684,28.250912294600276,-11.57342504229224,0
56.0,9.0,1171.591796875,7.530975341796875,131.08631896972656,33.50957632248477,-5.965410245952391,0
14.0,9.0,451.4132690429688,1.0710922479629517,25.36853408813477,33.72905906261005,-6.618319443758876,0
8.0,7.0,225.0714263916016,0.176106110215187,12.90938949584961,27.01338816446069,-11.40852045878449,0
8.0,7.0,451.4132690429688,0.1761064380407333,7.543622970581055,23.469331290831374,-13.63844193277003,0
40.0,6.0,81.03571319580078,0.2490513324737548,10.279967308044434,23.99406864187968,-15.401841513432815,0
24.0,3.0,1315.6275634765625,0.0,0.0,33.76366989772804,-2.426922535075041,0
24.0,6.0,410.26019287109375,0.1761064380407333,20.75639915466309,28.97911054667072,-9.839447849670488,0
24.0,5.0,451.4132690429688,1.11365807056427,25.36822509765625,31.5812630205546,-8.534284018934105,0
39.0,7.0,307.3775634765625,0.0,6.68720817565918,22.460088101086768,-14.664512894032711,0
16.0,3.0,1521.392822265625,2.8859243392944336,94.3980941772461,33.114962676107844,-5.886762084524681,0
14.0,3.0,1418.51025390625,3.319058418273926,89.95137786865234,32.21630105881014,-2.051695523568084,0
62.0,7.0,19.306121826171875,0.0,0.0,21.93244890608144,-16.829022859145933,0
8.0,11.0,965.8265380859376,0.5283054709434509,10.07472038269043,31.46790295678244,-4.383674475065132,0
13.0,3.0,1747.7347412109375,2.451388120651245,63.488189697265625,32.99271904459117,-2.807788549427739,0
23.0,6.0,266.2244873046875,0.3937810361385345,10.21373176574707,23.875921394803367,-14.928559865174254,0
24.0,7.0,163.3418426513672,0.634936511516571,31.91945457458496,28.160014233479647,-11.266691542434822,0
13.0,3.0,513.1428833007812,6.326233863830566,153.68118286132812,31.242736543361268,-9.50419191405101,0
23.0,6.0,225.0714263916016,0.4980932772159576,11.755650520324709,24.818572729384545,-14.15086559390202,0
41.0,5.0,595.448974609375,0.1761069595813751,20.7236270904541,32.03260806411836,-7.3720214141618365,0
8.0,7.0,204.49490356445312,0.498092919588089,10.08053493499756,21.61414481826695,-15.191836839020498,0
45.0,7.0,39.88265228271485,0.7260686755180359,16.987794876098633,27.555772095718392,-13.057443551913424,0
8.0,8.0,204.49490356445312,0.0,16.461246490478516,34.99283771523958,-3.0067410282846376,0
69.0,5.0,430.8367309570313,0.3937810361385345,13.423394203186035,32.83653500633953,-7.794727450973759,0
79.0,10.0,3928.846923828125,79.61823272705078,1036.7794189453125,29.345001501436155,-0.501445784881773,0
60.0,7.0,369.1071472167969,1.2450684309005735,28.10471534729004,26.30575183696576,-11.31613770512604,0
8.0,3.0,1809.4642333984373,4.612605571746826,92.15204620361328,30.893605109137223,-7.17383814355789,0
8.0,10.0,307.3775634765625,2.177273750305176,64.80789184570312,34.10612415698707,-4.622216558690882,0
8.0,7.0,204.49490356445312,0.7471163868904114,12.373263359069824,22.824631360691733,-15.691220914465385,0
14.0,3.0,1295.051025390625,0.0,4.015594482421875,32.420706911202146,-2.1069173632565024,0
49.0,9.0,1233.3214111328125,3.659562587738037,115.27033233642578,29.466984418458814,-9.619408236453111,0
8.0,7.0,492.5663146972656,0.0,6.68720817565918,26.14766308300547,-8.95366943530336,0
8.0,7.0,369.1071472167969,0.0,0.0,24.88046645866018,-12.145207118882754,0
8.0,3.0,883.5203857421875,0.8804662227630615,78.84161376953125,30.08888481062277,-6.704375573602031,0
59.0,8.0,595.448974609375,0.8804664015769958,70.06157684326172,33.93379641573552,-3.484118597852921,0
14.0,3.0,1089.2857666015625,0.0,10.60660171508789,31.94778534413781,-3.46428123964613,0
69.0,7.0,513.1428833007812,0.3522103428840637,13.01441478729248,23.6131035688928,-13.696698431584036,0
23.0,6.0,163.3418426513672,0.0,5.581953525543213,25.863109213044417,-14.106939793935307,0
8.0,7.0,327.9540710449219,1.2450675964355469,37.71739196777344,27.850741297213933,-11.055360908608067,0
8.0,7.0,327.9540710449219,0.7875241041183472,17.957197189331055,26.606732430224746,-12.222393782464016,0
82.0,7.0,657.1785888671875,0.0,0.0,29.60540794835565,-5.599715418895333,0
8.0,3.0,986.403076171875,2.928452730178833,58.91625595092773,30.629164912815718,-5.26893248554972,0
71.0,3.0,1747.7347412109375,1.4519020318984983,49.81967544555664,33.89240479952856,-2.9474078001765256,0
32.0,3.0,1562.5458984375,0.1761069595813751,15.402921676635742,32.727367854084854,-1.99438379603574,0
82.0,3.0,924.6734619140624,1.51457679271698,40.20338821411133,30.32969546223438,-4.937415117217864,0
32.0,7.0,1994.653076171875,1.574755072593689,64.89221954345703,32.977365055123954,-3.112273927348051,0
23.0,6.0,101.61224365234376,0.3937810361385345,9.238855361938477,24.589142174077047,-14.895578956040245,0
8.0,7.0,595.448974609375,0.5283054709434509,10.2774019241333,26.353612868853663,-9.468168341045436,0
8.0,3.0,616.0255126953125,0.8978995084762573,47.16659164428711,33.9163804695861,-5.5200072370300015,0
82.0,3.0,1212.744873046875,75.12287139892578,612.3062133789062,31.60571157121021,-3.434278375978041,0
82.0,3.0,1644.85205078125,0.0,0.0,31.231028967709705,-23.8924097080757,0
82.0,7.0,636.60205078125,2.0071074962615967,32.54996109008789,29.6579979620296,-5.856112657073416,0
82.0,3.0,-63.0,78.38024139404297,853.4609985351562,28.34132539958413,-23.1865860530225,0
56.0,3.0,965.8265380859376,4.582511901855469,127.07158660888672,33.12270818845733,-6.381553872679153,0
8.0,11.0,986.403076171875,0.1761069595813751,8.78564167022705,31.477235444101247,-4.234133934304307,0
27.0,7.0,595.448974609375,0.0,0.0,27.53813227611133,-9.329089914015285,0
8.0,7.0,369.1071472167969,0.7260681986808777,21.77656364440918,27.63489657181344,-11.113953710240278,0
82.0,7.0,554.2958984375,0.0,6.68720817565918,29.64398044349058,-6.405144914401754,0
8.0,7.0,307.3775634765625,0.7043924331665039,32.36220932006836,24.21312792387498,-12.986760265170853,0
17.0,3.0,19.306121826171875,1.9041863679885864,37.90226745605469,33.53091226951614,-7.7755109741993556,0
69.0,7.0,348.5306091308594,0.3937810361385345,10.918733596801758,23.49787749771817,-14.891047205129455,0
41.0,5.0,327.9540710449219,0.7875239253044128,14.861075401306152,33.10183029765036,-7.878077653962948,0
8.0,7.0,471.9898071289063,0.2490513324737548,8.786530494689941,23.44360219985092,-13.556038580994509,0
18.0,5.0,307.3775634765625,7.922695636749268,165.77276611328125,31.69060506595894,-9.524804135469228,0
32.0,3.0,821.7908325195312,0.3937817513942718,14.815532684326172,32.77532944283078,-6.946328725327104,0
56.0,3.0,1624.2755126953125,14.118853569030762,330.0727233886719,31.200999078019954,-8.371964445700382,0
23.0,7.0,410.26019287109375,0.8978995084762573,19.30268669128418,24.473957962432703,-13.354832458938962,0
8.0,7.0,225.0714263916016,0.1761064380407333,9.238801956176758,21.66377255534386,-14.352403456409546,0
49.0,9.0,1397.9337158203125,2.6397335529327397,115.26924896240234,30.55541150898839,-8.141113015469594,0
14.0,3.0,821.7908325195312,0.3937816321849823,45.870059967041016,30.03935092647535,-7.230693493286733,0
14.0,3.0,1295.051025390625,1.812526822090149,39.47150802612305,34.15324694993384,-1.809968964867755,0
15.0,7.0,286.801025390625,0.3937810361385345,12.856782913208008,26.55020138939566,-11.52069399108126,0
8.0,7.0,286.801025390625,0.1761064380407333,8.86487102508545,24.532889527448425,-12.630047572996556,0
24.0,6.0,101.61224365234376,0.5283057689666748,26.847442626953125,28.3719211979306,-11.292229884252526,0
8.0,8.0,965.8265380859376,2.1486527919769287,67.18910217285156,31.21911305480225,-8.894303614755831,0
45.0,6.0,286.801025390625,0.0,4.032097816467285,21.864724003091077,-13.514056885933488,0
8.0,6.0,307.3775634765625,0.0,5.581778526306152,25.947823925271503,-12.90339352308927,0
46.0,9.0,1027.55615234375,6.323822021484375,169.68666076660156,33.36878496873051,-6.30798199040922,0
13.0,4.0,1480.23974609375,6.743653297424316,129.87686157226562,31.735492468250584,-4.480535547440692,0
24.0,7.0,225.0714263916016,0.3937803208827972,20.724098205566406,28.383818242554803,-9.798759258574286,0
13.0,3.0,1891.7703857421875,0.5283075571060181,72.4568862915039,32.729261081922246,-4.634358338832188,0
82.0,3.0,1644.85205078125,44.490604400634766,1213.6595458984375,29.924781045291528,-21.403307333343825,0
71.0,11.0,1336.2041015625,2.0071074962615967,65.41215515136719,32.15810240808332,-3.271443567928249,0
45.0,5.0,266.2244873046875,1.3751747608184814,37.21117782592773,31.82150530167754,-9.44329761504511,0
14.0,7.0,266.2244873046875,1.4195290803909302,58.466270446777344,28.77740210329327,-10.60410000667312,0
37.0,6.0,81.03571319580078,0.1761064082384109,10.604437828063965,24.08661026441224,-15.19208118234388,0
68.0,3.0,513.1428833007812,1.2325575351715088,51.16242599487305,31.984900086684327,-8.999587357010062,0
82.0,7.0,780.6377563476562,0.0,60.179420471191406,29.86140961626021,-5.40457977843275,0
71.0,3.0,1686.005126953125,0.4980932772159576,21.23676109313965,32.330297891458535,-4.147470841127672,0
8.0,7.0,286.801025390625,0.7875247597694397,32.96363830566406,27.54810855175801,-11.359485422288198,0
27.0,7.0,183.9183654785156,0.1761063784360885,9.238801956176758,26.87799930551342,-13.156281784969767,0
32.0,8.0,101.61224365234376,0.7471160888671875,33.8757209777832,35.64425234208871,-5.692228686940521,0
56.0,3.0,924.6734619140624,1.0710917711257937,35.439208984375,32.74120353967134,-5.922591667175197,0
8.0,7.0,327.9540710449219,0.1761064380407333,6.68720817565918,22.068191034846503,-13.610134029574692,0
18.0,3.0,1006.9796142578124,0.6349360942840576,36.0078125,33.63461228589586,-3.46516183732584,0
10.0,3.0,1541.9693603515625,3.243780851364136,74.04559326171875,30.175696054094647,-6.558331947200564,0
14.0,5.0,636.60205078125,0.9961113333702089,19.71832847595215,31.467059922456876,-8.405719365613692,0
39.0,6.0,122.18877410888672,0.9961110949516296,24.69181060791016,21.703888235816297,-16.15907599478066,0
32.0,8.0,616.0255126953125,0.8804662227630615,66.63238525390625,32.66420641672111,-6.3133545283284045,0
29.0,7.0,307.3775634765625,0.0,4.032097816467285,22.83910266298698,-14.92886242643432,0
27.0,6.0,574.8724365234375,0.2490513324737548,8.787420272827148,27.51364429160517,-9.101366631190432,0
8.0,3.0,986.403076171875,3.171570301055908,110.16096496582033,31.21767397794628,-8.94394048803676,0
8.0,7.0,225.0714263916016,0.0,0.0,28.165512685088448,-10.701897488237726,0
14.0,3.0,1130.438720703125,0.1761043518781662,10.541584014892578,32.168348450271914,-2.706334802051169,0
69.0,7.0,327.9540710449219,0.5568807125091553,11.813657760620115,23.480653743014905,-14.96965983088802,0
8.0,7.0,307.3775634765625,0.3937802612781524,9.598176956176758,22.397709603539944,-13.853446602832689,0
23.0,6.0,163.3418426513672,0.0,6.686331748962402,25.06387651610025,-14.674893138597584,0
14.0,3.0,60.45918273925781,0.5568814277648926,45.08091735839844,34.66261089874182,-5.843846776922755,0
60.0,7.0,471.9898071289063,0.8804649710655212,22.77951431274414,26.646131604303974,-10.154803408681696,0
8.0,7.0,369.1071472167969,0.5283060073852539,9.87737274169922,22.822799377971204,-13.811000895963469,0
71.0,3.0,1891.7703857421875,1.026761531829834,89.78585815429688,32.18584566155315,-4.81477261626849,0
71.0,9.0,1686.005126953125,6.082648754119873,192.3291473388672,32.68861328777252,-5.682438702524367,0
14.0,11.0,1233.3214111328125,0.7043924927711487,46.82146835327149,32.265468999579475,-3.306562266547028,0
15.0,7.0,410.26019287109375,1.0710912942886353,18.660202026367188,26.77458189537089,-10.386325704646923,0
27.0,6.0,574.8724365234375,0.5283054709434509,9.875791549682615,27.48364241323685,-9.040540233861192,0
8.0,11.0,1027.55615234375,0.3937812745571136,9.874208450317385,31.51128525424419,-4.470383689271586,0
8.0,7.0,348.5306091308594,2.2949254512786865,60.89540100097656,23.502174240823432,-12.861921829503666,0
39.0,6.0,101.61224365234376,0.5283059477806091,9.598431587219238,21.93621531197196,-16.263991554167625,0
29.0,7.0,327.9540710449219,0.3937810361385345,8.788753509521484,22.53505790744709,-15.148889282263465,0
15.0,7.0,533.7193603515625,0.1761056631803512,9.238167762756348,26.663344932844907,-8.748624552622866,0
48.0,5.0,492.5663146972656,0.5283069610595703,39.472694396972656,33.78455330745326,-6.37622603461896,0
60.0,7.0,595.448974609375,1.340946078300476,30.1734561920166,29.615675183985413,-7.685808918972623,0
62.0,7.0,39.88265228271485,0.0,0.0,21.93542154254493,-16.591835496221993,0
8.0,7.0,451.4132690429688,0.1761064380407333,6.686039447784424,23.566554735735902,-13.46325024107296,0
14.0,10.0,513.1428833007812,0.5283046960830688,13.117259979248049,33.82859396322388,-6.184887611507209,0
49.0,9.0,1212.744873046875,6.326234817504883,136.45420837402344,29.905120337253926,-8.121507845904523,0
14.0,3.0,821.7908325195312,0.0,6.689544200897217,30.58576843973968,-4.960762153990579,0
8.0,7.0,286.801025390625,0.4980932772159576,9.238591194152832,24.3700490310162,-12.525237053506746,0
62.0,7.0,19.306121826171875,0.0,0.0,21.58162486468264,-16.855432330632535,0
27.0,6.0,307.3775634765625,0.0,7.543622970581055,27.525266046917935,-12.170399663522211,0
69.0,7.0,451.4132690429688,0.1761064380407333,13.623852729797363,23.69926062820041,-13.819040789528632,0
8.0,7.0,574.8724365234375,0.4980932772159576,14.256577491760254,26.47983282332545,-9.190433317092744,0
8.0,7.0,327.9540710449219,0.3937802612781524,9.598176956176758,22.257886720852127,-13.750703066632544,0
24.0,7.0,327.9540710449219,0.0,0.0,24.43586555076467,-14.023104511154424,0
60.0,7.0,616.0255126953125,0.94827800989151,57.31955337524414,29.880723351505008,-7.141851349404164,0
66.0,9.0,2344.4541015625,75.74646759033203,863.0221557617188,30.96704817890906,-7.856414654677826,0
8.0,3.0,1027.55615234375,1.026761531829834,25.94947052001953,31.37705169078176,-3.8622591432888376,0
46.0,8.0,821.7908325195312,0.7043924927711487,24.88222312927246,33.042321919058345,-6.9383508971140735,0
28.0,7.0,307.3775634765625,0.4980925321578979,25.368379592895508,28.636411405792813,-9.2794022492942,0
8.0,7.0,430.8367309570313,0.0,0.0,23.04784684214966,-13.328623181578228,0
2.0,1.0,677.755126953125,62.73745727539063,1144.895263671875,34.32370954392689,-13.567332504226613,0
37.0,6.0,122.18877410888672,0.0,7.543493747711182,25.537215192925512,-14.604202548412427,0
56.0,9.0,1130.438720703125,3.397202014923096,135.98252868652344,33.37168033702015,-5.722806981858637,0
11.0,3.0,1624.2755126953125,11.188180923461914,228.5765686035156,30.47971229139649,-5.613964029415829,0
64.0,9.0,327.9540710449219,3.491295099258423,94.25405883789062,34.74831316367138,-5.727963798996544,0
10.0,8.0,554.2958984375,1.232558250427246,42.33792495727539,32.419931240589406,-8.29959892364459,0
8.0,7.0,348.5306091308594,0.1761064380407333,8.786975860595703,22.389088668559054,-14.238132399289334,0
69.0,7.0,389.6836853027344,0.1761063039302826,14.160353660583496,23.50169737271684,-14.845522760798444,0
8.0,7.0,327.9540710449219,0.0,10.080147743225098,27.237884753578967,-10.958661677103477,0
8.0,7.0,369.1071472167969,0.4980932772159576,13.168973922729492,24.490179261303524,-13.425670616105092,0
82.0,3.0,-1.2704081535339355,73.42609405517578,46.38338470458984,35.21578440965919,-3.585422303439653,0
8.0,3.0,883.5203857421875,0.4980932772159576,12.85252857208252,33.82018115529406,-5.174622615491221,0
79.0,10.0,3928.846923828125,32.13479232788086,1164.119140625,19.751178138374915,-19.645817626786275,0
27.0,7.0,616.0255126953125,0.0,0.0,27.31491191838844,-9.6292513857856,0
56.0,3.0,1932.9234619140625,6.102705001831055,244.92703247070312,31.200081829269557,-8.409190566660508,0
60.0,7.0,389.6836853027344,2.864424705505371,43.44321060180664,26.24856400658729,-11.395013286887009,0
29.0,7.0,286.801025390625,0.249051421880722,19.232133865356445,21.9358018012693,-15.246889329664548,0
8.0,7.0,307.3775634765625,0.3937804996967315,20.394737243652344,26.605579426574213,-11.678083147576924,0
24.0,3.0,821.7908325195312,0.4980932772159576,21.39947509765625,31.668135818444554,-7.463817173068844,0
71.0,9.0,1624.2755126953125,10.085918426513672,278.4043884277344,32.206475175192075,-6.1203184861226445,0
23.0,6.0,163.3418426513672,0.3937810361385345,10.080341339111328,24.48086472024617,-14.664529401897097,0
14.0,6.0,471.9898071289063,1.340944528579712,44.43007278442383,30.247816973357025,-8.893711714181691,0
8.0,7.0,369.1071472167969,0.5283060073852539,10.21411418914795,25.344664921747498,-12.703776422393714,0
8.0,7.0,266.2244873046875,0.0,4.031128883361816,24.1507784550608,-12.808777771764696,0
8.0,11.0,1027.55615234375,0.7043924927711487,13.169567108154297,31.543107514145785,-4.445128954664566,0
51.0,6.0,348.5306091308594,1.026761531829834,22.146528244018555,29.64319855777051,-9.761903978516534,0
23.0,6.0,122.18877410888672,0.5568814873695374,21.776161193847656,26.25215461419559,-13.883357410884846,0
8.0,7.0,554.2958984375,0.1761069595813751,8.78919792175293,26.91701023925068,-9.457126379476078,0
8.0,7.0,266.2244873046875,0.3937810361385345,11.164606094360352,21.963684233576544,-14.154288892340023,0
15.0,7.0,410.26019287109375,0.1761063039302826,14.11227321624756,25.691117495372573,-12.42583711062728,0
8.0,7.0,266.2244873046875,0.498092919588089,16.337146759033203,24.22214486894839,-12.687338699227562,0
23.0,6.0,204.49490356445312,0.0,4.032097816467285,25.658733122108096,-13.85350238303613,0
39.0,7.0,286.801025390625,0.1761064380407333,8.231039047241211,22.309853628387664,-14.695476422421413,0
14.0,3.0,1006.9796142578124,0.8804649710655212,50.7087287902832,31.83595696455132,-3.166595326502137,0
14.0,3.0,1521.392822265625,2.912576675415039,58.161415100097656,32.447322010993375,-3.327442020556441,0
27.0,7.0,101.61224365234376,0.2490513324737548,8.23056411743164,25.09242986366923,-14.316094021931548,0
24.0,6.0,39.88265228271485,0.9961109161376952,23.101900100708008,35.08629301568051,-2.8743395092277138,0
71.0,3.0,1171.591796875,2.501360416412353,61.778839111328125,34.47820519236928,-1.9769499653482832,0
45.0,7.0,266.2244873046875,0.0,0.0,21.720257461705312,-13.760881764927436,0
71.0,9.0,2138.688720703125,78.89239501953125,1019.7899780273438,32.08027927364022,-5.166498796917057,0
14.0,3.0,1171.591796875,0.9961113333702089,26.62001037597656,31.99182719547649,-3.5510067189726,0
23.0,7.0,327.9540710449219,0.0,5.583178043365479,24.23142878729797,-14.201092734089816,0
23.0,7.0,471.9898071289063,0.3937810361385345,17.575729370117188,24.303779879917805,-13.514030230858278,0
13.0,7.0,574.8724365234375,0.7875248789787292,15.958931922912598,27.53814563432025,-10.439252826668024,0
68.0,9.0,1932.9234619140625,2.996259927749634,71.91313934326172,30.965695887169097,-9.15700822100157,0
8.0,7.0,369.1071472167969,0.0,6.686039447784424,24.85084807308992,-12.108262169466222,0
10.0,9.0,2015.2296142578125,75.56175231933594,879.740966796875,30.99006848502867,-8.26587349820728,0
23.0,7.0,410.26019287109375,0.3937810361385345,17.382192611694336,24.26310094889948,-13.637676246678534,0
43.0,3.0,1500.8162841796875,0.5568816661834717,10.28348159790039,33.297921752422575,-2.162965207470944,0
17.0,3.0,122.18877410888672,0.393780767917633,25.153902053833008,33.46712854529688,-7.761039558609855,0
82.0,3.0,904.096923828125,0.4980932772159576,52.05525970458984,30.88563927768288,-3.821167058605604,0
13.0,3.0,1603.698974609375,1.574751377105713,44.58138656616211,33.16464427268317,-3.4501358029975937,0
18.0,3.0,965.8265380859376,1.8379796743392944,87.68623352050781,34.09332765137714,-2.851914042305653,0
14.0,5.0,327.9540710449219,0.5283050537109375,11.812664985656738,33.1508893691153,-7.536759038904609,0
32.0,11.0,1356.7806396484375,1.7339239120483398,50.90923309326172,32.009312405567755,-4.076826111958643,0
32.0,3.0,1562.5458984375,0.634937584400177,14.256577491760254,33.15788497514907,-2.549011294613826,0
18.0,3.0,1603.698974609375,4.931344509124756,193.0246124267578,31.65323171350546,-7.03919577935006,0
13.0,6.0,389.6836853027344,0.3937810361385345,12.908935546875,27.30741016901977,-11.880383624179233,0
24.0,3.0,821.7908325195312,0.0,0.0,30.841038309153284,-4.786415691672558,0
8.0,3.0,1109.8623046875,2.645581007003784,74.32109069824219,30.12597211539613,-6.091539628307767,0
14.0,3.0,904.096923828125,0.3937803208827972,14.86186408996582,32.87025013609411,-7.036550086964609,0
17.0,3.0,183.9183654785156,0.7260688543319702,17.957088470458984,33.380038655045816,-7.8477740692104145,0
23.0,7.0,183.9183654785156,0.6349367499351501,15.309693336486816,25.824521784125896,-13.31629896832557,0
32.0,8.0,101.61224365234376,0.2490513324737548,31.40600204467773,35.72903611521719,-5.862479720803366,0
29.0,7.0,307.3775634765625,0.5568811893463135,14.631141662597656,22.7564645322828,-15.273781838515244,0
62.0,7.0,19.306121826171875,0.4980930685997009,9.598456382751465,21.573107278618483,-16.629034166209795,0
11.0,9.0,1583.1224365234375,1.1274890899658203,105.40398406982422,31.386688174104982,-5.54149542689133,0
27.0,7.0,327.9540710449219,3.147127628326416,64.0508804321289,28.155307951905947,-11.567036700369592,0
26.0,9.0,1624.2755126953125,12.949987411499023,308.7851257324219,33.91196916330444,-4.342328281103401,0
8.0,3.0,307.3775634765625,3.2102859020233154,63.48775863647461,35.665788786091234,-5.574725833494287,0
39.0,7.0,430.8367309570313,0.3937810361385345,12.589678764343262,22.80866299810187,-14.401850311736323,0
43.0,3.0,1336.2041015625,78.22132110595703,660.0277709960938,33.519081399419626,-1.6702661552832094,0
13.0,5.0,60.45918273925781,56.7312126159668,33.53910827636719,33.12762743673831,-8.614884397932594,0
63.0,7.0,19.306121826171875,0.3937808573246002,9.876736640930176,26.143096455358723,-14.062145780587716,0
8.0,7.0,348.5306091308594,1.4195293188095093,53.37851333618164,24.853182179671368,-12.422057276962208,0
61.0,7.0,430.8367309570313,0.4980932772159576,17.956979751586914,28.968867275116843,-8.481489731057948,0
24.0,3.0,1480.23974609375,0.0,15.091388702392578,33.57987857244659,-2.8031171955710765,0
8.0,7.0,225.0714263916016,0.3937810361385345,14.255892753601074,24.42842223898786,-12.772509143438771,0
49.0,9.0,1480.23974609375,6.335871696472168,137.17279052734375,30.495230664622078,-7.966794274822542,0
8.0,7.0,410.26019287109375,0.5283058881759644,16.46112823486328,26.91093886097493,-10.4291796870842,0
29.0,7.0,286.801025390625,0.3937810361385345,10.918733596801758,22.875631134248664,-15.24036722917714,0
61.0,7.0,533.7193603515625,3.166696548461914,120.82463836669922,29.083755097542955,-8.570283392322533,0
8.0,7.0,286.801025390625,0.5568816661834717,10.280062675476074,21.98547586959127,-14.00948661002984,0
27.0,6.0,266.2244873046875,0.0,8.23056411743164,27.4666772374989,-12.261672118182236,0
8.0,7.0,348.5306091308594,0.0,5.582478046417236,25.807147163528324,-12.610510987017213,0
29.0,7.0,369.1071472167969,0.5283060073852539,13.013214111328123,22.87714429044848,-14.727401740113038,0
56.0,9.0,1295.051025390625,5.374890804290772,232.8465118408203,30.742404079866944,-8.764602918738584,0
43.0,3.0,1377.357177734375,0.3937812745571136,8.782084465026855,33.52153868065864,-2.575392092475077,0
24.0,3.0,1583.1224365234375,0.8804658055305481,19.72308349609375,32.849876812089576,-2.622236559544336,0
8.0,7.0,348.5306091308594,0.5568816661834717,11.813326835632324,24.512815454265372,-12.443300001921925,0
27.0,6.0,636.60205078125,0.2490498721599578,10.082472801208496,28.173887807181945,-8.731321314115814,0
8.0,7.0,389.6836853027344,0.0,5.581778526306152,22.943227692913457,-13.753111082972742,0
8.0,7.0,348.5306091308594,0.0,4.033066272735596,23.319728598398065,-12.904955652439268,0
14.0,6.0,1830.040771484375,0.249052807688713,15.740076065063477,32.731105688773205,-5.038483458671684,0
8.0,7.0,657.1785888671875,3.2722156047821045,168.42820739746094,29.996067311808567,-6.372292646068667,0
14.0,3.0,1295.051025390625,0.3937812745571136,9.246621131896973,32.49941559685926,-2.708849172926622,0
14.0,9.0,1809.4642333984373,1.51457679271698,43.83206558227539,33.27170250049498,-4.362761775770444,0
56.0,3.0,883.5203857421875,2.1772735118865967,127.65676879882812,29.297383967935087,-8.553367834799301,0
15.0,7.0,369.1071472167969,0.4980932772159576,13.62442684173584,26.40064781094644,-11.534548313767484,0
39.0,7.0,142.7653045654297,0.4980932772159576,9.876582145690918,21.520912282380763,-15.756190088176892,0
36.0,9.0,2138.688720703125,4.642502307891846,446.265625,31.17326846057692,-5.541158704836195,0
8.0,7.0,348.5306091308594,0.3522095680236816,8.23056411743164,24.537452022818965,-12.38722733262613,0
27.0,6.0,595.448974609375,0.0,0.0,27.805729203456643,-8.945476225073143,0
14.0,3.0,1027.55615234375,1.1136581897735596,28.50986671447754,33.26610056256153,-3.8291219758692336,0
49.0,9.0,1212.744873046875,7.54303503036499,250.7977294921875,30.430735958636436,-8.445155368438927,0
8.0,7.0,286.801025390625,0.3937810361385345,10.080147743225098,21.867841069546703,-14.168209895394847,0
23.0,7.0,266.2244873046875,0.3522095084190368,20.88687896728516,23.252910343320465,-15.27900552691205,0
37.0,3.0,163.3418426513672,0.5283056497573853,16.17059898376465,33.00710114386297,-8.306292659866966,0
8.0,7.0,286.801025390625,0.5283060073852539,10.280062675476074,25.401245075391437,-12.976958139421535,0
24.0,3.0,1541.9693603515625,0.2490498721599578,12.854960441589355,33.17022245818119,-2.180375059869636,0
62.0,7.0,19.306121826171875,0.2490512281656265,7.19753885269165,22.059908493611,-16.82140703761707,0
8.0,7.0,266.2244873046875,0.0,0.0,21.749363922105623,-14.20258421333196,0
24.0,7.0,286.801025390625,0.0,0.0,27.183658869695694,-10.753177842048268,0
27.0,6.0,81.03571319580078,0.5283059477806091,10.280038833618164,27.352013818161684,-13.076475381731642,0
18.0,9.0,2426.76025390625,80.21367645263672,1157.5467529296875,33.56677633010319,-3.976731233458542,0
14.0,3.0,1295.051025390625,0.1761069595813751,9.52627944946289,32.43483766347058,-2.685630933890329,0
82.0,3.0,2344.4541015625,78.51004791259766,938.2702026367188,29.299912259783788,-0.4430139320800131,0
43.0,3.0,1418.51025390625,0.1761069595813751,14.256577491760254,33.378156437678086,-1.9690623475675293,0
12.0,10.0,780.6377563476562,5.794361591339111,115.01073455810548,34.20400199596994,-5.019499761895999,0
71.0,3.0,1336.2041015625,1.4939788579940796,70.1970443725586,32.12292611581912,-3.761533324969339,0
71.0,3.0,1541.9693603515625,1.5043123960494995,42.36743927001953,33.834606448032694,-2.7315537300094803,0
14.0,3.0,1521.392822265625,1.232558250427246,43.9886360168457,32.74618027690937,-4.103667244315899,0
29.0,7.0,204.49490356445312,0.1761063784360885,8.787642478942871,23.31327474093328,-15.193556811936103,0
10.0,7.0,595.448974609375,1.4195293188095093,54.905033111572266,28.53553342126815,-10.011137740286278,0
24.0,3.0,183.9183654785156,0.0,8.230683326721191,32.859760696216775,-8.212862701869563,0
82.0,3.0,1644.85205078125,0.0,464.05224609375,32.26128874046444,-24.033014351107425,0
56.0,3.0,965.8265380859376,1.071091890335083,46.89282989501953,32.86918732245678,-5.948649521299049,0
23.0,7.0,327.9540710449219,0.0,0.0,24.020824156856055,-14.320095551621977,0
59.0,9.0,1809.4642333984373,58.55925369262695,741.67431640625,31.97111070794953,-6.206064280906886,0
71.0,3.0,1377.357177734375,7.374342441558838,173.22239685058594,33.75577337308167,-5.0214566020205496,0
8.0,7.0,183.9183654785156,0.4980932772159576,10.21373176574707,21.477112599466817,-15.312968805971918,0
69.0,3.0,1521.392822265625,1.837981343269348,71.73388671875,32.65254242482175,-2.8808873064182032,0
1.0,1.0,1706.5816650390625,66.28549194335938,810.1741943359375,35.5411646911119,-0.0018714577439956,0
49.0,9.0,1768.311279296875,2.6397361755371094,88.63125610351562,30.27505186298431,-8.267833063417923,0
32.0,10.0,19.306121826171875,0.8804654479026794,31.50911521911621,35.70746282188397,-5.927715488318058,0
8.0,7.0,286.801025390625,0.0,8.86443042755127,24.50813395770161,-12.686054733695302,0
8.0,7.0,492.5663146972656,0.3937804996967315,16.336788177490234,26.995031954189912,-9.935193418533338,0
8.0,3.0,1315.6275634765625,4.149007320404053,99.9474868774414,30.62906674782856,-5.601983111305981,0
29.0,7.0,286.801025390625,0.6349368691444397,30.24121856689453,21.66887651640597,-15.636725461768783,0
13.0,3.0,1130.438720703125,3.868462324142456,73.82919311523438,31.451901582956285,-3.8734225493654537,0
8.0,3.0,904.096923828125,0.5568816661834717,10.213349342346191,31.31693187942129,-4.211358408230087,0
11.0,7.0,595.448974609375,1.6231913566589355,219.6524658203125,25.819076578945538,-12.059860152836247,0
69.0,3.0,595.448974609375,5.271220684051514,104.38944244384766,31.05894538774956,-9.570215463514897,0
56.0,9.0,801.2142944335938,1.936439037322998,85.63038635253906,29.15794328383266,-8.96144640883824,0
8.0,7.0,410.26019287109375,0.0,0.0,23.31909429556179,-13.225157157353069,0
15.0,7.0,451.4132690429688,0.8804656863212585,32.46656799316406,25.00755597591875,-12.666214639864789,0
8.0,7.0,266.2244873046875,0.0,0.0,24.27383304820449,-12.19476336083787,0
24.0,7.0,369.1071472167969,0.5568816661834717,10.08092212677002,24.43876391688061,-13.699165687506284,0
29.0,7.0,266.2244873046875,0.5283057689666748,11.813326835632324,21.950164413888825,-15.440410761534327,0
24.0,7.0,554.2958984375,1.2450685501098633,27.911130905151367,27.80642615055466,-10.633464564843,0
23.0,6.0,183.9183654785156,0.5568813681602478,10.21373176574707,25.458345426737782,-13.976031964166603,0
39.0,7.0,307.3775634765625,0.3937810361385345,9.598584175109863,23.49960013987001,-14.351992518501335,0
39.0,7.0,101.61224365234376,0.3937808573246002,10.080341339111328,21.60523597998093,-15.979177481463298,0
18.0,7.0,2220.994873046875,61.76515197753906,920.4892578125,33.34363146825873,-4.0693878770493,0
75.0,8.0,3949.423583984375,79.31353759765625,1453.003173828125,34.49921848460112,-12.240154637831182,0
82.0,7.0,636.60205078125,0.5283054709434509,13.170753479003906,29.658825270567014,-5.502200867393079,0
56.0,9.0,471.9898071289063,3.561300039291382,82.51165008544922,33.62573006334774,-6.195822746079735,0
37.0,6.0,122.18877410888672,0.1761064082384109,5.582215785980225,23.42287400334212,-15.858701053379487,0
81.0,3.0,307.3775634765625,79.09518432617188,1287.4295654296875,21.48074752785411,-3.411763277712838,0
14.0,9.0,451.4132690429688,3.868463039398194,71.78113555908203,33.625394061636285,-6.246855587419494,0
13.0,8.0,286.801025390625,1.769290328025818,65.84493255615234,31.713732324254234,-9.138556877500172,0
8.0,7.0,369.1071472167969,0.0,4.033066272735596,23.370751306039985,-12.931822672463095,0
24.0,7.0,307.3775634765625,0.0,7.543622970581055,26.786253193328943,-10.837067378526228,0
69.0,6.0,348.5306091308594,0.7875248789787292,14.256303787231444,27.648662109261952,-11.676925434093585,0
49.0,3.0,1089.2857666015625,1.6231915950775146,82.85529327392578,29.42835919547139,-8.436105123953581,0
24.0,7.0,574.8724365234375,0.5283054709434509,14.256577491760254,26.607270409891605,-9.502811336069795,0
24.0,6.0,39.88265228271485,0.0,5.582281589508057,34.41738560368556,-5.791086335093286,0
13.0,3.0,842.3673706054688,0.5568806529045105,18.403465270996094,32.78040672238312,-6.46620076363245,0
8.0,7.0,554.2958984375,0.0,8.231039047241211,26.200462569200923,-10.14405662235644,0
8.0,7.0,286.801025390625,0.7875248193740845,22.540414810180664,26.906774438489105,-10.98642604273564,0
8.0,7.0,204.49490356445312,0.5568816661834717,10.213922500610352,25.44835557440288,-13.37840185691657,0
45.0,3.0,204.49490356445312,0.0,6.686915874481201,32.81532929380728,-8.287320220024247,0
71.0,9.0,1871.19384765625,3.951234817504883,69.2838363647461,33.45613490677469,-4.819008959135438,0
76.0,3.0,2179.841796875,75.9959487915039,1407.4119873046875,35.23281717900767,-13.406486715363656,0
40.0,6.0,101.61224365234376,0.0,7.080176830291748,26.03857135396896,-14.45301010192562,0
10.0,7.0,862.94384765625,6.469254493713379,95.82894897460938,29.75810129447255,-8.019342765195612,0
60.0,7.0,471.9898071289063,1.2818644046783447,23.655073165893555,26.597831902571503,-10.294185927245907,0
71.0,5.0,636.60205078125,5.968540668487549,112.70231628417967,32.13524804508219,-6.9100901224857205,0
71.0,3.0,1356.7806396484375,1.3751747608184814,70.80077362060547,32.12309304510812,-3.774074534312629,0
49.0,7.0,2179.841796875,1.5747498273849487,33.43650817871094,29.64561344610041,-8.687500143933722,0
82.0,8.0,1027.55615234375,2.44507098197937,74.75836181640625,30.61383980368976,-4.33161946591585,0
37.0,7.0,122.18877410888672,0.7043921947479248,11.639859199523926,24.564242129250022,-14.93951063595033,0
8.0,7.0,410.26019287109375,0.5283050537109375,10.918733596801758,26.305829421043164,-12.094390016336916,0
8.0,7.0,327.9540710449219,0.3937810361385345,8.788753509521484,24.66233809528333,-12.593497758481815,0
14.0,6.0,60.45918273925781,1.37517511844635,27.2978458404541,34.863752804083994,-6.168445118462347,0
82.0,3.0,3928.846923828125,79.02227783203125,1114.513427734375,29.836757480884973,-22.043783989252507,0
60.0,7.0,616.0255126953125,1.1811940670013428,29.607852935791016,29.67010928277516,-7.626132896093981,0
8.0,7.0,595.448974609375,0.1761069595813751,10.077821731567385,26.227840678789583,-10.498640378450958,0
45.0,3.0,204.49490356445312,0.948278307914734,31.189565658569336,32.03217981151097,-9.20210798192764,0
8.0,7.0,327.9540710449219,0.4980925321578979,9.87618637084961,23.76111593876772,-12.61786339286062,0
27.0,3.0,1356.7806396484375,0.3937803208827972,11.645814895629885,31.70462245337335,-3.619388033626667,0
24.0,5.0,616.0255126953125,0.8979007601737976,51.06949996948242,31.42408274934529,-8.416725458781666,0
49.0,3.0,1603.698974609375,2.64559006690979,63.20008087158203,30.34583236081649,-6.609699304607908,0
71.0,7.0,2076.959228515625,4.100468158721924,127.2576141357422,33.0157396564104,-4.391122958181293,0
24.0,5.0,513.1428833007812,0.176106572151184,8.231987953186035,32.18119726341489,-7.425536627454795,0
24.0,7.0,533.7193603515625,0.3937802016735077,15.041608810424805,27.96711174717317,-10.366647525686613,0
59.0,3.0,1541.9693603515625,0.948278307914734,31.811946868896484,31.03386968881941,-7.065075209846033,0
8.0,7.0,307.3775634765625,0.0,5.581778526306152,24.5387049632837,-12.537848152970067,0
14.0,3.0,1603.698974609375,1.4195300340652466,31.83551406860352,32.63326188147325,-1.354227754793625,0
8.0,7.0,389.6836853027344,0.8804649710655212,21.52578353881836,26.995198580876632,-10.196314803458844,0
8.0,7.0,389.6836853027344,0.1761064380407333,7.542587280273437,23.507533350955946,-12.278078213439736,0
18.0,3.0,965.8265380859376,10.789265632629396,329.3624572753906,33.796783140685704,-3.6022030449848934,0
69.0,8.0,533.7193603515625,3.787931442260742,95.63104248046876,35.07100685621791,-3.938811359914217,0
39.0,7.0,307.3775634765625,0.1761063039302826,6.68720817565918,22.292852698737303,-14.897825318957487,0
70.0,9.0,389.6836853027344,4.251636981964111,91.6521987915039,34.30985884999036,-4.800422263718558,0
24.0,7.0,225.0714263916016,0.176106110215187,9.945161819458008,26.93563243319635,-11.866472444193164,0
8.0,7.0,471.9898071289063,0.3522095680236816,16.170961380004883,26.13237913699263,-12.152685189023453,0
14.0,3.0,1027.55615234375,3.8564915657043457,105.19683837890624,33.637787652319204,-3.682051185074394,0
2.0,1.0,677.755126953125,41.279415130615234,1201.9642333984375,23.390708192890312,-0.791044857009907,0
14.0,7.0,163.3418426513672,2.639734506607056,62.95208358764648,28.910296709437265,-10.490445857744495,0
69.0,8.0,430.8367309570313,2.5198416709899902,47.238258361816406,32.54020998155558,-8.177479044028305,0
69.0,7.0,410.26019287109375,0.5283050537109375,12.590298652648926,23.88079122458577,-13.938610161314188,0
69.0,7.0,286.801025390625,0.9961113333702089,21.52596473693848,23.71746115773337,-14.406836915098452,0
23.0,6.0,183.9183654785156,0.498092919588089,10.27987289428711,23.39848679616755,-15.546301362240149,0
24.0,7.0,513.1428833007812,0.7260676622390747,26.99826431274414,28.14016475880116,-10.303843707273394,0
8.0,7.0,245.64796447753903,0.4980932772159576,12.318367958068848,21.860762894252904,-14.257783310808223,0
60.0,7.0,389.6836853027344,0.5283058881759644,18.293184280395508,26.5415588600412,-10.610213654332412,0
82.0,3.0,1644.85205078125,0.0,657.9407958984375,30.01893767690052,-21.74246239881827,0
23.0,6.0,204.49490356445312,0.0,8.23056411743164,23.6485578349569,-15.35430227027087,0
10.0,3.0,1233.3214111328125,5.886012554168701,161.00465393066406,29.91524135701485,-7.632137249035948,0
37.0,6.0,122.18877410888672,0.0,5.582303047180176,25.548698540767493,-14.59360038982622,0
14.0,7.0,389.6836853027344,0.9482784271240234,111.94837188720705,28.26007750940748,-10.731398803129249,0
8.0,5.0,574.8724365234375,0.7043924927711487,14.584880828857422,32.061159579883736,-8.112350785270625,0
10.0,7.0,225.0714263916016,2.9962589740753174,60.05524826049805,28.76033691523156,-10.506337059556714,0
82.0,3.0,2118.1123046875,79.18447875976562,910.9783325195312,29.668357704585635,-22.012770606102187,0
8.0,7.0,307.3775634765625,0.3937810361385345,9.239436149597168,21.888645809360835,-13.899412469733704,0
27.0,6.0,595.448974609375,0.0,0.0,27.905997378095467,-8.79357129821872,0
24.0,7.0,122.18877410888672,0.0,8.86465072631836,26.50746335136574,-13.12562572986888,0
8.0,7.0,307.3775634765625,0.3937802612781524,7.543622970581055,23.671923769041552,-12.852170267872902,0
18.0,9.0,1912.346923828125,1.594305157661438,63.488189697265625,33.379246179596144,-4.463273888193964,0
45.0,6.0,163.3418426513672,0.0,13.673723220825195,25.99117356072405,-13.518566255674342,0
37.0,6.0,101.61224365234376,0.0,0.0,26.20464370917657,-14.233007031665997,0
24.0,5.0,780.6377563476562,3.775701999664306,87.89411163330078,31.3099914575761,-8.698880213786985,0
66.0,3.0,1253.89794921875,7.876768589019775,247.07489013671875,29.58780875575523,-9.197878980154323,0
14.0,5.0,327.9540710449219,0.1761064380407333,15.310331344604492,33.14043510453825,-7.5238138175042755,0
40.0,7.0,39.88265228271485,1.071091890335083,19.464317321777344,22.279491043224564,-16.52951011510856,0
8.0,11.0,1006.9796142578124,0.1761069595813751,13.01441478729248,31.50042104203821,-4.445584772294997,0
45.0,7.0,307.3775634765625,0.3937810361385345,9.876977920532228,21.63714779080407,-13.315201068557435,0
8.0,7.0,369.1071472167969,0.0,8.231039047241211,23.66042399649447,-12.369344011492922,0
14.0,10.0,348.5306091308594,1.2450684309005735,65.60779571533203,32.10224134088471,-9.004344269812279,0
56.0,3.0,883.5203857421875,5.62824296951294,128.39781188964844,29.319326545182346,-8.529796313652518,0
15.0,7.0,554.2958984375,0.0,4.031128883361816,26.68482042069904,-9.41159459237188,0
10.0,7.0,266.2244873046875,0.1761063039302826,21.776025772094727,27.988256564510035,-11.291813179685692,0
14.0,3.0,1253.89794921875,1.1136581897735596,42.76827239990234,33.179578454113205,-5.709406517988112,0
15.0,7.0,513.1428833007812,0.0,8.231039047241211,26.71395875701629,-9.176250793124758,0
66.0,3.0,1109.8623046875,1.7605133056640625,91.6521987915039,29.622448332798378,-9.113873477359618,0
23.0,6.0,122.18877410888672,0.1761064082384109,10.280062675476074,25.281269549638992,-14.6143819011685,0
8.0,7.0,327.9540710449219,0.0,5.581778526306152,24.477008711384272,-12.336515384420926,0
8.0,7.0,307.3775634765625,0.3937802612781524,9.52791976928711,26.08003203255103,-12.831535140274337,0
56.0,9.0,616.0255126953125,0.8978992700576782,88.04827880859375,33.74476134115358,-5.877501994215872,0
63.0,7.0,266.2244873046875,0.1761064380407333,8.788309097290039,23.47042755751628,-14.452478414928825,0
23.0,7.0,389.6836853027344,0.3522094488143921,14.86133861541748,24.20257694269832,-13.447701532968122,0
46.0,9.0,883.5203857421875,1.9444185495376587,89.78550720214844,33.357826925681614,-6.346028680531091,0
13.0,5.0,513.1428833007812,0.8804643154144287,26.07950592041016,32.7630399556282,-7.7295458683431955,0
8.0,7.0,245.64796447753903,0.1761063039302826,20.919395446777344,26.787676796764533,-11.45327881194872,0
8.0,7.0,327.9540710449219,0.498092919588089,19.23233795166016,26.533959665203863,-11.626008014850523,0
29.0,3.0,2056.382568359375,75.91239929199219,864.9338989257812,23.410828400656307,-0.7672240276070595,0
71.0,9.0,2241.571533203125,68.64551544189453,1142.966552734375,32.123040511606185,-5.204014732726132,0
37.0,6.0,101.61224365234376,0.0,0.0,26.09267374775221,-14.304988903854008,0
8.0,8.0,945.25,2.5198423862457275,172.40322875976562,31.29243827373741,-8.113943574657402,0
14.0,3.0,1212.744873046875,0.5283054709434509,9.880536079406738,32.268675118985406,-2.426790598758636,0
45.0,7.0,19.306121826171875,0.4980930685997009,13.013739585876465,27.796826963259196,-12.957460103382376,0
8.0,8.0,1027.55615234375,5.093642234802246,120.6451416015625,30.10613324129013,-5.7479885461259626,0
49.0,9.0,1891.7703857421875,1.6609230041503906,197.13003540039065,29.83707236889075,-7.813682623566196,0
27.0,6.0,369.1071472167969,0.7875248789787292,15.041868209838867,27.48966190642199,-12.048359707347728,0
67.0,6.0,2056.382568359375,1.5747522115707395,45.79574203491211,32.71008514885665,-5.17745845440314,0
24.0,7.0,513.1428833007812,1.0267614126205444,22.927875518798828,27.979250598103476,-10.331309460981911,0
8.0,7.0,348.5306091308594,0.0,9.238591194152832,23.468427750184134,-14.07392084882632,0
61.0,7.0,533.7193603515625,0.4980932772159576,9.87737274169922,26.544238224184006,-8.82701728757426,0
63.0,8.0,801.2142944335938,0.0,4.031128883361816,30.646869007448505,-4.454610422063928,0
8.0,6.0,286.801025390625,0.0,0.0,25.90765890067027,-13.02945941272196,0
24.0,7.0,266.2244873046875,0.498092919588089,15.959421157836914,27.078939653046383,-11.57917151107681,0
27.0,7.0,616.0255126953125,0.0,6.68720817565918,27.078266584710978,-9.404753069095952,0
69.0,7.0,369.1071472167969,0.0,5.820223331451416,23.813241203793503,-13.41501853539155,0
8.0,7.0,245.64796447753903,0.634936511516571,23.99617576599121,26.856169550980965,-11.362841799436248,0
27.0,6.0,574.8724365234375,0.0,0.0,27.55246328149933,-8.87614624769525,0
8.0,3.0,986.403076171875,0.5283054709434509,24.691850662231445,32.893512692590164,-6.885135243830036,0
8.0,8.0,595.448974609375,0.7043924927711487,19.303497314453125,32.09556736466977,-8.464625182459407,0
20.0,5.0,1459.6632080078125,43.97920989990234,1353.687744140625,19.77177317555031,-19.404579955513263,0
10.0,9.0,801.2142944335938,4.612607002258301,117.55690002441406,28.428193185237053,-10.295059848548624,0
8.0,7.0,554.2958984375,0.1761069595813751,8.229140281677246,26.150361312704295,-9.800435106526317,0
37.0,6.0,163.3418426513672,0.498092919588089,20.093482971191406,24.77386544861214,-14.84426926086202,0
8.0,8.0,1027.55615234375,3.337613821029663,68.78317260742188,30.490521932807447,-5.293765955513552,0
8.0,7.0,327.9540710449219,0.4980925321578979,10.279682159423828,22.485192141358738,-14.08803062505902,0
23.0,6.0,327.9540710449219,0.3522094488143921,13.62442684173584,25.125569663721453,-13.736016257879042,0
8.0,7.0,348.5306091308594,0.2490513324737548,9.876582145690918,23.567032581627867,-12.511576277280572,0
23.0,7.0,81.03571319580078,0.2490511536598205,10.280062675476074,24.973762163885283,-14.33988955681652,0
77.0,3.0,2467.913330078125,18.475704193115234,1206.2393798828125,20.492448067137563,-12.401044333386436,0
17.0,10.0,60.45918273925781,0.6349365711212158,22.19861602783203,34.380608398818964,-6.563138790844101,0
23.0,7.0,307.3775634765625,0.0,6.686039447784424,24.31627353563688,-14.33616396810494,0
43.0,3.0,1480.23974609375,0.3937812745571136,12.589678764343262,33.50492040131936,-2.792599261533813,0
81.0,3.0,307.3775634765625,78.26782989501953,639.4441528320312,20.341748725172952,-13.388588342055696,0
68.0,8.0,471.9898071289063,1.245067834854126,45.1859016418457,32.09555026805256,-8.866065730674817,0
23.0,6.0,286.801025390625,0.3937810361385345,9.527099609375,25.10822927370688,-13.827767891472185,0
48.0,3.0,60.45918273925781,1.340945601463318,30.79613304138184,34.58834758319019,-5.701554095411004,0
32.0,3.0,801.2142944335938,0.0,13.62442684173584,32.7355392123961,-6.693010427869647,0
43.0,3.0,1397.9337158203125,0.0,14.256577491760254,33.397721858770325,-1.9046332645047408,0
49.0,3.0,1686.005126953125,4.9747395515441895,128.829345703125,29.53391286973557,-8.866379663259618,0
8.0,8.0,1500.8162841796875,11.99470043182373,288.365234375,34.606532520360815,-3.5078993183145446,0
16.0,3.0,1500.8162841796875,8.232993125915527,167.7710418701172,33.03986243221595,-5.975062426042728,0
29.0,7.0,327.9540710449219,0.3937810361385345,7.081004619598389,22.20648345243304,-15.285739247583464,0
45.0,3.0,369.1071472167969,1.1811941862106323,34.07528305053711,30.84897841768158,-9.770872615328964,0
69.0,7.0,286.801025390625,0.1761064380407333,12.0966157913208,23.42964797166644,-15.19395897677296,0
8.0,7.0,574.8724365234375,0.0,8.229140281677246,26.23841701191994,-9.992916704853164,0
82.0,7.0,780.6377563476562,4.668915748596191,73.91105651855469,29.57220206851106,-5.97760869082349,0
63.0,3.0,801.2142944335938,0.0,4.031128883361816,30.657726672565417,-4.479175868037971,0
29.0,7.0,286.801025390625,0.3937810361385345,8.788309097290039,23.250812152658803,-14.809443155234922,0
8.0,7.0,1048.1326904296875,4.779511451721191,113.99917602539062,29.93311710196591,-7.204068336900307,0
8.0,7.0,307.3775634765625,0.4980932772159576,10.08092212677002,23.922161070044577,-12.906174021318902,0
45.0,6.0,266.2244873046875,0.0,6.686039447784424,21.48415539308043,-13.684492054427498,0
8.0,7.0,307.3775634765625,0.4980932772159576,10.21411418914795,23.93458732830224,-12.550390376568815,0
8.0,7.0,286.801025390625,0.3937810361385345,9.239013671875,25.572273522963272,-13.11949098928329,0
8.0,9.0,2056.382568359375,1.8125319480896,52.22547149658203,31.038651409499323,-7.449359395969617,0
8.0,6.0,101.61224365234376,0.3937810361385345,8.230623245239258,21.61005060837289,-16.148694924364353,0
8.0,7.0,286.801025390625,0.0,4.032097816467285,24.228249035304906,-12.422331318701698,0
8.0,7.0,348.5306091308594,0.4980932772159576,9.876582145690918,23.700894179807115,-12.567415959015484,0
27.0,7.0,595.448974609375,1.812527656555176,38.0213737487793,28.085280535189884,-9.196274594451834,0
13.0,8.0,513.1428833007812,0.6349363923072815,64.80789184570312,31.41418232650656,-9.487152307855972,0
8.0,7.0,327.9540710449219,0.5568816661834717,10.08092212677002,23.7754322880795,-13.04407305347694,0
27.0,6.0,554.2958984375,0.2490513324737548,10.21181869506836,27.520233533071394,-8.886872098803408,0
14.0,3.0,1027.55615234375,2.754385471343994,82.09978485107422,30.00164258631957,-7.572997234238677,0
14.0,3.0,1624.2755126953125,0.0,21.40093421936035,32.86167376194088,-2.67247375364742,0
49.0,3.0,1521.392822265625,3.0726261138916016,121.38420104980467,29.256594951886317,-9.536742978980492,0
8.0,7.0,327.9540710449219,2.119640350341797,78.32504272460938,27.236716025822822,-10.75622555893698,0
8.0,8.0,1027.55615234375,7.934133529663086,150.3832550048828,30.00774638614713,-6.237653370610431,0
8.0,7.0,266.2244873046875,0.0,8.23056411743164,24.186873293518573,-12.903893434502749,0
15.0,7.0,286.801025390625,0.2490513324737548,7.079901218414307,26.679545804464748,-11.067548448714511,0
59.0,3.0,780.6377563476562,4.558962821960449,101.26018524169922,33.87035365186633,-3.523904799487382,0
27.0,7.0,657.1785888671875,0.0,0.0,26.82891735093313,-9.832368300499189,0
5.0,1.0,657.1785888671875,55.35858154296875,1426.1375732421875,36.310650648687485,-6.576528995219351,0
37.0,6.0,204.49490356445312,0.9961109161376952,22.927875518798828,24.07737433053656,-15.052568875648705,0
69.0,9.0,801.2142944335938,4.100467681884766,125.5,31.104962582972,-9.473071511615368,0
24.0,7.0,163.3418426513672,0.7875248789787292,18.514299392700195,30.398368729326723,-9.207311352469937,0
23.0,6.0,183.9183654785156,0.7471163868904114,16.461246490478516,26.246841482329334,-13.045222818280706,0
14.0,3.0,780.6377563476562,0.4980932772159576,10.213349342346191,30.02307609217997,-6.862732065292476,0
27.0,6.0,595.448974609375,0.1761069595813751,7.54155158996582,27.676738703421925,-8.988355692534935,0
8.0,7.0,245.64796447753903,0.5283057689666748,11.81316089630127,21.681807749260532,-14.646783852510744,0
10.0,9.0,924.6734619140624,2.680424928665161,82.07504272460938,29.774342895482334,-7.750906093504848,0
24.0,7.0,183.9183654785156,0.0,17.957088470458984,27.706116676091536,-11.393570954597635,0
27.0,6.0,101.61224365234376,0.0,0.0,27.368051835174125,-12.994244847263426,0
14.0,7.0,801.2142944335938,0.3937808275222778,67.99126434326172,29.97092507301589,-6.76391639338641,0
8.0,7.0,266.2244873046875,0.0,0.0,24.14609366498905,-12.381704367286044,0
24.0,5.0,801.2142944335938,0.4980932772159576,13.872184753417969,31.294834359969503,-8.85995608278589,0
27.0,7.0,657.1785888671875,0.0,0.0,26.8877281767406,-9.68105859474496,0
8.0,7.0,369.1071472167969,0.0,4.033066272735596,22.899873620209902,-13.908879333118046,0
16.0,9.0,1295.051025390625,8.705964088439941,141.2550811767578,32.986308573836816,-6.012710479417881,0
14.0,5.0,595.448974609375,0.5568816661834717,13.015615463256836,32.0141761914688,-8.298896320048865,0
82.0,3.0,1644.85205078125,0.0,0.0,32.011063374212846,-23.96729131259329,0
8.0,7.0,1109.8623046875,5.749304294586182,124.0070571899414,28.722313372642724,-9.573157974148936,0
56.0,9.0,1171.591796875,2.12693190574646,62.49800109863281,33.17751877405389,-6.179064215233698,0
8.0,9.0,286.801025390625,0.7043918371200562,83.46668243408203,29.342784270228204,-10.088415943771835,0
24.0,3.0,883.5203857421875,0.5283054709434509,47.59529876708984,31.70199613114689,-7.352227539518746,0
24.0,7.0,616.0255126953125,1.623191237449646,34.27325820922852,27.612044745257528,-10.694218442389042,0
27.0,7.0,204.49490356445312,0.3937810361385345,14.350522994995115,26.70936813500121,-13.130449252018758,0
23.0,7.0,225.0714263916016,0.3937810361385345,12.04029655456543,24.307569291440903,-14.578282569685312,0
8.0,7.0,307.3775634765625,0.6349368691444397,36.34545516967773,27.649058358310512,-11.25833068693856,0
8.0,7.0,430.8367309570313,1.4195290803909302,55.84703063964844,27.266361360757685,-10.805558804625612,0
17.0,3.0,101.61224365234376,0.7875246405601501,24.636913299560547,32.93189061728902,-8.747039028916348,0
51.0,5.0,430.8367309570313,0.0,7.543622970581055,32.27064554141847,-7.163700260393203,0
39.0,7.0,225.0714263916016,0.634936511516571,13.117557525634766,22.922795509090957,-15.541901875982294,0
8.0,7.0,1212.744873046875,8.13713264465332,165.0234832763672,28.7963690600196,-9.588621155104954,0
23.0,6.0,183.9183654785156,0.3522095680236816,9.598380088806152,25.738913350324356,-13.919381870447989,0
8.0,7.0,492.5663146972656,0.0,196.65594482421875,26.12284769990976,-8.717661253464541,0
39.0,7.0,266.2244873046875,0.0,0.0,22.06754333279988,-14.943614866555748,0
69.0,9.0,1603.698974609375,8.293222427368164,202.98768615722656,31.66597472506441,-6.877190758200041,0
8.0,3.0,1521.392822265625,1.026761531829834,29.51270866394043,31.09264754328522,-6.607362570232587,0
32.0,3.0,1686.005126953125,1.67022442817688,98.06503295898438,32.63480003423685,-1.7455021271050823,0
24.0,3.0,327.9540710449219,0.5283060073852539,30.2410888671875,34.479591439069544,-4.618855415544349,0
14.0,3.0,1006.9796142578124,0.5568816661834717,19.01808357238769,32.01328767023842,-2.949123283112344,0
29.0,7.0,142.7653045654297,0.0,9.238801956176758,21.70967269361345,-15.76503410866069,0
82.0,3.0,1644.85205078125,0.0,0.0,31.147747306952954,-23.79945333480306,0
24.0,9.0,986.403076171875,5.996640205383301,118.57196807861328,29.03486196191475,-9.150719495829176,0
43.0,3.0,1603.698974609375,0.3937803208827972,15.48386287689209,32.96846740603581,-1.833002311054767,0
82.0,3.0,1644.85205078125,58.5867919921875,898.53564453125,28.53387720232492,-21.79448435233207,0
8.0,7.0,348.5306091308594,0.0,5.582478046417236,23.433414278302035,-14.11659963503214,0
43.0,3.0,862.94384765625,0.5568814873695374,17.458879470825195,31.79075454272664,-7.129208641439951,0
27.0,7.0,616.0255126953125,0.1761069595813751,10.920165061950684,27.49719950812605,-9.876167954761623,0
56.0,7.0,2015.2296142578125,3.986175775527954,157.58172607421875,30.926274813132707,-6.035812905936723,0
13.0,3.0,1377.357177734375,3.3468518257141118,77.48951721191406,33.38876241194336,-3.4451435979411444,0
8.0,7.0,266.2244873046875,0.1761064380407333,9.238591194152832,26.313407024630298,-12.673005632936414,0
18.0,3.0,1809.4642333984373,1.7339197397232056,45.45327377319336,33.130990449687694,-3.3493707623817657,0
18.0,3.0,801.2142944335938,0.1761059165000915,9.601431846618652,34.56338447480128,-2.38647717858207,0
38.0,3.0,1500.8162841796875,1.7339223623275757,45.40924835205078,30.875009484585988,-6.975543587474228,0
8.0,7.0,451.4132690429688,0.3937810361385345,9.875791549682615,23.481669601120338,-13.467586252159306,0
14.0,7.0,533.7193603515625,0.5283054709434509,9.596549034118652,27.868943686191507,-10.42129849855529,0
8.0,7.0,81.03571319580078,1.408571481704712,27.61857414245605,26.9366656846689,-12.911648394466136,0
24.0,8.0,657.1785888671875,0.0,17.381742477416992,32.6219605634091,-6.249847270813312,0
69.0,3.0,1809.4642333984373,3.037227153778076,95.98567962646484,31.13821043808582,-9.102166619055238,0
45.0,6.0,266.2244873046875,0.0,0.0,21.66464624262877,-13.801105352622518,0
14.0,3.0,101.61224365234376,0.4980930685997009,28.34486961364746,34.92778329847953,-2.451441211577873,0
8.0,7.0,389.6836853027344,0.0,0.0,23.368176536498947,-13.12615318944415,0
45.0,3.0,101.61224365234376,56.57155227661133,54.09043884277344,31.873584583545316,-9.483214776738984,0
60.0,7.0,430.8367309570313,1.2450684309005735,28.08052062988281,26.20191692725173,-11.474476939912236,0
14.0,7.0,163.3418426513672,0.634936511516571,23.99613380432129,29.828657663411317,-9.648428745258268,0
20.0,5.0,1459.6632080078125,35.14885330200195,1247.5391845703125,35.97260736611349,-14.647369433560916,0
8.0,7.0,204.49490356445312,76.94029235839844,100.21561431884766,21.432507878248053,-14.859011773102416,0
24.0,7.0,533.7193603515625,0.6349360942840576,16.7882022857666,28.95710393779199,-8.905180319365872,0
17.0,3.0,163.3418426513672,1.0710922479629517,23.62632179260254,33.37747025308829,-7.97496370753564,0
59.0,10.0,842.3673706054688,1.760514259338379,67.64151763916016,34.02738204921399,-3.328215659039923,0
8.0,3.0,1006.9796142578124,0.634937584400177,36.7712516784668,31.203736130199125,-4.771520422243211,0
24.0,9.0,801.2142944335938,0.7043924927711487,50.40275192260742,28.9405816224356,-9.425554893480424,0
13.0,7.0,492.5663146972656,2.3482439517974854,56.72562789916992,28.14313192904294,-9.37883793284994,0
15.0,7.0,451.4132690429688,0.7043924927711487,15.397849082946776,25.619963095742825,-12.373700986807576,0
39.0,7.0,307.3775634765625,0.3522092998027801,10.08092212677002,23.43659984121334,-14.346121479560887,0
71.0,9.0,2323.87744140625,61.24564743041992,1115.92236328125,31.78732729456179,-6.504307424589356,0
8.0,3.0,1603.698974609375,1.2450670003890991,27.495454788208008,30.368335189392763,-6.486996068654758,0
8.0,7.0,348.5306091308594,0.1761064380407333,6.68720817565918,23.2439113605717,-12.933327628228367,0
49.0,3.0,1562.5458984375,3.787929534912109,108.10006713867188,29.26850280959613,-9.500797455672362,0
8.0,7.0,348.5306091308594,0.1761064380407333,14.256303787231444,22.49604255954908,-13.521665165266484,0
27.0,6.0,595.448974609375,0.0,0.0,27.782282227954425,-9.016367600731098,0
8.0,5.0,554.2958984375,0.1761069595813751,5.581778526306152,31.999315477978968,-8.010229033272184,0
27.0,6.0,122.18877410888672,0.0,8.86465072631836,27.197042686709263,-12.83734384175679,0
14.0,7.0,410.26019287109375,0.5568816661834717,11.755982398986816,28.09522911899952,-9.53286885272636,0
13.0,11.0,1356.7806396484375,1.0710928440093994,54.81787872314453,31.71655452960779,-4.892765485106843,0
69.0,7.0,348.5306091308594,0.3522095680236816,16.46112823486328,24.17014176413787,-13.306467131983762,0
14.0,3.0,1315.6275634765625,0.8804678320884705,21.395092010498047,32.48256557609406,-2.923520899712958,0
14.0,3.0,883.5203857421875,0.0,0.0,30.24413952345057,-5.920479551279821,0
43.0,3.0,1397.9337158203125,0.7043924927711487,15.700318336486816,33.45576434093873,-2.5010848115361406,0
27.0,7.0,81.03571319580078,0.0,9.598456382751465,25.03881527647072,-14.322709906672628,0
8.0,7.0,60.45918273925781,0.0,4.032188415527344,21.797237456219342,-16.496856433632946,0
27.0,6.0,204.49490356445312,0.5568813681602478,10.280062675476074,27.225455400061914,-12.553645204739247,0
48.0,8.0,842.3673706054688,1.6231902837753296,48.69355773925781,33.90408797147615,-4.752019906099516,0
29.0,7.0,307.3775634765625,0.3937810361385345,8.787420272827148,22.71005311608297,-15.200721538499876,0
24.0,3.0,1624.2755126953125,0.7043945789337158,27.124711990356445,33.392127509541375,-3.02506697616197,0
49.0,9.0,1089.2857666015625,1.340944766998291,137.61131286621094,29.905673865031225,-8.097041978316597,0
71.0,9.0,1932.9234619140625,3.6086347103118896,82.97740936279297,33.41377302280358,-4.895657560143278,0
14.0,3.0,1686.005126953125,1.5043123960494995,49.03824996948242,32.919569698460855,-3.480882372081508,0
13.0,7.0,554.2958984375,0.8804649710655212,17.458879470825195,27.594805612338813,-10.35869641329642,0
69.0,7.0,389.6836853027344,0.3937804996967315,9.876582145690918,23.78487786946046,-13.516113916335932,0
56.0,7.0,986.403076171875,0.8978991508483887,81.2703857421875,29.28244429979198,-8.710927496351319,0
8.0,7.0,266.2244873046875,0.3937810361385345,9.238591194152832,24.62268511167081,-12.880289074802418,0
8.0,7.0,245.64796447753903,0.5568814277648926,15.041998863220217,26.970360901668307,-11.417626049583363,0
8.0,7.0,225.0714263916016,0.3937810361385345,8.787864685058594,25.12521251418815,-13.444487124736538,0
71.0,9.0,2262.14794921875,76.39254760742188,1139.137451171875,31.835006441484197,-5.3671769278306085,0
8.0,8.0,471.9898071289063,0.6349368691444397,27.098777770996094,31.591687788198865,-8.933835218789602,0
29.0,7.0,225.0714263916016,0.0,0.0,22.29524494049229,-15.589619837001203,0
8.0,7.0,307.3775634765625,0.4980932772159576,10.080147743225098,22.15974742131577,-14.205926426156202,0
8.0,3.0,1336.2041015625,0.1761090606451034,41.998512268066406,31.4064835910658,-4.770096930798531,0
8.0,7.0,369.1071472167969,0.4980932772159576,9.876582145690918,22.383241225411677,-13.330922668021936,0
8.0,7.0,327.9540710449219,0.0,8.23056411743164,22.0288476624105,-13.27941920915884,0
24.0,7.0,204.49490356445312,0.0,5.582128524780273,27.12882019864576,-11.439745126596613,0
39.0,7.0,122.18877410888672,0.5568814873695374,11.639691352844238,21.56459243671053,-15.963497924916886,0
27.0,6.0,657.1785888671875,0.0,0.0,28.169013040343923,-8.899341319034306,0
27.0,7.0,616.0255126953125,1.5043134689331057,47.63795852661133,27.114834615046565,-10.13115755639853,0
9.0,9.0,554.2958984375,2.2264740467071533,118.25759887695312,34.77005557331292,-5.469483679807256,0
82.0,7.0,616.0255126953125,0.4980932772159576,125.92569732666016,29.658851023404385,-5.465589032151352,0
10.0,7.0,862.94384765625,4.11546516418457,98.1341552734375,29.11535430430663,-8.959790603230424,0
14.0,10.0,307.3775634765625,0.880465567111969,39.04124450683594,32.10112982553368,-9.041940864076103,0
44.0,3.0,1233.3214111328125,1.3751758337020874,31.34485626220703,31.86221466593238,-3.4536329601473232,0
69.0,3.0,471.9898071289063,1.7605146169662476,63.77524185180664,31.133576268828072,-9.573684423717896,0
37.0,6.0,163.3418426513672,0.0,0.0,24.90017314713587,-14.728758004312626,0
14.0,3.0,1068.709228515625,0.2490513324737548,63.945289611816406,30.09172289737488,-6.410105903765921,0
60.0,7.0,595.448974609375,0.4980932772159576,25.314891815185547,29.655158577402133,-7.845485144275571,0
24.0,3.0,1295.051025390625,0.0,0.0,33.85845836303019,-2.372492809245605,0
8.0,7.0,204.49490356445312,0.7471163868904114,18.696382522583008,25.52220861669359,-13.536837100343948,0
