Locality_ID,Geosite_Name,Expert_Class,Confidence,Expert_Reasoning
loc_00359,Kardoud and Abdel Ali springs,,Low,SKIP -- no independent source found.
loc_00353,Accident of Izelfane,Difficult,Low-Medium,"Sits within the Boulemane fossil/geology cluster that Le360 describes as remote mountainous zones accessible only by unpaved tracks, not open to tourism -- regional-cluster inference, not site-specific."
loc_00354,Fossils of Ighzer Izelfane,Difficult,Low-Medium,Same Boulemane remote-cluster/unpaved-track context as loc_00353.
loc_00366,Boulemane,Easy,High,Provincial capital connected by paved roads to Fes (NW) and Er-Rachidia (S); reachable by car or bus from major cities (Wikipedia/Britannica/Trawellino).
loc_00355,Diapir of Tittaouine,Difficult,Low-Medium,Falls within the same restricted/unpaved-track fossil-and-geology zone south of Boulemane (Le360).
loc_00356,Salt mine of Tittaouine,,Low,"SKIP -- only analogy-based (generic regional salt-mine access patterns), not site-confirmed."
loc_00357,Tittaouine Spring,Difficult,Low,"Same remote cluster as the diapir/mine, weak analogy-based confidence."
loc_00358,Jbel Aghanja’s fold,,Low,SKIP -- no direct source confirmed for this specific fold.
loc_00367,Guigou valley,Moderate,Medium,"Guigou is a real inhabited settlement on the Guigou wadi with a Sunday livestock souq (Lonely Planet), banks settled/farmed."
loc_00374,El Mers,Moderate,Medium,"Small town/rural commune ~40-minute drive from Boulemane city by road, near 'Valley of Dinosaurs' tourist framing."
loc_00360,Calcite quarry,,Low,SKIP -- no independent source specific to this coordinate.
loc_00369,Taferdoust,Moderate,Low-Medium,"Populated locality/Kasba within Boulemane province's general road network, no specific route details found."
loc_00361,Sauropod footprints,Difficult,Medium-High,"El Mers syncline dinosaur tracksite: Le360 and academic sources describe this paleontological zone as remote, accessible only by unpaved track, drone-monitored, guarded, not open to general tourism."
loc_00371,Anchrif,Moderate,Medium,"Academic paper (ResearchGate, 3D Virtual Visit of the Paleontological Site of Anchrif) states it is ~1.5km west of Taghrout village -- short walkable distance from an inhabited village."
loc_00370,Taghrout,Moderate,Medium,"Inhabited village that hosted a Moroccan-Portuguese excavation expedition in 2013, implying vehicle access."
loc_00363,Ain Jdid,,Low,SKIP -- no independent source found.
loc_00372,Skoura,Moderate,Medium,Hydrogeological basin/syncline 30km NE of Boulemane; academic source describes a geotrail with sinuous valley roads linking Boulemane-Skoura-El Mers.
loc_00373,Tadaout,,Low,"SKIP -- search only returned an unrelated Tadaout-Tizi n'Rsas mining district ~400km away, not the same place."
loc_00072,Lake Ifrah (Dayet Ifrah),Easy,High,"Travel source states renting a car/taxi is the most convenient way, roads usually in decent condition, only 30km drive from Ifrane, no entrance fee."
loc_00362,Jbel Bou Naceur,Very Difficult,High,Highest Middle Atlas peak (3340m); climbed from Tirnest or Tinesmet via multi-day trekking tours; summit navigation noted as genuinely difficult due to layered plateau (Wikipedia/Komoot/Alpine Journal).
loc_00070,Lake Afourgagh- charophytes tufas & gyrogonites,,Low,"SKIP -- only listed among natural sites of Sefrou province, no route/access description found."
loc_00071,Lake Aoua (Dayet Aoua),Easy,High,"15km north of Ifrane via paved RN24, ~Dh250 taxi ride, boat/bicycle/horse rental on site, popular weekend picnic destination (Lonely Planet, Tripadvisor)."
loc_00085,Taffert canyons,,Low,SKIP -- no independent source found for this specific site.
loc_00086,Aïn Sebou,Moderate,Medium,"Spring accessible from the El Menzel-Sefrou road corridor, a bridge crosses the Sebou nearby en route to El Menzel (Britannica/regional sources)."
loc_00084,GueltaTameda Lake,,Low,SKIP -- existence confirmed as a recognized geosite (natural dam/landslide lake) but no source described the road/access route.
loc_00083,Chaâra cave,Difficult,Medium-High,"Located in Tabhirte village near the Bab Louta dam/Tahala; accessing the cave often requires a hiking expedition through Tazekka park trails (foxherald, park guides)."
loc_00081,Ras El Oued cave,Moderate,Medium,"Ras El Oued waterfalls/caves ~13-20km from Taza, a known nature/hiking circuit destination reachable via a marked route (Petit Fute/regional tourism)."
loc_00082,Chaâra lapiaz,Difficult,Medium,"Same Tazekka park area as Chaâra cave, requiring park-trail hiking to reach karst pavement features."
loc_00080,Dolines of Ademame,,Low,"SKIP -- only described academically as an exokarstic geosite among northern Middle Atlas karst inventory, no access details."
loc_00078,Chiker polje,Moderate,High,"Well documented (Wikipedia Daya Chiker): 25km from Taza within Tazekka National Park, reached via N6 highway (~1.5hr from Fez), seasonal flooded/draining polje."
loc_00079,Chiker cave,Moderate,High,"Extensively documented (Gouffre du Chiker/Friouato caves): well-signposted road 25km from Taza, tarred for most of the way; guided descent via 520 concrete steps down a ~100m shaft -- organized show-cave experience."
loc_01047,Bab Bou Idir,Very Difficult,Medium,"Grotto Map places the Bab-Bou-Idir aven at 34.082661,-4.116254, a ~6m match to the supplied coordinates (34.0821,-4.1173). Entrance is 20m below road P5420, but the cave itself requires a 7m shaft, then a 5m shaft, then narrow passages to -38m -- technically demanding vertical caving. Conflicting shallower reads (Easy, from two independent runs) describe only proximity of the Bab Bou Idir village/road to the highway, not the specific aven feature these coordinates match; the coordinate-matched cave-specific source is preferred."
loc_01051,Bou Hyati,Moderate,Medium,"Official Tazekka National Park site describes the Bouhayati recreational area as an active visitor site with supervised parking and access to speleology/hiking guides; a 2025 biological paper independently records Grotte Bouhayati in the Middle Atlas. Not corroborated by other tools and exact cave-entrance coordinates unconfirmed, so confidence kept at Medium."
loc_01055,Bouslama,Moderate,Medium,"A scientific cave-locality record places Bouslama at 34.09177,-4.11207, ~1km from supplied coordinates (34.0901,-4.1134). Tazekka Park lists Grotte Bouslama as 'Facile' speleology, one day, with a guide. Because the accessibility scheme reserves 'Easy' for access without special skill/equipment, the guided-speleology-equipment requirement supports Moderate rather than Easy."
loc_01065,Gouffre Friouato,Difficult,High,"Coordinates match the documented Friouato site closely (34.104301,-4.072568 vs supplied 34.1047,-4.0725). Lonely Planet: 520 steep concrete steps with handrail to the main chamber, another 200 steps/scrambles for deeper chambers, guide + rented protective equipment needed beyond the main route. Independent operator source: ~3km route, medium/difficult grade, ~4hr; a local news report states the cave was closed to tourists after a fatal 2016 rockfall. Two of three independent sources converge on Difficult; the closure detail further supports this over a plain tourist-cave reading."
loc_01066,Grotte Chaâra,Moderate,Medium,"Scientific cave survey places Chaâra at 33.95676,-4.24581, closely matching supplied coordinates (33.9557,-4.2466), distinct from the loc_01056 name-collision entry. Tazekka Park classifies its guided speleology visit as 'Difficulté: Moyen' (Moderate), one-to-two-day guided visit. A conflicting single source described the site as involving 'difficult access' with kayaking for deeper galleries -- likely referring to extended, non-standard sections beyond the standard guided route; the official park-graded standard visit is used for the primary classification."
loc_00917,Aari Aguelmam,Easy,High,"PRIMARY SOURCE: Baadi, Lebreton & Pereira 2023, 'Hydric Geosites of Middle Atlas: A Natural Heritage Under Threat', Ch.8 in 'Geoheritage of the Middle Atlas (Morocco)' (Springer, ed. K. Baadi), full book PDF obtained. Table 8.1 explicitly classifies this site's Accessibility as 'Easy' (book code Hyd01, name 'Aari Aguelmam')."
loc_00918,Aghbalou Abrechane,Easy,High,"PRIMARY SOURCE: Baadi, Lebreton & Pereira 2023, 'Hydric Geosites of Middle Atlas: A Natural Heritage Under Threat', Ch.8 in 'Geoheritage of the Middle Atlas (Morocco)' (Springer, ed. K. Baadi), full book PDF obtained. Table 8.1 explicitly classifies this site's Accessibility as 'Easy' (book code Hyd02, name 'Aghbalou Abrechane')."
loc_00919,Aghbalou n’Brahim,Easy,High,"PRIMARY SOURCE: Baadi, Lebreton & Pereira 2023, 'Hydric Geosites of Middle Atlas: A Natural Heritage Under Threat', Ch.8 in 'Geoheritage of the Middle Atlas (Morocco)' (Springer, ed. K. Baadi), full book PDF obtained. Table 8.1 explicitly classifies this site's Accessibility as 'Easy' (book code Hyd04, name 'Aghbalou n’Brahim')."
loc_00920,Aghbalou n’Talouat,Easy,High,"PRIMARY SOURCE: Baadi, Lebreton & Pereira 2023, 'Hydric Geosites of Middle Atlas: A Natural Heritage Under Threat', Ch.8 in 'Geoheritage of the Middle Atlas (Morocco)' (Springer, ed. K. Baadi), full book PDF obtained. Table 8.1 explicitly classifies this site's Accessibility as 'Easy' (book code Hyd05, name 'Aghbalou n’Talouat')."
loc_00921,Aghbalou Ou Mançour,Easy,High,"PRIMARY SOURCE: Baadi, Lebreton & Pereira 2023, 'Hydric Geosites of Middle Atlas: A Natural Heritage Under Threat', Ch.8 in 'Geoheritage of the Middle Atlas (Morocco)' (Springer, ed. K. Baadi), full book PDF obtained. Table 8.1 explicitly classifies this site's Accessibility as 'Easy' (book code Hyd07, name 'Aghbalou Ou Mançour')."
loc_00922,Aghbalou Taddat,Easy,High,"PRIMARY SOURCE: Baadi, Lebreton & Pereira 2023, 'Hydric Geosites of Middle Atlas: A Natural Heritage Under Threat', Ch.8 in 'Geoheritage of the Middle Atlas (Morocco)' (Springer, ed. K. Baadi), full book PDF obtained. Table 8.1 explicitly classifies this site's Accessibility as 'Easy' (book code Hyd09, name 'Aghbalou Taddat')."
loc_00923,Aghbalou Tagma,Easy,High,"PRIMARY SOURCE: Baadi, Lebreton & Pereira 2023, 'Hydric Geosites of Middle Atlas: A Natural Heritage Under Threat', Ch.8 in 'Geoheritage of the Middle Atlas (Morocco)' (Springer, ed. K. Baadi), full book PDF obtained. Table 8.1 explicitly classifies this site's Accessibility as 'Easy' (book code Hyd10, name 'Aghbalou Tagma')."
loc_00924,Aguelmam Abekhane,Easy,High,"PRIMARY SOURCE: Baadi, Lebreton & Pereira 2023, 'Hydric Geosites of Middle Atlas: A Natural Heritage Under Threat', Ch.8 in 'Geoheritage of the Middle Atlas (Morocco)' (Springer, ed. K. Baadi), full book PDF obtained. Table 8.1 explicitly classifies this site's Accessibility as 'Easy' (book code Hyd12, name 'Aguelmam Abekhane')."
loc_00925,Aguelmam Afiroua,Easy,High,"PRIMARY SOURCE: Baadi, Lebreton & Pereira 2023, 'Hydric Geosites of Middle Atlas: A Natural Heritage Under Threat', Ch.8 in 'Geoheritage of the Middle Atlas (Morocco)' (Springer, ed. K. Baadi), full book PDF obtained. Table 8.1 explicitly classifies this site's Accessibility as 'Easy' (book code Hyd14, name 'Aguelmam Afiroua')."
loc_00926,Aguelmam Aghbalou Oumlil,Easy,High,"PRIMARY SOURCE: Baadi, Lebreton & Pereira 2023, 'Hydric Geosites of Middle Atlas: A Natural Heritage Under Threat', Ch.8 in 'Geoheritage of the Middle Atlas (Morocco)' (Springer, ed. K. Baadi), full book PDF obtained. Table 8.1 explicitly classifies this site's Accessibility as 'Easy' (book code Hyd15, name 'Aguelmam Aghbalou Oumlil')."
loc_00927,Aguelmam Ait Said,Easy,High,"PRIMARY SOURCE: Baadi, Lebreton & Pereira 2023, 'Hydric Geosites of Middle Atlas: A Natural Heritage Under Threat', Ch.8 in 'Geoheritage of the Middle Atlas (Morocco)' (Springer, ed. K. Baadi), full book PDF obtained. Table 8.1 explicitly classifies this site's Accessibility as 'Easy' (book code Hyd16, name 'Aguelmam Ait Said')."
loc_00928,Aguelmam Azegza,Easy,High,"PRIMARY SOURCE: Baadi, Lebreton & Pereira 2023, 'Hydric Geosites of Middle Atlas: A Natural Heritage Under Threat', Ch.8 in 'Geoheritage of the Middle Atlas (Morocco)' (Springer, ed. K. Baadi), full book PDF obtained. Table 8.1 explicitly classifies this site's Accessibility as 'Easy' (book code Hyd18, name 'Aguelmam Azegza')."
loc_00929,Aguelmam Azougouarh,Easy,High,"PRIMARY SOURCE: Baadi, Lebreton & Pereira 2023, 'Hydric Geosites of Middle Atlas: A Natural Heritage Under Threat', Ch.8 in 'Geoheritage of the Middle Atlas (Morocco)' (Springer, ed. K. Baadi), full book PDF obtained. Table 8.1 explicitly classifies this site's Accessibility as 'Easy' (book code Hyd19, name 'Aguelmam Azougouarh')."
loc_00930,Aguelmam Bou Youssef,Easy,High,"PRIMARY SOURCE: Baadi, Lebreton & Pereira 2023, 'Hydric Geosites of Middle Atlas: A Natural Heritage Under Threat', Ch.8 in 'Geoheritage of the Middle Atlas (Morocco)' (Springer, ed. K. Baadi), full book PDF obtained. Table 8.1 explicitly classifies this site's Accessibility as 'Easy' (book code Hyd20, name 'Aguelmam Bou Youssef')."
loc_00931,Aguelmam Boucherouidene,Easy,High,"PRIMARY SOURCE: Baadi, Lebreton & Pereira 2023, 'Hydric Geosites of Middle Atlas: A Natural Heritage Under Threat', Ch.8 in 'Geoheritage of the Middle Atlas (Morocco)' (Springer, ed. K. Baadi), full book PDF obtained. Table 8.1 explicitly classifies this site's Accessibility as 'Easy' (book code Hyd21, name 'Aguelmam Boucherouidene')."
loc_00932,Aguelmam Ifrighraoune,Moderate,High,"PRIMARY SOURCE: Baadi, Lebreton & Pereira 2023, 'Hydric Geosites of Middle Atlas: A Natural Heritage Under Threat', Ch.8 in 'Geoheritage of the Middle Atlas (Morocco)' (Springer, ed. K. Baadi), full book PDF obtained. Table 8.1 explicitly classifies this site's Accessibility as 'Medium' (book code Hyd23, name 'Aguelmam Ifrighraoune')."
loc_00933,Aguelmam Nad′Adim,Moderate,High,"PRIMARY SOURCE: Baadi, Lebreton & Pereira 2023, 'Hydric Geosites of Middle Atlas: A Natural Heritage Under Threat', Ch.8 in 'Geoheritage of the Middle Atlas (Morocco)' (Springer, ed. K. Baadi), full book PDF obtained. Table 8.1 explicitly classifies this site's Accessibility as 'Medium' (book code Hyd26, name 'Aguelmam Nad′Adim')."
loc_00934,Aguelmam n’Tghallouine,Easy,High,"PRIMARY SOURCE: Baadi, Lebreton & Pereira 2023, 'Hydric Geosites of Middle Atlas: A Natural Heritage Under Threat', Ch.8 in 'Geoheritage of the Middle Atlas (Morocco)' (Springer, ed. K. Baadi), full book PDF obtained. Table 8.1 explicitly classifies this site's Accessibility as 'Easy' (book code Hyd28, name 'Aguelmam n’Tghallouine')."
loc_00935,Aguelmam Ntifounassine,Moderate,High,"PRIMARY SOURCE: Baadi, Lebreton & Pereira 2023, 'Hydric Geosites of Middle Atlas: A Natural Heritage Under Threat', Ch.8 in 'Geoheritage of the Middle Atlas (Morocco)' (Springer, ed. K. Baadi), full book PDF obtained. Table 8.1 explicitly classifies this site's Accessibility as 'Medium' (book code Hyd29, name 'Aguelmam Ntifounassine')."
loc_00936,Aguelmam Ticharat,Easy,High,"PRIMARY SOURCE: Baadi, Lebreton & Pereira 2023, 'Hydric Geosites of Middle Atlas: A Natural Heritage Under Threat', Ch.8 in 'Geoheritage of the Middle Atlas (Morocco)' (Springer, ed. K. Baadi), full book PDF obtained. Table 8.1 explicitly classifies this site's Accessibility as 'Easy' (book code Hyd33, name 'Aguelmam Ticharat')."
loc_00937,Aguelmam Tidouit,Easy,High,"PRIMARY SOURCE: Baadi, Lebreton & Pereira 2023, 'Hydric Geosites of Middle Atlas: A Natural Heritage Under Threat', Ch.8 in 'Geoheritage of the Middle Atlas (Morocco)' (Springer, ed. K. Baadi), full book PDF obtained. Table 8.1 explicitly classifies this site's Accessibility as 'Easy' (book code Hyd34, name 'Aguelmam Tidouit')."
loc_00938,Ain Aberchaou,Easy,High,"PRIMARY SOURCE: Baadi, Lebreton & Pereira 2023, 'Hydric Geosites of Middle Atlas: A Natural Heritage Under Threat', Ch.8 in 'Geoheritage of the Middle Atlas (Morocco)' (Springer, ed. K. Baadi), full book PDF obtained. Table 8.1 explicitly classifies this site's Accessibility as 'Easy' (book code Hyd36, name 'Ain Aberchaou')."
loc_00939,Ain Ait Meziane,Easy,High,"PRIMARY SOURCE: Baadi, Lebreton & Pereira 2023, 'Hydric Geosites of Middle Atlas: A Natural Heritage Under Threat', Ch.8 in 'Geoheritage of the Middle Atlas (Morocco)' (Springer, ed. K. Baadi), full book PDF obtained. Table 8.1 explicitly classifies this site's Accessibility as 'Easy' (book code Hyd38, name 'Ain Ait Meziane')."
loc_00940,Ain Ajaabou,Easy,High,"PRIMARY SOURCE: Baadi, Lebreton & Pereira 2023, 'Hydric Geosites of Middle Atlas: A Natural Heritage Under Threat', Ch.8 in 'Geoheritage of the Middle Atlas (Morocco)' (Springer, ed. K. Baadi), full book PDF obtained. Table 8.1 explicitly classifies this site's Accessibility as 'Easy' (book code Hyd39, name 'Ain Ajaabou')."
loc_00941,Ain Akadous,Easy,High,"PRIMARY SOURCE: Baadi, Lebreton & Pereira 2023, 'Hydric Geosites of Middle Atlas: A Natural Heritage Under Threat', Ch.8 in 'Geoheritage of the Middle Atlas (Morocco)' (Springer, ed. K. Baadi), full book PDF obtained. Table 8.1 explicitly classifies this site's Accessibility as 'Easy' (book code Hyd40, name 'Ain Akadous')."
loc_00942,Ain Amernoud,Difficult,High,"PRIMARY SOURCE: Baadi, Lebreton & Pereira 2023, 'Hydric Geosites of Middle Atlas: A Natural Heritage Under Threat', Ch.8 in 'Geoheritage of the Middle Atlas (Morocco)' (Springer, ed. K. Baadi), full book PDF obtained. Table 8.1 explicitly classifies this site's Accessibility as 'Difficult' (book code Hyd41, name 'Ain Amernoud')."
loc_00943,Ain Atshernat,Difficult,High,"PRIMARY SOURCE: Baadi, Lebreton & Pereira 2023, 'Hydric Geosites of Middle Atlas: A Natural Heritage Under Threat', Ch.8 in 'Geoheritage of the Middle Atlas (Morocco)' (Springer, ed. K. Baadi), full book PDF obtained. Table 8.1 explicitly classifies this site's Accessibility as 'Difficult' (book code Hyd42, name 'Ain Atshernat')."
loc_00944,Ain Ben Smime,Easy,High,"PRIMARY SOURCE: Baadi, Lebreton & Pereira 2023, 'Hydric Geosites of Middle Atlas: A Natural Heritage Under Threat', Ch.8 in 'Geoheritage of the Middle Atlas (Morocco)' (Springer, ed. K. Baadi), full book PDF obtained. Table 8.1 explicitly classifies this site's Accessibility as 'Easy' (book code Hyd44, name 'Ain Ben Smime')."
loc_00945,Ain Dem,Difficult,High,"PRIMARY SOURCE: Baadi, Lebreton & Pereira 2023, 'Hydric Geosites of Middle Atlas: A Natural Heritage Under Threat', Ch.8 in 'Geoheritage of the Middle Atlas (Morocco)' (Springer, ed. K. Baadi), full book PDF obtained. Table 8.1 explicitly classifies this site's Accessibility as 'Difficult' (book code Hyd45, name 'Ain Dem')."
loc_00947,Aïn Erreha,Easy,High,"PRIMARY SOURCE: Baadi, Lebreton & Pereira 2023, 'Hydric Geosites of Middle Atlas: A Natural Heritage Under Threat', Ch.8 in 'Geoheritage of the Middle Atlas (Morocco)' (Springer, ed. K. Baadi), full book PDF obtained. Table 8.1 explicitly classifies this site's Accessibility as 'Easy' (book code Hyd47, name 'Aïn Erreha')."
loc_00948,Ain Guenaz,Difficult,High,"PRIMARY SOURCE: Baadi, Lebreton & Pereira 2023, 'Hydric Geosites of Middle Atlas: A Natural Heritage Under Threat', Ch.8 in 'Geoheritage of the Middle Atlas (Morocco)' (Springer, ed. K. Baadi), full book PDF obtained. Table 8.1 explicitly classifies this site's Accessibility as 'Difficult' (book code Hyd48, name 'Ain Guenaz')."
loc_00949,Ain Ighlfoun,Difficult,High,"PRIMARY SOURCE: Baadi, Lebreton & Pereira 2023, 'Hydric Geosites of Middle Atlas: A Natural Heritage Under Threat', Ch.8 in 'Geoheritage of the Middle Atlas (Morocco)' (Springer, ed. K. Baadi), full book PDF obtained. Table 8.1 explicitly classifies this site's Accessibility as 'Difficult' (book code Hyd49, name 'Ain Ighlfoun')."
loc_00950,Ain Ighoul,Difficult,High,"PRIMARY SOURCE: Baadi, Lebreton & Pereira 2023, 'Hydric Geosites of Middle Atlas: A Natural Heritage Under Threat', Ch.8 in 'Geoheritage of the Middle Atlas (Morocco)' (Springer, ed. K. Baadi), full book PDF obtained. Table 8.1 explicitly classifies this site's Accessibility as 'Difficult' (book code Hyd50, name 'Ain Ighoul')."
loc_00951,Ain Ighouzaz,Difficult,High,"PRIMARY SOURCE: Baadi, Lebreton & Pereira 2023, 'Hydric Geosites of Middle Atlas: A Natural Heritage Under Threat', Ch.8 in 'Geoheritage of the Middle Atlas (Morocco)' (Springer, ed. K. Baadi), full book PDF obtained. Table 8.1 explicitly classifies this site's Accessibility as 'Difficult' (book code Hyd51, name 'Ain Ighouzaz')."
loc_00952,Ain Jerjoub,Difficult,High,"PRIMARY SOURCE: Baadi, Lebreton & Pereira 2023, 'Hydric Geosites of Middle Atlas: A Natural Heritage Under Threat', Ch.8 in 'Geoheritage of the Middle Atlas (Morocco)' (Springer, ed. K. Baadi), full book PDF obtained. Table 8.1 explicitly classifies this site's Accessibility as 'Difficult' (book code Hyd52, name 'Ain Jerjoub')."
loc_00953,Ain Jerrah,Easy,High,"PRIMARY SOURCE: Baadi, Lebreton & Pereira 2023, 'Hydric Geosites of Middle Atlas: A Natural Heritage Under Threat', Ch.8 in 'Geoheritage of the Middle Atlas (Morocco)' (Springer, ed. K. Baadi), full book PDF obtained. Table 8.1 explicitly classifies this site's Accessibility as 'Easy' (book code Hyd53, name 'Ain Jerrah')."
loc_00954,Ain Jorf,Easy,High,"PRIMARY SOURCE: Baadi, Lebreton & Pereira 2023, 'Hydric Geosites of Middle Atlas: A Natural Heritage Under Threat', Ch.8 in 'Geoheritage of the Middle Atlas (Morocco)' (Springer, ed. K. Baadi), full book PDF obtained. Table 8.1 explicitly classifies this site's Accessibility as 'Easy' (book code Hyd54, name 'Ain Jorf')."
loc_00956,Ain Kahla 2,Easy,High,"PRIMARY SOURCE: Baadi, Lebreton & Pereira 2023, 'Hydric Geosites of Middle Atlas: A Natural Heritage Under Threat', Ch.8 in 'Geoheritage of the Middle Atlas (Morocco)' (Springer, ed. K. Baadi), full book PDF obtained. Table 8.1 explicitly classifies this site's Accessibility as 'Easy' (book code Hyd56, name 'Ain Kahla 2')."
loc_00957,Aïn Khadem,Easy,High,"PRIMARY SOURCE: Baadi, Lebreton & Pereira 2023, 'Hydric Geosites of Middle Atlas: A Natural Heritage Under Threat', Ch.8 in 'Geoheritage of the Middle Atlas (Morocco)' (Springer, ed. K. Baadi), full book PDF obtained. Table 8.1 explicitly classifies this site's Accessibility as 'Easy' (book code Hyd57, name 'Aïn Khadem')."
loc_00958,Ain Maarouf,Difficult,High,"PRIMARY SOURCE: Baadi, Lebreton & Pereira 2023, 'Hydric Geosites of Middle Atlas: A Natural Heritage Under Threat', Ch.8 in 'Geoheritage of the Middle Atlas (Morocco)' (Springer, ed. K. Baadi), full book PDF obtained. Table 8.1 explicitly classifies this site's Accessibility as 'Difficult' (book code Hyd59, name 'Ain Maarouf')."
loc_00959,Ain Melzit,Difficult,High,"PRIMARY SOURCE: Baadi, Lebreton & Pereira 2023, 'Hydric Geosites of Middle Atlas: A Natural Heritage Under Threat', Ch.8 in 'Geoheritage of the Middle Atlas (Morocco)' (Springer, ed. K. Baadi), full book PDF obtained. Table 8.1 explicitly classifies this site's Accessibility as 'Difficult' (book code Hyd60, name 'Ain Melzit')."
loc_00960,Ain Mezdou,Difficult,High,"PRIMARY SOURCE: Baadi, Lebreton & Pereira 2023, 'Hydric Geosites of Middle Atlas: A Natural Heritage Under Threat', Ch.8 in 'Geoheritage of the Middle Atlas (Morocco)' (Springer, ed. K. Baadi), full book PDF obtained. Table 8.1 explicitly classifies this site's Accessibility as 'Difficult' (book code Hyd61, name 'Ain Mezdou')."
loc_00961,Ain Mghirta,Difficult,High,"PRIMARY SOURCE: Baadi, Lebreton & Pereira 2023, 'Hydric Geosites of Middle Atlas: A Natural Heritage Under Threat', Ch.8 in 'Geoheritage of the Middle Atlas (Morocco)' (Springer, ed. K. Baadi), full book PDF obtained. Table 8.1 explicitly classifies this site's Accessibility as 'Difficult' (book code Hyd62, name 'Ain Mghirta')."
loc_00962,Aïn n’Tislit,Difficult,High,"PRIMARY SOURCE: Baadi, Lebreton & Pereira 2023, 'Hydric Geosites of Middle Atlas: A Natural Heritage Under Threat', Ch.8 in 'Geoheritage of the Middle Atlas (Morocco)' (Springer, ed. K. Baadi), full book PDF obtained. Table 8.1 explicitly classifies this site's Accessibility as 'Difficult' (book code Hyd63, name 'Aïn n’Tislit')."
loc_00963,Ain Ouamender,Difficult,High,"PRIMARY SOURCE: Baadi, Lebreton & Pereira 2023, 'Hydric Geosites of Middle Atlas: A Natural Heritage Under Threat', Ch.8 in 'Geoheritage of the Middle Atlas (Morocco)' (Springer, ed. K. Baadi), full book PDF obtained. Table 8.1 explicitly classifies this site's Accessibility as 'Difficult' (book code Hyd64, name 'Ain Ouamender')."
loc_00964,Ain Regrag,Difficult,High,"PRIMARY SOURCE: Baadi, Lebreton & Pereira 2023, 'Hydric Geosites of Middle Atlas: A Natural Heritage Under Threat', Ch.8 in 'Geoheritage of the Middle Atlas (Morocco)' (Springer, ed. K. Baadi), full book PDF obtained. Table 8.1 explicitly classifies this site's Accessibility as 'Difficult' (book code Hyd65, name 'Ain Regrag')."
loc_00965,Ain Sidi Rached,Easy,High,"PRIMARY SOURCE: Baadi, Lebreton & Pereira 2023, 'Hydric Geosites of Middle Atlas: A Natural Heritage Under Threat', Ch.8 in 'Geoheritage of the Middle Atlas (Morocco)' (Springer, ed. K. Baadi), full book PDF obtained. Table 8.1 explicitly classifies this site's Accessibility as 'Easy' (book code Hyd67, name 'Ain Sidi Rached')."
loc_00966,Ain Skhounate,Difficult,High,"PRIMARY SOURCE: Baadi, Lebreton & Pereira 2023, 'Hydric Geosites of Middle Atlas: A Natural Heritage Under Threat', Ch.8 in 'Geoheritage of the Middle Atlas (Morocco)' (Springer, ed. K. Baadi), full book PDF obtained. Table 8.1 explicitly classifies this site's Accessibility as 'Difficult' (book code Hyd68, name 'Ain Skhounate')."
loc_00967,Ain Sultane,Moderate,High,"PRIMARY SOURCE: Baadi, Lebreton & Pereira 2023, 'Hydric Geosites of Middle Atlas: A Natural Heritage Under Threat', Ch.8 in 'Geoheritage of the Middle Atlas (Morocco)' (Springer, ed. K. Baadi), full book PDF obtained. Table 8.1 explicitly classifies this site's Accessibility as 'Medium' (book code Hyd69, name 'Ain Sultane')."
loc_00968,Ain Takeltount,Easy,High,"PRIMARY SOURCE: Baadi, Lebreton & Pereira 2023, 'Hydric Geosites of Middle Atlas: A Natural Heritage Under Threat', Ch.8 in 'Geoheritage of the Middle Atlas (Morocco)' (Springer, ed. K. Baadi), full book PDF obtained. Table 8.1 explicitly classifies this site's Accessibility as 'Easy' (book code Hyd70, name 'Ain Takeltount')."
loc_00969,Ain Takhouwat,Difficult,High,"PRIMARY SOURCE: Baadi, Lebreton & Pereira 2023, 'Hydric Geosites of Middle Atlas: A Natural Heritage Under Threat', Ch.8 in 'Geoheritage of the Middle Atlas (Morocco)' (Springer, ed. K. Baadi), full book PDF obtained. Table 8.1 explicitly classifies this site's Accessibility as 'Difficult' (book code Hyd71, name 'Ain Takhouwat')."
loc_00970,Ain Talghoulat,Moderate,High,"PRIMARY SOURCE: Baadi, Lebreton & Pereira 2023, 'Hydric Geosites of Middle Atlas: A Natural Heritage Under Threat', Ch.8 in 'Geoheritage of the Middle Atlas (Morocco)' (Springer, ed. K. Baadi), full book PDF obtained. Table 8.1 explicitly classifies this site's Accessibility as 'Medium' (book code Hyd72, name 'Ain Talghoulat')."
loc_00971,Ain Tamzirt,Difficult,High,"PRIMARY SOURCE: Baadi, Lebreton & Pereira 2023, 'Hydric Geosites of Middle Atlas: A Natural Heritage Under Threat', Ch.8 in 'Geoheritage of the Middle Atlas (Morocco)' (Springer, ed. K. Baadi), full book PDF obtained. Table 8.1 explicitly classifies this site's Accessibility as 'Difficult' (book code Hyd73, name 'Ain Tamzirt')."
loc_00972,Ain Tassiwine,Difficult,High,"PRIMARY SOURCE: Baadi, Lebreton & Pereira 2023, 'Hydric Geosites of Middle Atlas: A Natural Heritage Under Threat', Ch.8 in 'Geoheritage of the Middle Atlas (Morocco)' (Springer, ed. K. Baadi), full book PDF obtained. Table 8.1 explicitly classifies this site's Accessibility as 'Difficult' (book code Hyd74, name 'Ain Tassiwine')."
loc_00973,Ain Tataw,Difficult,High,"PRIMARY SOURCE: Baadi, Lebreton & Pereira 2023, 'Hydric Geosites of Middle Atlas: A Natural Heritage Under Threat', Ch.8 in 'Geoheritage of the Middle Atlas (Morocco)' (Springer, ed. K. Baadi), full book PDF obtained. Table 8.1 explicitly classifies this site's Accessibility as 'Difficult' (book code Hyd75, name 'Ain Tataw')."
loc_00974,Ain Tidouit,Difficult,High,"PRIMARY SOURCE: Baadi, Lebreton & Pereira 2023, 'Hydric Geosites of Middle Atlas: A Natural Heritage Under Threat', Ch.8 in 'Geoheritage of the Middle Atlas (Morocco)' (Springer, ed. K. Baadi), full book PDF obtained. Table 8.1 explicitly classifies this site's Accessibility as 'Difficult' (book code Hyd76, name 'Ain Tidouit')."
loc_00975,Ain Tifratine,Difficult,High,"PRIMARY SOURCE: Baadi, Lebreton & Pereira 2023, 'Hydric Geosites of Middle Atlas: A Natural Heritage Under Threat', Ch.8 in 'Geoheritage of the Middle Atlas (Morocco)' (Springer, ed. K. Baadi), full book PDF obtained. Table 8.1 explicitly classifies this site's Accessibility as 'Difficult' (book code Hyd77, name 'Ain Tifratine')."
loc_00976,Ain Timedrine,Difficult,High,"PRIMARY SOURCE: Baadi, Lebreton & Pereira 2023, 'Hydric Geosites of Middle Atlas: A Natural Heritage Under Threat', Ch.8 in 'Geoheritage of the Middle Atlas (Morocco)' (Springer, ed. K. Baadi), full book PDF obtained. Table 8.1 explicitly classifies this site's Accessibility as 'Difficult' (book code Hyd78, name 'Ain Timedrine')."
loc_00977,Ain Vital,Easy,High,"PRIMARY SOURCE: Baadi, Lebreton & Pereira 2023, 'Hydric Geosites of Middle Atlas: A Natural Heritage Under Threat', Ch.8 in 'Geoheritage of the Middle Atlas (Morocco)' (Springer, ed. K. Baadi), full book PDF obtained. Table 8.1 explicitly classifies this site's Accessibility as 'Easy' (book code Hyd79, name 'Ain Vital')."
loc_00978,Ain Zerrouka,Easy,High,"PRIMARY SOURCE: Baadi, Lebreton & Pereira 2023, 'Hydric Geosites of Middle Atlas: A Natural Heritage Under Threat', Ch.8 in 'Geoheritage of the Middle Atlas (Morocco)' (Springer, ed. K. Baadi), full book PDF obtained. Table 8.1 explicitly classifies this site's Accessibility as 'Easy' (book code Hyd80, name 'Ain Zerrouka')."
loc_00979,Aioun Imettassene,Easy,High,"PRIMARY SOURCE: Baadi, Lebreton & Pereira 2023, 'Hydric Geosites of Middle Atlas: A Natural Heritage Under Threat', Ch.8 in 'Geoheritage of the Middle Atlas (Morocco)' (Springer, ed. K. Baadi), full book PDF obtained. Table 8.1 explicitly classifies this site's Accessibility as 'Easy' (book code Hyd81, name 'Aioun Imettassene')."
loc_00980,Aioun Ras El Ma,Easy,High,"PRIMARY SOURCE: Baadi, Lebreton & Pereira 2023, 'Hydric Geosites of Middle Atlas: A Natural Heritage Under Threat', Ch.8 in 'Geoheritage of the Middle Atlas (Morocco)' (Springer, ed. K. Baadi), full book PDF obtained. Table 8.1 explicitly classifies this site's Accessibility as 'Easy' (book code Hyd82, name 'Aioun Ras El Ma')."
loc_00981,Ait Athia,Moderate,High,"PRIMARY SOURCE: Baadi, Lebreton & Pereira 2023, 'Hydric Geosites of Middle Atlas: A Natural Heritage Under Threat', Ch.8 in 'Geoheritage of the Middle Atlas (Morocco)' (Springer, ed. K. Baadi), full book PDF obtained. Table 8.1 explicitly classifies this site's Accessibility as 'Medium' (book code Hyd83, name 'Ait Athia')."
loc_00982,Amane Imellaline (Ain Joua),Difficult,High,"PRIMARY SOURCE: Baadi, Lebreton & Pereira 2023, 'Hydric Geosites of Middle Atlas: A Natural Heritage Under Threat', Ch.8 in 'Geoheritage of the Middle Atlas (Morocco)' (Springer, ed. K. Baadi), full book PDF obtained. Table 8.1 explicitly classifies this site's Accessibility as 'Difficult' (book code Hyd84, name 'Amane Imellaline (Ain Joua)')."
loc_00983,Anzar Oufounas,Difficult,High,"PRIMARY SOURCE: Baadi, Lebreton & Pereira 2023, 'Hydric Geosites of Middle Atlas: A Natural Heritage Under Threat', Ch.8 in 'Geoheritage of the Middle Atlas (Morocco)' (Springer, ed. K. Baadi), full book PDF obtained. Table 8.1 explicitly classifies this site's Accessibility as 'Difficult' (book code Hyd85, name 'Anzar Oufounas')."
loc_00984,Cascade d’Aït smail,Difficult,High,"PRIMARY SOURCE: Baadi, Lebreton & Pereira 2023, 'Hydric Geosites of Middle Atlas: A Natural Heritage Under Threat', Ch.8 in 'Geoheritage of the Middle Atlas (Morocco)' (Springer, ed. K. Baadi), full book PDF obtained. Table 8.1 explicitly classifies this site's Accessibility as 'Difficult' (book code Hyd86, name 'Cascade d’Aït smail')."
loc_00985,Cascade des vierges,Difficult,High,"PRIMARY SOURCE: Baadi, Lebreton & Pereira 2023, 'Hydric Geosites of Middle Atlas: A Natural Heritage Under Threat', Ch.8 in 'Geoheritage of the Middle Atlas (Morocco)' (Springer, ed. K. Baadi), full book PDF obtained. Table 8.1 explicitly classifies this site's Accessibility as 'Difficult' (book code Hyd87, name 'Cascade des vierges')."
loc_00987,Cascade d’Imouzer Kandar,Moderate,High,"PRIMARY SOURCE: Baadi, Lebreton & Pereira 2023, 'Hydric Geosites of Middle Atlas: A Natural Heritage Under Threat', Ch.8 in 'Geoheritage of the Middle Atlas (Morocco)' (Springer, ed. K. Baadi), full book PDF obtained. Table 8.1 explicitly classifies this site's Accessibility as 'Medium' (book code Hyd89, name 'Cascade d’Imouzer Kandar')."
loc_00988,Cascade Hawai,Difficult,High,"PRIMARY SOURCE: Baadi, Lebreton & Pereira 2023, 'Hydric Geosites of Middle Atlas: A Natural Heritage Under Threat', Ch.8 in 'Geoheritage of the Middle Atlas (Morocco)' (Springer, ed. K. Baadi), full book PDF obtained. Table 8.1 explicitly classifies this site's Accessibility as 'Difficult' (book code Hyd90, name 'Cascade Hawai')."
loc_00989,Cascade Ras El Ma,Easy,High,"PRIMARY SOURCE: Baadi, Lebreton & Pereira 2023, 'Hydric Geosites of Middle Atlas: A Natural Heritage Under Threat', Ch.8 in 'Geoheritage of the Middle Atlas (Morocco)' (Springer, ed. K. Baadi), full book PDF obtained. Table 8.1 explicitly classifies this site's Accessibility as 'Easy' (book code Hyd91, name 'Cascade Ras El Ma')."
loc_00990,Cascade Sefrou,Easy,High,"PRIMARY SOURCE: Baadi, Lebreton & Pereira 2023, 'Hydric Geosites of Middle Atlas: A Natural Heritage Under Threat', Ch.8 in 'Geoheritage of the Middle Atlas (Morocco)' (Springer, ed. K. Baadi), full book PDF obtained. Table 8.1 explicitly classifies this site's Accessibility as 'Easy' (book code Hyd92, name 'Cascade Sefrou')."
loc_00991,Cascade Sidi Bou Shaq,Difficult,High,"PRIMARY SOURCE: Baadi, Lebreton & Pereira 2023, 'Hydric Geosites of Middle Atlas: A Natural Heritage Under Threat', Ch.8 in 'Geoheritage of the Middle Atlas (Morocco)' (Springer, ed. K. Baadi), full book PDF obtained. Table 8.1 explicitly classifies this site's Accessibility as 'Difficult' (book code Hyd93, name 'Cascade Sidi Bou Shaq')."
loc_00992,Cascade Skoura,Easy,High,"PRIMARY SOURCE: Baadi, Lebreton & Pereira 2023, 'Hydric Geosites of Middle Atlas: A Natural Heritage Under Threat', Ch.8 in 'Geoheritage of the Middle Atlas (Morocco)' (Springer, ed. K. Baadi), full book PDF obtained. Table 8.1 explicitly classifies this site's Accessibility as 'Easy' (book code Hyd94, name 'Cascade Skoura')."
loc_00993,Cascade Tagoute,Difficult,High,"PRIMARY SOURCE: Baadi, Lebreton & Pereira 2023, 'Hydric Geosites of Middle Atlas: A Natural Heritage Under Threat', Ch.8 in 'Geoheritage of the Middle Atlas (Morocco)' (Springer, ed. K. Baadi), full book PDF obtained. Table 8.1 explicitly classifies this site's Accessibility as 'Difficult' (book code Hyd95, name 'Cascade Tagoute')."
loc_00995,Dayet El Jerane,Easy,High,"PRIMARY SOURCE: Baadi, Lebreton & Pereira 2023, 'Hydric Geosites of Middle Atlas: A Natural Heritage Under Threat', Ch.8 in 'Geoheritage of the Middle Atlas (Morocco)' (Springer, ed. K. Baadi), full book PDF obtained. Table 8.1 explicitly classifies this site's Accessibility as 'Easy' (book code Hyd97, name 'Dayet El Jerane')."
loc_00996,Dayet Hachlaf,Easy,High,"PRIMARY SOURCE: Baadi, Lebreton & Pereira 2023, 'Hydric Geosites of Middle Atlas: A Natural Heritage Under Threat', Ch.8 in 'Geoheritage of the Middle Atlas (Morocco)' (Springer, ed. K. Baadi), full book PDF obtained. Table 8.1 explicitly classifies this site's Accessibility as 'Easy' (book code Hyd98, name 'Dayet Hachlaf')."
loc_00997,Dayet Iffer,Easy,High,"PRIMARY SOURCE: Baadi, Lebreton & Pereira 2023, 'Hydric Geosites of Middle Atlas: A Natural Heritage Under Threat', Ch.8 in 'Geoheritage of the Middle Atlas (Morocco)' (Springer, ed. K. Baadi), full book PDF obtained. Table 8.1 explicitly classifies this site's Accessibility as 'Easy' (book code Hyd99, name 'Dayet Iffer')."
loc_01071,Dayet Ifrah,Easy,High,"PRIMARY SOURCE: Baadi, Lebreton & Pereira 2023, 'Hydric Geosites of Middle Atlas: A Natural Heritage Under Threat', Ch.8 in 'Geoheritage of the Middle Atlas (Morocco)' (Springer, ed. K. Baadi), full book PDF obtained. Table 8.1 explicitly classifies this site's Accessibility as 'Easy' (book code Hyd100, name 'Dayet Ifrah')."
loc_00998,Dayet Lakbira,Easy,High,"PRIMARY SOURCE: Baadi, Lebreton & Pereira 2023, 'Hydric Geosites of Middle Atlas: A Natural Heritage Under Threat', Ch.8 in 'Geoheritage of the Middle Atlas (Morocco)' (Springer, ed. K. Baadi), full book PDF obtained. Table 8.1 explicitly classifies this site's Accessibility as 'Easy' (book code Hyd101, name 'Dayet Lakbira')."
loc_00999,Dayet Maasker,Easy,High,"PRIMARY SOURCE: Baadi, Lebreton & Pereira 2023, 'Hydric Geosites of Middle Atlas: A Natural Heritage Under Threat', Ch.8 in 'Geoheritage of the Middle Atlas (Morocco)' (Springer, ed. K. Baadi), full book PDF obtained. Table 8.1 explicitly classifies this site's Accessibility as 'Easy' (book code Hyd102, name 'Dayet Maasker')."
loc_01000,Dayet Moucherkour,Easy,High,"PRIMARY SOURCE: Baadi, Lebreton & Pereira 2023, 'Hydric Geosites of Middle Atlas: A Natural Heritage Under Threat', Ch.8 in 'Geoheritage of the Middle Atlas (Morocco)' (Springer, ed. K. Baadi), full book PDF obtained. Table 8.1 explicitly classifies this site's Accessibility as 'Easy' (book code Hyd103, name 'Dayet Moucherkour')."
loc_01001,Dayet Tichout,Easy,High,"PRIMARY SOURCE: Baadi, Lebreton & Pereira 2023, 'Hydric Geosites of Middle Atlas: A Natural Heritage Under Threat', Ch.8 in 'Geoheritage of the Middle Atlas (Morocco)' (Springer, ed. K. Baadi), full book PDF obtained. Table 8.1 explicitly classifies this site's Accessibility as 'Easy' (book code Hyd104, name 'Dayet Tichout')."
loc_01002,Ifri Ou Berid,Moderate,High,"PRIMARY SOURCE: Baadi, Lebreton & Pereira 2023, 'Hydric Geosites of Middle Atlas: A Natural Heritage Under Threat', Ch.8 in 'Geoheritage of the Middle Atlas (Morocco)' (Springer, ed. K. Baadi), full book PDF obtained. Table 8.1 explicitly classifies this site's Accessibility as 'Medium' (book code Hyd106, name 'Ifri Ou Berid')."
loc_01003,Lac Afnourir,Easy,High,"PRIMARY SOURCE: Baadi, Lebreton & Pereira 2023, 'Hydric Geosites of Middle Atlas: A Natural Heritage Under Threat', Ch.8 in 'Geoheritage of the Middle Atlas (Morocco)' (Springer, ed. K. Baadi), full book PDF obtained. Table 8.1 explicitly classifies this site's Accessibility as 'Easy' (book code Hyd107, name 'Lac Afnourir')."
loc_01004,Lac Afourgagh,Easy,High,"PRIMARY SOURCE: Baadi, Lebreton & Pereira 2023, 'Hydric Geosites of Middle Atlas: A Natural Heritage Under Threat', Ch.8 in 'Geoheritage of the Middle Atlas (Morocco)' (Springer, ed. K. Baadi), full book PDF obtained. Table 8.1 explicitly classifies this site's Accessibility as 'Easy' (book code Hyd108, name 'Lac Afourgagh')."
loc_01005,Lac Agoulmame,Easy,High,"PRIMARY SOURCE: Baadi, Lebreton & Pereira 2023, 'Hydric Geosites of Middle Atlas: A Natural Heritage Under Threat', Ch.8 in 'Geoheritage of the Middle Atlas (Morocco)' (Springer, ed. K. Baadi), full book PDF obtained. Table 8.1 explicitly classifies this site's Accessibility as 'Easy' (book code Hyd109, name 'Lac Agoulmame')."
loc_01006,Lac Tighboula-Laachoure,Easy,High,"PRIMARY SOURCE: Baadi, Lebreton & Pereira 2023, 'Hydric Geosites of Middle Atlas: A Natural Heritage Under Threat', Ch.8 in 'Geoheritage of the Middle Atlas (Morocco)' (Springer, ed. K. Baadi), full book PDF obtained. Table 8.1 explicitly classifies this site's Accessibility as 'Easy' (book code Hyd111, name 'Lac Tighboula-Laachoure')."
loc_01007,Ouoouchène,Difficult,High,"PRIMARY SOURCE: Baadi, Lebreton & Pereira 2023, 'Hydric Geosites of Middle Atlas: A Natural Heritage Under Threat', Ch.8 in 'Geoheritage of the Middle Atlas (Morocco)' (Springer, ed. K. Baadi), full book PDF obtained. Table 8.1 explicitly classifies this site's Accessibility as 'Difficult' (book code Hyd113, name 'Ouoouchène')."
loc_01008,Rabiaa-Bitit,Easy,High,"PRIMARY SOURCE: Baadi, Lebreton & Pereira 2023, 'Hydric Geosites of Middle Atlas: A Natural Heritage Under Threat', Ch.8 in 'Geoheritage of the Middle Atlas (Morocco)' (Springer, ed. K. Baadi), full book PDF obtained. Table 8.1 explicitly classifies this site's Accessibility as 'Easy' (book code Hyd114, name 'Rabiaa-Bitit')."
loc_01009,Ras Adrar Izem,Moderate,High,"PRIMARY SOURCE: Baadi, Lebreton & Pereira 2023, 'Hydric Geosites of Middle Atlas: A Natural Heritage Under Threat', Ch.8 in 'Geoheritage of the Middle Atlas (Morocco)' (Springer, ed. K. Baadi), full book PDF obtained. Table 8.1 explicitly classifies this site's Accessibility as 'Medium' (book code Hyd115, name 'Ras Adrar Izem')."
loc_01010,Ras El Ain,Difficult,High,"PRIMARY SOURCE: Baadi, Lebreton & Pereira 2023, 'Hydric Geosites of Middle Atlas: A Natural Heritage Under Threat', Ch.8 in 'Geoheritage of the Middle Atlas (Morocco)' (Springer, ed. K. Baadi), full book PDF obtained. Table 8.1 explicitly classifies this site's Accessibility as 'Difficult' (book code Hyd116, name 'Ras El Ain')."
loc_01011,Ras El Ma,Easy,High,"PRIMARY SOURCE: Baadi, Lebreton & Pereira 2023, 'Hydric Geosites of Middle Atlas: A Natural Heritage Under Threat', Ch.8 in 'Geoheritage of the Middle Atlas (Morocco)' (Springer, ed. K. Baadi), full book PDF obtained. Table 8.1 explicitly classifies this site's Accessibility as 'Easy' (book code Hyd117, name 'Ras El Ma')."
loc_01012,Résurgence d’Ademame,Easy,High,"PRIMARY SOURCE: Baadi, Lebreton & Pereira 2023, 'Hydric Geosites of Middle Atlas: A Natural Heritage Under Threat', Ch.8 in 'Geoheritage of the Middle Atlas (Morocco)' (Springer, ed. K. Baadi), full book PDF obtained. Table 8.1 explicitly classifies this site's Accessibility as 'Easy' (book code Hyd118, name 'Résurgence d’Ademame')."
loc_01013,Sabhab,Difficult,High,"PRIMARY SOURCE: Baadi, Lebreton & Pereira 2023, 'Hydric Geosites of Middle Atlas: A Natural Heritage Under Threat', Ch.8 in 'Geoheritage of the Middle Atlas (Morocco)' (Springer, ed. K. Baadi), full book PDF obtained. Table 8.1 explicitly classifies this site's Accessibility as 'Difficult' (book code Hyd119, name 'Sabhab')."
loc_01014,Sidi Yahia,Difficult,High,"PRIMARY SOURCE: Baadi, Lebreton & Pereira 2023, 'Hydric Geosites of Middle Atlas: A Natural Heritage Under Threat', Ch.8 in 'Geoheritage of the Middle Atlas (Morocco)' (Springer, ed. K. Baadi), full book PDF obtained. Table 8.1 explicitly classifies this site's Accessibility as 'Difficult' (book code Hyd120, name 'Sidi Yahia')."
loc_01015,Tabhirte,Easy,High,"PRIMARY SOURCE: Baadi, Lebreton & Pereira 2023, 'Hydric Geosites of Middle Atlas: A Natural Heritage Under Threat', Ch.8 in 'Geoheritage of the Middle Atlas (Morocco)' (Springer, ed. K. Baadi), full book PDF obtained. Table 8.1 explicitly classifies this site's Accessibility as 'Easy' (book code Hyd121, name 'Tabhirte')."
loc_01016,Tibakhbakhine,Moderate,High,"PRIMARY SOURCE: Baadi, Lebreton & Pereira 2023, 'Hydric Geosites of Middle Atlas: A Natural Heritage Under Threat', Ch.8 in 'Geoheritage of the Middle Atlas (Morocco)' (Springer, ed. K. Baadi), full book PDF obtained. Table 8.1 explicitly classifies this site's Accessibility as 'Medium' (book code Hyd123, name 'Tibakhbakhine')."
loc_01017,Tiguelmamine (El Hajeb),Easy,High,"PRIMARY SOURCE: Baadi, Lebreton & Pereira 2023, 'Hydric Geosites of Middle Atlas: A Natural Heritage Under Threat', Ch.8 in 'Geoheritage of the Middle Atlas (Morocco)' (Springer, ed. K. Baadi), full book PDF obtained. Table 8.1 explicitly classifies this site's Accessibility as 'Easy' (book code Hyd124, name 'Tiguelmamine (El Hajeb)')."
loc_01036,Tiguelmamines,Difficult,High,"PRIMARY SOURCE: Baadi, Lebreton & Pereira 2023, 'Hydric Geosites of Middle Atlas: A Natural Heritage Under Threat', Ch.8 in 'Geoheritage of the Middle Atlas (Morocco)' (Springer, ed. K. Baadi), full book PDF obtained. Table 8.1 explicitly classifies this site's Accessibility as 'Difficult' (book code Hyd125, name 'Tiguelmamines')."
loc_01018,Tit-Zill,Easy,High,"PRIMARY SOURCE: Baadi, Lebreton & Pereira 2023, 'Hydric Geosites of Middle Atlas: A Natural Heritage Under Threat', Ch.8 in 'Geoheritage of the Middle Atlas (Morocco)' (Springer, ed. K. Baadi), full book PDF obtained. Table 8.1 explicitly classifies this site's Accessibility as 'Easy' (book code Hyd127, name 'Tit-Zill')."
loc_01019,Zaouiat Ifrane,Easy,High,"PRIMARY SOURCE: Baadi, Lebreton & Pereira 2023, 'Hydric Geosites of Middle Atlas: A Natural Heritage Under Threat', Ch.8 in 'Geoheritage of the Middle Atlas (Morocco)' (Springer, ed. K. Baadi), full book PDF obtained. Table 8.1 explicitly classifies this site's Accessibility as 'Easy' (book code Hyd128, name 'Zaouiat Ifrane')."
loc_00946,Ain El Aouda,Easy,High,"PRIMARY SOURCE: Baadi, Lebreton & Pereira 2023, 'Hydric Geosites of Middle Atlas: A Natural Heritage Under Threat', Ch.8 in 'Geoheritage of the Middle Atlas (Morocco)' (Springer, ed. K. Baadi), full book PDF obtained. Table 8.1 explicitly classifies this site's Accessibility as 'Easy' (book code Hyd46, name 'Ain El Aouda')."
loc_01041,Ain El Aouda,Easy,High,"PRIMARY SOURCE: Baadi, Lebreton & Pereira 2023, 'Hydric Geosites of Middle Atlas: A Natural Heritage Under Threat', Ch.8 in 'Geoheritage of the Middle Atlas (Morocco)' (Springer, ed. K. Baadi), full book PDF obtained. Table 8.1 explicitly classifies this site's Accessibility as 'Easy' (book code Hyd46, name 'Ain El Aouda')."
loc_00955,Ain Kahla,Easy,High,"PRIMARY SOURCE: Baadi, Lebreton & Pereira 2023, 'Hydric Geosites of Middle Atlas: A Natural Heritage Under Threat', Ch.8 in 'Geoheritage of the Middle Atlas (Morocco)' (Springer, ed. K. Baadi), full book PDF obtained. Table 8.1 explicitly classifies this site's Accessibility as 'Easy' (book code Hyd55, name 'Ain Kahla')."
loc_01042,Ain Kahla,Easy,High,"PRIMARY SOURCE: Baadi, Lebreton & Pereira 2023, 'Hydric Geosites of Middle Atlas: A Natural Heritage Under Threat', Ch.8 in 'Geoheritage of the Middle Atlas (Morocco)' (Springer, ed. K. Baadi), full book PDF obtained. Table 8.1 explicitly classifies this site's Accessibility as 'Easy' (book code Hyd55, name 'Ain Kahla')."
loc_00717,Dayet Aoua,Easy,High,"PRIMARY SOURCE: Baadi, Lebreton & Pereira 2023, 'Hydric Geosites of Middle Atlas: A Natural Heritage Under Threat', Ch.8 in 'Geoheritage of the Middle Atlas (Morocco)' (Springer, ed. K. Baadi), full book PDF obtained. Table 8.1 explicitly classifies this site's Accessibility as 'Easy' (book code Hyd96, name 'Dayet Aoua')."
loc_00994,Dayet Aoua,Easy,High,"PRIMARY SOURCE: Baadi, Lebreton & Pereira 2023, 'Hydric Geosites of Middle Atlas: A Natural Heritage Under Threat', Ch.8 in 'Geoheritage of the Middle Atlas (Morocco)' (Springer, ed. K. Baadi), full book PDF obtained. Table 8.1 explicitly classifies this site's Accessibility as 'Easy' (book code Hyd96, name 'Dayet Aoua')."
loc_01039,Agouni Izguère,Moderate,High,"PRIMARY SOURCE: Baadi & Lebreton 2023, 'Exo- and Endokarst of the Middle Atlas (Morocco): From Inventory to Promotion', Ch.10 in 'Geoheritage of the Middle Atlas (Morocco)' (Springer, ed. K. Baadi), full book PDF obtained. Table 10.1 explicitly classifies this site's Accessibility (book code Kar03)."
loc_01040,Agrane,Moderate,High,"PRIMARY SOURCE: Baadi & Lebreton 2023, 'Exo- and Endokarst of the Middle Atlas (Morocco): From Inventory to Promotion', Ch.10 in 'Geoheritage of the Middle Atlas (Morocco)' (Springer, ed. K. Baadi), full book PDF obtained. Table 10.1 explicitly classifies this site's Accessibility (book code Kar04)."
loc_01119,Ain El Aouda,Difficult,High,"PRIMARY SOURCE: Baadi & Lebreton 2023, 'Exo- and Endokarst of the Middle Atlas (Morocco): From Inventory to Promotion', Ch.10 in 'Geoheritage of the Middle Atlas (Morocco)' (Springer, ed. K. Baadi), full book PDF obtained. Table 10.1 explicitly classifies this site's Accessibility (book code Kar06)."
loc_01043,Ait Ahmed,Difficult,High,"PRIMARY SOURCE: Baadi & Lebreton 2023, 'Exo- and Endokarst of the Middle Atlas (Morocco): From Inventory to Promotion', Ch.10 in 'Geoheritage of the Middle Atlas (Morocco)' (Springer, ed. K. Baadi), full book PDF obtained. Table 10.1 explicitly classifies this site's Accessibility (book code Kar10)."
loc_01044,Aoumchach I,Difficult,High,"PRIMARY SOURCE: Baadi & Lebreton 2023, 'Exo- and Endokarst of the Middle Atlas (Morocco): From Inventory to Promotion', Ch.10 in 'Geoheritage of the Middle Atlas (Morocco)' (Springer, ed. K. Baadi), full book PDF obtained. Table 10.1 explicitly classifies this site's Accessibility (book code Kar13)."
loc_01045,Aoumchach II,Difficult,High,"PRIMARY SOURCE: Baadi & Lebreton 2023, 'Exo- and Endokarst of the Middle Atlas (Morocco): From Inventory to Promotion', Ch.10 in 'Geoheritage of the Middle Atlas (Morocco)' (Springer, ed. K. Baadi), full book PDF obtained. Table 10.1 explicitly classifies this site's Accessibility (book code Kar14)."
loc_01046,Aven Koul,Moderate,High,"PRIMARY SOURCE: Baadi & Lebreton 2023, 'Exo- and Endokarst of the Middle Atlas (Morocco): From Inventory to Promotion', Ch.10 in 'Geoheritage of the Middle Atlas (Morocco)' (Springer, ed. K. Baadi), full book PDF obtained. Table 10.1 explicitly classifies this site's Accessibility (book code Kar15)."
loc_01048,Bab Tafertest,Moderate,High,"PRIMARY SOURCE: Baadi & Lebreton 2023, 'Exo- and Endokarst of the Middle Atlas (Morocco): From Inventory to Promotion', Ch.10 in 'Geoheritage of the Middle Atlas (Morocco)' (Springer, ed. K. Baadi), full book PDF obtained. Table 10.1 explicitly classifies this site's Accessibility (book code Kar18)."
loc_01049,Bir Yala,Difficult,High,"PRIMARY SOURCE: Baadi & Lebreton 2023, 'Exo- and Endokarst of the Middle Atlas (Morocco): From Inventory to Promotion', Ch.10 in 'Geoheritage of the Middle Atlas (Morocco)' (Springer, ed. K. Baadi), full book PDF obtained. Table 10.1 explicitly classifies this site's Accessibility (book code Kar19)."
loc_01050,Bled Nertène,Moderate,High,"PRIMARY SOURCE: Baadi & Lebreton 2023, 'Exo- and Endokarst of the Middle Atlas (Morocco): From Inventory to Promotion', Ch.10 in 'Geoheritage of the Middle Atlas (Morocco)' (Springer, ed. K. Baadi), full book PDF obtained. Table 10.1 explicitly classifies this site's Accessibility (book code Kar20)."
loc_01052,Bou Imourdassane,Moderate,High,"PRIMARY SOURCE: Baadi & Lebreton 2023, 'Exo- and Endokarst of the Middle Atlas (Morocco): From Inventory to Promotion', Ch.10 in 'Geoheritage of the Middle Atlas (Morocco)' (Springer, ed. K. Baadi), full book PDF obtained. Table 10.1 explicitly classifies this site's Accessibility (book code Kar22)."
loc_01053,Bou Lebrrouj,Difficult,High,"PRIMARY SOURCE: Baadi & Lebreton 2023, 'Exo- and Endokarst of the Middle Atlas (Morocco): From Inventory to Promotion', Ch.10 in 'Geoheritage of the Middle Atlas (Morocco)' (Springer, ed. K. Baadi), full book PDF obtained. Table 10.1 explicitly classifies this site's Accessibility (book code Kar23)."
loc_01054,Bou Mennjel,Moderate,High,"PRIMARY SOURCE: Baadi & Lebreton 2023, 'Exo- and Endokarst of the Middle Atlas (Morocco): From Inventory to Promotion', Ch.10 in 'Geoheritage of the Middle Atlas (Morocco)' (Springer, ed. K. Baadi), full book PDF obtained. Table 10.1 explicitly classifies this site's Accessibility (book code Kar24)."
loc_00842,Bouslama,Difficult,High,"PRIMARY SOURCE: Baadi & Lebreton 2023, 'Exo- and Endokarst of the Middle Atlas (Morocco): From Inventory to Promotion', Ch.10 in 'Geoheritage of the Middle Atlas (Morocco)' (Springer, ed. K. Baadi), full book PDF obtained. Table 10.1 explicitly classifies this site's Accessibility (book code Kar25)."
loc_01056,Chaâra,Difficult,High,"PRIMARY SOURCE: Baadi & Lebreton 2023, 'Exo- and Endokarst of the Middle Atlas (Morocco): From Inventory to Promotion', Ch.10 in 'Geoheritage of the Middle Atlas (Morocco)' (Springer, ed. K. Baadi), full book PDF obtained. Table 10.1 explicitly classifies this site's Accessibility (book code Kar26)."
loc_01057,El Khars,Difficult,High,"PRIMARY SOURCE: Baadi & Lebreton 2023, 'Exo- and Endokarst of the Middle Atlas (Morocco): From Inventory to Promotion', Ch.10 in 'Geoheritage of the Middle Atlas (Morocco)' (Springer, ed. K. Baadi), full book PDF obtained. Table 10.1 explicitly classifies this site's Accessibility (book code Kar27)."
loc_01058,El Malekef,Difficult,High,"PRIMARY SOURCE: Baadi & Lebreton 2023, 'Exo- and Endokarst of the Middle Atlas (Morocco): From Inventory to Promotion', Ch.10 in 'Geoheritage of the Middle Atlas (Morocco)' (Springer, ed. K. Baadi), full book PDF obtained. Table 10.1 explicitly classifies this site's Accessibility (book code Kar28)."
loc_01059,El Oulja,Difficult,High,"PRIMARY SOURCE: Baadi & Lebreton 2023, 'Exo- and Endokarst of the Middle Atlas (Morocco): From Inventory to Promotion', Ch.10 in 'Geoheritage of the Middle Atlas (Morocco)' (Springer, ed. K. Baadi), full book PDF obtained. Table 10.1 explicitly classifies this site's Accessibility (book code Kar29)."
loc_01060,El Qalaâ,Difficult,High,"PRIMARY SOURCE: Baadi & Lebreton 2023, 'Exo- and Endokarst of the Middle Atlas (Morocco): From Inventory to Promotion', Ch.10 in 'Geoheritage of the Middle Atlas (Morocco)' (Springer, ed. K. Baadi), full book PDF obtained. Table 10.1 explicitly classifies this site's Accessibility (book code Kar30)."
loc_01061,El-Malekef,Difficult,High,"PRIMARY SOURCE: Baadi & Lebreton 2023, 'Exo- and Endokarst of the Middle Atlas (Morocco): From Inventory to Promotion', Ch.10 in 'Geoheritage of the Middle Atlas (Morocco)' (Springer, ed. K. Baadi), full book PDF obtained. Table 10.1 explicitly classifies this site's Accessibility (book code Kar31)."
loc_01062,Feldi,Difficult,High,"PRIMARY SOURCE: Baadi & Lebreton 2023, 'Exo- and Endokarst of the Middle Atlas (Morocco): From Inventory to Promotion', Ch.10 in 'Geoheritage of the Middle Atlas (Morocco)' (Springer, ed. K. Baadi), full book PDF obtained. Table 10.1 explicitly classifies this site's Accessibility (book code Kar32)."
loc_01063,Ghar Bied,Difficult,High,"PRIMARY SOURCE: Baadi & Lebreton 2023, 'Exo- and Endokarst of the Middle Atlas (Morocco): From Inventory to Promotion', Ch.10 in 'Geoheritage of the Middle Atlas (Morocco)' (Springer, ed. K. Baadi), full book PDF obtained. Table 10.1 explicitly classifies this site's Accessibility (book code Kar33)."
loc_01064,Gouffre aux pigeons,Moderate,High,"PRIMARY SOURCE: Baadi & Lebreton 2023, 'Exo- and Endokarst of the Middle Atlas (Morocco): From Inventory to Promotion', Ch.10 in 'Geoheritage of the Middle Atlas (Morocco)' (Springer, ed. K. Baadi), full book PDF obtained. Table 10.1 explicitly classifies this site's Accessibility (book code Kar34)."
loc_01067,Grotte El Kalaa,Difficult,High,"PRIMARY SOURCE: Baadi & Lebreton 2023, 'Exo- and Endokarst of the Middle Atlas (Morocco): From Inventory to Promotion', Ch.10 in 'Geoheritage of the Middle Atlas (Morocco)' (Springer, ed. K. Baadi), full book PDF obtained. Table 10.1 explicitly classifies this site's Accessibility (book code Kar38)."
loc_01068,Ich Maakel I,Difficult,High,"PRIMARY SOURCE: Baadi & Lebreton 2023, 'Exo- and Endokarst of the Middle Atlas (Morocco): From Inventory to Promotion', Ch.10 in 'Geoheritage of the Middle Atlas (Morocco)' (Springer, ed. K. Baadi), full book PDF obtained. Table 10.1 explicitly classifies this site's Accessibility (book code Kar39)."
loc_01069,Ich Maakel II,Difficult,High,"PRIMARY SOURCE: Baadi & Lebreton 2023, 'Exo- and Endokarst of the Middle Atlas (Morocco): From Inventory to Promotion', Ch.10 in 'Geoheritage of the Middle Atlas (Morocco)' (Springer, ed. K. Baadi), full book PDF obtained. Table 10.1 explicitly classifies this site's Accessibility (book code Kar40)."
loc_01070,Ich Maakel III,Difficult,High,"PRIMARY SOURCE: Baadi & Lebreton 2023, 'Exo- and Endokarst of the Middle Atlas (Morocco): From Inventory to Promotion', Ch.10 in 'Geoheritage of the Middle Atlas (Morocco)' (Springer, ed. K. Baadi), full book PDF obtained. Table 10.1 explicitly classifies this site's Accessibility (book code Kar41)."
loc_01072,Ifri Ahnachen,Difficult,High,"PRIMARY SOURCE: Baadi & Lebreton 2023, 'Exo- and Endokarst of the Middle Atlas (Morocco): From Inventory to Promotion', Ch.10 in 'Geoheritage of the Middle Atlas (Morocco)' (Springer, ed. K. Baadi), full book PDF obtained. Table 10.1 explicitly classifies this site's Accessibility (book code Kar45)."
loc_01073,Ifri Azeroual,Difficult,High,"PRIMARY SOURCE: Baadi & Lebreton 2023, 'Exo- and Endokarst of the Middle Atlas (Morocco): From Inventory to Promotion', Ch.10 in 'Geoheritage of the Middle Atlas (Morocco)' (Springer, ed. K. Baadi), full book PDF obtained. Table 10.1 explicitly classifies this site's Accessibility (book code Kar46)."
loc_01074,Ifri Broud,Difficult,High,"PRIMARY SOURCE: Baadi & Lebreton 2023, 'Exo- and Endokarst of the Middle Atlas (Morocco): From Inventory to Promotion', Ch.10 in 'Geoheritage of the Middle Atlas (Morocco)' (Springer, ed. K. Baadi), full book PDF obtained. Table 10.1 explicitly classifies this site's Accessibility (book code Kar47)."
loc_01075,Ifri Ichac,Difficult,High,"PRIMARY SOURCE: Baadi & Lebreton 2023, 'Exo- and Endokarst of the Middle Atlas (Morocco): From Inventory to Promotion', Ch.10 in 'Geoheritage of the Middle Atlas (Morocco)' (Springer, ed. K. Baadi), full book PDF obtained. Table 10.1 explicitly classifies this site's Accessibility (book code Kar48)."
loc_01076,Ifri Jider,Difficult,High,"PRIMARY SOURCE: Baadi & Lebreton 2023, 'Exo- and Endokarst of the Middle Atlas (Morocco): From Inventory to Promotion', Ch.10 in 'Geoheritage of the Middle Atlas (Morocco)' (Springer, ed. K. Baadi), full book PDF obtained. Table 10.1 explicitly classifies this site's Accessibility (book code Kar49)."
loc_01077,Ifri Ljahac,Difficult,High,"PRIMARY SOURCE: Baadi & Lebreton 2023, 'Exo- and Endokarst of the Middle Atlas (Morocco): From Inventory to Promotion', Ch.10 in 'Geoheritage of the Middle Atlas (Morocco)' (Springer, ed. K. Baadi), full book PDF obtained. Table 10.1 explicitly classifies this site's Accessibility (book code Kar50)."
loc_01079,Ifri n′Tioutchilt,Difficult,High,"PRIMARY SOURCE: Baadi & Lebreton 2023, 'Exo- and Endokarst of the Middle Atlas (Morocco): From Inventory to Promotion', Ch.10 in 'Geoheritage of the Middle Atlas (Morocco)' (Springer, ed. K. Baadi), full book PDF obtained. Table 10.1 explicitly classifies this site's Accessibility (book code Kar52)."
loc_01080,Ifri Ouska,Easy,High,"PRIMARY SOURCE: Baadi & Lebreton 2023, 'Exo- and Endokarst of the Middle Atlas (Morocco): From Inventory to Promotion', Ch.10 in 'Geoheritage of the Middle Atlas (Morocco)' (Springer, ed. K. Baadi), full book PDF obtained. Table 10.1 explicitly classifies this site's Accessibility (book code Kar54)."
loc_01081,Ighrenba,Difficult,High,"PRIMARY SOURCE: Baadi & Lebreton 2023, 'Exo- and Endokarst of the Middle Atlas (Morocco): From Inventory to Promotion', Ch.10 in 'Geoheritage of the Middle Atlas (Morocco)' (Springer, ed. K. Baadi), full book PDF obtained. Table 10.1 explicitly classifies this site's Accessibility (book code Kar55)."
loc_01082,Jbel Aoua,Difficult,High,"PRIMARY SOURCE: Baadi & Lebreton 2023, 'Exo- and Endokarst of the Middle Atlas (Morocco): From Inventory to Promotion', Ch.10 in 'Geoheritage of the Middle Atlas (Morocco)' (Springer, ed. K. Baadi), full book PDF obtained. Table 10.1 explicitly classifies this site's Accessibility (book code Kar56)."
loc_01083,Kef Admam,Difficult,High,"PRIMARY SOURCE: Baadi & Lebreton 2023, 'Exo- and Endokarst of the Middle Atlas (Morocco): From Inventory to Promotion', Ch.10 in 'Geoheritage of the Middle Atlas (Morocco)' (Springer, ed. K. Baadi), full book PDF obtained. Table 10.1 explicitly classifies this site's Accessibility (book code Kar57)."
loc_01084,Kef Aïn Hallouf,Difficult,High,"PRIMARY SOURCE: Baadi & Lebreton 2023, 'Exo- and Endokarst of the Middle Atlas (Morocco): From Inventory to Promotion', Ch.10 in 'Geoheritage of the Middle Atlas (Morocco)' (Springer, ed. K. Baadi), full book PDF obtained. Table 10.1 explicitly classifies this site's Accessibility (book code Kar58)."
loc_01085,Kef Anghara,Difficult,High,"PRIMARY SOURCE: Baadi & Lebreton 2023, 'Exo- and Endokarst of the Middle Atlas (Morocco): From Inventory to Promotion', Ch.10 in 'Geoheritage of the Middle Atlas (Morocco)' (Springer, ed. K. Baadi), full book PDF obtained. Table 10.1 explicitly classifies this site's Accessibility (book code Kar59)."
loc_01086,Kef Bab Mfraj,Difficult,High,"PRIMARY SOURCE: Baadi & Lebreton 2023, 'Exo- and Endokarst of the Middle Atlas (Morocco): From Inventory to Promotion', Ch.10 in 'Geoheritage of the Middle Atlas (Morocco)' (Springer, ed. K. Baadi), full book PDF obtained. Table 10.1 explicitly classifies this site's Accessibility (book code Kar60)."
loc_01087,Kef Bou Hayati,Difficult,High,"PRIMARY SOURCE: Baadi & Lebreton 2023, 'Exo- and Endokarst of the Middle Atlas (Morocco): From Inventory to Promotion', Ch.10 in 'Geoheritage of the Middle Atlas (Morocco)' (Springer, ed. K. Baadi), full book PDF obtained. Table 10.1 explicitly classifies this site's Accessibility (book code Kar61)."
loc_01088,Kef Bou Hayati I,Difficult,High,"PRIMARY SOURCE: Baadi & Lebreton 2023, 'Exo- and Endokarst of the Middle Atlas (Morocco): From Inventory to Promotion', Ch.10 in 'Geoheritage of the Middle Atlas (Morocco)' (Springer, ed. K. Baadi), full book PDF obtained. Table 10.1 explicitly classifies this site's Accessibility (book code Kar62)."
loc_01089,Kef Bou Hayati II,Difficult,High,"PRIMARY SOURCE: Baadi & Lebreton 2023, 'Exo- and Endokarst of the Middle Atlas (Morocco): From Inventory to Promotion', Ch.10 in 'Geoheritage of the Middle Atlas (Morocco)' (Springer, ed. K. Baadi), full book PDF obtained. Table 10.1 explicitly classifies this site's Accessibility (book code Kar63)."
loc_01090,Kef dial R′Kam,Difficult,High,"PRIMARY SOURCE: Baadi & Lebreton 2023, 'Exo- and Endokarst of the Middle Atlas (Morocco): From Inventory to Promotion', Ch.10 in 'Geoheritage of the Middle Atlas (Morocco)' (Springer, ed. K. Baadi), full book PDF obtained. Table 10.1 explicitly classifies this site's Accessibility (book code Kar64)."
loc_01091,Kef El Ahnach,Difficult,High,"PRIMARY SOURCE: Baadi & Lebreton 2023, 'Exo- and Endokarst of the Middle Atlas (Morocco): From Inventory to Promotion', Ch.10 in 'Geoheritage of the Middle Atlas (Morocco)' (Springer, ed. K. Baadi), full book PDF obtained. Table 10.1 explicitly classifies this site's Accessibility (book code Kar65)."
loc_01092,Kef El Bouk,Difficult,High,"PRIMARY SOURCE: Baadi & Lebreton 2023, 'Exo- and Endokarst of the Middle Atlas (Morocco): From Inventory to Promotion', Ch.10 in 'Geoheritage of the Middle Atlas (Morocco)' (Springer, ed. K. Baadi), full book PDF obtained. Table 10.1 explicitly classifies this site's Accessibility (book code Kar66)."
loc_01093,Kef El Fiss,Difficult,High,"PRIMARY SOURCE: Baadi & Lebreton 2023, 'Exo- and Endokarst of the Middle Atlas (Morocco): From Inventory to Promotion', Ch.10 in 'Geoheritage of the Middle Atlas (Morocco)' (Springer, ed. K. Baadi), full book PDF obtained. Table 10.1 explicitly classifies this site's Accessibility (book code Kar67)."
loc_01094,Kef El Hmam,Difficult,High,"PRIMARY SOURCE: Baadi & Lebreton 2023, 'Exo- and Endokarst of the Middle Atlas (Morocco): From Inventory to Promotion', Ch.10 in 'Geoheritage of the Middle Atlas (Morocco)' (Springer, ed. K. Baadi), full book PDF obtained. Table 10.1 explicitly classifies this site's Accessibility (book code Kar68)."
loc_01095,Kef el Jnoun,Difficult,High,"PRIMARY SOURCE: Baadi & Lebreton 2023, 'Exo- and Endokarst of the Middle Atlas (Morocco): From Inventory to Promotion', Ch.10 in 'Geoheritage of the Middle Atlas (Morocco)' (Springer, ed. K. Baadi), full book PDF obtained. Table 10.1 explicitly classifies this site's Accessibility (book code Kar69)."
loc_01096,Kef El Ma,Difficult,High,"PRIMARY SOURCE: Baadi & Lebreton 2023, 'Exo- and Endokarst of the Middle Atlas (Morocco): From Inventory to Promotion', Ch.10 in 'Geoheritage of the Middle Atlas (Morocco)' (Springer, ed. K. Baadi), full book PDF obtained. Table 10.1 explicitly classifies this site's Accessibility (book code Kar70)."
loc_01097,Kef El Mohand,Difficult,High,"PRIMARY SOURCE: Baadi & Lebreton 2023, 'Exo- and Endokarst of the Middle Atlas (Morocco): From Inventory to Promotion', Ch.10 in 'Geoheritage of the Middle Atlas (Morocco)' (Springer, ed. K. Baadi), full book PDF obtained. Table 10.1 explicitly classifies this site's Accessibility (book code Kar71)."
loc_01098,Kef El Sao,Difficult,High,"PRIMARY SOURCE: Baadi & Lebreton 2023, 'Exo- and Endokarst of the Middle Atlas (Morocco): From Inventory to Promotion', Ch.10 in 'Geoheritage of the Middle Atlas (Morocco)' (Springer, ed. K. Baadi), full book PDF obtained. Table 10.1 explicitly classifies this site's Accessibility (book code Kar72)."
loc_01099,Kef El Seroual,Difficult,High,"PRIMARY SOURCE: Baadi & Lebreton 2023, 'Exo- and Endokarst of the Middle Atlas (Morocco): From Inventory to Promotion', Ch.10 in 'Geoheritage of the Middle Atlas (Morocco)' (Springer, ed. K. Baadi), full book PDF obtained. Table 10.1 explicitly classifies this site's Accessibility (book code Kar73)."
loc_01100,Kef Hazar,Difficult,High,"PRIMARY SOURCE: Baadi & Lebreton 2023, 'Exo- and Endokarst of the Middle Atlas (Morocco): From Inventory to Promotion', Ch.10 in 'Geoheritage of the Middle Atlas (Morocco)' (Springer, ed. K. Baadi), full book PDF obtained. Table 10.1 explicitly classifies this site's Accessibility (book code Kar74)."
loc_01101,Kef Idra,Difficult,High,"PRIMARY SOURCE: Baadi & Lebreton 2023, 'Exo- and Endokarst of the Middle Atlas (Morocco): From Inventory to Promotion', Ch.10 in 'Geoheritage of the Middle Atlas (Morocco)' (Springer, ed. K. Baadi), full book PDF obtained. Table 10.1 explicitly classifies this site's Accessibility (book code Kar75)."
loc_01102,Kef Izoura,Difficult,High,"PRIMARY SOURCE: Baadi & Lebreton 2023, 'Exo- and Endokarst of the Middle Atlas (Morocco): From Inventory to Promotion', Ch.10 in 'Geoheritage of the Middle Atlas (Morocco)' (Springer, ed. K. Baadi), full book PDF obtained. Table 10.1 explicitly classifies this site's Accessibility (book code Kar76)."
loc_01103,Kef Kaouane,Difficult,High,"PRIMARY SOURCE: Baadi & Lebreton 2023, 'Exo- and Endokarst of the Middle Atlas (Morocco): From Inventory to Promotion', Ch.10 in 'Geoheritage of the Middle Atlas (Morocco)' (Springer, ed. K. Baadi), full book PDF obtained. Table 10.1 explicitly classifies this site's Accessibility (book code Kar77)."
loc_01104,Kef Karia,Difficult,High,"PRIMARY SOURCE: Baadi & Lebreton 2023, 'Exo- and Endokarst of the Middle Atlas (Morocco): From Inventory to Promotion', Ch.10 in 'Geoheritage of the Middle Atlas (Morocco)' (Springer, ed. K. Baadi), full book PDF obtained. Table 10.1 explicitly classifies this site's Accessibility (book code Kar78)."
loc_01105,Kef Maakel El Tahtani,Difficult,High,"PRIMARY SOURCE: Baadi & Lebreton 2023, 'Exo- and Endokarst of the Middle Atlas (Morocco): From Inventory to Promotion', Ch.10 in 'Geoheritage of the Middle Atlas (Morocco)' (Springer, ed. K. Baadi), full book PDF obtained. Table 10.1 explicitly classifies this site's Accessibility (book code Kar79)."
loc_01106,Kef Meghous,Difficult,High,"PRIMARY SOURCE: Baadi & Lebreton 2023, 'Exo- and Endokarst of the Middle Atlas (Morocco): From Inventory to Promotion', Ch.10 in 'Geoheritage of the Middle Atlas (Morocco)' (Springer, ed. K. Baadi), full book PDF obtained. Table 10.1 explicitly classifies this site's Accessibility (book code Kar80)."
loc_01107,Kef Targat,Moderate,High,"PRIMARY SOURCE: Baadi & Lebreton 2023, 'Exo- and Endokarst of the Middle Atlas (Morocco): From Inventory to Promotion', Ch.10 in 'Geoheritage of the Middle Atlas (Morocco)' (Springer, ed. K. Baadi), full book PDF obtained. Table 10.1 explicitly classifies this site's Accessibility (book code Kar81)."
loc_01108,Kef Toumat,Difficult,High,"PRIMARY SOURCE: Baadi & Lebreton 2023, 'Exo- and Endokarst of the Middle Atlas (Morocco): From Inventory to Promotion', Ch.10 in 'Geoheritage of the Middle Atlas (Morocco)' (Springer, ed. K. Baadi), full book PDF obtained. Table 10.1 explicitly classifies this site's Accessibility (book code Kar82)."
loc_01109,Kef Zaarour,Moderate,High,"PRIMARY SOURCE: Baadi & Lebreton 2023, 'Exo- and Endokarst of the Middle Atlas (Morocco): From Inventory to Promotion', Ch.10 in 'Geoheritage of the Middle Atlas (Morocco)' (Springer, ed. K. Baadi), full book PDF obtained. Table 10.1 explicitly classifies this site's Accessibility (book code Kar83)."
loc_01110,Kef-El-Mers-Ahmed,Difficult,High,"PRIMARY SOURCE: Baadi & Lebreton 2023, 'Exo- and Endokarst of the Middle Atlas (Morocco): From Inventory to Promotion', Ch.10 in 'Geoheritage of the Middle Atlas (Morocco)' (Springer, ed. K. Baadi), full book PDF obtained. Table 10.1 explicitly classifies this site's Accessibility (book code Kar84)."
loc_01111,Kef-Nahal-Tikhoubaï,Difficult,High,"PRIMARY SOURCE: Baadi & Lebreton 2023, 'Exo- and Endokarst of the Middle Atlas (Morocco): From Inventory to Promotion', Ch.10 in 'Geoheritage of the Middle Atlas (Morocco)' (Springer, ed. K. Baadi), full book PDF obtained. Table 10.1 explicitly classifies this site's Accessibility (book code Kar85)."
loc_01112,Kissarite,Moderate,High,"PRIMARY SOURCE: Baadi & Lebreton 2023, 'Exo- and Endokarst of the Middle Atlas (Morocco): From Inventory to Promotion', Ch.10 in 'Geoheritage of the Middle Atlas (Morocco)' (Springer, ed. K. Baadi), full book PDF obtained. Table 10.1 explicitly classifies this site's Accessibility (book code Kar86)."
loc_01113,Louta,Moderate,High,"PRIMARY SOURCE: Baadi & Lebreton 2023, 'Exo- and Endokarst of the Middle Atlas (Morocco): From Inventory to Promotion', Ch.10 in 'Geoheritage of the Middle Atlas (Morocco)' (Springer, ed. K. Baadi), full book PDF obtained. Table 10.1 explicitly classifies this site's Accessibility (book code Kar88)."
loc_01114,Meshoul,Difficult,High,"PRIMARY SOURCE: Baadi & Lebreton 2023, 'Exo- and Endokarst of the Middle Atlas (Morocco): From Inventory to Promotion', Ch.10 in 'Geoheritage of the Middle Atlas (Morocco)' (Springer, ed. K. Baadi), full book PDF obtained. Table 10.1 explicitly classifies this site's Accessibility (book code Kar89)."
loc_01115,Meshoul I,Difficult,High,"PRIMARY SOURCE: Baadi & Lebreton 2023, 'Exo- and Endokarst of the Middle Atlas (Morocco): From Inventory to Promotion', Ch.10 in 'Geoheritage of the Middle Atlas (Morocco)' (Springer, ed. K. Baadi), full book PDF obtained. Table 10.1 explicitly classifies this site's Accessibility (book code Kar90)."
loc_01116,Mimejad,Moderate,High,"PRIMARY SOURCE: Baadi & Lebreton 2023, 'Exo- and Endokarst of the Middle Atlas (Morocco): From Inventory to Promotion', Ch.10 in 'Geoheritage of the Middle Atlas (Morocco)' (Springer, ed. K. Baadi), full book PDF obtained. Table 10.1 explicitly classifies this site's Accessibility (book code Kar91)."
loc_01117,Moutferaoun,Moderate,High,"PRIMARY SOURCE: Baadi & Lebreton 2023, 'Exo- and Endokarst of the Middle Atlas (Morocco): From Inventory to Promotion', Ch.10 in 'Geoheritage of the Middle Atlas (Morocco)' (Springer, ed. K. Baadi), full book PDF obtained. Table 10.1 explicitly classifies this site's Accessibility (book code Kar94)."
loc_01118,Ouled-Ayach,Difficult,High,"PRIMARY SOURCE: Baadi & Lebreton 2023, 'Exo- and Endokarst of the Middle Atlas (Morocco): From Inventory to Promotion', Ch.10 in 'Geoheritage of the Middle Atlas (Morocco)' (Springer, ed. K. Baadi), full book PDF obtained. Table 10.1 explicitly classifies this site's Accessibility (book code Kar97)."
loc_01120,Poljé Beni Mkoud,Difficult,High,"PRIMARY SOURCE: Baadi & Lebreton 2023, 'Exo- and Endokarst of the Middle Atlas (Morocco): From Inventory to Promotion', Ch.10 in 'Geoheritage of the Middle Atlas (Morocco)' (Springer, ed. K. Baadi), full book PDF obtained. Table 10.1 explicitly classifies this site's Accessibility (book code Kar101)."
loc_01121,Poljé Chaâra,Difficult,High,"PRIMARY SOURCE: Baadi & Lebreton 2023, 'Exo- and Endokarst of the Middle Atlas (Morocco): From Inventory to Promotion', Ch.10 in 'Geoheritage of the Middle Atlas (Morocco)' (Springer, ed. K. Baadi), full book PDF obtained. Table 10.1 explicitly classifies this site's Accessibility (book code Kar102)."
loc_01122,Poljé El Ghar,Difficult,High,"PRIMARY SOURCE: Baadi & Lebreton 2023, 'Exo- and Endokarst of the Middle Atlas (Morocco): From Inventory to Promotion', Ch.10 in 'Geoheritage of the Middle Atlas (Morocco)' (Springer, ed. K. Baadi), full book PDF obtained. Table 10.1 explicitly classifies this site's Accessibility (book code Kar104)."
loc_01123,Poljé Kaouane,Difficult,High,"PRIMARY SOURCE: Baadi & Lebreton 2023, 'Exo- and Endokarst of the Middle Atlas (Morocco): From Inventory to Promotion', Ch.10 in 'Geoheritage of the Middle Atlas (Morocco)' (Springer, ed. K. Baadi), full book PDF obtained. Table 10.1 explicitly classifies this site's Accessibility (book code Kar105)."
loc_01124,Poljé Laarouch,Moderate,High,"PRIMARY SOURCE: Baadi & Lebreton 2023, 'Exo- and Endokarst of the Middle Atlas (Morocco): From Inventory to Promotion', Ch.10 in 'Geoheritage of the Middle Atlas (Morocco)' (Springer, ed. K. Baadi), full book PDF obtained. Table 10.1 explicitly classifies this site's Accessibility (book code Kar106)."
loc_01125,Poljé Madegh,Moderate,High,"PRIMARY SOURCE: Baadi & Lebreton 2023, 'Exo- and Endokarst of the Middle Atlas (Morocco): From Inventory to Promotion', Ch.10 in 'Geoheritage of the Middle Atlas (Morocco)' (Springer, ed. K. Baadi), full book PDF obtained. Table 10.1 explicitly classifies this site's Accessibility (book code Kar107)."
loc_01126,Ras El Oued (Oued el bared),Difficult,High,"PRIMARY SOURCE: Baadi & Lebreton 2023, 'Exo- and Endokarst of the Middle Atlas (Morocco): From Inventory to Promotion', Ch.10 in 'Geoheritage of the Middle Atlas (Morocco)' (Springer, ed. K. Baadi), full book PDF obtained. Table 10.1 explicitly classifies this site's Accessibility (book code Kar108)."
loc_01127,Sidi Amar,Difficult,High,"PRIMARY SOURCE: Baadi & Lebreton 2023, 'Exo- and Endokarst of the Middle Atlas (Morocco): From Inventory to Promotion', Ch.10 in 'Geoheritage of the Middle Atlas (Morocco)' (Springer, ed. K. Baadi), full book PDF obtained. Table 10.1 explicitly classifies this site's Accessibility (book code Kar109)."
loc_01128,Sidi Maanar,Moderate,High,"PRIMARY SOURCE: Baadi & Lebreton 2023, 'Exo- and Endokarst of the Middle Atlas (Morocco): From Inventory to Promotion', Ch.10 in 'Geoheritage of the Middle Atlas (Morocco)' (Springer, ed. K. Baadi), full book PDF obtained. Table 10.1 explicitly classifies this site's Accessibility (book code Kar110)."
loc_01129,Sidi Majbar,Difficult,High,"PRIMARY SOURCE: Baadi & Lebreton 2023, 'Exo- and Endokarst of the Middle Atlas (Morocco): From Inventory to Promotion', Ch.10 in 'Geoheritage of the Middle Atlas (Morocco)' (Springer, ed. K. Baadi), full book PDF obtained. Table 10.1 explicitly classifies this site's Accessibility (book code Kar111)."
loc_01130,Taffert Est,Difficult,High,"PRIMARY SOURCE: Baadi & Lebreton 2023, 'Exo- and Endokarst of the Middle Atlas (Morocco): From Inventory to Promotion', Ch.10 in 'Geoheritage of the Middle Atlas (Morocco)' (Springer, ed. K. Baadi), full book PDF obtained. Table 10.1 explicitly classifies this site's Accessibility (book code Kar115)."
loc_01131,Taffert Nord,Difficult,High,"PRIMARY SOURCE: Baadi & Lebreton 2023, 'Exo- and Endokarst of the Middle Atlas (Morocco): From Inventory to Promotion', Ch.10 in 'Geoheritage of the Middle Atlas (Morocco)' (Springer, ed. K. Baadi), full book PDF obtained. Table 10.1 explicitly classifies this site's Accessibility (book code Kar116)."
loc_01132,Taffert Nord-Est,Easy,High,"PRIMARY SOURCE: Baadi & Lebreton 2023, 'Exo- and Endokarst of the Middle Atlas (Morocco): From Inventory to Promotion', Ch.10 in 'Geoheritage of the Middle Atlas (Morocco)' (Springer, ed. K. Baadi), full book PDF obtained. Table 10.1 explicitly classifies this site's Accessibility (book code Kar117)."
loc_01133,Taffert Ouest,Difficult,High,"PRIMARY SOURCE: Baadi & Lebreton 2023, 'Exo- and Endokarst of the Middle Atlas (Morocco): From Inventory to Promotion', Ch.10 in 'Geoheritage of the Middle Atlas (Morocco)' (Springer, ed. K. Baadi), full book PDF obtained. Table 10.1 explicitly classifies this site's Accessibility (book code Kar118)."
loc_01134,Tahfourt,Difficult,High,"PRIMARY SOURCE: Baadi & Lebreton 2023, 'Exo- and Endokarst of the Middle Atlas (Morocco): From Inventory to Promotion', Ch.10 in 'Geoheritage of the Middle Atlas (Morocco)' (Springer, ed. K. Baadi), full book PDF obtained. Table 10.1 explicitly classifies this site's Accessibility (book code Kar119)."
loc_01135,Talghremte,Moderate,High,"PRIMARY SOURCE: Baadi & Lebreton 2023, 'Exo- and Endokarst of the Middle Atlas (Morocco): From Inventory to Promotion', Ch.10 in 'Geoheritage of the Middle Atlas (Morocco)' (Springer, ed. K. Baadi), full book PDF obtained. Table 10.1 explicitly classifies this site's Accessibility (book code Kar120)."
loc_01136,Talou Ou Taachat,Difficult,High,"PRIMARY SOURCE: Baadi & Lebreton 2023, 'Exo- and Endokarst of the Middle Atlas (Morocco): From Inventory to Promotion', Ch.10 in 'Geoheritage of the Middle Atlas (Morocco)' (Springer, ed. K. Baadi), full book PDF obtained. Table 10.1 explicitly classifies this site's Accessibility (book code Kar121)."
loc_01137,Tidrine,Easy,High,"PRIMARY SOURCE: Baadi & Lebreton 2023, 'Exo- and Endokarst of the Middle Atlas (Morocco): From Inventory to Promotion', Ch.10 in 'Geoheritage of the Middle Atlas (Morocco)' (Springer, ed. K. Baadi), full book PDF obtained. Table 10.1 explicitly classifies this site's Accessibility (book code Kar122)."
loc_01138,Tifratine,Difficult,High,"PRIMARY SOURCE: Baadi & Lebreton 2023, 'Exo- and Endokarst of the Middle Atlas (Morocco): From Inventory to Promotion', Ch.10 in 'Geoheritage of the Middle Atlas (Morocco)' (Springer, ed. K. Baadi), full book PDF obtained. Table 10.1 explicitly classifies this site's Accessibility (book code Kar123)."
loc_01139,Timezouine,Difficult,High,"PRIMARY SOURCE: Baadi & Lebreton 2023, 'Exo- and Endokarst of the Middle Atlas (Morocco): From Inventory to Promotion', Ch.10 in 'Geoheritage of the Middle Atlas (Morocco)' (Springer, ed. K. Baadi), full book PDF obtained. Table 10.1 explicitly classifies this site's Accessibility (book code Kar125)."
loc_01140,Timezouine,Difficult,High,"PRIMARY SOURCE: Baadi & Lebreton 2023, 'Exo- and Endokarst of the Middle Atlas (Morocco): From Inventory to Promotion', Ch.10 in 'Geoheritage of the Middle Atlas (Morocco)' (Springer, ed. K. Baadi), full book PDF obtained. Table 10.1 explicitly classifies this site's Accessibility (book code Kar125)."
loc_00916,Tirardine,Difficult,High,"PRIMARY SOURCE: Baadi & Lebreton 2023, 'Exo- and Endokarst of the Middle Atlas (Morocco): From Inventory to Promotion', Ch.10 in 'Geoheritage of the Middle Atlas (Morocco)' (Springer, ed. K. Baadi), full book PDF obtained. Table 10.1 explicitly classifies this site's Accessibility (book code Kar127)."
loc_01141,Tirardine,Difficult,High,"PRIMARY SOURCE: Baadi & Lebreton 2023, 'Exo- and Endokarst of the Middle Atlas (Morocco): From Inventory to Promotion', Ch.10 in 'Geoheritage of the Middle Atlas (Morocco)' (Springer, ed. K. Baadi), full book PDF obtained. Table 10.1 explicitly classifies this site's Accessibility (book code Kar127)."
loc_01142,Tisfoula,Easy,High,"PRIMARY SOURCE: Baadi & Lebreton 2023, 'Exo- and Endokarst of the Middle Atlas (Morocco): From Inventory to Promotion', Ch.10 in 'Geoheritage of the Middle Atlas (Morocco)' (Springer, ed. K. Baadi), full book PDF obtained. Table 10.1 explicitly classifies this site's Accessibility (book code Kar128)."
loc_01143,Tit Azourane,Moderate,High,"PRIMARY SOURCE: Baadi & Lebreton 2023, 'Exo- and Endokarst of the Middle Atlas (Morocco): From Inventory to Promotion', Ch.10 in 'Geoheritage of the Middle Atlas (Morocco)' (Springer, ed. K. Baadi), full book PDF obtained. Table 10.1 explicitly classifies this site's Accessibility (book code Kar129)."
loc_01144,Tlet fam,Difficult,High,"PRIMARY SOURCE: Baadi & Lebreton 2023, 'Exo- and Endokarst of the Middle Atlas (Morocco): From Inventory to Promotion', Ch.10 in 'Geoheritage of the Middle Atlas (Morocco)' (Springer, ed. K. Baadi), full book PDF obtained. Table 10.1 explicitly classifies this site's Accessibility (book code Kar133)."
loc_01145,Toughlamte,Difficult,High,"PRIMARY SOURCE: Baadi & Lebreton 2023, 'Exo- and Endokarst of the Middle Atlas (Morocco): From Inventory to Promotion', Ch.10 in 'Geoheritage of the Middle Atlas (Morocco)' (Springer, ed. K. Baadi), full book PDF obtained. Table 10.1 explicitly classifies this site's Accessibility (book code Kar134)."
loc_01146,Trou Arhelouet,Moderate,High,"PRIMARY SOURCE: Baadi & Lebreton 2023, 'Exo- and Endokarst of the Middle Atlas (Morocco): From Inventory to Promotion', Ch.10 in 'Geoheritage of the Middle Atlas (Morocco)' (Springer, ed. K. Baadi), full book PDF obtained. Table 10.1 explicitly classifies this site's Accessibility (book code Kar135)."
loc_01147,Trou de Panthère,Moderate,High,"PRIMARY SOURCE: Baadi & Lebreton 2023, 'Exo- and Endokarst of the Middle Atlas (Morocco): From Inventory to Promotion', Ch.10 in 'Geoheritage of the Middle Atlas (Morocco)' (Springer, ed. K. Baadi), full book PDF obtained. Table 10.1 explicitly classifies this site's Accessibility (book code Kar136)."
loc_00820,Askour,Difficult,High,"PRIMARY SOURCE: Baadi, Sabaoui, Tekiout & El Arabi 2021/2023, 'Paleozoic-Lower and Middle Lias Lithostratigraphic and Sedimentological Geosites of the Middle Atlas (Morocco): Inventory and Valorization', Ch.2 in 'Geoheritage of the Middle Atlas (Morocco)' (Springer, ed. K. Baadi), full book PDF obtained. Table 2.2 explicitly classifies this site's Accessibility (book code Sse02)."
loc_00821,Azzaba,Moderate,High,"PRIMARY SOURCE: Baadi, Sabaoui, Tekiout & El Arabi 2021/2023, 'Paleozoic-Lower and Middle Lias Lithostratigraphic and Sedimentological Geosites of the Middle Atlas (Morocco): Inventory and Valorization', Ch.2 in 'Geoheritage of the Middle Atlas (Morocco)' (Springer, ed. K. Baadi), full book PDF obtained. Table 2.2 explicitly classifies this site's Accessibility (book code Sse03)."
loc_00822,Bab Azhar,Difficult,High,"PRIMARY SOURCE: Baadi, Sabaoui, Tekiout & El Arabi 2021/2023, 'Paleozoic-Lower and Middle Lias Lithostratigraphic and Sedimentological Geosites of the Middle Atlas (Morocco): Inventory and Valorization', Ch.2 in 'Geoheritage of the Middle Atlas (Morocco)' (Springer, ed. K. Baadi), full book PDF obtained. Table 2.2 explicitly classifies this site's Accessibility (book code Sse04)."
loc_00823,Ben Smime,Moderate,High,"PRIMARY SOURCE: Baadi, Sabaoui, Tekiout & El Arabi 2021/2023, 'Paleozoic-Lower and Middle Lias Lithostratigraphic and Sedimentological Geosites of the Middle Atlas (Morocco): Inventory and Valorization', Ch.2 in 'Geoheritage of the Middle Atlas (Morocco)' (Springer, ed. K. Baadi), full book PDF obtained. Table 2.2 explicitly classifies this site's Accessibility (book code Sse05)."
loc_00824,Beni Mkoud,Difficult,High,"PRIMARY SOURCE: Baadi, Sabaoui, Tekiout & El Arabi 2021/2023, 'Paleozoic-Lower and Middle Lias Lithostratigraphic and Sedimentological Geosites of the Middle Atlas (Morocco): Inventory and Valorization', Ch.2 in 'Geoheritage of the Middle Atlas (Morocco)' (Springer, ed. K. Baadi), full book PDF obtained. Table 2.2 explicitly classifies this site's Accessibility (book code Sse06)."
loc_00825,Bhalil,Difficult,High,"PRIMARY SOURCE: Baadi, Sabaoui, Tekiout & El Arabi 2021/2023, 'Paleozoic-Lower and Middle Lias Lithostratigraphic and Sedimentological Geosites of the Middle Atlas (Morocco): Inventory and Valorization', Ch.2 in 'Geoheritage of the Middle Atlas (Morocco)' (Springer, ed. K. Baadi), full book PDF obtained. Table 2.2 explicitly classifies this site's Accessibility (book code Sse07)."
loc_00826,Bled Ech Chrif,Moderate,High,"PRIMARY SOURCE: Baadi, Sabaoui, Tekiout & El Arabi 2021/2023, 'Paleozoic-Lower and Middle Lias Lithostratigraphic and Sedimentological Geosites of the Middle Atlas (Morocco): Inventory and Valorization', Ch.2 in 'Geoheritage of the Middle Atlas (Morocco)' (Springer, ed. K. Baadi), full book PDF obtained. Table 2.2 explicitly classifies this site's Accessibility (book code Sse08)."
loc_00827,Bon Massaoud,Difficult,High,"PRIMARY SOURCE: Baadi, Sabaoui, Tekiout & El Arabi 2021/2023, 'Paleozoic-Lower and Middle Lias Lithostratigraphic and Sedimentological Geosites of the Middle Atlas (Morocco): Inventory and Valorization', Ch.2 in 'Geoheritage of the Middle Atlas (Morocco)' (Springer, ed. K. Baadi), full book PDF obtained. Table 2.2 explicitly classifies this site's Accessibility (book code Sse09)."
loc_00828,Bou Tazzert,Difficult,High,"PRIMARY SOURCE: Baadi, Sabaoui, Tekiout & El Arabi 2021/2023, 'Paleozoic-Lower and Middle Lias Lithostratigraphic and Sedimentological Geosites of the Middle Atlas (Morocco): Inventory and Valorization', Ch.2 in 'Geoheritage of the Middle Atlas (Morocco)' (Springer, ed. K. Baadi), full book PDF obtained. Table 2.2 explicitly classifies this site's Accessibility (book code Sse10)."
loc_00829,Bsabis,Difficult,High,"PRIMARY SOURCE: Baadi, Sabaoui, Tekiout & El Arabi 2021/2023, 'Paleozoic-Lower and Middle Lias Lithostratigraphic and Sedimentological Geosites of the Middle Atlas (Morocco): Inventory and Valorization', Ch.2 in 'Geoheritage of the Middle Atlas (Morocco)' (Springer, ed. K. Baadi), full book PDF obtained. Table 2.2 explicitly classifies this site's Accessibility (book code Sse11)."
loc_00830,Col de Touaher,Easy,High,"PRIMARY SOURCE: Baadi, Sabaoui, Tekiout & El Arabi 2021/2023, 'Paleozoic-Lower and Middle Lias Lithostratigraphic and Sedimentological Geosites of the Middle Atlas (Morocco): Inventory and Valorization', Ch.2 in 'Geoheritage of the Middle Atlas (Morocco)' (Springer, ed. K. Baadi), full book PDF obtained. Table 2.2 explicitly classifies this site's Accessibility (book code Sse12)."
loc_00831,Diapir de Mellaha,Difficult,High,"PRIMARY SOURCE: Baadi, Sabaoui, Tekiout & El Arabi 2021/2023, 'Paleozoic-Lower and Middle Lias Lithostratigraphic and Sedimentological Geosites of the Middle Atlas (Morocco): Inventory and Valorization', Ch.2 in 'Geoheritage of the Middle Atlas (Morocco)' (Springer, ed. K. Baadi), full book PDF obtained. Table 2.2 explicitly classifies this site's Accessibility (book code Sse14)."
loc_00832,El Ghar,Moderate,High,"PRIMARY SOURCE: Baadi, Sabaoui, Tekiout & El Arabi 2021/2023, 'Paleozoic-Lower and Middle Lias Lithostratigraphic and Sedimentological Geosites of the Middle Atlas (Morocco): Inventory and Valorization', Ch.2 in 'Geoheritage of the Middle Atlas (Morocco)' (Springer, ed. K. Baadi), full book PDF obtained. Table 2.2 explicitly classifies this site's Accessibility (book code Sse15)."
loc_00833,El Harira,Moderate,High,"PRIMARY SOURCE: Baadi, Sabaoui, Tekiout & El Arabi 2021/2023, 'Paleozoic-Lower and Middle Lias Lithostratigraphic and Sedimentological Geosites of the Middle Atlas (Morocco): Inventory and Valorization', Ch.2 in 'Geoheritage of the Middle Atlas (Morocco)' (Springer, ed. K. Baadi), full book PDF obtained. Table 2.2 explicitly classifies this site's Accessibility (book code Sse16)."
loc_00834,Ic h Amellal,Difficult,High,"PRIMARY SOURCE: Baadi, Sabaoui, Tekiout & El Arabi 2021/2023, 'Paleozoic-Lower and Middle Lias Lithostratigraphic and Sedimentological Geosites of the Middle Atlas (Morocco): Inventory and Valorization', Ch.2 in 'Geoheritage of the Middle Atlas (Morocco)' (Springer, ed. K. Baadi), full book PDF obtained. Table 2.2 explicitly classifies this site's Accessibility (book code Sse17)."
loc_00835,Ic h Bab El Mansour,Difficult,High,"PRIMARY SOURCE: Baadi, Sabaoui, Tekiout & El Arabi 2021/2023, 'Paleozoic-Lower and Middle Lias Lithostratigraphic and Sedimentological Geosites of the Middle Atlas (Morocco): Inventory and Valorization', Ch.2 in 'Geoheritage of the Middle Atlas (Morocco)' (Springer, ed. K. Baadi), full book PDF obtained. Table 2.2 explicitly classifies this site's Accessibility (book code Sse18)."
loc_00836,Ic h Maalem,Difficult,High,"PRIMARY SOURCE: Baadi, Sabaoui, Tekiout & El Arabi 2021/2023, 'Paleozoic-Lower and Middle Lias Lithostratigraphic and Sedimentological Geosites of the Middle Atlas (Morocco): Inventory and Valorization', Ch.2 in 'Geoheritage of the Middle Atlas (Morocco)' (Springer, ed. K. Baadi), full book PDF obtained. Table 2.2 explicitly classifies this site's Accessibility (book code Sse19)."
loc_00837,Ic h n’Tili,Difficult,High,"PRIMARY SOURCE: Baadi, Sabaoui, Tekiout & El Arabi 2021/2023, 'Paleozoic-Lower and Middle Lias Lithostratigraphic and Sedimentological Geosites of the Middle Atlas (Morocco): Inventory and Valorization', Ch.2 in 'Geoheritage of the Middle Atlas (Morocco)' (Springer, ed. K. Baadi), full book PDF obtained. Table 2.2 explicitly classifies this site's Accessibility (book code Sse20)."
loc_00838,Ic h Ouarich,Difficult,High,"PRIMARY SOURCE: Baadi, Sabaoui, Tekiout & El Arabi 2021/2023, 'Paleozoic-Lower and Middle Lias Lithostratigraphic and Sedimentological Geosites of the Middle Atlas (Morocco): Inventory and Valorization', Ch.2 in 'Geoheritage of the Middle Atlas (Morocco)' (Springer, ed. K. Baadi), full book PDF obtained. Table 2.2 explicitly classifies this site's Accessibility (book code Sse21)."
loc_00839,Issouka,Moderate,High,"PRIMARY SOURCE: Baadi, Sabaoui, Tekiout & El Arabi 2021/2023, 'Paleozoic-Lower and Middle Lias Lithostratigraphic and Sedimentological Geosites of the Middle Atlas (Morocco): Inventory and Valorization', Ch.2 in 'Geoheritage of the Middle Atlas (Morocco)' (Springer, ed. K. Baadi), full book PDF obtained. Table 2.2 explicitly classifies this site's Accessibility (book code Sse22)."
loc_00840,It Ougmar,Difficult,High,"PRIMARY SOURCE: Baadi, Sabaoui, Tekiout & El Arabi 2021/2023, 'Paleozoic-Lower and Middle Lias Lithostratigraphic and Sedimentological Geosites of the Middle Atlas (Morocco): Inventory and Valorization', Ch.2 in 'Geoheritage of the Middle Atlas (Morocco)' (Springer, ed. K. Baadi), full book PDF obtained. Table 2.2 explicitly classifies this site's Accessibility (book code Sse23)."
loc_00841,Ito,Easy,High,"PRIMARY SOURCE: Baadi, Sabaoui, Tekiout & El Arabi 2021/2023, 'Paleozoic-Lower and Middle Lias Lithostratigraphic and Sedimentological Geosites of the Middle Atlas (Morocco): Inventory and Valorization', Ch.2 in 'Geoheritage of the Middle Atlas (Morocco)' (Springer, ed. K. Baadi), full book PDF obtained. Table 2.2 explicitly classifies this site's Accessibility (book code Sse24)."
loc_00867,Aderj Plateau,Easy,High,"PRIMARY SOURCE: Baadi & Sabaoui 2023, 'Cenozoic Sites of the Middle Atlas (Morocco): An Alpine Heritage to Be Preserved', Ch.5 in 'Geoheritage of the Middle Atlas (Morocco)' (Springer, ed. K. Baadi), full book PDF obtained. Table 5.1 explicitly classifies this site's Accessibility."
loc_00868,Aghram Amellal,Easy,High,"PRIMARY SOURCE: Baadi & Sabaoui 2023, 'Cenozoic Sites of the Middle Atlas (Morocco): An Alpine Heritage to Be Preserved', Ch.5 in 'Geoheritage of the Middle Atlas (Morocco)' (Springer, ed. K. Baadi), full book PDF obtained. Table 5.1 explicitly classifies this site's Accessibility."
loc_00869,Aghram Iroumine,Easy,High,"PRIMARY SOURCE: Baadi & Sabaoui 2023, 'Cenozoic Sites of the Middle Atlas (Morocco): An Alpine Heritage to Be Preserved', Ch.5 in 'Geoheritage of the Middle Atlas (Morocco)' (Springer, ed. K. Baadi), full book PDF obtained. Table 5.1 explicitly classifies this site's Accessibility."
loc_00870,Bel Jeraf,Difficult,High,"PRIMARY SOURCE: Baadi & Sabaoui 2023, 'Cenozoic Sites of the Middle Atlas (Morocco): An Alpine Heritage to Be Preserved', Ch.5 in 'Geoheritage of the Middle Atlas (Morocco)' (Springer, ed. K. Baadi), full book PDF obtained. Table 5.1 explicitly classifies this site's Accessibility."
loc_00871,Beni Mghora,Moderate,High,"PRIMARY SOURCE: Baadi & Sabaoui 2023, 'Cenozoic Sites of the Middle Atlas (Morocco): An Alpine Heritage to Be Preserved', Ch.5 in 'Geoheritage of the Middle Atlas (Morocco)' (Springer, ed. K. Baadi), full book PDF obtained. Table 5.1 explicitly classifies this site's Accessibility."
loc_00872,El Karia,Easy,High,"PRIMARY SOURCE: Baadi & Sabaoui 2023, 'Cenozoic Sites of the Middle Atlas (Morocco): An Alpine Heritage to Be Preserved', Ch.5 in 'Geoheritage of the Middle Atlas (Morocco)' (Springer, ed. K. Baadi), full book PDF obtained. Table 5.1 explicitly classifies this site's Accessibility."
loc_00873,Foum Khneg,Easy,High,"PRIMARY SOURCE: Baadi & Sabaoui 2023, 'Cenozoic Sites of the Middle Atlas (Morocco): An Alpine Heritage to Be Preserved', Ch.5 in 'Geoheritage of the Middle Atlas (Morocco)' (Springer, ed. K. Baadi), full book PDF obtained. Table 5.1 explicitly classifies this site's Accessibility."
loc_00874,Gara Tazouta,Moderate,High,"PRIMARY SOURCE: Baadi & Sabaoui 2023, 'Cenozoic Sites of the Middle Atlas (Morocco): An Alpine Heritage to Be Preserved', Ch.5 in 'Geoheritage of the Middle Atlas (Morocco)' (Springer, ed. K. Baadi), full book PDF obtained. Table 5.1 explicitly classifies this site's Accessibility."
loc_00875,Ich n’Bouk,Difficult,High,"PRIMARY SOURCE: Baadi & Sabaoui 2023, 'Cenozoic Sites of the Middle Atlas (Morocco): An Alpine Heritage to Be Preserved', Ch.5 in 'Geoheritage of the Middle Atlas (Morocco)' (Springer, ed. K. Baadi), full book PDF obtained. Table 5.1 explicitly classifies this site's Accessibility."
loc_00876,Laazib,Moderate,High,"PRIMARY SOURCE: Baadi & Sabaoui 2023, 'Cenozoic Sites of the Middle Atlas (Morocco): An Alpine Heritage to Be Preserved', Ch.5 in 'Geoheritage of the Middle Atlas (Morocco)' (Springer, ed. K. Baadi), full book PDF obtained. Table 5.1 explicitly classifies this site's Accessibility."
loc_00877,Lebbouaddis,Difficult,High,"PRIMARY SOURCE: Baadi & Sabaoui 2023, 'Cenozoic Sites of the Middle Atlas (Morocco): An Alpine Heritage to Be Preserved', Ch.5 in 'Geoheritage of the Middle Atlas (Morocco)' (Springer, ed. K. Baadi), full book PDF obtained. Table 5.1 explicitly classifies this site's Accessibility."
loc_00878,Miocene of Bizi,Difficult,High,"PRIMARY SOURCE: Baadi & Sabaoui 2023, 'Cenozoic Sites of the Middle Atlas (Morocco): An Alpine Heritage to Be Preserved', Ch.5 in 'Geoheritage of the Middle Atlas (Morocco)' (Springer, ed. K. Baadi), full book PDF obtained. Table 5.1 explicitly classifies this site's Accessibility."
loc_00879,Oued Mdez,Easy,High,"PRIMARY SOURCE: Baadi & Sabaoui 2023, 'Cenozoic Sites of the Middle Atlas (Morocco): An Alpine Heritage to Be Preserved', Ch.5 in 'Geoheritage of the Middle Atlas (Morocco)' (Springer, ed. K. Baadi), full book PDF obtained. Table 5.1 explicitly classifies this site's Accessibility."
loc_00880,Oued Zra,Easy,High,"PRIMARY SOURCE: Baadi & Sabaoui 2023, 'Cenozoic Sites of the Middle Atlas (Morocco): An Alpine Heritage to Be Preserved', Ch.5 in 'Geoheritage of the Middle Atlas (Morocco)' (Springer, ed. K. Baadi), full book PDF obtained. Table 5.1 explicitly classifies this site's Accessibility."
loc_00881,Ribat al Khayr,Easy,High,"PRIMARY SOURCE: Baadi & Sabaoui 2023, 'Cenozoic Sites of the Middle Atlas (Morocco): An Alpine Heritage to Be Preserved', Ch.5 in 'Geoheritage of the Middle Atlas (Morocco)' (Springer, ed. K. Baadi), full book PDF obtained. Table 5.1 explicitly classifies this site's Accessibility."
loc_00882,Sidi Yahya,Moderate,High,"PRIMARY SOURCE: Baadi & Sabaoui 2023, 'Cenozoic Sites of the Middle Atlas (Morocco): An Alpine Heritage to Be Preserved', Ch.5 in 'Geoheritage of the Middle Atlas (Morocco)' (Springer, ed. K. Baadi), full book PDF obtained. Table 5.1 explicitly classifies this site's Accessibility."
loc_00883,Silt of Sefrou,Easy,High,"PRIMARY SOURCE: Baadi & Sabaoui 2023, 'Cenozoic Sites of the Middle Atlas (Morocco): An Alpine Heritage to Be Preserved', Ch.5 in 'Geoheritage of the Middle Atlas (Morocco)' (Springer, ed. K. Baadi), full book PDF obtained. Table 5.1 explicitly classifies this site's Accessibility."
loc_00884,Skoura Travertines,Easy,High,"PRIMARY SOURCE: Baadi & Sabaoui 2023, 'Cenozoic Sites of the Middle Atlas (Morocco): An Alpine Heritage to Be Preserved', Ch.5 in 'Geoheritage of the Middle Atlas (Morocco)' (Springer, ed. K. Baadi), full book PDF obtained. Table 5.1 explicitly classifies this site's Accessibility."
loc_00885,Tannint ou Moudou,Easy,High,"PRIMARY SOURCE: Baadi & Sabaoui 2023, 'Cenozoic Sites of the Middle Atlas (Morocco): An Alpine Heritage to Be Preserved', Ch.5 in 'Geoheritage of the Middle Atlas (Morocco)' (Springer, ed. K. Baadi), full book PDF obtained. Table 5.1 explicitly classifies this site's Accessibility."
loc_00886,Timahdite limestones,Moderate,High,"PRIMARY SOURCE: Baadi & Sabaoui 2023, 'Cenozoic Sites of the Middle Atlas (Morocco): An Alpine Heritage to Be Preserved', Ch.5 in 'Geoheritage of the Middle Atlas (Morocco)' (Springer, ed. K. Baadi), full book PDF obtained. Table 5.1 explicitly classifies this site's Accessibility."
loc_00887,Aïn ou N’Jourh,Moderate,High,"PRIMARY SOURCE: Baadi 2023, 'The Palaeontological Heritage of Vertebrates in the Middle Atlas (Morocco): Initiatives of Inventory and Assessment for a Rare Heritage Threatened with Degradation', Ch.6 in 'Geoheritage of the Middle Atlas (Morocco)' (Springer, ed. K. Baadi), full book PDF obtained. Table 6.1 explicitly classifies this site's Accessibility."
loc_00888,Aït Abdellah,Moderate,High,"PRIMARY SOURCE: Baadi 2023, 'The Palaeontological Heritage of Vertebrates in the Middle Atlas (Morocco): Initiatives of Inventory and Assessment for a Rare Heritage Threatened with Degradation', Ch.6 in 'Geoheritage of the Middle Atlas (Morocco)' (Springer, ed. K. Baadi), full book PDF obtained. Table 6.1 explicitly classifies this site's Accessibility."
loc_00889,Aït Bazza,Moderate,High,"PRIMARY SOURCE: Baadi 2023, 'The Palaeontological Heritage of Vertebrates in the Middle Atlas (Morocco): Initiatives of Inventory and Assessment for a Rare Heritage Threatened with Degradation', Ch.6 in 'Geoheritage of the Middle Atlas (Morocco)' (Springer, ed. K. Baadi), full book PDF obtained. Table 6.1 explicitly classifies this site's Accessibility."
loc_00890,Botane,Moderate,High,"PRIMARY SOURCE: Baadi 2023, 'The Palaeontological Heritage of Vertebrates in the Middle Atlas (Morocco): Initiatives of Inventory and Assessment for a Rare Heritage Threatened with Degradation', Ch.6 in 'Geoheritage of the Middle Atlas (Morocco)' (Springer, ed. K. Baadi), full book PDF obtained. Table 6.1 explicitly classifies this site's Accessibility."
loc_00891,Botane Sud,Moderate,High,"PRIMARY SOURCE: Baadi 2023, 'The Palaeontological Heritage of Vertebrates in the Middle Atlas (Morocco): Initiatives of Inventory and Assessment for a Rare Heritage Threatened with Degradation', Ch.6 in 'Geoheritage of the Middle Atlas (Morocco)' (Springer, ed. K. Baadi), full book PDF obtained. Table 6.1 explicitly classifies this site's Accessibility."
loc_00892,Bou Ifraoun,Moderate,High,"PRIMARY SOURCE: Baadi 2023, 'The Palaeontological Heritage of Vertebrates in the Middle Atlas (Morocco): Initiatives of Inventory and Assessment for a Rare Heritage Threatened with Degradation', Ch.6 in 'Geoheritage of the Middle Atlas (Morocco)' (Springer, ed. K. Baadi), full book PDF obtained. Table 6.1 explicitly classifies this site's Accessibility."
loc_00893,Bou Ifraoun Ouest,Moderate,High,"PRIMARY SOURCE: Baadi 2023, 'The Palaeontological Heritage of Vertebrates in the Middle Atlas (Morocco): Initiatives of Inventory and Assessment for a Rare Heritage Threatened with Degradation', Ch.6 in 'Geoheritage of the Middle Atlas (Morocco)' (Springer, ed. K. Baadi), full book PDF obtained. Table 6.1 explicitly classifies this site's Accessibility."
loc_00894,Boulahfa,Difficult,High,"PRIMARY SOURCE: Baadi 2023, 'The Palaeontological Heritage of Vertebrates in the Middle Atlas (Morocco): Initiatives of Inventory and Assessment for a Rare Heritage Threatened with Degradation', Ch.6 in 'Geoheritage of the Middle Atlas (Morocco)' (Springer, ed. K. Baadi), full book PDF obtained. Table 6.1 explicitly classifies this site's Accessibility."
loc_00895,Darak,Moderate,High,"PRIMARY SOURCE: Baadi 2023, 'The Palaeontological Heritage of Vertebrates in the Middle Atlas (Morocco): Initiatives of Inventory and Assessment for a Rare Heritage Threatened with Degradation', Ch.6 in 'Geoheritage of the Middle Atlas (Morocco)' (Springer, ed. K. Baadi), full book PDF obtained. Table 6.1 explicitly classifies this site's Accessibility."
loc_00896,Djmila,Moderate,High,"PRIMARY SOURCE: Baadi 2023, 'The Palaeontological Heritage of Vertebrates in the Middle Atlas (Morocco): Initiatives of Inventory and Assessment for a Rare Heritage Threatened with Degradation', Ch.6 in 'Geoheritage of the Middle Atlas (Morocco)' (Springer, ed. K. Baadi), full book PDF obtained. Table 6.1 explicitly classifies this site's Accessibility."
loc_00897,Jbel Oudiksou,Easy,High,"PRIMARY SOURCE: Baadi 2023, 'The Palaeontological Heritage of Vertebrates in the Middle Atlas (Morocco): Initiatives of Inventory and Assessment for a Rare Heritage Threatened with Degradation', Ch.6 in 'Geoheritage of the Middle Atlas (Morocco)' (Springer, ed. K. Baadi), full book PDF obtained. Table 6.1 explicitly classifies this site's Accessibility."
loc_00898,Ksar Aït Moulay (Tisfoula Tasra),Moderate,High,"PRIMARY SOURCE: Baadi 2023, 'The Palaeontological Heritage of Vertebrates in the Middle Atlas (Morocco): Initiatives of Inventory and Assessment for a Rare Heritage Threatened with Degradation', Ch.6 in 'Geoheritage of the Middle Atlas (Morocco)' (Springer, ed. K. Baadi), full book PDF obtained. Table 6.1 explicitly classifies this site's Accessibility."
loc_00899,Oued Boukamouche,Moderate,High,"PRIMARY SOURCE: Baadi 2023, 'The Palaeontological Heritage of Vertebrates in the Middle Atlas (Morocco): Initiatives of Inventory and Assessment for a Rare Heritage Threatened with Degradation', Ch.6 in 'Geoheritage of the Middle Atlas (Morocco)' (Springer, ed. K. Baadi), full book PDF obtained. Table 6.1 explicitly classifies this site's Accessibility."
loc_00900,Oued Mers,Moderate,High,"PRIMARY SOURCE: Baadi 2023, 'The Palaeontological Heritage of Vertebrates in the Middle Atlas (Morocco): Initiatives of Inventory and Assessment for a Rare Heritage Threatened with Degradation', Ch.6 in 'Geoheritage of the Middle Atlas (Morocco)' (Springer, ed. K. Baadi), full book PDF obtained. Table 6.1 explicitly classifies this site's Accessibility."
loc_00901,Oued Tamemchet,Moderate,High,"PRIMARY SOURCE: Baadi 2023, 'The Palaeontological Heritage of Vertebrates in the Middle Atlas (Morocco): Initiatives of Inventory and Assessment for a Rare Heritage Threatened with Degradation', Ch.6 in 'Geoheritage of the Middle Atlas (Morocco)' (Springer, ed. K. Baadi), full book PDF obtained. Table 6.1 explicitly classifies this site's Accessibility."
loc_00902,Oued Tamghilt,Moderate,High,"PRIMARY SOURCE: Baadi 2023, 'The Palaeontological Heritage of Vertebrates in the Middle Atlas (Morocco): Initiatives of Inventory and Assessment for a Rare Heritage Threatened with Degradation', Ch.6 in 'Geoheritage of the Middle Atlas (Morocco)' (Springer, ed. K. Baadi), full book PDF obtained. Table 6.1 explicitly classifies this site's Accessibility."
loc_00903,Oulad Ali,Moderate,High,"PRIMARY SOURCE: Baadi 2023, 'The Palaeontological Heritage of Vertebrates in the Middle Atlas (Morocco): Initiatives of Inventory and Assessment for a Rare Heritage Threatened with Degradation', Ch.6 in 'Geoheritage of the Middle Atlas (Morocco)' (Springer, ed. K. Baadi), full book PDF obtained. Table 6.1 explicitly classifies this site's Accessibility."
loc_00904,Selghert,Easy,High,"PRIMARY SOURCE: Baadi 2023, 'The Palaeontological Heritage of Vertebrates in the Middle Atlas (Morocco): Initiatives of Inventory and Assessment for a Rare Heritage Threatened with Degradation', Ch.6 in 'Geoheritage of the Middle Atlas (Morocco)' (Springer, ed. K. Baadi), full book PDF obtained. Table 6.1 explicitly classifies this site's Accessibility."
loc_00905,Taghit,Moderate,High,"PRIMARY SOURCE: Baadi 2023, 'The Palaeontological Heritage of Vertebrates in the Middle Atlas (Morocco): Initiatives of Inventory and Assessment for a Rare Heritage Threatened with Degradation', Ch.6 in 'Geoheritage of the Middle Atlas (Morocco)' (Springer, ed. K. Baadi), full book PDF obtained. Table 6.1 explicitly classifies this site's Accessibility."
loc_00906,Taghit Aït Youssef,Moderate,High,"PRIMARY SOURCE: Baadi 2023, 'The Palaeontological Heritage of Vertebrates in the Middle Atlas (Morocco): Initiatives of Inventory and Assessment for a Rare Heritage Threatened with Degradation', Ch.6 in 'Geoheritage of the Middle Atlas (Morocco)' (Springer, ed. K. Baadi), full book PDF obtained. Table 6.1 explicitly classifies this site's Accessibility."
loc_00907,Taghit Tissenflet,Moderate,High,"PRIMARY SOURCE: Baadi 2023, 'The Palaeontological Heritage of Vertebrates in the Middle Atlas (Morocco): Initiatives of Inventory and Assessment for a Rare Heritage Threatened with Degradation', Ch.6 in 'Geoheritage of the Middle Atlas (Morocco)' (Springer, ed. K. Baadi), full book PDF obtained. Table 6.1 explicitly classifies this site's Accessibility."
loc_00908,Tamgert Iktaaïn (Tizi N’Julierh),Moderate,High,"PRIMARY SOURCE: Baadi 2023, 'The Palaeontological Heritage of Vertebrates in the Middle Atlas (Morocco): Initiatives of Inventory and Assessment for a Rare Heritage Threatened with Degradation', Ch.6 in 'Geoheritage of the Middle Atlas (Morocco)' (Springer, ed. K. Baadi), full book PDF obtained. Table 6.1 explicitly classifies this site's Accessibility."
loc_00909,Tamgert N’Tarit,Moderate,High,"PRIMARY SOURCE: Baadi 2023, 'The Palaeontological Heritage of Vertebrates in the Middle Atlas (Morocco): Initiatives of Inventory and Assessment for a Rare Heritage Threatened with Degradation', Ch.6 in 'Geoheritage of the Middle Atlas (Morocco)' (Springer, ed. K. Baadi), full book PDF obtained. Table 6.1 explicitly classifies this site's Accessibility."
loc_00910,Tamgert N’Tarit Nord,Moderate,High,"PRIMARY SOURCE: Baadi 2023, 'The Palaeontological Heritage of Vertebrates in the Middle Atlas (Morocco): Initiatives of Inventory and Assessment for a Rare Heritage Threatened with Degradation', Ch.6 in 'Geoheritage of the Middle Atlas (Morocco)' (Springer, ed. K. Baadi), full book PDF obtained. Table 6.1 explicitly classifies this site's Accessibility."
loc_00912,Tasra,Moderate,High,"PRIMARY SOURCE: Baadi 2023, 'The Palaeontological Heritage of Vertebrates in the Middle Atlas (Morocco): Initiatives of Inventory and Assessment for a Rare Heritage Threatened with Degradation', Ch.6 in 'Geoheritage of the Middle Atlas (Morocco)' (Springer, ed. K. Baadi), full book PDF obtained. Table 6.1 explicitly classifies this site's Accessibility."
loc_00913,Tasra Est,Moderate,High,"PRIMARY SOURCE: Baadi 2023, 'The Palaeontological Heritage of Vertebrates in the Middle Atlas (Morocco): Initiatives of Inventory and Assessment for a Rare Heritage Threatened with Degradation', Ch.6 in 'Geoheritage of the Middle Atlas (Morocco)' (Springer, ed. K. Baadi), full book PDF obtained. Table 6.1 explicitly classifies this site's Accessibility."
loc_00914,Tichniouine,Moderate,High,"PRIMARY SOURCE: Baadi 2023, 'The Palaeontological Heritage of Vertebrates in the Middle Atlas (Morocco): Initiatives of Inventory and Assessment for a Rare Heritage Threatened with Degradation', Ch.6 in 'Geoheritage of the Middle Atlas (Morocco)' (Springer, ed. K. Baadi), full book PDF obtained. Table 6.1 explicitly classifies this site's Accessibility."
loc_00915,Tichou Moulay Said,Moderate,High,"PRIMARY SOURCE: Baadi 2023, 'The Palaeontological Heritage of Vertebrates in the Middle Atlas (Morocco): Initiatives of Inventory and Assessment for a Rare Heritage Threatened with Degradation', Ch.6 in 'Geoheritage of the Middle Atlas (Morocco)' (Springer, ed. K. Baadi), full book PDF obtained. Table 6.1 explicitly classifies this site's Accessibility."
loc_01020,Assaka,Difficult,High,"PRIMARY SOURCE: Baadi 2023, 'Fluvial Heritage of the Middle Atlas (Morocco): An Essential Element for Regional Sustainable Development', Ch.9 in 'Geoheritage of the Middle Atlas (Morocco)' (Springer, ed. K. Baadi), full book PDF obtained. Table 9.1 explicitly classifies this site's Accessibility."
loc_01021,Bizi,Difficult,High,"PRIMARY SOURCE: Baadi 2023, 'Fluvial Heritage of the Middle Atlas (Morocco): An Essential Element for Regional Sustainable Development', Ch.9 in 'Geoheritage of the Middle Atlas (Morocco)' (Springer, ed. K. Baadi), full book PDF obtained. Table 9.1 explicitly classifies this site's Accessibility."
loc_01022,El Aouinate,Difficult,High,"PRIMARY SOURCE: Baadi 2023, 'Fluvial Heritage of the Middle Atlas (Morocco): An Essential Element for Regional Sustainable Development', Ch.9 in 'Geoheritage of the Middle Atlas (Morocco)' (Springer, ed. K. Baadi), full book PDF obtained. Table 9.1 explicitly classifies this site's Accessibility."
loc_01023,El Herahir,Easy,High,"PRIMARY SOURCE: Baadi 2023, 'Fluvial Heritage of the Middle Atlas (Morocco): An Essential Element for Regional Sustainable Development', Ch.9 in 'Geoheritage of the Middle Atlas (Morocco)' (Springer, ed. K. Baadi), full book PDF obtained. Table 9.1 explicitly classifies this site's Accessibility."
loc_01024,Fellat,Difficult,High,"PRIMARY SOURCE: Baadi 2023, 'Fluvial Heritage of the Middle Atlas (Morocco): An Essential Element for Regional Sustainable Development', Ch.9 in 'Geoheritage of the Middle Atlas (Morocco)' (Springer, ed. K. Baadi), full book PDF obtained. Table 9.1 explicitly classifies this site's Accessibility."
loc_01025,Gorge d’Issouka,Moderate,High,"PRIMARY SOURCE: Baadi 2023, 'Fluvial Heritage of the Middle Atlas (Morocco): An Essential Element for Regional Sustainable Development', Ch.9 in 'Geoheritage of the Middle Atlas (Morocco)' (Springer, ed. K. Baadi), full book PDF obtained. Table 9.1 explicitly classifies this site's Accessibility."
loc_01026,Gorges d’El Mahssere,Difficult,High,"PRIMARY SOURCE: Baadi 2023, 'Fluvial Heritage of the Middle Atlas (Morocco): An Essential Element for Regional Sustainable Development', Ch.9 in 'Geoheritage of the Middle Atlas (Morocco)' (Springer, ed. K. Baadi), full book PDF obtained. Table 9.1 explicitly classifies this site's Accessibility."
loc_01027,Hayane,Difficult,High,"PRIMARY SOURCE: Baadi 2023, 'Fluvial Heritage of the Middle Atlas (Morocco): An Essential Element for Regional Sustainable Development', Ch.9 in 'Geoheritage of the Middle Atlas (Morocco)' (Springer, ed. K. Baadi), full book PDF obtained. Table 9.1 explicitly classifies this site's Accessibility."
loc_01028,Issoumat,Difficult,High,"PRIMARY SOURCE: Baadi 2023, 'Fluvial Heritage of the Middle Atlas (Morocco): An Essential Element for Regional Sustainable Development', Ch.9 in 'Geoheritage of the Middle Atlas (Morocco)' (Springer, ed. K. Baadi), full book PDF obtained. Table 9.1 explicitly classifies this site's Accessibility."
loc_01029,Jbel Lbghel,Difficult,High,"PRIMARY SOURCE: Baadi 2023, 'Fluvial Heritage of the Middle Atlas (Morocco): An Essential Element for Regional Sustainable Development', Ch.9 in 'Geoheritage of the Middle Atlas (Morocco)' (Springer, ed. K. Baadi), full book PDF obtained. Table 9.1 explicitly classifies this site's Accessibility."
loc_01030,Jider,Difficult,High,"PRIMARY SOURCE: Baadi 2023, 'Fluvial Heritage of the Middle Atlas (Morocco): An Essential Element for Regional Sustainable Development', Ch.9 in 'Geoheritage of the Middle Atlas (Morocco)' (Springer, ed. K. Baadi), full book PDF obtained. Table 9.1 explicitly classifies this site's Accessibility."
loc_01031,Oudiksou,Difficult,High,"PRIMARY SOURCE: Baadi 2023, 'Fluvial Heritage of the Middle Atlas (Morocco): An Essential Element for Regional Sustainable Development', Ch.9 in 'Geoheritage of the Middle Atlas (Morocco)' (Springer, ed. K. Baadi), full book PDF obtained. Table 9.1 explicitly classifies this site's Accessibility."
loc_01032,Qalaa,Difficult,High,"PRIMARY SOURCE: Baadi 2023, 'Fluvial Heritage of the Middle Atlas (Morocco): An Essential Element for Regional Sustainable Development', Ch.9 in 'Geoheritage of the Middle Atlas (Morocco)' (Springer, ed. K. Baadi), full book PDF obtained. Table 9.1 explicitly classifies this site's Accessibility."
loc_01033,Taffert,Difficult,High,"PRIMARY SOURCE: Baadi 2023, 'Fluvial Heritage of the Middle Atlas (Morocco): An Essential Element for Regional Sustainable Development', Ch.9 in 'Geoheritage of the Middle Atlas (Morocco)' (Springer, ed. K. Baadi), full book PDF obtained. Table 9.1 explicitly classifies this site's Accessibility."
loc_01034,Tazemmakt,Difficult,High,"PRIMARY SOURCE: Baadi 2023, 'Fluvial Heritage of the Middle Atlas (Morocco): An Essential Element for Regional Sustainable Development', Ch.9 in 'Geoheritage of the Middle Atlas (Morocco)' (Springer, ed. K. Baadi), full book PDF obtained. Table 9.1 explicitly classifies this site's Accessibility."
loc_01035,Teminte,Moderate,High,"PRIMARY SOURCE: Baadi 2023, 'Fluvial Heritage of the Middle Atlas (Morocco): An Essential Element for Regional Sustainable Development', Ch.9 in 'Geoheritage of the Middle Atlas (Morocco)' (Springer, ed. K. Baadi), full book PDF obtained. Table 9.1 explicitly classifies this site's Accessibility."
loc_01037,Tijma,Moderate,High,"PRIMARY SOURCE: Baadi 2023, 'Fluvial Heritage of the Middle Atlas (Morocco): An Essential Element for Regional Sustainable Development', Ch.9 in 'Geoheritage of the Middle Atlas (Morocco)' (Springer, ed. K. Baadi), full book PDF obtained. Table 9.1 explicitly classifies this site's Accessibility."
loc_01038,Tmourhout,Difficult,High,"PRIMARY SOURCE: Baadi 2023, 'Fluvial Heritage of the Middle Atlas (Morocco): An Essential Element for Regional Sustainable Development', Ch.9 in 'Geoheritage of the Middle Atlas (Morocco)' (Springer, ed. K. Baadi), full book PDF obtained. Table 9.1 explicitly classifies this site's Accessibility."
