Locality_ID,Geosite_Name,Region,Reference,Title
loc_00376,The architectural heritage of Zaouiat Ahansal,Béni Mellal-Khénifra,Elkaichi et al.2021,"Quantitative assessment of the geodiversity of M’Goun UNESCO Geopark, Central High Atlas (Morocco)"
loc_00377,Panorama of Zaouiat Ahansal,Béni Mellal-Khénifra,Elkaichi et al.2021,"Quantitative assessment of the geodiversity of M’Goun UNESCO Geopark, Central High Atlas (Morocco)"
loc_00378,The natural bridge of Imin Ifri,Béni Mellal-Khénifra,Elkaichi et al.2021,"Quantitative assessment of the geodiversity of M’Goun UNESCO Geopark, Central High Atlas (Morocco)"
loc_00379,The dinosaur geosites of Iouaridène,Béni Mellal-Khénifra,Elkaichi et al.2021,"Quantitative assessment of the geodiversity of M’Goun UNESCO Geopark, Central High Atlas (Morocco)"
loc_00380,Aït Blal Rock engravings,Béni Mellal-Khénifra,Elkaichi et al.2021,"Quantitative assessment of the geodiversity of M’Goun UNESCO Geopark, Central High Atlas (Morocco)"
loc_00381,Tizi-n-Tighist Geo landscape,Béni Mellal-Khénifra,Elkaichi et al.2021,"Quantitative assessment of the geodiversity of M’Goun UNESCO Geopark, Central High Atlas (Morocco)"
loc_00382,Paleo-dam of Tizi-n-Tighza,Béni Mellal-Khénifra,Elkaichi et al.2021,"Quantitative assessment of the geodiversity of M’Goun UNESCO Geopark, Central High Atlas (Morocco)"
loc_00383,Ibaqualliwn Lamellibranches of Tizi-n-Tighist,Béni Mellal-Khénifra,Elkaichi et al.2021,"Quantitative assessment of the geodiversity of M’Goun UNESCO Geopark, Central High Atlas (Morocco)"
loc_00384,Jbel Azoukri Ait Attab synclinal (1),Béni Mellal-Khénifra,Elkaichi et al.2021,"Quantitative assessment of the geodiversity of M’Goun UNESCO Geopark, Central High Atlas (Morocco)"
loc_00385,"Ait Attab synclinal, Bougal (Taghia)",Béni Mellal-Khénifra,Elkaichi et al.2021,"Quantitative assessment of the geodiversity of M’Goun UNESCO Geopark, Central High Atlas (Morocco)"
loc_00386,"The Bin El Ouidane dam ""Chocolate Marls""",Béni Mellal-Khénifra,Elkaichi et al.2021,"Quantitative assessment of the geodiversity of M’Goun UNESCO Geopark, Central High Atlas (Morocco)"
loc_00387,The Ouzoud waterfalls,Béni Mellal-Khénifra,Elkaichi et al.2021,"Quantitative assessment of the geodiversity of M’Goun UNESCO Geopark, Central High Atlas (Morocco)"
loc_00388,The “Cathedral” Mastfrane,Béni Mellal-Khénifra,Elkaichi et al.2021,"Quantitative assessment of the geodiversity of M’Goun UNESCO Geopark, Central High Atlas (Morocco)"
loc_00389,Talmst Ride,Béni Mellal-Khénifra,Elkaichi et al.2021,"Quantitative assessment of the geodiversity of M’Goun UNESCO Geopark, Central High Atlas (Morocco)"
loc_00390,Collective granary of Sidi Moussa,Béni Mellal-Khénifra,Elkaichi et al.2023,"Evaluation of Geotouristic Station Suitability Using GIS‑Based Multi‑criteria Decision Analysis: a Case Study of the M’Goun UNESCO Geopark, High Atlas (Morocco)"
loc_00391,"Granary, Ighrem",Béni Mellal-Khénifra,Elkaichi et al.2023,"Evaluation of Geotouristic Station Suitability Using GIS‑Based Multi‑criteria Decision Analysis: a Case Study of the M’Goun UNESCO Geopark, High Atlas (Morocco)"
loc_00392,Footprints of the carnivorous dinosaur (Tridactyl),Béni Mellal-Khénifra,Elkaichi et al.2023,"Evaluation of Geotouristic Station Suitability Using GIS‑Based Multi‑criteria Decision Analysis: a Case Study of the M’Goun UNESCO Geopark, High Atlas (Morocco)"
loc_00393,Herbivorous dinosaur footprints,Béni Mellal-Khénifra,Elkaichi et al.2023,"Evaluation of Geotouristic Station Suitability Using GIS‑Based Multi‑criteria Decision Analysis: a Case Study of the M’Goun UNESCO Geopark, High Atlas (Morocco)"
loc_00394,Izourar plateaus,Béni Mellal-Khénifra,Elkaichi et al.2023,"Evaluation of Geotouristic Station Suitability Using GIS‑Based Multi‑criteria Decision Analysis: a Case Study of the M’Goun UNESCO Geopark, High Atlas (Morocco)"
loc_00395,Rock engravings of Tizi-n-Tighist,Béni Mellal-Khénifra,Elkaichi et al.2023,"Evaluation of Geotouristic Station Suitability Using GIS‑Based Multi‑criteria Decision Analysis: a Case Study of the M’Goun UNESCO Geopark, High Atlas (Morocco)"
loc_00396,Sandstone-fault families,Marrakech-Safi,El Hamidy et al.2024,"Jbel Irhoud Geosite, the Cradle of Humanity (Youssoufia Province, 
Marrakech‑Safi region, Morocco): Evaluation and Valorization 
of the Geological Heritage for Geoeducation and Geotourism Purposes"
loc_00397,"Faiult mirror-gradin 
crystallization",Marrakech-Safi,El Hamidy et al.2024,"Jbel Irhoud Geosite, the Cradle of Humanity (Youssoufia Province, 
Marrakech‑Safi region, Morocco): Evaluation and Valorization 
of the Geological Heritage for Geoeducation and Geotourism Purposes"
loc_00398,Karst networks of barite,Marrakech-Safi,El Hamidy et al.2024,"Jbel Irhoud Geosite, the Cradle of Humanity (Youssoufia Province, 
Marrakech‑Safi region, Morocco): Evaluation and Valorization 
of the Geological Heritage for Geoeducation and Geotourism Purposes"
loc_00399,Calcite crystals,Marrakech-Safi,El Hamidy et al.2024,"Jbel Irhoud Geosite, the Cradle of Humanity (Youssoufia Province, 
Marrakech‑Safi region, Morocco): Evaluation and Valorization 
of the Geological Heritage for Geoeducation and Geotourism Purposes"
loc_00400,"Cambrian sandstone & shale,Gray massive Cambrian limestones",Marrakech-Safi,El Hamidy et al.2024,"Jbel Irhoud Geosite, the Cradle of Humanity (Youssoufia Province, 
Marrakech‑Safi region, Morocco): Evaluation and Valorization 
of the Geological Heritage for Geoeducation and Geotourism Purposes"
loc_00401,The western tip of the Cambrian crest,Marrakech-Safi,El Hamidy et al.2024,"Jbel Irhoud Geosite, the Cradle of Humanity (Youssoufia Province, 
Marrakech‑Safi region, Morocco): Evaluation and Valorization 
of the Geological Heritage for Geoeducation and Geotourism Purposes"
loc_00402,Cap Beddouza,Marrakech-Safi,El Hamidy et al.2025,"The geosites of Safi province (Marrakech-Safi region, Morocco): Inventory and assessment for geoconservation, geotourism, geoeducation, geoparks, and local sustainable development"
loc_00403,beach of Sidi Bouzide,Marrakech-Safi,El Hamidy et al.2025,"Proposed geo-educational activities at the Sidi Bouzid geosite, Safi Province, Marrakech-Safi region, Morocco"
loc_00404,The source Lalla Mira,Marrakech-Safi,El Hamidy et al.2025,"Proposed geo-educational activities at the Sidi Bouzid geosite, Safi Province, Marrakech-Safi region, Morocco"
loc_00405,The wave of Saf,Marrakech-Safi,El Hamidy et al.2025,"Proposed geo-educational activities at the Sidi Bouzid geosite, Safi Province, Marrakech-Safi region, Morocco"
loc_00406,The caldera of the Michliffen,Draa-Tafilalet & Fès-Méknès,El Wartiti et al.2007, Geosites inventory of the northwestern Tabular Middle Atlasof Morocco
loc_00407,Ruiniform landscape,Draa-Tafilalet & Fès-Méknès,El Wartiti et al.2007, Geosites inventory of the northwestern Tabular Middle Atlasof Morocco
loc_00408,Fairy chimneys of Assamar,Béni Mellal-Khénifra, Bouzekraoui et al.2018,"Mapping geoheritage for geotourism management, a case study of Aït Bou Oulli Valley in Central High-Atlas (Morocco)"
loc_00409,Amsittene Fm,Marrakech-Safi, Arrad et.al 2020,"From geoheritage inventory to geoeducation and geotourism implications:
 Insight from Jbel Amsittene (Essaouira province, Morocco)"
loc_00410,Id ou Moulid Fm,Marrakech-Safi, Arrad et.al 2020,"From geoheritage inventory to geoeducation and geotourism implications:
 Insight from Jbel Amsittene (Essaouira province, Morocco)"
loc_00411,Arich Ouzella cave,Marrakech-Safi, Arrad et.al 2020,"From geoheritage inventory to geoeducation and geotourism implications:
 Insight from Jbel Amsittene (Essaouira province, Morocco)"
loc_00412,Subvertical strata,Marrakech-Safi, Arrad et.al 2020,"From geoheritage inventory to geoeducation and geotourism implications:
 Insight from Jbel Amsittene (Essaouira province, Morocco)"
loc_00413,Triassic-Quaternary contact,Marrakech-Safi, Arrad et.al 2020,"From geoheritage inventory to geoeducation and geotourism implications:
 Insight from Jbel Amsittene (Essaouira province, Morocco)"
loc_00414,Quaternary-Jurassic contact,Marrakech-Safi, Arrad et.al 2020,"From geoheritage inventory to geoeducation and geotourism implications:
 Insight from Jbel Amsittene (Essaouira province, Morocco)"
loc_00415,Fold hinge,Marrakech-Safi, Arrad et.al 2020,"From geoheritage inventory to geoeducation and geotourism implications:
 Insight from Jbel Amsittene (Essaouira province, Morocco)"
loc_00416,Cretaceous Quaternary contact,Marrakech-Safi, Arrad et.al 2020,"From geoheritage inventory to geoeducation and geotourism implications:
 Insight from Jbel Amsittene (Essaouira province, Morocco)"
loc_00417,Triple point,Marrakech-Safi, Arrad et.al 2020,"From geoheritage inventory to geoeducation and geotourism implications:
 Insight from Jbel Amsittene (Essaouira province, Morocco)"
loc_00418,Macrofossils,Marrakech-Safi, Arrad et.al 2020,"From geoheritage inventory to geoeducation and geotourism implications:
 Insight from Jbel Amsittene (Essaouira province, Morocco)"
loc_00419,Fossiliferous dunes,Marrakech-Safi, Arrad et.al 2020,"From geoheritage inventory to geoeducation and geotourism implications:
 Insight from Jbel Amsittene (Essaouira province, Morocco)"
loc_00420,Folded structure1,Marrakech-Safi, Arrad et.al 2020,"From geoheritage inventory to geoeducation and geotourism implications:
 Insight from Jbel Amsittene (Essaouira province, Morocco)"
loc_00421,Folded structure 2,Marrakech-Safi, Arrad et.al 2020,"From geoheritage inventory to geoeducation and geotourism implications:
 Insight from Jbel Amsittene (Essaouira province, Morocco)"
loc_00422,Folded structure 3,Marrakech-Safi, Arrad et.al 2020,"From geoheritage inventory to geoeducation and geotourism implications:
 Insight from Jbel Amsittene (Essaouira province, Morocco)"
loc_00423,Amsittene folded structures,Marrakech-Safi, Arrad et.al 2020,"From geoheritage inventory to geoeducation and geotourism implications:
 Insight from Jbel Amsittene (Essaouira province, Morocco)"
loc_00424,Alluvial cone,Marrakech-Safi, Arrad et.al 2020,"From geoheritage inventory to geoeducation and geotourism implications:
 Insight from Jbel Amsittene (Essaouira province, Morocco)"
loc_00425,The alluvial plain of Tadakoust,Souss-Massa,"Berred and Berred,2021","Climate Change Issues, Challenges, and Impacts in Terms of Rural Geo‑biological and Cultural Tourism Activity Development in Semiarid Areas: a Case Study from Tata, Bani Geopark (Anti‑Atlas, South Morocco)"
loc_00426,Deflation phenomenon in the Drâa plain,Souss-Massa,"Berred and Berred,2021","Climate Change Issues, Challenges, and Impacts in Terms of Rural Geo‑biological and Cultural Tourism Activity Development in Semiarid Areas: a Case Study from Tata, Bani Geopark (Anti‑Atlas, South Morocco)"
loc_00427,Engravings in Tamzrart region,Souss-Massa,"Berred and Berred,2021","Climate Change Issues, Challenges, and Impacts in Terms of Rural Geo‑biological and Cultural Tourism Activity Development in Semiarid Areas: a Case Study from Tata, Bani Geopark (Anti‑Atlas, South Morocco)"
loc_00428,engravings in Tadakous,Souss-Massa,"Berred and Berred,2021","Climate Change Issues, Challenges, and Impacts in Terms of Rural Geo‑biological and Cultural Tourism Activity Development in Semiarid Areas: a Case Study from Tata, Bani Geopark (Anti‑Atlas, South Morocco)"
loc_00429,Laila Island,Tanger-Tétouan-Al Hoceima,Ben Ali et al.2023,"Inventory and Quantitative Assessment of Belyounech Commune Geosites (East of the Site of Biological and Ecological Interest of Jbel Moussa, Northern Moroccan Rif)"
loc_00430,Akhfénir Cliff,Laayoune-Dakhla,Mirari et al.2020,"Geosites for Geotourism, Geoheritage,
 and Geoconservation of the Khnefiss National Park, Southern Morocco"
loc_00431,Sand dunes,Laayoune-Dakhla,Mirari et al.2020,"Geosites for Geotourism, Geoheritage,
 and Geoconservation of the Khnefiss National Park, Southern Morocco"
loc_00432,Akhfennir Sinkhole,Laayoune-Dakhla,Mirari et al.2020,"Geosites for Geotourism, Geoheritage,
 and Geoconservation of the Khnefiss National Park, Southern Morocco"
loc_00433,Water spring,Tanger-Tétouan-Al Hoceima,AbdelMaksoud et al.2025,"Preserving Geoheritage in Chefchaouen-Morocco, After a Well Accident: A Focus on Sustainability"
loc_00434,Panoramic view to the folded mountains,Tanger-Tétouan-Al Hoceima,AbdelMaksoud et al.2025,"Preserving Geoheritage in Chefchaouen-Morocco, After a Well Accident: A Focus on Sustainability"
loc_00435,Petrified wood intruded by iron deposits,Tanger-Tétouan-Al Hoceima,AbdelMaksoud et al.2025,"Preserving Geoheritage in Chefchaouen-Morocco, After a Well Accident: A Focus on Sustainability"
loc_00436,Stromatolites,Tanger-Tétouan-Al Hoceima,AbdelMaksoud et al.2025,"Preserving Geoheritage in Chefchaouen-Morocco, After a Well Accident: A Focus on Sustainability"
loc_00437,Caristified cave stalactite,Tanger-Tétouan-Al Hoceima,AbdelMaksoud et al.2025,"Preserving Geoheritage in Chefchaouen-Morocco, After a Well Accident: A Focus on Sustainability"
loc_00438,Karastified limestone rocks eroded,Tanger-Tétouan-Al Hoceima,AbdelMaksoud et al.2025,"Preserving Geoheritage in Chefchaouen-Morocco, After a Well Accident: A Focus on Sustainability"
loc_00439,Hill shades of limestone rocks,Tanger-Tétouan-Al Hoceima,AbdelMaksoud et al.2025,"Preserving Geoheritage in Chefchaouen-Morocco, After a Well Accident: A Focus on Sustainability"
loc_00440,Targha mica-shist,Tanger-Tétouan-Al Hoceima,Aoulad Sidi-Mhend et al.2019,The Geological Heritage of the Talassemtane National Park and the Ghomara coast Natural Area (NW of Morocco)
loc_00441,Beni Bousera Kinzigites,Tanger-Tétouan-Al Hoceima,Aoulad Sidi-Mhend et al.2019,The Geological Heritage of the Talassemtane National Park and the Ghomara coast Natural Area (NW of Morocco)
loc_00442,Tihissasse fan delta,Tanger-Tétouan-Al Hoceima,Aoulad Sidi-Mhend et al.2019,The Geological Heritage of the Talassemtane National Park and the Ghomara coast Natural Area (NW of Morocco)
loc_00443,Thedolerite sill of Ouzoud,Béni Mellal-Khénifra,Louz et al.2022,"Inventory and Enhancement of Geological Heritage in the Ouzoud Syncline (M’Goun UNESCOGeopark, Central High Atlas, Morocco): First Step for Promoting Geotourism and Sustainable Development †"
loc_00444,Ouzoud travertines,Béni Mellal-Khénifra,Louz et al.2022,"Inventory and Enhancement of Geological Heritage in the Ouzoud Syncline (M’Goun UNESCOGeopark, Central High Atlas, Morocco): First Step for Promoting Geotourism and Sustainable Development †"
loc_00445,Estuary of Oued Tassakht,Béni Mellal-Khénifra,Louz et al.2022,"Inventory and Enhancement of Geological Heritage in the Ouzoud Syncline (M’Goun UNESCOGeopark, Central High Atlas, Morocco): First Step for Promoting Geotourism and Sustainable Development †"
loc_00446,Oued EL Abid gorges and caves,Béni Mellal-Khénifra,Louz et al.2022,"Inventory and Enhancement of Geological Heritage in the Ouzoud Syncline (M’Goun UNESCOGeopark, Central High Atlas, Morocco): First Step for Promoting Geotourism and Sustainable Development †"
loc_00447,Azilal formation intruded by Tanaghmelt sill,Béni Mellal-Khénifra,Louz et al.2022,"Inventory and Enhancement of Geological Heritage in the Ouzoud Syncline (M’Goun UNESCOGeopark, Central High Atlas, Morocco): First Step for Promoting Geotourism and Sustainable Development †"
loc_00448,Zaouit Tanaghmelt,Béni Mellal-Khénifra,Louz et al.2022,"Inventory and Enhancement of Geological Heritage in the Ouzoud Syncline (M’Goun UNESCOGeopark, Central High Atlas, Morocco): First Step for Promoting Geotourism and Sustainable Development †"
loc_00449,Basaltic flows of Ouzoud,Béni Mellal-Khénifra,Louz et al.2022,"Inventory and Enhancement of Geological Heritage in the Ouzoud Syncline (M’Goun UNESCOGeopark, Central High Atlas, Morocco): First Step for Promoting Geotourism and Sustainable Development †"
loc_00450,Ouzoud springs,Béni Mellal-Khénifra,Louz et al.2022,"Inventory and Enhancement of Geological Heritage in the Ouzoud Syncline (M’Goun UNESCOGeopark, Central High Atlas, Morocco): First Step for Promoting Geotourism and Sustainable Development †"
loc_00451,Radiating dykes Taghia-n-Ait Boulmane,Béni Mellal-Khénifra,Louz et al.2022a,"Geological heritage of the Taguelft syncline (M'Goun Geopark): Inventory, assessment, and promotion for geotourism development (Central High Atlas, Morocco)"
loc_00452,Travertines of Tighalghalt,Béni Mellal-Khénifra,Louz et al.2022a,"Geological heritage of the Taguelft syncline (M'Goun Geopark): Inventory, assessment, and promotion for geotourism development (Central High Atlas, Morocco)"
loc_00453,The community granaries of Taghia-n-Ait Boulmane,Béni Mellal-Khénifra,Louz et al.2022a,"Geological heritage of the Taguelft syncline (M'Goun Geopark): Inventory, assessment, and promotion for geotourism development (Central High Atlas, Morocco)"
loc_00454,wadi Ziz canyon,Drâa-Tafilalet,Manaouch et al.2025,Enhancing Geotourism in Southeastern Morocco through Machine Learning‑Based Geomorphosite Identification
loc_00455,Hammat Moulay Ali Cherif,Drâa-Tafilalet,Manaouch et al.2025,Enhancing Geotourism in Southeastern Morocco through Machine Learning‑Based Geomorphosite Identification
loc_00456,Hassan Addakhil Dam Lake,Drâa-Tafilalet,Manaouch et al.2025,Enhancing Geotourism in Southeastern Morocco through Machine Learning‑Based Geomorphosite Identification
loc_00457,Tunnel Zaabel,Drâa-Tafilalet,Manaouch et al.2025,Enhancing Geotourism in Southeastern Morocco through Machine Learning‑Based Geomorphosite Identification
loc_00458,Ziz Valley Ait Atmane,Drâa-Tafilalet,Manaouch et al.2025,Enhancing Geotourism in Southeastern Morocco through Machine Learning‑Based Geomorphosite Identification
loc_00459,Waterfall,Drâa-Tafilalet,Manaouch et al.2025,Enhancing Geotourism in Southeastern Morocco through Machine Learning‑Based Geomorphosite Identification
loc_00460,Panoramic view from the Kettara intrusion,Marrakech-Safi,Kaid Rassou et.2019,THE VULGARIZATION FOR THE PATRIMONIALIZATION OF THE KETTARA GEODIVERSITY (CENTRAL JBILET) MOROCCO
loc_00461,Mineralized quartz-chlorite vein cutting the schists at a low angle in the Kettara gossan,Marrakech-Safi,Kaid Rassou et.2019,THE VULGARIZATION FOR THE PATRIMONIALIZATION OF THE KETTARA GEODIVERSITY (CENTRAL JBILET) MOROCCO
loc_00462,"Mineralized quartz-chlorite vein cutting the schists at a 
low angle in the Kettara gossan",Marrakech-Safi,Kaid Rassou et.2019,THE VULGARIZATION FOR THE PATRIMONIALIZATION OF THE KETTARA GEODIVERSITY (CENTRAL JBILET) MOROCCO
loc_00463,"Specimen from the drill core showing a mineralized quartz-chlorite 
vein crosscut by a carbonate (CC) vein",Marrakech-Safi,Kaid Rassou et.2019,THE VULGARIZATION FOR THE PATRIMONIALIZATION OF THE KETTARA GEODIVERSITY (CENTRAL JBILET) MOROCCO
loc_00464,Intrusion affected by subvertical schistosity,Marrakech-Safi,Kaid Rassou et.2019,THE VULGARIZATION FOR THE PATRIMONIALIZATION OF THE KETTARA GEODIVERSITY (CENTRAL JBILET) MOROCCO
loc_00465,Panorama of a geological succession with several uncon formities (Tahannaout; Douar Sour),Marrakech-Safi, Wakass et al.2023,"Geosites of High Atlas of Marrakech (Morocco): Geological Characterization, Accessibility, and Potential Interests for Sustainable Tourism"
loc_00466,Normal faults with tilted blocks (Zawyat bou houta),Marrakech-Safi, Wakass et al.2023,"Geosites of High Atlas of Marrakech (Morocco): Geological Characterization, Accessibility, and Potential Interests for Sustainable Tourism"
loc_00467,"Syn-sedimentary tectonic geosite: Hemigraben perched on visean basement, graben, tilted block and normal faults (Tibizzit)",Marrakech-Safi, Wakass et al.2023,"Geosites of High Atlas of Marrakech (Morocco): Geological Characterization, Accessibility, and Potential Interests for Sustainable Tourism"
loc_00468,"Syn-sedimentary tectonic geosite of a 
normal fault (Aghzane",Marrakech-Safi, Wakass et al.2023,"Geosites of High Atlas of Marrakech (Morocco): Geological Characterization, Accessibility, and Potential Interests for Sustainable Tourism"
loc_00469,Moulay Brahim landscape,Marrakech-Safi, Wakass et al.2023,"Geosites of High Atlas of Marrakech (Morocco): Geological Characterization, Accessibility, and Potential Interests for Sustainable Tourism"
loc_00470,Asni anticlinorium,Marrakech-Safi, Wakass et al.2023,"Geosites of High Atlas of Marrakech (Morocco): Geological Characterization, Accessibility, and Potential Interests for Sustainable Tourism"
loc_00471,Imlil landscape,Marrakech-Safi, Wakass et al.2023,"Geosites of High Atlas of Marrakech (Morocco): Geological Characterization, Accessibility, and Potential Interests for Sustainable Tourism"
loc_00472,Aerial courses and B tree climbing in Terre d’Amanar tourist site (Tahannaout),Marrakech-Safi, Wakass et al.2023,"Geosites of High Atlas of Marrakech (Morocco): Geological Characterization, Accessibility, and Potential Interests for Sustainable Tourism"
loc_00473,Jbel Irhoud,Doukkala-Abda,Enniouar et al.2015,The Geoheritage of the Doukkala-Abda Region (Morocco): An Opportunity for Local Socio-Economic Sustainable Development
loc_00474,Consolidated and unconsolidated dunes,Doukkala-Abda,Enniouar et al.2015,The Geoheritage of the Doukkala-Abda Region (Morocco): An Opportunity for Local Socio-Economic Sustainable Development
loc_00475,Oualidia caves,Doukkala-Abda,Enniouar et al.2015,The Geoheritage of the Doukkala-Abda Region (Morocco): An Opportunity for Local Socio-Economic Sustainable Development
loc_00476,Oualidia Lagoon,Doukkala-Abda,Enniouar et al.2015,The Geoheritage of the Doukkala-Abda Region (Morocco): An Opportunity for Local Socio-Economic Sustainable Development
loc_00477,Talaat Lakraa mixed flysch,Tanger-Tétouan-Al Hoceima,Ben Ali et al.2025,From inventory and quantitative assessment of geosites to sustainable development: Case study of the Flyshs georoad of the Tangier Peninsula
loc_00478,Beni Ider of Sidi Kankouch,Tanger-Tétouan-Al Hoceima,Ben Ali et al.2025,From inventory and quantitative assessment of geosites to sustainable development: Case study of the Flyshs georoad of the Tangier Peninsula
loc_00479,The Upper Cretaceous of the Beni Ider nappe and the Italian Castle,Tanger-Tétouan-Al Hoceima,Ben Ali et al.2025,From inventory and quantitative assessment of geosites to sustainable development: Case study of the Flyshs georoad of the Tangier Peninsula
loc_00480,Phoenician Necropolises and the Numidian,Tanger-Tétouan-Al Hoceima,Ben Ali et al.2025,From inventory and quantitative assessment of geosites to sustainable development: Case study of the Flyshs georoad of the Tangier Peninsula
loc_00481,The Numidian of Cap Spartel,Tanger-Tétouan-Al Hoceima,Ben Ali et al.2025,From inventory and quantitative assessment of geosites to sustainable development: Case study of the Flyshs georoad of the Tangier Peninsula
loc_00482,Achakar calcarenites,Tanger-Tétouan-Al Hoceima,Ben Ali et al.2025,From inventory and quantitative assessment of geosites to sustainable development: Case study of the Flyshs georoad of the Tangier Peninsula
loc_00483,Grotte Hercule,Tanger-Tétouan-Al Hoceima,Ben Ali et al.2025,From inventory and quantitative assessment of geosites to sustainable development: Case study of the Flyshs georoad of the Tangier Peninsula
loc_00484,"Red layers, layers of gypsum, interstratified basalt flow B2",Béni Mellal-Khénifra,Rais et al.2021,"Geological heritage in the M'Goun geopark: A proposal of geo-itineraries around the Bine El Ouidane dam (Central High Atlas, Morocco)"
loc_00485,Houses and the granaries cover the sum mits of the red brick hills surrounding the lake,Béni Mellal-Khénifra,Rais et al.2021,"Geological heritage in the M'Goun geopark: A proposal of geo-itineraries around the Bine El Ouidane dam (Central High Atlas, Morocco)"
loc_00486,Silty and sandstone strata tracks of footprints of theropod and sauropod dinosaurs,Béni Mellal-Khénifra,Rais et al.2021,"Geological heritage in the M'Goun geopark: A proposal of geo-itineraries around the Bine El Ouidane dam (Central High Atlas, Morocco)"
loc_00487,Cross-stratification and current ripples) of Guettioua and Jbel Sidal Fms,Béni Mellal-Khénifra,Rais et al.2021,"Geological heritage in the M'Goun geopark: A proposal of geo-itineraries around the Bine El Ouidane dam (Central High Atlas, Morocco)"
loc_00488,Troglodyte construction of the Ait Aloui and Ait Izza douars,Béni Mellal-Khénifra,Rais et al.2021,"Geological heritage in the M'Goun geopark: A proposal of geo-itineraries around the Bine El Ouidane dam (Central High Atlas, Morocco)"
loc_00489,Spring of Ain El Ghazi,Béni Mellal-Khénifra,Ait Barka et al.2022,THE KARST LANDSCAPES OF BENI MELLAL ATLAS (CENTRAL MOROCCO): IDENTIFICATION FOR PROMOTING GEOCONSERVATION AND TOURISM
loc_00490,Canyon of Hansala,Béni Mellal-Khénifra,Ait Barka et al.2022,THE KARST LANDSCAPES OF BENI MELLAL ATLAS (CENTRAL MOROCCO): IDENTIFICATION FOR PROMOTING GEOCONSERVATION AND TOURISM
loc_00491,Timskar Waterfalls,Béni Mellal-Khénifra,Louz et al.2024,"Identification of Potential Areas for the Development of Geotourism 
in the Northern Part of the M’goun Geopark (Morocco) Using 
Multi‑Criteria Analysis and Sig"
loc_00492,Tazerkount ruiniformes landscapes,Béni Mellal-Khénifra,Louz et al.2024,"Identification of Potential Areas for the Development of Geotourism 
in the Northern Part of the M’goun Geopark (Morocco) Using 
Multi‑Criteria Analysis and Sig"
loc_00493,Ruiniformes Landscapes of Oribaa,Béni Mellal-Khénifra,Ait Barka et al.2022,THE KARST LANDSCAPES OF BENI MELLAL ATLAS (CENTRAL MOROCCO): IDENTIFICATION FOR PROMOTING GEOCONSERVATION AND TOURISM
loc_00494,Caves of Orbiaa,Béni Mellal-Khénifra,Louz et al.2024,"Identification of Potential Areas for the Development of Geotourism 
in the Northern Part of the M’goun Geopark (Morocco) Using 
Multi‑Criteria Analysis and Sig"
loc_00495,Caves of Ain El ghazi,Béni Mellal-Khénifra,Ait Barka et al.2022,THE KARST LANDSCAPES OF BENI MELLAL ATLAS (CENTRAL MOROCCO): IDENTIFICATION FOR PROMOTING GEOCONSERVATION AND TOURISM
loc_00496,Ain Orbiaa,Béni Mellal-Khénifra,Louz et al.2024,"Identification of Potential Areas for the Development of Geotourism 
in the Northern Part of the M’goun Geopark (Morocco) Using 
Multi‑Criteria Analysis and Sig"
loc_00497,Ruiniformes Landscapes of Tassemit,Béni Mellal-Khénifra,Ait Barka et al.2022,THE KARST LANDSCAPES OF BENI MELLAL ATLAS (CENTRAL MOROCCO): IDENTIFICATION FOR PROMOTING GEOCONSERVATION AND TOURISM
loc_00498,Travertines of El Ksiba,Béni Mellal-Khénifra,Louz et al.2024,"Identification of Potential Areas for the Development of Geotourism 
in the Northern Part of the M’goun Geopark (Morocco) Using 
Multi‑Criteria Analysis and Sig"
loc_00499,Panoramic view of rurate,Béni Mellal-Khénifra,Louz et al.2024,"Identification of Potential Areas for the Development of Geotourism 
in the Northern Part of the M’goun Geopark (Morocco) Using 
Multi‑Criteria Analysis and Sig"
loc_00500,Spring of Tamoudjout,Béni Mellal-Khénifra,Ait Barka et al.2022,THE KARST LANDSCAPES OF BENI MELLAL ATLAS (CENTRAL MOROCCO): IDENTIFICATION FOR PROMOTING GEOCONSERVATION AND TOURISM
loc_00501,Spring of Ouchrah,Béni Mellal-Khénifra,Ait Barka et al.2022,THE KARST LANDSCAPES OF BENI MELLAL ATLAS (CENTRAL MOROCCO): IDENTIFICATION FOR PROMOTING GEOCONSERVATION AND TOURISM
loc_00502,Panoramic view of   Beni Mellal city,Béni Mellal-Khénifra,Ait Barka et al.2022,THE KARST LANDSCAPES OF BENI MELLAL ATLAS (CENTRAL MOROCCO): IDENTIFICATION FOR PROMOTING GEOCONSERVATION AND TOURISM
loc_00503,Caves of the cliffs of Timoulilte,Béni Mellal-Khénifra,Ait Barka et al.2022,THE KARST LANDSCAPES OF BENI MELLAL ATLAS (CENTRAL MOROCCO): IDENTIFICATION FOR PROMOTING GEOCONSERVATION AND TOURISM
loc_00504,Cave of the cliffs of Tanougha,Béni Mellal-Khénifra,Ait Barka et al.2022,THE KARST LANDSCAPES OF BENI MELLAL ATLAS (CENTRAL MOROCCO): IDENTIFICATION FOR PROMOTING GEOCONSERVATION AND TOURISM
loc_00505,Cave of Foum El Ancer,Béni Mellal-Khénifra,Ait Barka et al.2022,THE KARST LANDSCAPES OF BENI MELLAL ATLAS (CENTRAL MOROCCO): IDENTIFICATION FOR PROMOTING GEOCONSERVATION AND TOURISM
loc_00506,Sebkha Talaklekt,,"Regragui et al., 2026","An overview of North African sebkhas: diversity, resources, and environmental challenges"
loc_00507,Sebkhet Dkhayla,,"Regragui et al., 2026","An overview of North African sebkhas: diversity, resources, and environmental challenges"
loc_00508,Sebkhat Fares,,"Regragui et al., 2026","An overview of North African sebkhas: diversity, resources, and environmental challenges"
loc_00509,Sebkha of Imili,,"Regragui et al., 2026","An overview of North African sebkhas: diversity, resources, and environmental challenges"
loc_00510,Sebkhat Ad-Dam,,"Regragui et al., 2026","An overview of North African sebkhas: diversity, resources, and environmental challenges"
loc_00511,Sebkha of Skaymate,,"Regragui et al., 2026","An overview of North African sebkhas: diversity, resources, and environmental challenges"
loc_00512,Sebkhat Aridal,,"Regragui et al., 2026","An overview of North African sebkhas: diversity, resources, and environmental challenges"
loc_00513,Sebkha Oum Dba,,"Regragui et al., 2026","An overview of North African sebkhas: diversity, resources, and environmental challenges"
loc_00514,Sebkha Tizfourine,,"Regragui et al., 2026","An overview of North African sebkhas: diversity, resources, and environmental challenges"
loc_00515,Sebkha Tah,,"Regragui et al., 2026","An overview of North African sebkhas: diversity, resources, and environmental challenges"
loc_00516,Sebkha Tazgha,,"Regragui et al., 2026","An overview of North African sebkhas: diversity, resources, and environmental challenges"
loc_00517,Sebkha Lahmira,,"Regragui et al., 2026","An overview of North African sebkhas: diversity, resources, and environmental challenges"
loc_00518,Sebkha Zima,,"Regragui et al., 2026","An overview of North African sebkhas: diversity, resources, and environmental challenges"
loc_00519,Sebkha Lamhaguen,,"Regragui et al., 2026","An overview of North African sebkhas: diversity, resources, and environmental challenges"
loc_00520,Akchour Dam,Tanger-Tétouan-Al Hoceima,"Aoulad-Sidi-Mhend et al., 2019b","A quantitative approach to geosites assessment of
the Talassemtane National Park (NW of Morocco)"
loc_00521,Sidi Abdel Hamid Ecomuseum,Tanger-Tétouan-Al Hoceima,"Aoulad-Sidi-Mhend et al., 2019b","A quantitative approach to geosites assessment of
the Talassemtane National Park (NW of Morocco)"
loc_00522,Sidi Abdel Hamid Lookout,Tanger-Tétouan-Al Hoceima,"Aoulad-Sidi-Mhend et al., 2019b","A quantitative approach to geosites assessment of
the Talassemtane National Park (NW of Morocco)"
loc_00523,Bab Taza Phtanites,Tanger-Tétouan-Al Hoceima,"Aoulad-Sidi-Mhend et al., 2019b","A quantitative approach to geosites assessment of
the Talassemtane National Park (NW of Morocco)"
loc_00524,Ametrasse fallen blocks,Tanger-Tétouan-Al Hoceima,"Aoulad-Sidi-Mhend et al., 2019b","A quantitative approach to geosites assessment of
the Talassemtane National Park (NW of Morocco)"
loc_00525,Jbel Chrafate Panorama,Tanger-Tétouan-Al Hoceima,"Aoulad-Sidi-Mhend et al., 2019b","A quantitative approach to geosites assessment of
the Talassemtane National Park (NW of Morocco)"
loc_00526,Koudiat Sbaâ Panorama,Tanger-Tétouan-Al Hoceima,"Aoulad-Sidi-Mhend et al., 2019b","A quantitative approach to geosites assessment of
the Talassemtane National Park (NW of Morocco)"
loc_00527,Raghdat Southern entry of TNP,Tanger-Tétouan-Al Hoceima,"Aoulad-Sidi-Mhend et al., 2019b","A quantitative approach to geosites assessment of
the Talassemtane National Park (NW of Morocco)"
loc_00528,Jbel Bou Slimane Panorama,Tanger-Tétouan-Al Hoceima,"Aoulad-Sidi-Mhend et al., 2019b","A quantitative approach to geosites assessment of
the Talassemtane National Park (NW of Morocco)"
loc_00529,Jbel Kelti Panorama,Tanger-Tétouan-Al Hoceima,"Aoulad-Sidi-Mhend et al., 2019b","A quantitative approach to geosites assessment of
the Talassemtane National Park (NW of Morocco)"
loc_00530,Oued El Kelaa Gorge and waterfall,Tanger-Tétouan-Al Hoceima,"Aoulad-Sidi-Mhend et al., 2019b","A quantitative approach to geosites assessment of
the Talassemtane National Park (NW of Morocco)"
loc_00531,Jbel Tissouka Panorama,Tanger-Tétouan-Al Hoceima,"Aoulad-Sidi-Mhend et al., 2019b","A quantitative approach to geosites assessment of
the Talassemtane National Park (NW of Morocco)"
loc_00532,Ammonites from Alma,Souss-Massa,"Contribution to the inventory of Morocco’s geological heritage: The coastal geosites of Agadir Ida-Outanane (western High Atlas, Morocco)","A quantitative study of the geosites in the hinterland of Agadir Ida-Outanane (Western High Atlas, Morocco)"
loc_00533,The anticlinal fold of the Paradis Valley,Souss-Massa,"Contribution to the inventory of Morocco’s geological heritage: The coastal geosites of Agadir Ida-Outanane (western High Atlas, Morocco)","A quantitative study of the geosites in the hinterland of Agadir Ida-Outanane (Western High Atlas, Morocco)"
loc_00534,The gorges of the Paradise Valley,Souss-Massa,"Contribution to the inventory of Morocco’s geological heritage: The coastal geosites of Agadir Ida-Outanane (western High Atlas, Morocco)","A quantitative study of the geosites in the hinterland of Agadir Ida-Outanane (Western High Atlas, Morocco)"
loc_00535,Imouzzer Ida-Outanane faults and fold,Souss-Massa,"Contribution to the inventory of Morocco’s geological heritage: The coastal geosites of Agadir Ida-Outanane (western High Atlas, Morocco)","A quantitative study of the geosites in the hinterland of Agadir Ida-Outanane (Western High Atlas, Morocco)"
loc_00536,Imouzzer Ida-Outanane waterfalls,Souss-Massa,"Contribution to the inventory of Morocco’s geological heritage: The coastal geosites of Agadir Ida-Outanane (western High Atlas, Morocco)","A quantitative study of the geosites in the hinterland of Agadir Ida-Outanane (Western High Atlas, Morocco)"
loc_00537,The Moulay Abd Allah dam,Souss-Massa,"Contribution to the inventory of Morocco’s geological heritage: The coastal geosites of Agadir Ida-Outanane (western High Atlas, Morocco)","A quantitative study of the geosites in the hinterland of Agadir Ida-Outanane (Western High Atlas, Morocco)"
loc_00538,Imi Ouggoug cave,Souss-Massa,"Contribution to the inventory of Morocco’s geological heritage: The coastal geosites of Agadir Ida-Outanane (western High Atlas, Morocco)","A quantitative study of the geosites in the hinterland of Agadir Ida-Outanane (Western High Atlas, Morocco)"
loc_00539,Assif n’El Had cave,Souss-Massa,"Contribution to the inventory of Morocco’s geological heritage: The coastal geosites of Agadir Ida-Outanane (western High Atlas, Morocco)","A quantitative study of the geosites in the hinterland of Agadir Ida-Outanane (Western High Atlas, Morocco)"
loc_00540,The Birfichou chasm,Souss-Massa,"Contribution to the inventory of Morocco’s geological heritage: The coastal geosites of Agadir Ida-Outanane (western High Atlas, Morocco)","A quantitative study of the geosites in the hinterland of Agadir Ida-Outanane (Western High Atlas, Morocco)"
loc_00541,The Win Timdwin cave,Souss-Massa,"Contribution to the inventory of Morocco’s geological heritage: The coastal geosites of Agadir Ida-Outanane (western High Atlas, Morocco)","A quantitative study of the geosites in the hinterland of Agadir Ida-Outanane (Western High Atlas, Morocco)"
loc_00542,Beni Moussa spring,Tanger-Tétouan-Al Hoceima,"Salhi et al., 2026",Assessment of Geosites in Northern Morocco_Diversity and Richness with Potential for Socioeconomic Development
loc_00543,Boujmil spring,Tanger-Tétouan-Al Hoceima,"Salhi et al., 2026",Assessment of Geosites in Northern Morocco_Diversity and Richness with Potential for Socioeconomic Development
loc_00544,Zarjoun spring,Tanger-Tétouan-Al Hoceima,"Salhi et al., 2026",Assessment of Geosites in Northern Morocco_Diversity and Richness with Potential for Socioeconomic Development
loc_00545,Al Kouf spring,Tanger-Tétouan-Al Hoceima,"Salhi et al., 2026",Assessment of Geosites in Northern Morocco_Diversity and Richness with Potential for Socioeconomic Development
loc_00546,Polje of Fahs Lamhar,Tanger-Tétouan-Al Hoceima,"Salhi et al., 2026",Assessment of Geosites in Northern Morocco_Diversity and Richness with Potential for Socioeconomic Development
loc_00547,Onsar spring,Tanger-Tétouan-Al Hoceima,"Salhi et al., 2026",Assessment of Geosites in Northern Morocco_Diversity and Richness with Potential for Socioeconomic Development
loc_00548,Azeroual spring,Tanger-Tétouan-Al Hoceima,"Salhi et al., 2026",Assessment of Geosites in Northern Morocco_Diversity and Richness with Potential for Socioeconomic Development
loc_00549,Al Mashar cave,Tanger-Tétouan-Al Hoceima,"Salhi et al., 2026",Assessment of Geosites in Northern Morocco_Diversity and Richness with Potential for Socioeconomic Development
loc_00550,Alouiya spring,Tanger-Tétouan-Al Hoceima,"Salhi et al., 2026",Assessment of Geosites in Northern Morocco_Diversity and Richness with Potential for Socioeconomic Development
loc_00551,Al Keddane spring,Tanger-Tétouan-Al Hoceima,"Salhi et al., 2026",Assessment of Geosites in Northern Morocco_Diversity and Richness with Potential for Socioeconomic Development
loc_00552,Limestone pavement of Bhar Nazef,Tanger-Tétouan-Al Hoceima,"Salhi et al., 2026",Assessment of Geosites in Northern Morocco_Diversity and Richness with Potential for Socioeconomic Development
loc_00553,Doline of Dersa Mountain,Tanger-Tétouan-Al Hoceima,"Salhi et al., 2026",Assessment of Geosites in Northern Morocco_Diversity and Richness with Potential for Socioeconomic Development
loc_00554,Torreta spring,Tanger-Tétouan-Al Hoceima,"Salhi et al., 2026",Assessment of Geosites in Northern Morocco_Diversity and Richness with Potential for Socioeconomic Development
loc_00555,Zarka spring,Tanger-Tétouan-Al Hoceima,"Salhi et al., 2026",Assessment of Geosites in Northern Morocco_Diversity and Richness with Potential for Socioeconomic Development
loc_00556,Taht Lghar cave,Tanger-Tétouan-Al Hoceima,"Salhi et al., 2026",Assessment of Geosites in Northern Morocco_Diversity and Richness with Potential for Socioeconomic Development
loc_00557,Uvala of Dar Akhanous,Tanger-Tétouan-Al Hoceima,"Salhi et al., 2026",Assessment of Geosites in Northern Morocco_Diversity and Richness with Potential for Socioeconomic Development
loc_00558,Al Hamma cave,Tanger-Tétouan-Al Hoceima,"Salhi et al., 2026",Assessment of Geosites in Northern Morocco_Diversity and Richness with Potential for Socioeconomic Development
loc_00559,Moukdassen spring,Tanger-Tétouan-Al Hoceima,"Salhi et al., 2026",Assessment of Geosites in Northern Morocco_Diversity and Richness with Potential for Socioeconomic Development
loc_00560,Limestone pavement of Jebala,Tanger-Tétouan-Al Hoceima,"Salhi et al., 2026",Assessment of Geosites in Northern Morocco_Diversity and Richness with Potential for Socioeconomic Development
loc_00561,Spring of Mountain Moussa,Tanger-Tétouan-Al Hoceima,"Salhi et al., 2026",Assessment of Geosites in Northern Morocco_Diversity and Richness with Potential for Socioeconomic Development
loc_00562,Knadel cave,Tanger-Tétouan-Al Hoceima,"Salhi et al., 2026",Assessment of Geosites in Northern Morocco_Diversity and Richness with Potential for Socioeconomic Development
loc_00563,Complex of cavities of Mountain Kelti,Tanger-Tétouan-Al Hoceima,"Salhi et al., 2026",Assessment of Geosites in Northern Morocco_Diversity and Richness with Potential for Socioeconomic Development
loc_00564,Achakrade spring,Tanger-Tétouan-Al Hoceima,"Salhi et al., 2026",Assessment of Geosites in Northern Morocco_Diversity and Richness with Potential for Socioeconomic Development
loc_00565,Kelti spring,Tanger-Tétouan-Al Hoceima,"Salhi et al., 2026",Assessment of Geosites in Northern Morocco_Diversity and Richness with Potential for Socioeconomic Development
loc_00566,Bouattou spring,Tanger-Tétouan-Al Hoceima,"Salhi et al., 2026",Assessment of Geosites in Northern Morocco_Diversity and Richness with Potential for Socioeconomic Development
loc_00567,Avens of Kayat,Tanger-Tétouan-Al Hoceima,"Salhi et al., 2026",Assessment of Geosites in Northern Morocco_Diversity and Richness with Potential for Socioeconomic Development
loc_00568,Ifahssa old cave,Tanger-Tétouan-Al Hoceima,"Salhi et al., 2026",Assessment of Geosites in Northern Morocco_Diversity and Richness with Potential for Socioeconomic Development
loc_00569,Block of Limestone Rocks,Tanger-Tétouan-Al Hoceima,"Salhi et al., 2026",Assessment of Geosites in Northern Morocco_Diversity and Richness with Potential for Socioeconomic Development
loc_00570,Travertine of Ifahsa,Tanger-Tétouan-Al Hoceima,"Salhi et al., 2026",Assessment of Geosites in Northern Morocco_Diversity and Richness with Potential for Socioeconomic Development
loc_00571,Ifahsa spring,Tanger-Tétouan-Al Hoceima,"Salhi et al., 2026",Assessment of Geosites in Northern Morocco_Diversity and Richness with Potential for Socioeconomic Development
loc_00572,Oued Adelmane cave,Tanger-Tétouan-Al Hoceima,"Salhi et al., 2026",Assessment of Geosites in Northern Morocco_Diversity and Richness with Potential for Socioeconomic Development
loc_00573,Al Kalaa spring,Tanger-Tétouan-Al Hoceima,"Salhi et al., 2026",Assessment of Geosites in Northern Morocco_Diversity and Richness with Potential for Socioeconomic Development
loc_00574,Ruiniform Chaos of Bab Al Arz,Tanger-Tétouan-Al Hoceima,"Salhi et al., 2026",Assessment of Geosites in Northern Morocco_Diversity and Richness with Potential for Socioeconomic Development
loc_00575,Lkhoujja spring,Tanger-Tétouan-Al Hoceima,"Salhi et al., 2026",Assessment of Geosites in Northern Morocco_Diversity and Richness with Potential for Socioeconomic Development
loc_00576,Tazroute springs,Tanger-Tétouan-Al Hoceima,"Salhi et al., 2026",Assessment of Geosites in Northern Morocco_Diversity and Richness with Potential for Socioeconomic Development
loc_00577,Monte spring,Tanger-Tétouan-Al Hoceima,"Salhi et al., 2026",Assessment of Geosites in Northern Morocco_Diversity and Richness with Potential for Socioeconomic Development
loc_00578,Souyah spring,Tanger-Tétouan-Al Hoceima,"Salhi et al., 2026",Assessment of Geosites in Northern Morocco_Diversity and Richness with Potential for Socioeconomic Development
loc_00579,Talassemtane spring,Tanger-Tétouan-Al Hoceima,"Salhi et al., 2026",Assessment of Geosites in Northern Morocco_Diversity and Richness with Potential for Socioeconomic Development
loc_00580,Ruiniform landscape of Afaska,Tanger-Tétouan-Al Hoceima,"Salhi et al., 2026",Assessment of Geosites in Northern Morocco_Diversity and Richness with Potential for Socioeconomic Development
loc_00581,Imezzar spring,Tanger-Tétouan-Al Hoceima,"Salhi et al., 2026",Assessment of Geosites in Northern Morocco_Diversity and Richness with Potential for Socioeconomic Development
loc_00582,Kaf Lahmam cave,Tanger-Tétouan-Al Hoceima,"Salhi et al., 2026",Assessment of Geosites in Northern Morocco_Diversity and Richness with Potential for Socioeconomic Development
loc_00583,Tizi cave,Tanger-Tétouan-Al Hoceima,"Salhi et al., 2026",Assessment of Geosites in Northern Morocco_Diversity and Richness with Potential for Socioeconomic Development
loc_00584,Azilane spring,Tanger-Tétouan-Al Hoceima,"Salhi et al., 2026",Assessment of Geosites in Northern Morocco_Diversity and Richness with Potential for Socioeconomic Development
loc_00585,Assifane cavities,Tanger-Tétouan-Al Hoceima,"Salhi et al., 2026",Assessment of Geosites in Northern Morocco_Diversity and Richness with Potential for Socioeconomic Development
loc_00586,Limestone pavement of Bouhalla,Tanger-Tétouan-Al Hoceima,"Salhi et al., 2026",Assessment of Geosites in Northern Morocco_Diversity and Richness with Potential for Socioeconomic Development
loc_00587,Polje Al Malaab,Tanger-Tétouan-Al Hoceima,"Salhi et al., 2026",Assessment of Geosites in Northern Morocco_Diversity and Richness with Potential for Socioeconomic Development
loc_00588,Limestone pavement of Tissemlal,Tanger-Tétouan-Al Hoceima,"Salhi et al., 2026",Assessment of Geosites in Northern Morocco_Diversity and Richness with Potential for Socioeconomic Development
loc_00589,Karst complex of Mountain Lakraa,Tanger-Tétouan-Al Hoceima,"Salhi et al., 2026",Assessment of Geosites in Northern Morocco_Diversity and Richness with Potential for Socioeconomic Development
loc_00590,Doline of Tissouka,Tanger-Tétouan-Al Hoceima,"Salhi et al., 2026",Assessment of Geosites in Northern Morocco_Diversity and Richness with Potential for Socioeconomic Development
loc_00591,Taghobayt cave,Tanger-Tétouan-Al Hoceima,"Salhi et al., 2026",Assessment of Geosites in Northern Morocco_Diversity and Richness with Potential for Socioeconomic Development
loc_00592,Ketama spring,Tanger-Tétouan-Al Hoceima,"Salhi et al., 2026",Assessment of Geosites in Northern Morocco_Diversity and Richness with Potential for Socioeconomic Development
loc_00593,Ruiniform Chaos of Bou Slimane,Tanger-Tétouan-Al Hoceima,"Salhi et al., 2026",Assessment of Geosites in Northern Morocco_Diversity and Richness with Potential for Socioeconomic Development
loc_00594,Al Khattabi undersea cavities,Tanger-Tétouan-Al Hoceima,"Salhi et al., 2026",Assessment of Geosites in Northern Morocco_Diversity and Richness with Potential for Socioeconomic Development
loc_00595,Oulassen spring,Tanger-Tétouan-Al Hoceima,"Salhi et al., 2026",Assessment of Geosites in Northern Morocco_Diversity and Richness with Potential for Socioeconomic Development
loc_00596,Lamouassif spring,Tanger-Tétouan-Al Hoceima,"Salhi et al., 2026",Assessment of Geosites in Northern Morocco_Diversity and Richness with Potential for Socioeconomic Development
loc_00597,Charika spring,Tanger-Tétouan-Al Hoceima,"Salhi et al., 2026",Assessment of Geosites in Northern Morocco_Diversity and Richness with Potential for Socioeconomic Development
loc_00598,Complex of cavities of Badis,Tanger-Tétouan-Al Hoceima,"Salhi et al., 2026",Assessment of Geosites in Northern Morocco_Diversity and Richness with Potential for Socioeconomic Development
loc_00599,Ksar Seghir beach,Tanger-Tétouan-Al Hoceima,"Salhi et al., 2026",Assessment of Geosites in Northern Morocco_Diversity and Richness with Potential for Socioeconomic Development
loc_00600,Dalia beach,Tanger-Tétouan-Al Hoceima,"Salhi et al., 2026",Assessment of Geosites in Northern Morocco_Diversity and Richness with Potential for Socioeconomic Development
loc_00601,Oued Lmarsa beach,Tanger-Tétouan-Al Hoceima,"Salhi et al., 2026",Assessment of Geosites in Northern Morocco_Diversity and Richness with Potential for Socioeconomic Development
loc_00602,Laila small island,Tanger-Tétouan-Al Hoceima,"Salhi et al., 2026",Assessment of Geosites in Northern Morocco_Diversity and Richness with Potential for Socioeconomic Development
loc_00603,Sebta peninsula,Tanger-Tétouan-Al Hoceima,"Salhi et al., 2026",Assessment of Geosites in Northern Morocco_Diversity and Richness with Potential for Socioeconomic Development
loc_00604,Rifiyin beach,Tanger-Tétouan-Al Hoceima,"Salhi et al., 2026",Assessment of Geosites in Northern Morocco_Diversity and Richness with Potential for Socioeconomic Development
loc_00605,Tres Pierdas beach,Tanger-Tétouan-Al Hoceima,"Salhi et al., 2026",Assessment of Geosites in Northern Morocco_Diversity and Richness with Potential for Socioeconomic Development
loc_00606,Smir lagoon,Tanger-Tétouan-Al Hoceima,"Salhi et al., 2026",Assessment of Geosites in Northern Morocco_Diversity and Richness with Potential for Socioeconomic Development
loc_00607,Mdiq beach,Tanger-Tétouan-Al Hoceima,"Salhi et al., 2026",Assessment of Geosites in Northern Morocco_Diversity and Richness with Potential for Socioeconomic Development
loc_00608,Negro Cape beach,Tanger-Tétouan-Al Hoceima,"Salhi et al., 2026",Assessment of Geosites in Northern Morocco_Diversity and Richness with Potential for Socioeconomic Development
loc_00609,Swamp of Oued Al Mallah,Tanger-Tétouan-Al Hoceima,"Salhi et al., 2026",Assessment of Geosites in Northern Morocco_Diversity and Richness with Potential for Socioeconomic Development
loc_00610,Martil beach,Tanger-Tétouan-Al Hoceima,"Salhi et al., 2026",Assessment of Geosites in Northern Morocco_Diversity and Richness with Potential for Socioeconomic Development
loc_00611,Coastal erosion of Sidi Abdeslam,Tanger-Tétouan-Al Hoceima,"Salhi et al., 2026",Assessment of Geosites in Northern Morocco_Diversity and Richness with Potential for Socioeconomic Development
loc_00612,Azla beach,Tanger-Tétouan-Al Hoceima,"Salhi et al., 2026",Assessment of Geosites in Northern Morocco_Diversity and Richness with Potential for Socioeconomic Development
loc_00613,Amsa beach,Tanger-Tétouan-Al Hoceima,"Salhi et al., 2026",Assessment of Geosites in Northern Morocco_Diversity and Richness with Potential for Socioeconomic Development
loc_00614,Tamrabet beach,Tanger-Tétouan-Al Hoceima,"Salhi et al., 2026",Assessment of Geosites in Northern Morocco_Diversity and Richness with Potential for Socioeconomic Development
loc_00615,Tamernout beach,Tanger-Tétouan-Al Hoceima,"Salhi et al., 2026",Assessment of Geosites in Northern Morocco_Diversity and Richness with Potential for Socioeconomic Development
loc_00616,Ouachtam beach,Tanger-Tétouan-Al Hoceima,"Salhi et al., 2026",Assessment of Geosites in Northern Morocco_Diversity and Richness with Potential for Socioeconomic Development
loc_00617,Cape of Mekkad,Tanger-Tétouan-Al Hoceima,"Salhi et al., 2026",Assessment of Geosites in Northern Morocco_Diversity and Richness with Potential for Socioeconomic Development
loc_00618,Oued Laou beach,Tanger-Tétouan-Al Hoceima,"Salhi et al., 2026",Assessment of Geosites in Northern Morocco_Diversity and Richness with Potential for Socioeconomic Development
loc_00619,Targha beach,Tanger-Tétouan-Al Hoceima,"Salhi et al., 2026",Assessment of Geosites in Northern Morocco_Diversity and Richness with Potential for Socioeconomic Development
loc_00620,Stihat beach,Tanger-Tétouan-Al Hoceima,"Salhi et al., 2026",Assessment of Geosites in Northern Morocco_Diversity and Richness with Potential for Socioeconomic Development
loc_00621,Sidi Yahya Aarab beach,Tanger-Tétouan-Al Hoceima,"Salhi et al., 2026",Assessment of Geosites in Northern Morocco_Diversity and Richness with Potential for Socioeconomic Development
loc_00622,Jnane Enich beach,Tanger-Tétouan-Al Hoceima,"Salhi et al., 2026",Assessment of Geosites in Northern Morocco_Diversity and Richness with Potential for Socioeconomic Development
loc_00623,Amtar beach,Tanger-Tétouan-Al Hoceima,"Salhi et al., 2026",Assessment of Geosites in Northern Morocco_Diversity and Richness with Potential for Socioeconomic Development
loc_00624,Monica beach,Tanger-Tétouan-Al Hoceima,"Salhi et al., 2026",Assessment of Geosites in Northern Morocco_Diversity and Richness with Potential for Socioeconomic Development
loc_00625,Lhwad beach,Tanger-Tétouan-Al Hoceima,"Salhi et al., 2026",Assessment of Geosites in Northern Morocco_Diversity and Richness with Potential for Socioeconomic Development
loc_00626,Cala Iris beach,Tanger-Tétouan-Al Hoceima,"Salhi et al., 2026",Assessment of Geosites in Northern Morocco_Diversity and Richness with Potential for Socioeconomic Development
loc_00627,Badis small island,Tanger-Tétouan-Al Hoceima,"Salhi et al., 2026",Assessment of Geosites in Northern Morocco_Diversity and Richness with Potential for Socioeconomic Development
loc_00628,Taoussert beach,Tanger-Tétouan-Al Hoceima,"Salhi et al., 2026",Assessment of Geosites in Northern Morocco_Diversity and Richness with Potential for Socioeconomic Development
loc_00629,Bousikour beach,Tanger-Tétouan-Al Hoceima,"Salhi et al., 2026",Assessment of Geosites in Northern Morocco_Diversity and Richness with Potential for Socioeconomic Development
loc_00630,Boumehdi beach,Tanger-Tétouan-Al Hoceima,"Salhi et al., 2026",Assessment of Geosites in Northern Morocco_Diversity and Richness with Potential for Socioeconomic Development
loc_00631,Tala Youssef beach,Tanger-Tétouan-Al Hoceima,"Salhi et al., 2026",Assessment of Geosites in Northern Morocco_Diversity and Richness with Potential for Socioeconomic Development
loc_00632,Rmod beach,Tanger-Tétouan-Al Hoceima,"Salhi et al., 2026",Assessment of Geosites in Northern Morocco_Diversity and Richness with Potential for Socioeconomic Development
loc_00633,Isri beach,Tanger-Tétouan-Al Hoceima,"Salhi et al., 2026",Assessment of Geosites in Northern Morocco_Diversity and Richness with Potential for Socioeconomic Development
loc_00634,Cliff of Al Hoceima,Tanger-Tétouan-Al Hoceima,"Salhi et al., 2026",Assessment of Geosites in Northern Morocco_Diversity and Richness with Potential for Socioeconomic Development
loc_00635,Quemado beach,Tanger-Tétouan-Al Hoceima,"Salhi et al., 2026",Assessment of Geosites in Northern Morocco_Diversity and Richness with Potential for Socioeconomic Development
loc_00636,Cara Bonita beach,Tanger-Tétouan-Al Hoceima,"Salhi et al., 2026",Assessment of Geosites in Northern Morocco_Diversity and Richness with Potential for Socioeconomic Development
loc_00637,Maktoa beach,Tanger-Tétouan-Al Hoceima,"Salhi et al., 2026",Assessment of Geosites in Northern Morocco_Diversity and Richness with Potential for Socioeconomic Development
loc_00638,Small islands of Al Hoceima,Tanger-Tétouan-Al Hoceima,"Salhi et al., 2026",Assessment of Geosites in Northern Morocco_Diversity and Richness with Potential for Socioeconomic Development
loc_00639,Sfiha beach,Tanger-Tétouan-Al Hoceima,"Salhi et al., 2026",Assessment of Geosites in Northern Morocco_Diversity and Richness with Potential for Socioeconomic Development
loc_00640,Al Hoceima Bay,Tanger-Tétouan-Al Hoceima,"Salhi et al., 2026",Assessment of Geosites in Northern Morocco_Diversity and Richness with Potential for Socioeconomic Development
loc_00641,Strait of Gibraltar,Tanger-Tétouan-Al Hoceima,"Salhi et al., 2026",Assessment of Geosites in Northern Morocco_Diversity and Richness with Potential for Socioeconomic Development
loc_00642,Hill of Taifour,Tanger-Tétouan-Al Hoceima,"Salhi et al., 2026",Assessment of Geosites in Northern Morocco_Diversity and Richness with Potential for Socioeconomic Development
loc_00643,Fault of Samsa,Tanger-Tétouan-Al Hoceima,"Salhi et al., 2026",Assessment of Geosites in Northern Morocco_Diversity and Richness with Potential for Socioeconomic Development
loc_00644,Cluse of Tetouan,Tanger-Tétouan-Al Hoceima,"Salhi et al., 2026",Assessment of Geosites in Northern Morocco_Diversity and Richness with Potential for Socioeconomic Development
loc_00645,Anticline of Nator cliff,Tanger-Tétouan-Al Hoceima,"Salhi et al., 2026",Assessment of Geosites in Northern Morocco_Diversity and Richness with Potential for Socioeconomic Development
loc_00646,Synclinal of Tazarine,Tanger-Tétouan-Al Hoceima,"Salhi et al., 2026",Assessment of Geosites in Northern Morocco_Diversity and Richness with Potential for Socioeconomic Development
loc_00647,Chefchaouen furrow,Tanger-Tétouan-Al Hoceima,"Salhi et al., 2026",Assessment of Geosites in Northern Morocco_Diversity and Richness with Potential for Socioeconomic Development
loc_00648,Fault escarpment of Mizlafene,Tanger-Tétouan-Al Hoceima,"Salhi et al., 2026",Assessment of Geosites in Northern Morocco_Diversity and Richness with Potential for Socioeconomic Development
loc_00649,Cliff of Imezar,Tanger-Tétouan-Al Hoceima,"Salhi et al., 2026",Assessment of Geosites in Northern Morocco_Diversity and Richness with Potential for Socioeconomic Development
loc_00650,Folds of Sidi Abdelhamid,Tanger-Tétouan-Al Hoceima,"Salhi et al., 2026",Assessment of Geosites in Northern Morocco_Diversity and Richness with Potential for Socioeconomic Development
loc_00651,Klippes of Soukna,Tanger-Tétouan-Al Hoceima,"Salhi et al., 2026",Assessment of Geosites in Northern Morocco_Diversity and Richness with Potential for Socioeconomic Development
loc_00652,Folds and fault of Amtar,Tanger-Tétouan-Al Hoceima,"Salhi et al., 2026",Assessment of Geosites in Northern Morocco_Diversity and Richness with Potential for Socioeconomic Development
loc_00653,Cirque of Jebha,Tanger-Tétouan-Al Hoceima,"Salhi et al., 2026",Assessment of Geosites in Northern Morocco_Diversity and Richness with Potential for Socioeconomic Development
loc_00654,Fauld of Mtioua,Tanger-Tétouan-Al Hoceima,"Salhi et al., 2026",Assessment of Geosites in Northern Morocco_Diversity and Richness with Potential for Socioeconomic Development
loc_00655,Bar of Tizirene,Tanger-Tétouan-Al Hoceima,"Salhi et al., 2026",Assessment of Geosites in Northern Morocco_Diversity and Richness with Potential for Socioeconomic Development
loc_00656,Oued Rmel dam,Tanger-Tétouan-Al Hoceima,"Salhi et al., 2026",Assessment of Geosites in Northern Morocco_Diversity and Richness with Potential for Socioeconomic Development
loc_00657,Al Raouz dam,Tanger-Tétouan-Al Hoceima,"Salhi et al., 2026",Assessment of Geosites in Northern Morocco_Diversity and Richness with Potential for Socioeconomic Development
loc_00658,Smir dam,Tanger-Tétouan-Al Hoceima,"Salhi et al., 2026",Assessment of Geosites in Northern Morocco_Diversity and Richness with Potential for Socioeconomic Development
loc_00659,Ajras dam,Tanger-Tétouan-Al Hoceima,"Salhi et al., 2026",Assessment of Geosites in Northern Morocco_Diversity and Richness with Potential for Socioeconomic Development
loc_00660,Martil dam,Tanger-Tétouan-Al Hoceima,"Salhi et al., 2026",Assessment of Geosites in Northern Morocco_Diversity and Richness with Potential for Socioeconomic Development
loc_00661,Nakhla dam,Tanger-Tétouan-Al Hoceima,"Salhi et al., 2026",Assessment of Geosites in Northern Morocco_Diversity and Richness with Potential for Socioeconomic Development
loc_00662,Prissa dam,Tanger-Tétouan-Al Hoceima,"Salhi et al., 2026",Assessment of Geosites in Northern Morocco_Diversity and Richness with Potential for Socioeconomic Development
loc_00663,Oued Laou dam,Tanger-Tétouan-Al Hoceima,"Salhi et al., 2026",Assessment of Geosites in Northern Morocco_Diversity and Richness with Potential for Socioeconomic Development
loc_00664,Moulay Bouchta dam,Tanger-Tétouan-Al Hoceima,"Salhi et al., 2026",Assessment of Geosites in Northern Morocco_Diversity and Richness with Potential for Socioeconomic Development
loc_00665,Jaber lake,Tanger-Tétouan-Al Hoceima,"Salhi et al., 2026",Assessment of Geosites in Northern Morocco_Diversity and Richness with Potential for Socioeconomic Development
loc_00666,Bouhachem lake,Tanger-Tétouan-Al Hoceima,"Salhi et al., 2026",Assessment of Geosites in Northern Morocco_Diversity and Richness with Potential for Socioeconomic Development
loc_00667,Al Houmar lake,Tanger-Tétouan-Al Hoceima,"Salhi et al., 2026",Assessment of Geosites in Northern Morocco_Diversity and Richness with Potential for Socioeconomic Development
loc_00668,Laarays lake,Tanger-Tétouan-Al Hoceima,"Salhi et al., 2026",Assessment of Geosites in Northern Morocco_Diversity and Richness with Potential for Socioeconomic Development
loc_00669,Al Mhad lake,Tanger-Tétouan-Al Hoceima,"Salhi et al., 2026",Assessment of Geosites in Northern Morocco_Diversity and Richness with Potential for Socioeconomic Development
loc_00670,Al Garn lake,Tanger-Tétouan-Al Hoceima,"Salhi et al., 2026",Assessment of Geosites in Northern Morocco_Diversity and Richness with Potential for Socioeconomic Development
loc_00671,Ifrat Fouden lake,Tanger-Tétouan-Al Hoceima,"Salhi et al., 2026",Assessment of Geosites in Northern Morocco_Diversity and Richness with Potential for Socioeconomic Development
loc_00672,Al Jomoaa dam,Tanger-Tétouan-Al Hoceima,"Salhi et al., 2026",Assessment of Geosites in Northern Morocco_Diversity and Richness with Potential for Socioeconomic Development
loc_00673,Mujer dormida mountain,Tanger-Tétouan-Al Hoceima,"Salhi et al., 2026",Assessment of Geosites in Northern Morocco_Diversity and Richness with Potential for Socioeconomic Development
loc_00674,Gully of Tamghart,Tanger-Tétouan-Al Hoceima,"Salhi et al., 2026",Assessment of Geosites in Northern Morocco_Diversity and Richness with Potential for Socioeconomic Development
loc_00675,Rockfall niche of Azenti,Tanger-Tétouan-Al Hoceima,"Salhi et al., 2026",Assessment of Geosites in Northern Morocco_Diversity and Richness with Potential for Socioeconomic Development
loc_00676,Scree cone of Mountain Kelti,Tanger-Tétouan-Al Hoceima,"Salhi et al., 2026",Assessment of Geosites in Northern Morocco_Diversity and Richness with Potential for Socioeconomic Development
loc_00677,Rockfall niche of Ametras,Tanger-Tétouan-Al Hoceima,"Salhi et al., 2026",Assessment of Geosites in Northern Morocco_Diversity and Richness with Potential for Socioeconomic Development
loc_00678,Badlands of Idsoulyene,Tanger-Tétouan-Al Hoceima,"Salhi et al., 2026",Assessment of Geosites in Northern Morocco_Diversity and Richness with Potential for Socioeconomic Development
loc_00679,Slippage of Cara Bonita,Tanger-Tétouan-Al Hoceima,"Salhi et al., 2026",Assessment of Geosites in Northern Morocco_Diversity and Richness with Potential for Socioeconomic Development
loc_00680,Plain of Restinga,Tanger-Tétouan-Al Hoceima,"Salhi et al., 2026",Assessment of Geosites in Northern Morocco_Diversity and Richness with Potential for Socioeconomic Development
loc_00681,Alluvial plain of Martil,Tanger-Tétouan-Al Hoceima,"Salhi et al., 2026",Assessment of Geosites in Northern Morocco_Diversity and Richness with Potential for Socioeconomic Development
loc_00682,Cascades of Ezarka,Tanger-Tétouan-Al Hoceima,"Salhi et al., 2026",Assessment of Geosites in Northern Morocco_Diversity and Richness with Potential for Socioeconomic Development
loc_00683,Cascades of Akherkhour,Tanger-Tétouan-Al Hoceima,"Salhi et al., 2026",Assessment of Geosites in Northern Morocco_Diversity and Richness with Potential for Socioeconomic Development
loc_00684,Alluvial plain of Amsa,Tanger-Tétouan-Al Hoceima,"Salhi et al., 2026",Assessment of Geosites in Northern Morocco_Diversity and Richness with Potential for Socioeconomic Development
loc_00685,Alluvial plain of Oued Laou,Tanger-Tétouan-Al Hoceima,"Salhi et al., 2026",Assessment of Geosites in Northern Morocco_Diversity and Richness with Potential for Socioeconomic Development
loc_00686,Meander of Oued Laou,Tanger-Tétouan-Al Hoceima,"Salhi et al., 2026",Assessment of Geosites in Northern Morocco_Diversity and Richness with Potential for Socioeconomic Development
loc_00687,Cascades of Talembote,Tanger-Tétouan-Al Hoceima,"Salhi et al., 2026",Assessment of Geosites in Northern Morocco_Diversity and Richness with Potential for Socioeconomic Development
loc_00688,Alluvial plain of Bouhmed,Tanger-Tétouan-Al Hoceima,"Salhi et al., 2026",Assessment of Geosites in Northern Morocco_Diversity and Richness with Potential for Socioeconomic Development
loc_00689,Sidi Yahya Aarab valley,Tanger-Tétouan-Al Hoceima,"Salhi et al., 2026",Assessment of Geosites in Northern Morocco_Diversity and Richness with Potential for Socioeconomic Development
loc_00690,Cascade of Oued Al Kalaa,Tanger-Tétouan-Al Hoceima,"Salhi et al., 2026",Assessment of Geosites in Northern Morocco_Diversity and Richness with Potential for Socioeconomic Development
loc_00691,Cascades of Akchour,Tanger-Tétouan-Al Hoceima,"Salhi et al., 2026",Assessment of Geosites in Northern Morocco_Diversity and Richness with Potential for Socioeconomic Development
loc_00692,Cascades of Taourart,Tanger-Tétouan-Al Hoceima,"Salhi et al., 2026",Assessment of Geosites in Northern Morocco_Diversity and Richness with Potential for Socioeconomic Development
loc_00693,River terrace of Issaguen,Tanger-Tétouan-Al Hoceima,"Salhi et al., 2026",Assessment of Geosites in Northern Morocco_Diversity and Richness with Potential for Socioeconomic Development
loc_00694,Alluvial plain of Nekor,Tanger-Tétouan-Al Hoceima,"Salhi et al., 2026",Assessment of Geosites in Northern Morocco_Diversity and Richness with Potential for Socioeconomic Development
loc_00695,Canyon of Laou river,Tanger-Tétouan-Al Hoceima,"Salhi et al., 2026",Assessment of Geosites in Northern Morocco_Diversity and Richness with Potential for Socioeconomic Development
loc_00696,Natural bridge of Akchour,Tanger-Tétouan-Al Hoceima,"Salhi et al., 2026",Assessment of Geosites in Northern Morocco_Diversity and Richness with Potential for Socioeconomic Development
loc_00697,Canyon of Farda river,Tanger-Tétouan-Al Hoceima,"Salhi et al., 2026",Assessment of Geosites in Northern Morocco_Diversity and Richness with Potential for Socioeconomic Development
loc_00698,Canyon of Adelmane river,Tanger-Tétouan-Al Hoceima,"Salhi et al., 2026",Assessment of Geosites in Northern Morocco_Diversity and Richness with Potential for Socioeconomic Development
loc_00699,Natural bridge and travertine of Assifane,Tanger-Tétouan-Al Hoceima,"Salhi et al., 2026",Assessment of Geosites in Northern Morocco_Diversity and Richness with Potential for Socioeconomic Development
loc_00700,Cascades of Imlil canyon,Tanger-Tétouan-Al Hoceima,"Salhi et al., 2026",Assessment of Geosites in Northern Morocco_Diversity and Richness with Potential for Socioeconomic Development
loc_00701,Snow niche of Mountain Lakraa,Tanger-Tétouan-Al Hoceima,"Salhi et al., 2026",Assessment of Geosites in Northern Morocco_Diversity and Richness with Potential for Socioeconomic Development
loc_00702,Accumulation glaze of Soukna,Tanger-Tétouan-Al Hoceima,"Salhi et al., 2026",Assessment of Geosites in Northern Morocco_Diversity and Richness with Potential for Socioeconomic Development
loc_00703,Dunes of Al Hoceima,Tanger-Tétouan-Al Hoceima,"Salhi et al., 2026",Assessment of Geosites in Northern Morocco_Diversity and Richness with Potential for Socioeconomic Development
loc_00704,Izourhar lake,Béni Mellal-Khénifra,"ElKaichi et al., 2024","Canyons as potential geotourism attractions of Central High Atlas, Morocco: Comparative analysis of Aït Bouguemaz Valley and Zaouiat Ahansal-Taghia Valley by using GAM model"
loc_00705,Ibakliwn 1,Béni Mellal-Khénifra,"ElKaichi et al., 2024","Canyons as potential geotourism attractions of Central High Atlas, Morocco: Comparative analysis of Aït Bouguemaz Valley and Zaouiat Ahansal-Taghia Valley by using GAM model"
loc_00706,Ibakilwn 2,Béni Mellal-Khénifra,"ElKaichi et al., 2024","Canyons as potential geotourism attractions of Central High Atlas, Morocco: Comparative analysis of Aït Bouguemaz Valley and Zaouiat Ahansal-Taghia Valley by using GAM model"
loc_00707,Oued Rbat,Béni Mellal-Khénifra,"ElKaichi et al., 2024","Canyons as potential geotourism attractions of Central High Atlas, Morocco: Comparative analysis of Aït Bouguemaz Valley and Zaouiat Ahansal-Taghia Valley by using GAM model"
loc_00708,Tabant,Béni Mellal-Khénifra,"ElKaichi et al., 2024","Canyons as potential geotourism attractions of Central High Atlas, Morocco: Comparative analysis of Aït Bouguemaz Valley and Zaouiat Ahansal-Taghia Valley by using GAM model"
loc_00709,Grenier Sidi Moussa,Béni Mellal-Khénifra,"ElKaichi et al., 2024","Canyons as potential geotourism attractions of Central High Atlas, Morocco: Comparative analysis of Aït Bouguemaz Valley and Zaouiat Ahansal-Taghia Valley by using GAM model"
loc_00710,Site Sidi Moussa,Béni Mellal-Khénifra,"ElKaichi et al., 2024","Canyons as potential geotourism attractions of Central High Atlas, Morocco: Comparative analysis of Aït Bouguemaz Valley and Zaouiat Ahansal-Taghia Valley by using GAM model"
loc_00711,Aguered N'Ouzrou,Béni Mellal-Khénifra,"ElKaichi et al., 2024","Canyons as potential geotourism attractions of Central High Atlas, Morocco: Comparative analysis of Aït Bouguemaz Valley and Zaouiat Ahansal-Taghia Valley by using GAM model"
loc_00712,Ait Bouguemez,Béni Mellal-Khénifra,"ElKaichi et al., 2024","Canyons as potential geotourism attractions of Central High Atlas, Morocco: Comparative analysis of Aït Bouguemaz Valley and Zaouiat Ahansal-Taghia Valley by using GAM model"
loc_00713,Kimmeridgian Reef of Cap Ghir,Souss-Massa,"Boukfaoui et al., 2026","Contribution to the inventory of Morocco’s geological heritage: The coastal geosites of Agadir Ida-Outanane (western High Atlas, Morocco)"
loc_00714,Reef of the main fossils at Cap Ghir,Souss-Massa,"Boukfaoui et al., 2026","Contribution to the inventory of Morocco’s geological heritage: The coastal geosites of Agadir Ida-Outanane (western High Atlas, Morocco)"
loc_00715,The Tamri estuary,Souss-Massa,"Boukfaoui et al., 2026","Contribution to the inventory of Morocco’s geological heritage: The coastal geosites of Agadir Ida-Outanane (western High Atlas, Morocco)"
loc_00716,The Timlaline gorges,Souss-Massa,"Boukfaoui et al., 2026","Contribution to the inventory of Morocco’s geological heritage: The coastal geosites of Agadir Ida-Outanane (western High Atlas, Morocco)"
loc_00717,Dayet Aoua,,"Sayad et al., 2020","Dayet Aoua, a threatened mountain geomorphosite for sustainable development"
loc_00718,Cambrian Gres-Quartzitic Facies,Marrakech-Safi,"Eddifai et al., 2025",Degradation risk of geosites analysis in the Rehamna region (Morocco): Inventory and quantitative assessment
loc_00719,Conglomerates of Machraâ Ben Abbou,Marrakech-Safi,"Eddifai et al., 2025",Degradation risk of geosites analysis in the Rehamna region (Morocco): Inventory and quantitative assessment
loc_00720,Conglomerates of Sidi Abdelah,Marrakech-Safi,"Eddifai et al., 2025",Degradation risk of geosites analysis in the Rehamna region (Morocco): Inventory and quantitative assessment
loc_00721,Conglomerates of Kef El Mounib,Marrakech-Safi,"Eddifai et al., 2025",Degradation risk of geosites analysis in the Rehamna region (Morocco): Inventory and quantitative assessment
loc_00722,Granite of Sebt Brikiine,Marrakech-Safi,"Eddifai et al., 2025",Degradation risk of geosites analysis in the Rehamna region (Morocco): Inventory and quantitative assessment
loc_00723,Micashiste of Lalla Titaf,Marrakech-Safi,"Eddifai et al., 2025",Degradation risk of geosites analysis in the Rehamna region (Morocco): Inventory and quantitative assessment
loc_00724,Pegmatite of Sidi Bouathmane,Marrakech-Safi,"Eddifai et al., 2025",Degradation risk of geosites analysis in the Rehamna region (Morocco): Inventory and quantitative assessment
loc_00725,Pyrrhotites of Kettara,Marrakech-Safi,"Eddifai et al., 2025",Degradation risk of geosites analysis in the Rehamna region (Morocco): Inventory and quantitative assessment
loc_00726,Imi-n-Ifri natural bridge,Béni Mellal-Khénifra,"Kchikach et al., 2024","Digital Promotion of Geoheritage along a Tourist Route in M’Goun UNESCO Geopark (Central High Atlas, Morocco) and Visitor Typology Analysis"
loc_00727,"Dinosaur footprints, Iwariden",Béni Mellal-Khénifra,"Kchikach et al., 2024","Digital Promotion of Geoheritage along a Tourist Route in M’Goun UNESCO Geopark (Central High Atlas, Morocco) and Visitor Typology Analysis"
loc_00728,Jbel Rat ascension,Béni Mellal-Khénifra,"Kchikach et al., 2024","Digital Promotion of Geoheritage along a Tourist Route in M’Goun UNESCO Geopark (Central High Atlas, Morocco) and Visitor Typology Analysis"
loc_00729,Jbel M'Goun ascension,Béni Mellal-Khénifra,"Kchikach et al., 2024","Digital Promotion of Geoheritage along a Tourist Route in M’Goun UNESCO Geopark (Central High Atlas, Morocco) and Visitor Typology Analysis"
loc_00730,Ait Bouguemez valley trek,Béni Mellal-Khénifra,"Kchikach et al., 2024","Digital Promotion of Geoheritage along a Tourist Route in M’Goun UNESCO Geopark (Central High Atlas, Morocco) and Visitor Typology Analysis"
loc_00731,"Dinosaur footprints, Ibakaliwine",Béni Mellal-Khénifra,"Kchikach et al., 2024","Digital Promotion of Geoheritage along a Tourist Route in M’Goun UNESCO Geopark (Central High Atlas, Morocco) and Visitor Typology Analysis"
loc_00732,Hiking lake Izoughar,Béni Mellal-Khénifra,"Kchikach et al., 2024","Digital Promotion of Geoheritage along a Tourist Route in M’Goun UNESCO Geopark (Central High Atlas, Morocco) and Visitor Typology Analysis"
loc_00733,Jbel Azourki ascension,Béni Mellal-Khénifra,"Kchikach et al., 2024","Digital Promotion of Geoheritage along a Tourist Route in M’Goun UNESCO Geopark (Central High Atlas, Morocco) and Visitor Typology Analysis"
loc_00734,Taghia sources,Béni Mellal-Khénifra,"Kchikach et al., 2024","Digital Promotion of Geoheritage along a Tourist Route in M’Goun UNESCO Geopark (Central High Atlas, Morocco) and Visitor Typology Analysis"
loc_00735,Cliffs of Ait Abdi Plateau,Béni Mellal-Khénifra,"Kchikach et al., 2024","Digital Promotion of Geoheritage along a Tourist Route in M’Goun UNESCO Geopark (Central High Atlas, Morocco) and Visitor Typology Analysis"
loc_00736,Hiking around Imsfran Cathedral,Béni Mellal-Khénifra,"Kchikach et al., 2024","Digital Promotion of Geoheritage along a Tourist Route in M’Goun UNESCO Geopark (Central High Atlas, Morocco) and Visitor Typology Analysis"
loc_00737,Panoramic view of the Bin El Ouidane dam,Béni Mellal-Khénifra,"Kchikach et al., 2024","Digital Promotion of Geoheritage along a Tourist Route in M’Goun UNESCO Geopark (Central High Atlas, Morocco) and Visitor Typology Analysis"
loc_00738,Panoramic view of the Tadla plain,Béni Mellal-Khénifra,"Kchikach et al., 2024","Digital Promotion of Geoheritage along a Tourist Route in M’Goun UNESCO Geopark (Central High Atlas, Morocco) and Visitor Typology Analysis"
loc_00739,Panorama of the Atlas Front,Drâa-Tafilalet,"Si Mhamdi et al., 2023","Enhancing the Geological Heritage of the Errachidia Area in the High Atlas, Morocco: Inventory and a Proposal for a Pedagogic and Geotouristic Trail"
loc_00740,South Atlas Fault,Drâa-Tafilalet,"Si Mhamdi et al., 2023","Enhancing the Geological Heritage of the Errachidia Area in the High Atlas, Morocco: Inventory and a Proposal for a Pedagogic and Geotouristic Trail"
loc_00741,Jbel Hamdoun Anticline Structure,Drâa-Tafilalet,"Si Mhamdi et al., 2023","Enhancing the Geological Heritage of the Errachidia Area in the High Atlas, Morocco: Inventory and a Proposal for a Pedagogic and Geotouristic Trail"
loc_00742,Jurassic/Cretaceous Contact,Drâa-Tafilalet,"Si Mhamdi et al., 2023","Enhancing the Geological Heritage of the Errachidia Area in the High Atlas, Morocco: Inventory and a Proposal for a Pedagogic and Geotouristic Trail"
loc_00743,Perched Syncline Between Two Atlassic Faults,Drâa-Tafilalet,"Si Mhamdi et al., 2023","Enhancing the Geological Heritage of the Errachidia Area in the High Atlas, Morocco: Inventory and a Proposal for a Pedagogic and Geotouristic Trail"
loc_00744,Ait Atmane Fault (Amzouj Fault),Drâa-Tafilalet,"Si Mhamdi et al., 2023","Enhancing the Geological Heritage of the Errachidia Area in the High Atlas, Morocco: Inventory and a Proposal for a Pedagogic and Geotouristic Trail"
loc_00745,Panorama of El Hassan Addakhil Dam,Drâa-Tafilalet,"Si Mhamdi et al., 2023","Enhancing the Geological Heritage of the Errachidia Area in the High Atlas, Morocco: Inventory and a Proposal for a Pedagogic and Geotouristic Trail"
loc_00746,Dermchane Waterfall,Drâa-Tafilalet,"Si Mhamdi et al., 2023","Enhancing the Geological Heritage of the Errachidia Area in the High Atlas, Morocco: Inventory and a Proposal for a Pedagogic and Geotouristic Trail"
loc_00747,Plainof Fezouata Shales,Drâa-Tafilalet,"Lahmidi et al., 2020","First inventory and assessment of the Geoheritage of Zagora province
from the project Bani Geopark (South-Eastern Morocco)"
loc_00748,Fossiliferous outcropof Fezouata Shales 1,Drâa-Tafilalet,"Lahmidi et al., 2020","First inventory and assessment of the Geoheritage of Zagora province
from the project Bani Geopark (South-Eastern Morocco)"
loc_00749,Fossiliferous outcropof Fezouata Shales 2,Drâa-Tafilalet,"Lahmidi et al., 2020","First inventory and assessment of the Geoheritage of Zagora province
from the project Bani Geopark (South-Eastern Morocco)"
loc_00750,Fossiliferous outcropof Fezouata Shales 3,Drâa-Tafilalet,"Lahmidi et al., 2020","First inventory and assessment of the Geoheritage of Zagora province
from the project Bani Geopark (South-Eastern Morocco)"
loc_00751,Block1: Condensed series Block 2: Hardground,Drâa-Tafilalet,"Lahmidi et al., 2020","First inventory and assessment of the Geoheritage of Zagora province
from the project Bani Geopark (South-Eastern Morocco)"
loc_00752,Desert landforms 1,Drâa-Tafilalet,"Lahmidi et al., 2020","First inventory and assessment of the Geoheritage of Zagora province
from the project Bani Geopark (South-Eastern Morocco)"
loc_00753,Desert landforms 2,Drâa-Tafilalet,"Lahmidi et al., 2020","First inventory and assessment of the Geoheritage of Zagora province
from the project Bani Geopark (South-Eastern Morocco)"
loc_00754,The members of the first Bani are horizontal,Drâa-Tafilalet,"Lahmidi et al., 2020","First inventory and assessment of the Geoheritage of Zagora province
from the project Bani Geopark (South-Eastern Morocco)"
loc_00755,The first Bani constitutes a naturalbar that blocks sand deposits,Drâa-Tafilalet,"Lahmidi et al., 2020","First inventory and assessment of the Geoheritage of Zagora province
from the project Bani Geopark (South-Eastern Morocco)"
loc_00756,Ediacaran dyke structures,Drâa-Tafilalet,"El Ouali et al., 2026a","Geoeducation,geotourism,andgeoconservationoftheTimaderouineEdiacaran-Ordoviciangeosites,westernTinghir(EasternAnti-Atlas,Morocco)"
loc_00757,Ediacaran-Lower Cambrian contact,Drâa-Tafilalet,"El Ouali et al., 2026a","Geoeducation,geotourism,andgeoconservationoftheTimaderouineEdiacaran-Ordoviciangeosites,westernTinghir(EasternAnti-Atlas,Morocco)"
loc_00758,Lower Cambrian “Brèche à Micmacca”,Drâa-Tafilalet,"El Ouali et al., 2026a","Geoeducation,geotourism,andgeoconservationoftheTimaderouineEdiacaran-Ordoviciangeosites,westernTinghir(EasternAnti-Atlas,Morocco)"
loc_00759,Middle Cambrian Paradoxides-type trilobites,Drâa-Tafilalet,"El Ouali et al., 2026a","Geoeducation,geotourism,andgeoconservationoftheTimaderouineEdiacaran-Ordoviciangeosites,westernTinghir(EasternAnti-Atlas,Morocco)"
loc_00760,Middle Cambrian regression sequences,Drâa-Tafilalet,"El Ouali et al., 2026a","Geoeducation,geotourism,andgeoconservationoftheTimaderouineEdiacaran-Ordoviciangeosites,westernTinghir(EasternAnti-Atlas,Morocco)"
loc_00761,Lower Ordovician oncolite structures,Drâa-Tafilalet,"El Ouali et al., 2026a","Geoeducation,geotourism,andgeoconservationoftheTimaderouineEdiacaran-Ordoviciangeosites,westernTinghir(EasternAnti-Atlas,Morocco)"
loc_00762,Middle Ordovician burrows and oolitic iron,Drâa-Tafilalet,"El Ouali et al., 2026a","Geoeducation,geotourism,andgeoconservationoftheTimaderouineEdiacaran-Ordoviciangeosites,westernTinghir(EasternAnti-Atlas,Morocco)"
loc_00763,Upper Ordovician bioturbation and karstification,Drâa-Tafilalet,"El Ouali et al., 2026a","Geoeducation,geotourism,andgeoconservationoftheTimaderouineEdiacaran-Ordoviciangeosites,westernTinghir(EasternAnti-Atlas,Morocco)"
loc_00764,Upper Ordovician sequences and faults,Drâa-Tafilalet,"El Ouali et al., 2026a","Geoeducation,geotourism,andgeoconservationoftheTimaderouineEdiacaran-Ordoviciangeosites,westernTinghir(EasternAnti-Atlas,Morocco)"
loc_00765,Visean–Infra-Cenomanian unconformity,Drâa-Tafilalet,"El Ouali et al., 2026b","From the Visean to the Quaternary: Geoheritage Asssessment of Geosites for Science, Education, and Tourism in the Imlil-Tizi n’Tazoult District, West of Tinghir (Morocco)"
loc_00766,Quaternary fluvial terraces,Drâa-Tafilalet,"El Ouali et al., 2026b","From the Visean to the Quaternary: Geoheritage Asssessment of Geosites for Science, Education, and Tourism in the Imlil-Tizi n’Tazoult District, West of Tinghir (Morocco)"
loc_00767,Infra-Cenomanian gypsum & Quaternary travertine,Drâa-Tafilalet,"El Ouali et al., 2026b","From the Visean to the Quaternary: Geoheritage Asssessment of Geosites for Science, Education, and Tourism in the Imlil-Tizi n’Tazoult District, West of Tinghir (Morocco)"
loc_00768,Cenomanian–Turonian lithified and flint-rich limestone,Drâa-Tafilalet,"El Ouali et al., 2026b","From the Visean to the Quaternary: Geoheritage Asssessment of Geosites for Science, Education, and Tourism in the Imlil-Tizi n’Tazoult District, West of Tinghir (Morocco)"
loc_00769,Senonian–Neogene basalt unconformity,Drâa-Tafilalet,"El Ouali et al., 2026b","From the Visean to the Quaternary: Geoheritage Asssessment of Geosites for Science, Education, and Tourism in the Imlil-Tizi n’Tazoult District, West of Tinghir (Morocco)"
loc_00770,Neogene volcano-sedimentary deposits,Drâa-Tafilalet,"El Ouali et al., 2026b","From the Visean to the Quaternary: Geoheritage Asssessment of Geosites for Science, Education, and Tourism in the Imlil-Tizi n’Tazoult District, West of Tinghir (Morocco)"
loc_00771,Paleocene fossiliferous limestone,Drâa-Tafilalet,"El Ouali et al., 2026b","From the Visean to the Quaternary: Geoheritage Asssessment of Geosites for Science, Education, and Tourism in the Imlil-Tizi n’Tazoult District, West of Tinghir (Morocco)"
loc_00772,Geosite 1,Drâa-Tafilalet,"Milu et al., 2019",GEOHERITAGE OF THE ANTI-ATLAS (MOROCCO): A NATURAL TREASURE IN SUPPORT OF SUSTAINABLE DEVELOPMENT
loc_00773,Geosite 2,Drâa-Tafilalet,"Milu et al., 2019",GEOHERITAGE OF THE ANTI-ATLAS (MOROCCO): A NATURAL TREASURE IN SUPPORT OF SUSTAINABLE DEVELOPMENT
loc_00774,Geosite 3,Drâa-Tafilalet,"Milu et al., 2019",GEOHERITAGE OF THE ANTI-ATLAS (MOROCCO): A NATURAL TREASURE IN SUPPORT OF SUSTAINABLE DEVELOPMENT
loc_00775,Geosite 4,Drâa-Tafilalet,"Milu et al., 2019",GEOHERITAGE OF THE ANTI-ATLAS (MOROCCO): A NATURAL TREASURE IN SUPPORT OF SUSTAINABLE DEVELOPMENT
loc_00776,Geosite 5,Drâa-Tafilalet,"Milu et al., 2019",GEOHERITAGE OF THE ANTI-ATLAS (MOROCCO): A NATURAL TREASURE IN SUPPORT OF SUSTAINABLE DEVELOPMENT
loc_00777,Geosite 6,Drâa-Tafilalet,"Milu et al., 2019",GEOHERITAGE OF THE ANTI-ATLAS (MOROCCO): A NATURAL TREASURE IN SUPPORT OF SUSTAINABLE DEVELOPMENT
loc_00778,Geosite 8,Drâa-Tafilalet,"Milu et al., 2019",GEOHERITAGE OF THE ANTI-ATLAS (MOROCCO): A NATURAL TREASURE IN SUPPORT OF SUSTAINABLE DEVELOPMENT
loc_00779,Geosite 9,Drâa-Tafilalet,"Milu et al., 2019",GEOHERITAGE OF THE ANTI-ATLAS (MOROCCO): A NATURAL TREASURE IN SUPPORT OF SUSTAINABLE DEVELOPMENT
loc_00780,Kerrouchène,Béni Mellal-Khénifra,"Baadi et al., 2023",Paleozoic-Lower and Middle Lias Lithostratigraphic and Sedimentological Geosites of the Middle Atlas (Morocco): Inventory and Valorization
loc_00781,Aghbaloun Assounane,Béni Mellal-Khénifra,"Baadi, 2023d",Hydric Geosites of Middle Atlas: A Natural Heritage Under Threat
loc_00782,Aguelmam Admar Izam,Béni Mellal-Khénifra,"Baadi, 2023d",Hydric Geosites of Middle Atlas: A Natural Heritage Under Threat
loc_00783,Aguelmam Almis Guigou,Béni Mellal-Khénifra,"Baadi, 2023d",Hydric Geosites of Middle Atlas: A Natural Heritage Under Threat
loc_00784,Aguelmam Dial Tachnkourt,Béni Mellal-Khénifra,"Baadi, 2023d",Hydric Geosites of Middle Atlas: A Natural Heritage Under Threat
loc_00785,Aguelmam Miammi,Béni Mellal-Khénifra,"Baadi, 2023d",Hydric Geosites of Middle Atlas: A Natural Heritage Under Threat
loc_00786,Aguelmam n’Harcha,Béni Mellal-Khénifra,"Baadi, 2023d",Hydric Geosites of Middle Atlas: A Natural Heritage Under Threat
loc_00787,Aguelmam Ou Houli,Béni Mellal-Khénifra,"Baadi, 2023d",Hydric Geosites of Middle Atlas: A Natural Heritage Under Threat
loc_00788,Aguelmam Sidi Abderahman Ou Said,Béni Mellal-Khénifra,"Baadi, 2023d",Hydric Geosites of Middle Atlas: A Natural Heritage Under Threat
loc_00789,Lac Ajdir,Béni Mellal-Khénifra,"Baadi, 2023d",Hydric Geosites of Middle Atlas: A Natural Heritage Under Threat
loc_00790,Oum Er-Rbiaa,Béni Mellal-Khénifra,"Baadi, 2023d",Hydric Geosites of Middle Atlas: A Natural Heritage Under Threat
loc_00791,Taguelmant Yéj,Béni Mellal-Khénifra,"Baadi, 2023d",Hydric Geosites of Middle Atlas: A Natural Heritage Under Threat
loc_00792,Tiguelmamines,Béni Mellal-Khénifra,"Baadi, 2023d",Hydric Geosites of Middle Atlas: A Natural Heritage Under Threat
loc_00793,Aghbal,Béni Mellal-Khénifra,"Baadi, 2023e",Fluvial Heritage of the Middle Atlas (Morocco): An Essential Element for Regional Sustainable Development
loc_00794,Aït Ou Hammou,Béni Mellal-Khénifra,"Baadi, 2023e",Fluvial Heritage of the Middle Atlas (Morocco): An Essential Element for Regional Sustainable Development
loc_00795,Aferrane,Béni Mellal-Khénifra,"Baadi and Lebreton, 2023",Exo- and Endokarst of the Middle Atlas (Morocco): From Inventory to Promotion
loc_00796,Ahoussal,Béni Mellal-Khénifra,"Baadi and Lebreton, 2023",Exo- and Endokarst of the Middle Atlas (Morocco): From Inventory to Promotion
loc_00797,Ajdir,Béni Mellal-Khénifra,"Baadi and Lebreton, 2023",Exo- and Endokarst of the Middle Atlas (Morocco): From Inventory to Promotion
loc_00798,Al Maarad,Béni Mellal-Khénifra,"Baadi and Lebreton, 2023",Exo- and Endokarst of the Middle Atlas (Morocco): From Inventory to Promotion
loc_00799,Azegza,Béni Mellal-Khénifra,"Baadi and Lebreton, 2023",Exo- and Endokarst of the Middle Atlas (Morocco): From Inventory to Promotion
loc_00800,Iferaoun,Béni Mellal-Khénifra,"Baadi and Lebreton, 2023",Exo- and Endokarst of the Middle Atlas (Morocco): From Inventory to Promotion
loc_00801,Ifrennta,Béni Mellal-Khénifra,"Baadi and Lebreton, 2023",Exo- and Endokarst of the Middle Atlas (Morocco): From Inventory to Promotion
loc_00802,Kssouatène,Béni Mellal-Khénifra,"Baadi and Lebreton, 2023",Exo- and Endokarst of the Middle Atlas (Morocco): From Inventory to Promotion
loc_00803,Mirssa,Béni Mellal-Khénifra,"Baadi and Lebreton, 2023",Exo- and Endokarst of the Middle Atlas (Morocco): From Inventory to Promotion
loc_00804,Missartène,Béni Mellal-Khénifra,"Baadi and Lebreton, 2023",Exo- and Endokarst of the Middle Atlas (Morocco): From Inventory to Promotion
loc_00805,Ouaousseguerna,Béni Mellal-Khénifra,"Baadi and Lebreton, 2023",Exo- and Endokarst of the Middle Atlas (Morocco): From Inventory to Promotion
loc_00806,Ouiouane,Béni Mellal-Khénifra,"Baadi and Lebreton, 2023",Exo- and Endokarst of the Middle Atlas (Morocco): From Inventory to Promotion
loc_00807,Ounane,Béni Mellal-Khénifra,"Baadi and Lebreton, 2023",Exo- and Endokarst of the Middle Atlas (Morocco): From Inventory to Promotion
loc_00808,Taboughout,Béni Mellal-Khénifra,"Baadi and Lebreton, 2023",Exo- and Endokarst of the Middle Atlas (Morocco): From Inventory to Promotion
loc_00809,Taboughout Nord,Béni Mellal-Khénifra,"Baadi and Lebreton, 2023",Exo- and Endokarst of the Middle Atlas (Morocco): From Inventory to Promotion
loc_00810,Tigouyal,Béni Mellal-Khénifra,"Baadi and Lebreton, 2023",Exo- and Endokarst of the Middle Atlas (Morocco): From Inventory to Promotion
loc_00811,Tizaraght,Béni Mellal-Khénifra,"Baadi and Lebreton, 2023",Exo- and Endokarst of the Middle Atlas (Morocco): From Inventory to Promotion
loc_00812,Tizaraght Est,Béni Mellal-Khénifra,"Baadi and Lebreton, 2023",Exo- and Endokarst of the Middle Atlas (Morocco): From Inventory to Promotion
loc_00813,Tizerghine,Béni Mellal-Khénifra,"Baadi and Lebreton, 2023",Exo- and Endokarst of the Middle Atlas (Morocco): From Inventory to Promotion
loc_00814,Lower Devonian quartzite bars of Bou Trou-Al Aççama,Fés-Meknés,Akhlidej et al.2024,"Inventory and quantitative assessment of Devonian geosites in the Azrou-Khenifra Basin (eastern band of the Central Hercynian Massif, Morocco)"
loc_00815,Lower Devonian paleosol of Bou Trou-Al Aççama,Fés-Meknés,Akhlidej et al.2024,"Inventory and quantitative assessment of Devonian geosites in the Azrou-Khenifra Basin (eastern band of the Central Hercynian Massif, Morocco)"
loc_00816,Lower Devonian dwarf brachiopods of Bou Trou Al Aççama,Fés-Meknés,Akhlidej et al.2024,"Inventory and quantitative assessment of Devonian geosites in the Azrou-Khenifra Basin (eastern band of the Central Hercynian Massif, Morocco)"
loc_00817,Emsien crinoids grassland of Bab Al Ari,Fés-Meknés,Akhlidej et al.2024,"Inventory and quantitative assessment of Devonian geosites in the Azrou-Khenifra Basin (eastern band of the Central Hercynian Massif, Morocco)"
loc_00818,Givetian calciturbidites of Ben Aarab,Fés-Meknés,Akhlidej et al.2024,"Inventory and quantitative assessment of Devonian geosites in the Azrou-Khenifra Basin (eastern band of the Central Hercynian Massif, Morocco)"
loc_00819,Givetian-Famennian paleolapiaz of Bab Al Ari,Fés-Meknés,Akhlidej et al.2024,"Inventory and quantitative assessment of Devonian geosites in the Azrou-Khenifra Basin (eastern band of the Central Hercynian Massif, Morocco)"
loc_00820,Askour,Fés-Meknés,"Baadi et al., 2023",Paleozoic-Lower and Middle Lias Lithostratigraphic and Sedimentological Geosites of the Middle Atlas (Morocco): Inventory and Valorization
loc_00821,Azzaba,Fés-Meknés,"Baadi et al., 2023",Paleozoic-Lower and Middle Lias Lithostratigraphic and Sedimentological Geosites of the Middle Atlas (Morocco): Inventory and Valorization
loc_00822,Bab Azhar,Fés-Meknés,"Baadi et al., 2023",Paleozoic-Lower and Middle Lias Lithostratigraphic and Sedimentological Geosites of the Middle Atlas (Morocco): Inventory and Valorization
loc_00823,Ben Smime,Fés-Meknés,"Baadi et al., 2023",Paleozoic-Lower and Middle Lias Lithostratigraphic and Sedimentological Geosites of the Middle Atlas (Morocco): Inventory and Valorization
loc_00824,Beni Mkoud,Fés-Meknés,"Baadi et al., 2023",Paleozoic-Lower and Middle Lias Lithostratigraphic and Sedimentological Geosites of the Middle Atlas (Morocco): Inventory and Valorization
loc_00825,Bhalil,Fés-Meknés,"Baadi et al., 2023",Paleozoic-Lower and Middle Lias Lithostratigraphic and Sedimentological Geosites of the Middle Atlas (Morocco): Inventory and Valorization
loc_00826,Bled Ech Chrif,Fés-Meknés,"Baadi et al., 2023",Paleozoic-Lower and Middle Lias Lithostratigraphic and Sedimentological Geosites of the Middle Atlas (Morocco): Inventory and Valorization
loc_00827,Bon Massaoud,Fés-Meknés,"Baadi et al., 2023",Paleozoic-Lower and Middle Lias Lithostratigraphic and Sedimentological Geosites of the Middle Atlas (Morocco): Inventory and Valorization
loc_00828,Bou Tazzert,Fés-Meknés,"Baadi et al., 2023",Paleozoic-Lower and Middle Lias Lithostratigraphic and Sedimentological Geosites of the Middle Atlas (Morocco): Inventory and Valorization
loc_00829,Bsabis,Fés-Meknés,"Baadi et al., 2023",Paleozoic-Lower and Middle Lias Lithostratigraphic and Sedimentological Geosites of the Middle Atlas (Morocco): Inventory and Valorization
loc_00830,Col de Touaher,Fés-Meknés,"Baadi et al., 2023",Paleozoic-Lower and Middle Lias Lithostratigraphic and Sedimentological Geosites of the Middle Atlas (Morocco): Inventory and Valorization
loc_00831,Diapir de Mellaha,Fés-Meknés,"Baadi et al., 2023",Paleozoic-Lower and Middle Lias Lithostratigraphic and Sedimentological Geosites of the Middle Atlas (Morocco): Inventory and Valorization
loc_00832,El Ghar,Fés-Meknés,"Baadi et al., 2023",Paleozoic-Lower and Middle Lias Lithostratigraphic and Sedimentological Geosites of the Middle Atlas (Morocco): Inventory and Valorization
loc_00833,El Harira,Fés-Meknés,"Baadi et al., 2023",Paleozoic-Lower and Middle Lias Lithostratigraphic and Sedimentological Geosites of the Middle Atlas (Morocco): Inventory and Valorization
loc_00834,Ic h Amellal,Fés-Meknés,"Baadi et al., 2023",Paleozoic-Lower and Middle Lias Lithostratigraphic and Sedimentological Geosites of the Middle Atlas (Morocco): Inventory and Valorization
loc_00835,Ic h Bab El Mansour,Fés-Meknés,"Baadi et al., 2023",Paleozoic-Lower and Middle Lias Lithostratigraphic and Sedimentological Geosites of the Middle Atlas (Morocco): Inventory and Valorization
loc_00836,Ic h Maalem,Fés-Meknés,"Baadi et al., 2023",Paleozoic-Lower and Middle Lias Lithostratigraphic and Sedimentological Geosites of the Middle Atlas (Morocco): Inventory and Valorization
loc_00837,Ic h n’Tili,Fés-Meknés,"Baadi et al., 2023",Paleozoic-Lower and Middle Lias Lithostratigraphic and Sedimentological Geosites of the Middle Atlas (Morocco): Inventory and Valorization
loc_00838,Ic h Ouarich,Fés-Meknés,"Baadi et al., 2023",Paleozoic-Lower and Middle Lias Lithostratigraphic and Sedimentological Geosites of the Middle Atlas (Morocco): Inventory and Valorization
loc_00839,Issouka,Fés-Meknés,"Baadi et al., 2023",Paleozoic-Lower and Middle Lias Lithostratigraphic and Sedimentological Geosites of the Middle Atlas (Morocco): Inventory and Valorization
loc_00840,It Ougmar,Fés-Meknés,"Baadi et al., 2023",Paleozoic-Lower and Middle Lias Lithostratigraphic and Sedimentological Geosites of the Middle Atlas (Morocco): Inventory and Valorization
loc_00841,Ito,Fés-Meknés,"Baadi et al., 2023",Paleozoic-Lower and Middle Lias Lithostratigraphic and Sedimentological Geosites of the Middle Atlas (Morocco): Inventory and Valorization
loc_00842,Jbel Bouslama,Fés-Meknés,"Baadi et al., 2023",Paleozoic-Lower and Middle Lias Lithostratigraphic and Sedimentological Geosites of the Middle Atlas (Morocco): Inventory and Valorization
loc_00843,Jbel Hamda,Fés-Meknés,"Baadi et al., 2023",Paleozoic-Lower and Middle Lias Lithostratigraphic and Sedimentological Geosites of the Middle Atlas (Morocco): Inventory and Valorization
loc_00844,Jbel Messassa,Fés-Meknés,"Baadi et al., 2023",Paleozoic-Lower and Middle Lias Lithostratigraphic and Sedimentological Geosites of the Middle Atlas (Morocco): Inventory and Valorization
loc_00845,Jbel Nerkibat,Fés-Meknés,"Baadi et al., 2023",Paleozoic-Lower and Middle Lias Lithostratigraphic and Sedimentological Geosites of the Middle Atlas (Morocco): Inventory and Valorization
loc_00846,Jbel Sehrij,Fés-Meknés,"Baadi et al., 2023",Paleozoic-Lower and Middle Lias Lithostratigraphic and Sedimentological Geosites of the Middle Atlas (Morocco): Inventory and Valorization
loc_00847,Jbel Tazrakht,Fés-Meknés,"Baadi et al., 2023",Paleozoic-Lower and Middle Lias Lithostratigraphic and Sedimentological Geosites of the Middle Atlas (Morocco): Inventory and Valorization
loc_00848,Jbel Tichaou,Fés-Meknés,"Baadi et al., 2023",Paleozoic-Lower and Middle Lias Lithostratigraphic and Sedimentological Geosites of the Middle Atlas (Morocco): Inventory and Valorization
loc_00849,Jbel Tnidilt,Fés-Meknés,"Baadi et al., 2023",Paleozoic-Lower and Middle Lias Lithostratigraphic and Sedimentological Geosites of the Middle Atlas (Morocco): Inventory and Valorization
loc_00850,Jerf EI Gaz,Fés-Meknés,"Baadi et al., 2023",Paleozoic-Lower and Middle Lias Lithostratigraphic and Sedimentological Geosites of the Middle Atlas (Morocco): Inventory and Valorization
loc_00851,Kandar,Fés-Meknés,"Baadi et al., 2023",Paleozoic-Lower and Middle Lias Lithostratigraphic and Sedimentological Geosites of the Middle Atlas (Morocco): Inventory and Valorization
loc_00852,Koudiat Ech Chham,Fés-Meknés,"Baadi et al., 2023",Paleozoic-Lower and Middle Lias Lithostratigraphic and Sedimentological Geosites of the Middle Atlas (Morocco): Inventory and Valorization
loc_00853,Laârouch,Fés-Meknés,"Baadi et al., 2023",Paleozoic-Lower and Middle Lias Lithostratigraphic and Sedimentological Geosites of the Middle Atlas (Morocco): Inventory and Valorization
loc_00854,Mâafa Tamekrant,Fés-Meknés,"Baadi et al., 2023",Paleozoic-Lower and Middle Lias Lithostratigraphic and Sedimentological Geosites of the Middle Atlas (Morocco): Inventory and Valorization
loc_00855,Maafa Tamezian,Fés-Meknés,"Baadi et al., 2023",Paleozoic-Lower and Middle Lias Lithostratigraphic and Sedimentological Geosites of the Middle Atlas (Morocco): Inventory and Valorization
loc_00856,Merzidki,Fés-Meknés,"Baadi et al., 2023",Paleozoic-Lower and Middle Lias Lithostratigraphic and Sedimentological Geosites of the Middle Atlas (Morocco): Inventory and Valorization
loc_00857,Mou Aguerbez,Fés-Meknés,"Baadi et al., 2023",Paleozoic-Lower and Middle Lias Lithostratigraphic and Sedimentological Geosites of the Middle Atlas (Morocco): Inventory and Valorization
loc_00858,Pontde Sebou,Fés-Meknés,"Baadi et al., 2023",Paleozoic-Lower and Middle Lias Lithostratigraphic and Sedimentological Geosites of the Middle Atlas (Morocco): Inventory and Valorization
loc_00859,Tamezziant,Fés-Meknés,"Baadi et al., 2023",Paleozoic-Lower and Middle Lias Lithostratigraphic and Sedimentological Geosites of the Middle Atlas (Morocco): Inventory and Valorization
loc_00860,Tichoukt,Fés-Meknés,"Baadi et al., 2023",Paleozoic-Lower and Middle Lias Lithostratigraphic and Sedimentological Geosites of the Middle Atlas (Morocco): Inventory and Valorization
loc_00861,Tizi Bou-Zaabel,Fés-Meknés,Baadi et al.2020,"Methodological Proposal for Assessment Geosites: its Application
 in Bou-Iblane Region (Middle Atlas, Morocco)"
loc_00862,Tizi Oughmari,Fés-Meknés,"Baadi et al., 2023",Paleozoic-Lower and Middle Lias Lithostratigraphic and Sedimentological Geosites of the Middle Atlas (Morocco): Inventory and Valorization
loc_00863,Tleta Zerarda,Fés-Meknés,"Baadi et al., 2023",Paleozoic-Lower and Middle Lias Lithostratigraphic and Sedimentological Geosites of the Middle Atlas (Morocco): Inventory and Valorization
loc_00864,Zitounat,Fés-Meknés,"Baadi et al., 2023",Paleozoic-Lower and Middle Lias Lithostratigraphic and Sedimentological Geosites of the Middle Atlas (Morocco): Inventory and Valorization
loc_00865,Jbel Shala,Fés-Meknés,"Baadi et al., 2023","of Lithostratigraphic, Paleogeographic and Paleontological Importance"
loc_00866,Cave of Tamezguid n’Rbi,Fés-Meknés,"Baadi et al., 2023","of Lithostratigraphic, Paleogeographic and Paleontological Importance"
loc_00867,Aderj Plateau,Fés-Meknés,"Baadi and Sabaoui, 2023",Cenozoic Sites of the Middle Atlas (Morocco): An Alpine Heritage to Be Preserved
loc_00868,Aghram Amellal,Fés-Meknés,"Baadi and Sabaoui, 2023",Cenozoic Sites of the Middle Atlas (Morocco): An Alpine Heritage to Be Preserved
loc_00869,Aghram Iroumine,Fés-Meknés,"Baadi and Sabaoui, 2023",Cenozoic Sites of the Middle Atlas (Morocco): An Alpine Heritage to Be Preserved
loc_00870,Bel Jeraf,Fés-Meknés,"Baadi and Sabaoui, 2023",Cenozoic Sites of the Middle Atlas (Morocco): An Alpine Heritage to Be Preserved
loc_00871,Beni Mghora,Fés-Meknés,"Baadi and Sabaoui, 2023",Cenozoic Sites of the Middle Atlas (Morocco): An Alpine Heritage to Be Preserved
loc_00872,El Karia,Fés-Meknés,"Baadi and Sabaoui, 2023",Cenozoic Sites of the Middle Atlas (Morocco): An Alpine Heritage to Be Preserved
loc_00873,Foum Khneg,Fés-Meknés,"Baadi and Sabaoui, 2023",Cenozoic Sites of the Middle Atlas (Morocco): An Alpine Heritage to Be Preserved
loc_00874,Gara Tazouta,Fés-Meknés,"Baadi and Sabaoui, 2023",Cenozoic Sites of the Middle Atlas (Morocco): An Alpine Heritage to Be Preserved
loc_00875,Ich n’Bouk,Fés-Meknés,"Baadi and Sabaoui, 2023",Cenozoic Sites of the Middle Atlas (Morocco): An Alpine Heritage to Be Preserved
loc_00876,Laazib,Fés-Meknés,"Baadi and Sabaoui, 2023",Cenozoic Sites of the Middle Atlas (Morocco): An Alpine Heritage to Be Preserved
loc_00877,Lebbouaddis,Fés-Meknés,"Baadi and Sabaoui, 2023",Cenozoic Sites of the Middle Atlas (Morocco): An Alpine Heritage to Be Preserved
loc_00878,Miocene of Bizi,Fés-Meknés,"Baadi and Sabaoui, 2023",Cenozoic Sites of the Middle Atlas (Morocco): An Alpine Heritage to Be Preserved
loc_00879,Oued Mdez,Fés-Meknés,"Baadi and Sabaoui, 2023",Cenozoic Sites of the Middle Atlas (Morocco): An Alpine Heritage to Be Preserved
loc_00880,Oued Zra,Fés-Meknés,"Baadi and Sabaoui, 2023",Cenozoic Sites of the Middle Atlas (Morocco): An Alpine Heritage to Be Preserved
loc_00881,Ribat al Khayr,Fés-Meknés,"Baadi and Sabaoui, 2023",Cenozoic Sites of the Middle Atlas (Morocco): An Alpine Heritage to Be Preserved
loc_00882,Sidi Yahya,Fés-Meknés,"Baadi and Sabaoui, 2023",Cenozoic Sites of the Middle Atlas (Morocco): An Alpine Heritage to Be Preserved
loc_00883,Silt of Sefrou,Fés-Meknés,"Baadi and Sabaoui, 2023",Cenozoic Sites of the Middle Atlas (Morocco): An Alpine Heritage to Be Preserved
loc_00884,Skoura Travertines,Fés-Meknés,"Baadi and Sabaoui, 2023",Cenozoic Sites of the Middle Atlas (Morocco): An Alpine Heritage to Be Preserved
loc_00885,Tannint ou Moudou,Fés-Meknés,"Baadi and Sabaoui, 2023",Cenozoic Sites of the Middle Atlas (Morocco): An Alpine Heritage to Be Preserved
loc_00886,Timahdite limestones,Fés-Meknés,"Baadi and Sabaoui, 2023",Cenozoic Sites of the Middle Atlas (Morocco): An Alpine Heritage to Be Preserved
loc_00887,Aïn ou N’Jourh,Fés-Meknés,"Baadi, 2023b",The Palaeontological Heritage of Vertebrates in the Middle Atlas (Morocco): Initiatives of Inventory and Assessment for a Rare Heritage Threatened with Degradation
loc_00888,Aït Abdellah,Fés-Meknés,"Baadi, 2023b",The Palaeontological Heritage of Vertebrates in the Middle Atlas (Morocco): Initiatives of Inventory and Assessment for a Rare Heritage Threatened with Degradation
loc_00889,Aït Bazza,Fés-Meknés,"Baadi, 2023b",The Palaeontological Heritage of Vertebrates in the Middle Atlas (Morocco): Initiatives of Inventory and Assessment for a Rare Heritage Threatened with Degradation
loc_00890,Botane,Fés-Meknés,"Baadi, 2023b",The Palaeontological Heritage of Vertebrates in the Middle Atlas (Morocco): Initiatives of Inventory and Assessment for a Rare Heritage Threatened with Degradation
loc_00891,Botane Sud,Fés-Meknés,"Baadi, 2023b",The Palaeontological Heritage of Vertebrates in the Middle Atlas (Morocco): Initiatives of Inventory and Assessment for a Rare Heritage Threatened with Degradation
loc_00892,Bou Ifraoun,Fés-Meknés,"Baadi, 2023b",The Palaeontological Heritage of Vertebrates in the Middle Atlas (Morocco): Initiatives of Inventory and Assessment for a Rare Heritage Threatened with Degradation
loc_00893,Bou Ifraoun Ouest,Fés-Meknés,"Baadi, 2023b",The Palaeontological Heritage of Vertebrates in the Middle Atlas (Morocco): Initiatives of Inventory and Assessment for a Rare Heritage Threatened with Degradation
loc_00894,Boulahfa,Fés-Meknés,"Baadi, 2023b",The Palaeontological Heritage of Vertebrates in the Middle Atlas (Morocco): Initiatives of Inventory and Assessment for a Rare Heritage Threatened with Degradation
loc_00895,Darak,Fés-Meknés,"Baadi, 2023b",The Palaeontological Heritage of Vertebrates in the Middle Atlas (Morocco): Initiatives of Inventory and Assessment for a Rare Heritage Threatened with Degradation
loc_00896,Djmila,Fés-Meknés,"Baadi, 2023b",The Palaeontological Heritage of Vertebrates in the Middle Atlas (Morocco): Initiatives of Inventory and Assessment for a Rare Heritage Threatened with Degradation
loc_00897,Jbel Oudiksou,Fés-Meknés,"Baadi, 2023b",The Palaeontological Heritage of Vertebrates in the Middle Atlas (Morocco): Initiatives of Inventory and Assessment for a Rare Heritage Threatened with Degradation
loc_00898,Ksar Aït Moulay (Tisfoula Tasra),Fés-Meknés,"Baadi, 2023b",The Palaeontological Heritage of Vertebrates in the Middle Atlas (Morocco): Initiatives of Inventory and Assessment for a Rare Heritage Threatened with Degradation
loc_00899,Oued Boukamouche,Fés-Meknés,"Baadi, 2023c",The Palaeontological Heritage of Vertebrates in the Middle Atlas (Morocco): Initiatives of Inventory and Assessment for a Rare Heritage Threatened with Degradation
loc_00900,Oued Mers,Fés-Meknés,"Baadi, 2023c",The Palaeontological Heritage of Vertebrates in the Middle Atlas (Morocco): Initiatives of Inventory and Assessment for a Rare Heritage Threatened with Degradation
loc_00901,Oued Tamemchet,Fés-Meknés,"Baadi, 2023c",The Palaeontological Heritage of Vertebrates in the Middle Atlas (Morocco): Initiatives of Inventory and Assessment for a Rare Heritage Threatened with Degradation
loc_00902,Oued Tamghilt,Fés-Meknés,"Baadi, 2023c",The Palaeontological Heritage of Vertebrates in the Middle Atlas (Morocco): Initiatives of Inventory and Assessment for a Rare Heritage Threatened with Degradation
loc_00903,Oulad Ali,Fés-Meknés,"Baadi, 2023c",The Palaeontological Heritage of Vertebrates in the Middle Atlas (Morocco): Initiatives of Inventory and Assessment for a Rare Heritage Threatened with Degradation
loc_00904,Selghert,Fés-Meknés,"Baadi, 2023c",The Palaeontological Heritage of Vertebrates in the Middle Atlas (Morocco): Initiatives of Inventory and Assessment for a Rare Heritage Threatened with Degradation
loc_00905,Taghit,Fés-Meknés,"Baadi, 2023c",The Palaeontological Heritage of Vertebrates in the Middle Atlas (Morocco): Initiatives of Inventory and Assessment for a Rare Heritage Threatened with Degradation
loc_00906,Taghit Aït Youssef,Fés-Meknés,"Baadi, 2023c",The Palaeontological Heritage of Vertebrates in the Middle Atlas (Morocco): Initiatives of Inventory and Assessment for a Rare Heritage Threatened with Degradation
loc_00907,Taghit Tissenflet,Fés-Meknés,"Baadi, 2023c",The Palaeontological Heritage of Vertebrates in the Middle Atlas (Morocco): Initiatives of Inventory and Assessment for a Rare Heritage Threatened with Degradation
loc_00908,Tamgert Iktaaïn (Tizi N’Julierh),Fés-Meknés,"Baadi, 2023c",The Palaeontological Heritage of Vertebrates in the Middle Atlas (Morocco): Initiatives of Inventory and Assessment for a Rare Heritage Threatened with Degradation
loc_00909,Tamgert N’Tarit,Fés-Meknés,"Baadi, 2023c",The Palaeontological Heritage of Vertebrates in the Middle Atlas (Morocco): Initiatives of Inventory and Assessment for a Rare Heritage Threatened with Degradation
loc_00910,Tamgert N’Tarit Nord,Fés-Meknés,"Baadi, 2023c",The Palaeontological Heritage of Vertebrates in the Middle Atlas (Morocco): Initiatives of Inventory and Assessment for a Rare Heritage Threatened with Degradation
loc_00911,Tamguert N’rate,Fés-Meknés,"Baadi, 2023c",The Palaeontological Heritage of Vertebrates in the Middle Atlas (Morocco): Initiatives of Inventory and Assessment for a Rare Heritage Threatened with Degradation
loc_00912,Tasra,Fés-Meknés,"Baadi, 2023c",The Palaeontological Heritage of Vertebrates in the Middle Atlas (Morocco): Initiatives of Inventory and Assessment for a Rare Heritage Threatened with Degradation
loc_00913,Tasra Est,Fés-Meknés,"Baadi, 2023c",The Palaeontological Heritage of Vertebrates in the Middle Atlas (Morocco): Initiatives of Inventory and Assessment for a Rare Heritage Threatened with Degradation
loc_00914,Tichniouine,Fés-Meknés,"Baadi, 2023c",The Palaeontological Heritage of Vertebrates in the Middle Atlas (Morocco): Initiatives of Inventory and Assessment for a Rare Heritage Threatened with Degradation
loc_00915,Tichou Moulay Said,Fés-Meknés,"Baadi, 2023c",The Palaeontological Heritage of Vertebrates in the Middle Atlas (Morocco): Initiatives of Inventory and Assessment for a Rare Heritage Threatened with Degradation
loc_00916,Tirardine,Fés-Meknés,"Baadi, 2023c",The Palaeontological Heritage of Vertebrates in the Middle Atlas (Morocco): Initiatives of Inventory and Assessment for a Rare Heritage Threatened with Degradation
loc_00917,Aari Aguelmam,Fés-Meknés,"Baadi, 2023d",Hydric Geosites of Middle Atlas: A Natural Heritage Under Threat
loc_00918,Aghbalou Abrechane,Fés-Meknés,"Baadi, 2023d",Hydric Geosites of Middle Atlas: A Natural Heritage Under Threat
loc_00919,Aghbalou n’Brahim,Fés-Meknés,"Baadi, 2023d",Hydric Geosites of Middle Atlas: A Natural Heritage Under Threat
loc_00920,Aghbalou n’Talouat,Fés-Meknés,"Baadi, 2023d",Hydric Geosites of Middle Atlas: A Natural Heritage Under Threat
loc_00921,Aghbalou Ou Mançour,Fés-Meknés,"Baadi, 2023d",Hydric Geosites of Middle Atlas: A Natural Heritage Under Threat
loc_00922,Aghbalou Taddat,Fés-Meknés,"Baadi, 2023d",Hydric Geosites of Middle Atlas: A Natural Heritage Under Threat
loc_00923,Aghbalou Tagma,Fés-Meknés,"Baadi, 2023d",Hydric Geosites of Middle Atlas: A Natural Heritage Under Threat
loc_00924,Aguelmam Abekhane,Fés-Meknés,"Baadi, 2023d",Hydric Geosites of Middle Atlas: A Natural Heritage Under Threat
loc_00925,Aguelmam Afiroua,Fés-Meknés,"Baadi, 2023d",Hydric Geosites of Middle Atlas: A Natural Heritage Under Threat
loc_00926,Aguelmam Aghbalou Oumlil,Fés-Meknés,"Baadi, 2023d",Hydric Geosites of Middle Atlas: A Natural Heritage Under Threat
loc_00927,Aguelmam Ait Said,Fés-Meknés,"Baadi, 2023d",Hydric Geosites of Middle Atlas: A Natural Heritage Under Threat
loc_00928,Aguelmam Azegza,Fés-Meknés,"Baadi, 2023d",Hydric Geosites of Middle Atlas: A Natural Heritage Under Threat
loc_00929,Aguelmam Azougouarh,Fés-Meknés,"Baadi, 2023d",Hydric Geosites of Middle Atlas: A Natural Heritage Under Threat
loc_00930,Aguelmam Bou Youssef,Fés-Meknés,"Baadi, 2023d",Hydric Geosites of Middle Atlas: A Natural Heritage Under Threat
loc_00931,Aguelmam Boucherouidene,Fés-Meknés,"Baadi, 2023d",Hydric Geosites of Middle Atlas: A Natural Heritage Under Threat
loc_00932,Aguelmam Ifrighraoune,Fés-Meknés,"Baadi, 2023d",Hydric Geosites of Middle Atlas: A Natural Heritage Under Threat
loc_00933,Aguelmam Nad′Adim,Fés-Meknés,"Baadi, 2023d",Hydric Geosites of Middle Atlas: A Natural Heritage Under Threat
loc_00934,Aguelmam n’Tghallouine,Fés-Meknés,"Baadi, 2023d",Hydric Geosites of Middle Atlas: A Natural Heritage Under Threat
loc_00935,Aguelmam Ntifounassine,Fés-Meknés,"Baadi, 2023d",Hydric Geosites of Middle Atlas: A Natural Heritage Under Threat
loc_00936,Aguelmam Ticharat,Fés-Meknés,"Baadi, 2023d",Hydric Geosites of Middle Atlas: A Natural Heritage Under Threat
loc_00937,Aguelmam Tidouit,Fés-Meknés,"Baadi, 2023d",Hydric Geosites of Middle Atlas: A Natural Heritage Under Threat
loc_00938,Ain Aberchaou,Fés-Meknés,"Baadi, 2023d",Hydric Geosites of Middle Atlas: A Natural Heritage Under Threat
loc_00939,Ain Ait Meziane,Fés-Meknés,"Baadi, 2023d",Hydric Geosites of Middle Atlas: A Natural Heritage Under Threat
loc_00940,Ain Ajaabou,Fés-Meknés,"Baadi, 2023d",Hydric Geosites of Middle Atlas: A Natural Heritage Under Threat
loc_00941,Ain Akadous,Fés-Meknés,"Baadi, 2023d",Hydric Geosites of Middle Atlas: A Natural Heritage Under Threat
loc_00942,Ain Amernoud,Fés-Meknés,"Baadi, 2023d",Hydric Geosites of Middle Atlas: A Natural Heritage Under Threat
loc_00943,Ain Atshernat,Fés-Meknés,"Baadi, 2023d",Hydric Geosites of Middle Atlas: A Natural Heritage Under Threat
loc_00944,Ain Ben Smime,Fés-Meknés,"Baadi, 2023d",Hydric Geosites of Middle Atlas: A Natural Heritage Under Threat
loc_00945,Ain Dem,Fés-Meknés,"Baadi, 2023d",Hydric Geosites of Middle Atlas: A Natural Heritage Under Threat
loc_00946,Ain El Aouda,Fés-Meknés,"Baadi, 2023d",Hydric Geosites of Middle Atlas: A Natural Heritage Under Threat
loc_00947,Aïn Erreha,Fés-Meknés,"Baadi, 2023d",Hydric Geosites of Middle Atlas: A Natural Heritage Under Threat
loc_00948,Ain Guenaz,Fés-Meknés,"Baadi, 2023d",Hydric Geosites of Middle Atlas: A Natural Heritage Under Threat
loc_00949,Ain Ighlfoun,Fés-Meknés,"Baadi, 2023d",Hydric Geosites of Middle Atlas: A Natural Heritage Under Threat
loc_00950,Ain Ighoul,Fés-Meknés,"Baadi, 2023d",Hydric Geosites of Middle Atlas: A Natural Heritage Under Threat
loc_00951,Ain Ighouzaz,Fés-Meknés,"Baadi, 2023d",Hydric Geosites of Middle Atlas: A Natural Heritage Under Threat
loc_00952,Ain Jerjoub,Fés-Meknés,"Baadi, 2023d",Hydric Geosites of Middle Atlas: A Natural Heritage Under Threat
loc_00953,Ain Jerrah,Fés-Meknés,"Baadi, 2023d",Hydric Geosites of Middle Atlas: A Natural Heritage Under Threat
loc_00954,Ain Jorf,Fés-Meknés,"Baadi, 2023d",Hydric Geosites of Middle Atlas: A Natural Heritage Under Threat
loc_00955,Ain Kahla,Fés-Meknés,"Baadi, 2023d",Hydric Geosites of Middle Atlas: A Natural Heritage Under Threat
loc_00956,Ain Kahla 2,Fés-Meknés,"Baadi, 2023d",Hydric Geosites of Middle Atlas: A Natural Heritage Under Threat
loc_00957,Aïn Khadem,Fés-Meknés,"Baadi, 2023d",Hydric Geosites of Middle Atlas: A Natural Heritage Under Threat
loc_00958,Ain Maarouf,Fés-Meknés,"Baadi, 2023d",Hydric Geosites of Middle Atlas: A Natural Heritage Under Threat
loc_00959,Ain Melzit,Fés-Meknés,"Baadi, 2023d",Hydric Geosites of Middle Atlas: A Natural Heritage Under Threat
loc_00960,Ain Mezdou,Fés-Meknés,"Baadi, 2023d",Hydric Geosites of Middle Atlas: A Natural Heritage Under Threat
loc_00961,Ain Mghirta,Fés-Meknés,"Baadi, 2023d",Hydric Geosites of Middle Atlas: A Natural Heritage Under Threat
loc_00962,Aïn n’Tislit,Fés-Meknés,"Baadi, 2023d",Hydric Geosites of Middle Atlas: A Natural Heritage Under Threat
loc_00963,Ain Ouamender,Fés-Meknés,"Baadi, 2023d",Hydric Geosites of Middle Atlas: A Natural Heritage Under Threat
loc_00964,Ain Regrag,Fés-Meknés,"Baadi, 2023d",Hydric Geosites of Middle Atlas: A Natural Heritage Under Threat
loc_00965,Ain Sidi Rached,Fés-Meknés,"Baadi, 2023d",Hydric Geosites of Middle Atlas: A Natural Heritage Under Threat
loc_00966,Ain Skhounate,Fés-Meknés,"Baadi, 2023d",Hydric Geosites of Middle Atlas: A Natural Heritage Under Threat
loc_00967,Ain Sultane,Fés-Meknés,"Baadi, 2023d",Hydric Geosites of Middle Atlas: A Natural Heritage Under Threat
loc_00968,Ain Takeltount,Fés-Meknés,"Baadi, 2023d",Hydric Geosites of Middle Atlas: A Natural Heritage Under Threat
loc_00969,Ain Takhouwat,Fés-Meknés,"Baadi, 2023d",Hydric Geosites of Middle Atlas: A Natural Heritage Under Threat
loc_00970,Ain Talghoulat,Fés-Meknés,"Baadi, 2023d",Hydric Geosites of Middle Atlas: A Natural Heritage Under Threat
loc_00971,Ain Tamzirt,Fés-Meknés,"Baadi, 2023d",Hydric Geosites of Middle Atlas: A Natural Heritage Under Threat
loc_00972,Ain Tassiwine,Fés-Meknés,"Baadi, 2023d",Hydric Geosites of Middle Atlas: A Natural Heritage Under Threat
loc_00973,Ain Tataw,Fés-Meknés,"Baadi, 2023d",Hydric Geosites of Middle Atlas: A Natural Heritage Under Threat
loc_00974,Ain Tidouit,Fés-Meknés,"Baadi, 2023d",Hydric Geosites of Middle Atlas: A Natural Heritage Under Threat
loc_00975,Ain Tifratine,Fés-Meknés,"Baadi, 2023d",Hydric Geosites of Middle Atlas: A Natural Heritage Under Threat
loc_00976,Ain Timedrine,Fés-Meknés,"Baadi, 2023d",Hydric Geosites of Middle Atlas: A Natural Heritage Under Threat
loc_00977,Ain Vital,Fés-Meknés,"Baadi, 2023d",Hydric Geosites of Middle Atlas: A Natural Heritage Under Threat
loc_00978,Ain Zerrouka,Fés-Meknés,"Baadi, 2023d",Hydric Geosites of Middle Atlas: A Natural Heritage Under Threat
loc_00979,Aioun Imettassene,Fés-Meknés,"Baadi, 2023d",Hydric Geosites of Middle Atlas: A Natural Heritage Under Threat
loc_00980,Aioun Ras El Ma,Fés-Meknés,"Baadi, 2023d",Hydric Geosites of Middle Atlas: A Natural Heritage Under Threat
loc_00981,Ait Athia,Fés-Meknés,"Baadi, 2023d",Hydric Geosites of Middle Atlas: A Natural Heritage Under Threat
loc_00982,Amane Imellaline (Ain Joua),Fés-Meknés,"Baadi, 2023d",Hydric Geosites of Middle Atlas: A Natural Heritage Under Threat
loc_00983,Anzar Oufounas,Fés-Meknés,"Baadi, 2023d",Hydric Geosites of Middle Atlas: A Natural Heritage Under Threat
loc_00984,Cascade d’Aït smail,Fés-Meknés,"Baadi, 2023d",Hydric Geosites of Middle Atlas: A Natural Heritage Under Threat
loc_00985,Cascade des vierges,Fés-Meknés,"Baadi, 2023d",Hydric Geosites of Middle Atlas: A Natural Heritage Under Threat
loc_00986,Cascade d’Imouzar Marmoucha,Fés-Meknés,"Baadi, 2023d",Hydric Geosites of Middle Atlas: A Natural Heritage Under Threat
loc_00987,Cascade d’Imouzer Kandar,Fés-Meknés,"Baadi, 2023d",Hydric Geosites of Middle Atlas: A Natural Heritage Under Threat
loc_00988,Cascade Hawai,Fés-Meknés,"Baadi, 2023d",Hydric Geosites of Middle Atlas: A Natural Heritage Under Threat
loc_00989,Cascade Ras El Ma,Fés-Meknés,"Baadi, 2023d",Hydric Geosites of Middle Atlas: A Natural Heritage Under Threat
loc_00990,Cascade Sefrou,Fés-Meknés,"Baadi, 2023d",Hydric Geosites of Middle Atlas: A Natural Heritage Under Threat
loc_00991,Cascade Sidi Bou Shaq,Fés-Meknés,"Baadi, 2023d",Hydric Geosites of Middle Atlas: A Natural Heritage Under Threat
loc_00992,Cascade Skoura,Fés-Meknés,"Baadi, 2023d",Hydric Geosites of Middle Atlas: A Natural Heritage Under Threat
loc_00993,Cascade Tagoute,Fés-Meknés,"Baadi, 2023d",Hydric Geosites of Middle Atlas: A Natural Heritage Under Threat
loc_00994,Dayet Aoua,Fés-Meknés,"Sayad et al., 2020","Dayet Aoua, a threatened mountain geomorphosite for sustainable development"
loc_00995,Dayet El Jerane,Fés-Meknés,"Baadi, 2023d",Hydric Geosites of Middle Atlas: A Natural Heritage Under Threat
loc_00996,Dayet Hachlaf,Fés-Meknés,"Baadi, 2023d",Hydric Geosites of Middle Atlas: A Natural Heritage Under Threat
loc_00997,Dayet Iffer,Fés-Meknés,"Baadi, 2023d",Hydric Geosites of Middle Atlas: A Natural Heritage Under Threat
loc_00998,Dayet Lakbira,Fés-Meknés,"Baadi, 2023d",Hydric Geosites of Middle Atlas: A Natural Heritage Under Threat
loc_00999,Dayet Maasker,Fés-Meknés,"Baadi, 2023d",Hydric Geosites of Middle Atlas: A Natural Heritage Under Threat
loc_01000,Dayet Moucherkour,Fés-Meknés,"Baadi, 2023d",Hydric Geosites of Middle Atlas: A Natural Heritage Under Threat
loc_01001,Dayet Tichout,Fés-Meknés,"Baadi, 2023d",Hydric Geosites of Middle Atlas: A Natural Heritage Under Threat
loc_01002,Ifri Ou Berid,Fés-Meknés,"Baadi, 2023d",Hydric Geosites of Middle Atlas: A Natural Heritage Under Threat
loc_01003,Lac Afnourir,Fés-Meknés,"Baadi, 2023d",Hydric Geosites of Middle Atlas: A Natural Heritage Under Threat
loc_01004,Lac Afourgagh,Fés-Meknés,"Baadi, 2023d",Hydric Geosites of Middle Atlas: A Natural Heritage Under Threat
loc_01005,Lac Agoulmame,Fés-Meknés,"Baadi, 2023d",Hydric Geosites of Middle Atlas: A Natural Heritage Under Threat
loc_01006,Lac Tighboula-Laachoure,Fés-Meknés,"Baadi, 2023d",Hydric Geosites of Middle Atlas: A Natural Heritage Under Threat
loc_01007,Ouoouchène,Fés-Meknés,"Baadi, 2023d",Hydric Geosites of Middle Atlas: A Natural Heritage Under Threat
loc_01008,Rabiaa-Bitit,Fés-Meknés,"Baadi, 2023d",Hydric Geosites of Middle Atlas: A Natural Heritage Under Threat
loc_01009,Ras Adrar Izem,Fés-Meknés,"Baadi, 2023d",Hydric Geosites of Middle Atlas: A Natural Heritage Under Threat
loc_01010,Ras El Ain,Fés-Meknés,"Baadi, 2023d",Hydric Geosites of Middle Atlas: A Natural Heritage Under Threat
loc_01011,Ras El Ma,Fés-Meknés,"Baadi, 2023d",Hydric Geosites of Middle Atlas: A Natural Heritage Under Threat
loc_01012,Résurgence d’Ademame,Fés-Meknés,"Baadi, 2023d",Hydric Geosites of Middle Atlas: A Natural Heritage Under Threat
loc_01013,Sabhab,Fés-Meknés,"Baadi, 2023d",Hydric Geosites of Middle Atlas: A Natural Heritage Under Threat
loc_01014,Sidi Yahia,Fés-Meknés,"Baadi, 2023d",Hydric Geosites of Middle Atlas: A Natural Heritage Under Threat
loc_01015,Tabhirte,Fés-Meknés,"Baadi, 2023d",Hydric Geosites of Middle Atlas: A Natural Heritage Under Threat
loc_01016,Tibakhbakhine,Fés-Meknés,"Baadi, 2023d",Hydric Geosites of Middle Atlas: A Natural Heritage Under Threat
loc_01017,Tiguelmamine (El Hajeb),Fés-Meknés,"Baadi, 2023d",Hydric Geosites of Middle Atlas: A Natural Heritage Under Threat
loc_01018,Tit-Zill,Fés-Meknés,"Baadi, 2023d",Hydric Geosites of Middle Atlas: A Natural Heritage Under Threat
loc_01019,Zaouiat Ifrane,Fés-Meknés,"Baadi, 2023d",Hydric Geosites of Middle Atlas: A Natural Heritage Under Threat
loc_01020,Assaka,Fés-Meknés,"Baadi, 2023e",Fluvial Heritage of the Middle Atlas (Morocco): An Essential Element for Regional Sustainable Development
loc_01021,Bizi,Fés-Meknés,"Baadi, 2023e",Fluvial Heritage of the Middle Atlas (Morocco): An Essential Element for Regional Sustainable Development
loc_01022,El Aouinate,Fés-Meknés,"Baadi, 2023e",Fluvial Heritage of the Middle Atlas (Morocco): An Essential Element for Regional Sustainable Development
loc_01023,El Herahir,Fés-Meknés,"Baadi, 2023e",Fluvial Heritage of the Middle Atlas (Morocco): An Essential Element for Regional Sustainable Development
loc_01024,Fellat,Fés-Meknés,"Baadi, 2023e",Fluvial Heritage of the Middle Atlas (Morocco): An Essential Element for Regional Sustainable Development
loc_01025,Gorge d’Issouka,Fés-Meknés,"Baadi, 2023e",Fluvial Heritage of the Middle Atlas (Morocco): An Essential Element for Regional Sustainable Development
loc_01026,Gorges d’El Mahssere,Fés-Meknés,"Baadi, 2023e",Fluvial Heritage of the Middle Atlas (Morocco): An Essential Element for Regional Sustainable Development
loc_01027,Hayane,Fés-Meknés,"Baadi, 2023e",Fluvial Heritage of the Middle Atlas (Morocco): An Essential Element for Regional Sustainable Development
loc_01028,Issoumat,Fés-Meknés,"Baadi, 2023e",Fluvial Heritage of the Middle Atlas (Morocco): An Essential Element for Regional Sustainable Development
loc_01029,Jbel Lbghel,Fés-Meknés,"Baadi, 2023e",Fluvial Heritage of the Middle Atlas (Morocco): An Essential Element for Regional Sustainable Development
loc_01030,Jider,Fés-Meknés,"Baadi, 2023e",Fluvial Heritage of the Middle Atlas (Morocco): An Essential Element for Regional Sustainable Development
loc_01031,Oudiksou,Fés-Meknés,"Baadi, 2023e",Fluvial Heritage of the Middle Atlas (Morocco): An Essential Element for Regional Sustainable Development
loc_01032,Qalaa,Fés-Meknés,"Baadi, 2023e",Fluvial Heritage of the Middle Atlas (Morocco): An Essential Element for Regional Sustainable Development
loc_01033,Taffert,Fés-Meknés,"Baadi, 2023e",Fluvial Heritage of the Middle Atlas (Morocco): An Essential Element for Regional Sustainable Development
loc_01034,Tazemmakt,Fés-Meknés,"Baadi, 2023e",Fluvial Heritage of the Middle Atlas (Morocco): An Essential Element for Regional Sustainable Development
loc_01035,Teminte,Fés-Meknés,"Baadi, 2023e",Fluvial Heritage of the Middle Atlas (Morocco): An Essential Element for Regional Sustainable Development
loc_01036,Tiguelmamine,Fés-Meknés,"Baadi, 2023e",Fluvial Heritage of the Middle Atlas (Morocco): An Essential Element for Regional Sustainable Development
loc_01037,Tijma,Fés-Meknés,"Baadi, 2023e",Fluvial Heritage of the Middle Atlas (Morocco): An Essential Element for Regional Sustainable Development
loc_01038,Tmourhout,Fés-Meknés,"Baadi, 2023e",Fluvial Heritage of the Middle Atlas (Morocco): An Essential Element for Regional Sustainable Development
loc_01039,Agouni Izguère,Fés-Meknés,"Baadi and Lebreton, 2023",Exo- and Endokarst of the Middle Atlas (Morocco): From Inventory to Promotion
loc_01040,Agrane,Fés-Meknés,"Baadi and Lebreton, 2023",Exo- and Endokarst of the Middle Atlas (Morocco): From Inventory to Promotion
loc_01041,Ain El Aouda,Fés-Meknés,"Baadi, 2023d",Hydric Geosites of Middle Atlas: A Natural Heritage Under Threat
loc_01042,Ain Kahla,Fés-Meknés,"Baadi, 2023d",Hydric Geosites of Middle Atlas: A Natural Heritage Under Threat
loc_01043,Ait Ahmed,Fés-Meknés,"Baadi and Lebreton, 2023",Exo- and Endokarst of the Middle Atlas (Morocco): From Inventory to Promotion
loc_01044,Aoumchach I,Fés-Meknés,"Baadi and Lebreton, 2023",Exo- and Endokarst of the Middle Atlas (Morocco): From Inventory to Promotion
loc_01045,Aoumchach II,Fés-Meknés,"Baadi and Lebreton, 2023",Exo- and Endokarst of the Middle Atlas (Morocco): From Inventory to Promotion
loc_01046,Aven Koul,Fés-Meknés,"Baadi and Lebreton, 2023",Exo- and Endokarst of the Middle Atlas (Morocco): From Inventory to Promotion
loc_01047,Bab Bou Idir,Fés-Meknés,"Baadi and Lebreton, 2023",Exo- and Endokarst of the Middle Atlas (Morocco): From Inventory to Promotion
loc_01048,Bab Tafertest,Fés-Meknés,"Baadi and Lebreton, 2023",Exo- and Endokarst of the Middle Atlas (Morocco): From Inventory to Promotion
loc_01049,Bir Yala,Fés-Meknés,"Baadi and Lebreton, 2023",Exo- and Endokarst of the Middle Atlas (Morocco): From Inventory to Promotion
loc_01050,Bled Nertène,Fés-Meknés,"Baadi and Lebreton, 2023",Exo- and Endokarst of the Middle Atlas (Morocco): From Inventory to Promotion
loc_01051,Bou Hyati,Fés-Meknés,"Baadi and Lebreton, 2023",Exo- and Endokarst of the Middle Atlas (Morocco): From Inventory to Promotion
loc_01052,Bou Imourdassane,Fés-Meknés,"Baadi and Lebreton, 2023",Exo- and Endokarst of the Middle Atlas (Morocco): From Inventory to Promotion
loc_01053,Bou Lebrrouj,Fés-Meknés,"Baadi and Lebreton, 2023",Exo- and Endokarst of the Middle Atlas (Morocco): From Inventory to Promotion
loc_01054,Bou Mennjel,Fés-Meknés,"Baadi and Lebreton, 2023",Exo- and Endokarst of the Middle Atlas (Morocco): From Inventory to Promotion
loc_01055,Bouslama,Fés-Meknés,"Baadi and Lebreton, 2023",Exo- and Endokarst of the Middle Atlas (Morocco): From Inventory to Promotion
loc_01056,Chaâra,Fés-Meknés,"Baadi and Lebreton, 2023",Exo- and Endokarst of the Middle Atlas (Morocco): From Inventory to Promotion
loc_01057,El Khars,Fés-Meknés,"Baadi and Lebreton, 2023",Exo- and Endokarst of the Middle Atlas (Morocco): From Inventory to Promotion
loc_01058,El Malekef,Fés-Meknés,"Baadi and Lebreton, 2023",Exo- and Endokarst of the Middle Atlas (Morocco): From Inventory to Promotion
loc_01059,El Oulja,Fés-Meknés,"Baadi and Lebreton, 2023",Exo- and Endokarst of the Middle Atlas (Morocco): From Inventory to Promotion
loc_01060,El Qalaâ,Fés-Meknés,"Baadi and Lebreton, 2023",Exo- and Endokarst of the Middle Atlas (Morocco): From Inventory to Promotion
loc_01061,El-Malekef,Fés-Meknés,"Baadi and Lebreton, 2023",Exo- and Endokarst of the Middle Atlas (Morocco): From Inventory to Promotion
loc_01062,Feldi,Fés-Meknés,"Baadi and Lebreton, 2023",Exo- and Endokarst of the Middle Atlas (Morocco): From Inventory to Promotion
loc_01063,Ghar Bied,Fés-Meknés,"Baadi and Lebreton, 2023",Exo- and Endokarst of the Middle Atlas (Morocco): From Inventory to Promotion
loc_01064,Gouffre aux pigeons,Fés-Meknés,"Baadi and Lebreton, 2023",Exo- and Endokarst of the Middle Atlas (Morocco): From Inventory to Promotion
loc_01065,Gouffre Friouato,Fés-Meknés,"Baadi and Lebreton, 2023",Exo- and Endokarst of the Middle Atlas (Morocco): From Inventory to Promotion
loc_01066,Grotte Chaâra,Fés-Meknés,"Baadi and Lebreton, 2023",Exo- and Endokarst of the Middle Atlas (Morocco): From Inventory to Promotion
loc_01067,Grotte El Kalaa,Fés-Meknés,"Baadi and Lebreton, 2023",Exo- and Endokarst of the Middle Atlas (Morocco): From Inventory to Promotion
loc_01068,Ich Maakel I,Fés-Meknés,"Baadi and Lebreton, 2023",Exo- and Endokarst of the Middle Atlas (Morocco): From Inventory to Promotion
loc_01069,Ich Maakel II,Fés-Meknés,"Baadi and Lebreton, 2023",Exo- and Endokarst of the Middle Atlas (Morocco): From Inventory to Promotion
loc_01070,Ich Maakel III,Fés-Meknés,"Baadi and Lebreton, 2023",Exo- and Endokarst of the Middle Atlas (Morocco): From Inventory to Promotion
loc_01071,Ifrah,Fés-Meknés,"Baadi and Lebreton, 2023",Exo- and Endokarst of the Middle Atlas (Morocco): From Inventory to Promotion
loc_01072,Ifri Ahnachen,Fés-Meknés,"Baadi and Lebreton, 2023",Exo- and Endokarst of the Middle Atlas (Morocco): From Inventory to Promotion
loc_01073,Ifri Azeroual,Fés-Meknés,"Baadi and Lebreton, 2023",Exo- and Endokarst of the Middle Atlas (Morocco): From Inventory to Promotion
loc_01074,Ifri Broud,Fés-Meknés,"Baadi and Lebreton, 2023",Exo- and Endokarst of the Middle Atlas (Morocco): From Inventory to Promotion
loc_01075,Ifri Ichac,Fés-Meknés,"Baadi and Lebreton, 2023",Exo- and Endokarst of the Middle Atlas (Morocco): From Inventory to Promotion
loc_01076,Ifri Jider,Fés-Meknés,"Baadi and Lebreton, 2023",Exo- and Endokarst of the Middle Atlas (Morocco): From Inventory to Promotion
loc_01077,Ifri Ljahac,Fés-Meknés,"Baadi and Lebreton, 2023",Exo- and Endokarst of the Middle Atlas (Morocco): From Inventory to Promotion
loc_01078,Ifri n′Oudey (gouffre du juif),Fés-Meknés,"Baadi and Lebreton, 2023",Exo- and Endokarst of the Middle Atlas (Morocco): From Inventory to Promotion
loc_01079,Ifri n′Tioutchilt,Fés-Meknés,"Baadi and Lebreton, 2023",Exo- and Endokarst of the Middle Atlas (Morocco): From Inventory to Promotion
loc_01080,Ifri Ouska,Fés-Meknés,"Baadi and Lebreton, 2023",Exo- and Endokarst of the Middle Atlas (Morocco): From Inventory to Promotion
loc_01081,Ighrenba,Fés-Meknés,"Baadi and Lebreton, 2023",Exo- and Endokarst of the Middle Atlas (Morocco): From Inventory to Promotion
loc_01082,Jbel Aoua,Fés-Meknés,"Baadi and Lebreton, 2023",Exo- and Endokarst of the Middle Atlas (Morocco): From Inventory to Promotion
loc_01083,Kef Admam,Fés-Meknés,"Baadi and Lebreton, 2023",Exo- and Endokarst of the Middle Atlas (Morocco): From Inventory to Promotion
loc_01084,Kef Aïn Hallouf,Fés-Meknés,"Baadi and Lebreton, 2023",Exo- and Endokarst of the Middle Atlas (Morocco): From Inventory to Promotion
loc_01085,Kef Anghara,Fés-Meknés,"Baadi and Lebreton, 2023",Exo- and Endokarst of the Middle Atlas (Morocco): From Inventory to Promotion
loc_01086,Kef Bab Mfraj,Fés-Meknés,"Baadi and Lebreton, 2023",Exo- and Endokarst of the Middle Atlas (Morocco): From Inventory to Promotion
loc_01087,Kef Bou Hayati,Fés-Meknés,"Baadi and Lebreton, 2023",Exo- and Endokarst of the Middle Atlas (Morocco): From Inventory to Promotion
loc_01088,Kef Bou Hayati I,Fés-Meknés,"Baadi and Lebreton, 2023",Exo- and Endokarst of the Middle Atlas (Morocco): From Inventory to Promotion
loc_01089,Kef Bou Hayati II,Fés-Meknés,"Baadi and Lebreton, 2023",Exo- and Endokarst of the Middle Atlas (Morocco): From Inventory to Promotion
loc_01090,Kef dial R′Kam,Fés-Meknés,"Baadi and Lebreton, 2023",Exo- and Endokarst of the Middle Atlas (Morocco): From Inventory to Promotion
loc_01091,Kef El Ahnach,Fés-Meknés,"Baadi and Lebreton, 2023",Exo- and Endokarst of the Middle Atlas (Morocco): From Inventory to Promotion
loc_01092,Kef El Bouk,Fés-Meknés,"Baadi and Lebreton, 2023",Exo- and Endokarst of the Middle Atlas (Morocco): From Inventory to Promotion
loc_01093,Kef El Fiss,Fés-Meknés,"Baadi and Lebreton, 2023",Exo- and Endokarst of the Middle Atlas (Morocco): From Inventory to Promotion
loc_01094,Kef El Hmam,Fés-Meknés,"Baadi and Lebreton, 2023",Exo- and Endokarst of the Middle Atlas (Morocco): From Inventory to Promotion
loc_01095,Kef el Jnoun,Fés-Meknés,"Baadi and Lebreton, 2023",Exo- and Endokarst of the Middle Atlas (Morocco): From Inventory to Promotion
loc_01096,Kef El Ma,Fés-Meknés,"Baadi and Lebreton, 2023",Exo- and Endokarst of the Middle Atlas (Morocco): From Inventory to Promotion
loc_01097,Kef El Mohand,Fés-Meknés,"Baadi and Lebreton, 2023",Exo- and Endokarst of the Middle Atlas (Morocco): From Inventory to Promotion
loc_01098,Kef El Sao,Fés-Meknés,"Baadi and Lebreton, 2023",Exo- and Endokarst of the Middle Atlas (Morocco): From Inventory to Promotion
loc_01099,Kef El Seroual,Fés-Meknés,"Baadi and Lebreton, 2023",Exo- and Endokarst of the Middle Atlas (Morocco): From Inventory to Promotion
loc_01100,Kef Hazar,Fés-Meknés,"Baadi and Lebreton, 2023",Exo- and Endokarst of the Middle Atlas (Morocco): From Inventory to Promotion
loc_01101,Kef Idra,Fés-Meknés,"Baadi and Lebreton, 2023",Exo- and Endokarst of the Middle Atlas (Morocco): From Inventory to Promotion
loc_01102,Kef Izoura,Fés-Meknés,"Baadi and Lebreton, 2023",Exo- and Endokarst of the Middle Atlas (Morocco): From Inventory to Promotion
loc_01103,Kef Kaouane,Fés-Meknés,"Baadi and Lebreton, 2023",Exo- and Endokarst of the Middle Atlas (Morocco): From Inventory to Promotion
loc_01104,Kef Karia,Fés-Meknés,"Baadi and Lebreton, 2023",Exo- and Endokarst of the Middle Atlas (Morocco): From Inventory to Promotion
loc_01105,Kef Maakel El Tahtani,Fés-Meknés,"Baadi and Lebreton, 2023",Exo- and Endokarst of the Middle Atlas (Morocco): From Inventory to Promotion
loc_01106,Kef Meghous,Fés-Meknés,"Baadi and Lebreton, 2023",Exo- and Endokarst of the Middle Atlas (Morocco): From Inventory to Promotion
loc_01107,Kef Targat,Fés-Meknés,"Baadi and Lebreton, 2023",Exo- and Endokarst of the Middle Atlas (Morocco): From Inventory to Promotion
loc_01108,Kef Toumat,Fés-Meknés,"Baadi and Lebreton, 2023",Exo- and Endokarst of the Middle Atlas (Morocco): From Inventory to Promotion
loc_01109,Kef Zaarour,Fés-Meknés,"Baadi and Lebreton, 2023",Exo- and Endokarst of the Middle Atlas (Morocco): From Inventory to Promotion
loc_01110,Kef-El-Mers-Ahmed,Fés-Meknés,"Baadi and Lebreton, 2023",Exo- and Endokarst of the Middle Atlas (Morocco): From Inventory to Promotion
loc_01111,Kef-Nahal-Tikhoubaï,Fés-Meknés,"Baadi and Lebreton, 2023",Exo- and Endokarst of the Middle Atlas (Morocco): From Inventory to Promotion
loc_01112,Kissarite,Fés-Meknés,"Baadi and Lebreton, 2023",Exo- and Endokarst of the Middle Atlas (Morocco): From Inventory to Promotion
loc_01113,Louta,Fés-Meknés,"Baadi and Lebreton, 2023",Exo- and Endokarst of the Middle Atlas (Morocco): From Inventory to Promotion
loc_01114,Meshoul,Fés-Meknés,"Baadi and Lebreton, 2023",Exo- and Endokarst of the Middle Atlas (Morocco): From Inventory to Promotion
loc_01115,Meshoul I,Fés-Meknés,"Baadi and Lebreton, 2023",Exo- and Endokarst of the Middle Atlas (Morocco): From Inventory to Promotion
loc_01116,Mimejad,Fés-Meknés,"Baadi and Lebreton, 2023",Exo- and Endokarst of the Middle Atlas (Morocco): From Inventory to Promotion
loc_01117,Moutferaoun,Fés-Meknés,"Baadi and Lebreton, 2023",Exo- and Endokarst of the Middle Atlas (Morocco): From Inventory to Promotion
loc_01118,Ouled-Ayach,Fés-Meknés,"Baadi and Lebreton, 2023",Exo- and Endokarst of the Middle Atlas (Morocco): From Inventory to Promotion
loc_01119,Poljé Ain El Aouda,Fés-Meknés,"Baadi and Lebreton, 2023",Exo- and Endokarst of the Middle Atlas (Morocco): From Inventory to Promotion
loc_01120,Poljé Beni Mkoud,Fés-Meknés,"Baadi and Lebreton, 2023",Exo- and Endokarst of the Middle Atlas (Morocco): From Inventory to Promotion
loc_01121,Poljé Chaâra,Fés-Meknés,"Baadi and Lebreton, 2023",Exo- and Endokarst of the Middle Atlas (Morocco): From Inventory to Promotion
loc_01122,Poljé El Ghar,Fés-Meknés,"Baadi and Lebreton, 2023",Exo- and Endokarst of the Middle Atlas (Morocco): From Inventory to Promotion
loc_01123,Poljé Kaouane,Fés-Meknés,"Baadi and Lebreton, 2023",Exo- and Endokarst of the Middle Atlas (Morocco): From Inventory to Promotion
loc_01124,Poljé Laarouch,Fés-Meknés,"Baadi and Lebreton, 2023",Exo- and Endokarst of the Middle Atlas (Morocco): From Inventory to Promotion
loc_01125,Poljé Madegh,Fés-Meknés,"Baadi and Lebreton, 2023",Exo- and Endokarst of the Middle Atlas (Morocco): From Inventory to Promotion
loc_01126,Ras El Oued (Oued el bared),Fés-Meknés,"Baadi and Lebreton, 2023",Exo- and Endokarst of the Middle Atlas (Morocco): From Inventory to Promotion
loc_01127,Sidi Amar,Fés-Meknés,"Baadi and Lebreton, 2023",Exo- and Endokarst of the Middle Atlas (Morocco): From Inventory to Promotion
loc_01128,Sidi Maanar,Fés-Meknés,"Baadi and Lebreton, 2023",Exo- and Endokarst of the Middle Atlas (Morocco): From Inventory to Promotion
loc_01129,Sidi Majbar,Fés-Meknés,"Baadi and Lebreton, 2023",Exo- and Endokarst of the Middle Atlas (Morocco): From Inventory to Promotion
loc_01130,Taffert Est,Fés-Meknés,"Baadi and Lebreton, 2023",Exo- and Endokarst of the Middle Atlas (Morocco): From Inventory to Promotion
loc_01131,Taffert Nord,Fés-Meknés,"Baadi and Lebreton, 2023",Exo- and Endokarst of the Middle Atlas (Morocco): From Inventory to Promotion
loc_01132,Taffert Nord-Est,Fés-Meknés,"Baadi and Lebreton, 2023",Exo- and Endokarst of the Middle Atlas (Morocco): From Inventory to Promotion
loc_01133,Taffert Ouest,Fés-Meknés,"Baadi and Lebreton, 2023",Exo- and Endokarst of the Middle Atlas (Morocco): From Inventory to Promotion
loc_01134,Tahfourt,Fés-Meknés,"Baadi and Lebreton, 2023",Exo- and Endokarst of the Middle Atlas (Morocco): From Inventory to Promotion
loc_01135,Talghremte,Fés-Meknés,"Baadi and Lebreton, 2023",Exo- and Endokarst of the Middle Atlas (Morocco): From Inventory to Promotion
loc_01136,Talou Ou Taachat,Fés-Meknés,"Baadi and Lebreton, 2023",Exo- and Endokarst of the Middle Atlas (Morocco): From Inventory to Promotion
loc_01137,Tidrine,Fés-Meknés,"Baadi and Lebreton, 2023",Exo- and Endokarst of the Middle Atlas (Morocco): From Inventory to Promotion
loc_01138,Tifratine,Fés-Meknés,"Baadi and Lebreton, 2023",Exo- and Endokarst of the Middle Atlas (Morocco): From Inventory to Promotion
loc_01139,Timezouine,Fés-Meknés,"Baadi and Lebreton, 2023",Exo- and Endokarst of the Middle Atlas (Morocco): From Inventory to Promotion
loc_01140,Timezouine,Fés-Meknés,"Baadi and Lebreton, 2023",Exo- and Endokarst of the Middle Atlas (Morocco): From Inventory to Promotion
loc_01141,Tirardine,Fés-Meknés,"Baadi, 2023c",The Palaeontological Heritage of Vertebrates in the Middle Atlas (Morocco): Initiatives of Inventory and Assessment for a Rare Heritage Threatened with Degradation
loc_01142,Tisfoula,Fés-Meknés,"Baadi and Lebreton, 2023",Exo- and Endokarst of the Middle Atlas (Morocco): From Inventory to Promotion
loc_01143,Tit Azourane,Fés-Meknés,"Baadi and Lebreton, 2023",Exo- and Endokarst of the Middle Atlas (Morocco): From Inventory to Promotion
loc_01144,Tlet fam,Fés-Meknés,"Baadi and Lebreton, 2023",Exo- and Endokarst of the Middle Atlas (Morocco): From Inventory to Promotion
loc_01145,Toughlamte,Fés-Meknés,"Baadi and Lebreton, 2023",Exo- and Endokarst of the Middle Atlas (Morocco): From Inventory to Promotion
loc_01146,Trou Arhelouet,Fés-Meknés,"Baadi and Lebreton, 2023",Exo- and Endokarst of the Middle Atlas (Morocco): From Inventory to Promotion
loc_01147,Trou de Panthère,Fés-Meknés,"Baadi and Lebreton, 2023",Exo- and Endokarst of the Middle Atlas (Morocco): From Inventory to Promotion
loc_01148,Bou-Teguerrouine,Fés-Meknés,"Baadi and Németh, 2023","Volcanic Landscape of the Middle Atlas: A Representative Heritage of Moroccan Geological History









"
loc_01149,El Koudiate,Fés-Meknés,"Baadi and Németh, 2023","Volcanic Landscape of the Middle Atlas: A Representative Heritage of Moroccan Geological History









"
loc_01150,Jbel Hébri,Fés-Meknés,"Baadi and Németh, 2023","Volcanic Landscape of the Middle Atlas: A Representative Heritage of Moroccan Geological History









"
loc_01151,Taiissout,Fés-Meknés,"Baadi and Németh, 2023","Volcanic Landscape of the Middle Atlas: A Representative Heritage of Moroccan Geological History









"
loc_01152,Lechmine Aït el Haj,Fés-Meknés,"Baadi and Németh, 2023","Volcanic Landscape of the Middle Atlas: A Representative Heritage of Moroccan Geological History









"
loc_01153,Bou-Ibalrhatène,Fés-Meknés,"Baadi and Németh, 2023","Volcanic Landscape of the Middle Atlas: A Representative Heritage of Moroccan Geological History









"
loc_01154,Lechmine n’Ikettane,Fés-Meknés,"Baadi and Németh, 2023","Volcanic Landscape of the Middle Atlas: A Representative Heritage of Moroccan Geological History









"
loc_01155,Lechmine Izgar,Fés-Meknés,"Baadi and Németh, 2023","Volcanic Landscape of the Middle Atlas: A Representative Heritage of Moroccan Geological History









"
loc_01156,Ouest Hébri,Fés-Meknés,"Baadi and Németh, 2023","Volcanic Landscape of the Middle Atlas: A Representative Heritage of Moroccan Geological History









"
loc_01157,Tahbrite,Fés-Meknés,"Baadi and Németh, 2023","Volcanic Landscape of the Middle Atlas: A Representative Heritage of Moroccan Geological History









"
loc_01158,Timahdite,Fés-Meknés,"Baadi and Németh, 2023","Volcanic Landscape of the Middle Atlas: A Representative Heritage of Moroccan Geological History









"
loc_01159,Lechmine Ait el Haj,Fés-Meknés,"Baadi and Németh, 2023","Volcanic Landscape of the Middle Atlas: A Representative Heritage of Moroccan Geological History









"
loc_01160,Michlifene,Fés-Meknés,"Baadi et al., 2023f","The Volcanism of the Plio-Quaternary of Azrou-Timahdite Plateau (Central Middle Atlas, Morocco): Potential for Geotourism Development"
loc_01161,Lechmine Bou-Ibalrhatène,Fés-Meknés,"Baadi et al., 2023f","The Volcanism of the Plio-Quaternary of Azrou-Timahdite Plateau (Central Middle Atlas, Morocco): Potential for Geotourism Development"
loc_01162,Ouest Hébri,Fés-Meknés,"Baadi and Németh, 2023","Volcanic Landscape of the Middle Atlas: A Representative Heritage of Moroccan Geological History









"
loc_01163,Oued Chebeika estuary,Guelmim-Oued Noun,Saddiqi et al.2022," Recommandation de deux géoroutes au sud
 du Maroc: 3Ga entre le désert du Sahara et
 l'océan Atlantique"
loc_01164,Cliffs of the west border of the Chebeika estuary,Guelmim-Oued Noun,Saddiqi et al.2022," Recommandation de deux géoroutes au sud
 du Maroc: 3Ga entre le désert du Sahara et
 l'océan Atlantique"
loc_01165,Lower Cretaceous f luvial sandstones (“Tan-Tan sands”) beneath the Hamada Plateau,Guelmim-Oued Noun,Saddiqi et al.2022," Recommandation de deux géoroutes au sud
 du Maroc: 3Ga entre le désert du Sahara et
 l'océan Atlantique"
loc_01166,"Cross-bedding in the fluvial
 sandstones  (“Tan-Tan sands”)",Guelmim-Oued Noun,Saddiqi et al.2022," Recommandation de deux géoroutes au sud
 du Maroc: 3Ga entre le désert du Sahara et
 l'océan Atlantique"
loc_01167,Transgression of the Lower Cretaceous redbeds on the Bas Draa Precambrian Massif,Guelmim-Oued Noun,Saddiqi et al.2022," Recommandation de deux géoroutes au sud
 du Maroc: 3Ga entre le désert du Sahara et
 l'océan Atlantique"
loc_01168,Upper Precambrian  metaconglomerates (south-western tip of the Bas Draa inlier),Guelmim-Oued Noun,Saddiqi et al.2022," Recommandation de deux géoroutes au sud
 du Maroc: 3Ga entre le désert du Sahara et
 l'océan Atlantique"
loc_01169,Vertical Cambrian quartzites (“Barre de Goulimine”) crossed by directional fault,Guelmim-Oued Noun,Saddiqi et al.2022," Recommandation de deux géoroutes au sud
 du Maroc: 3Ga entre le désert du Sahara et
 l'océan Atlantique"
loc_01170,Lower Ordovician (Llanvirn) oolithic iron bed section,Guelmim-Oued Noun,Saddiqi et al.2022," Recommandation de deux géoroutes au sud
 du Maroc: 3Ga entre le désert du Sahara et
 l'océan Atlantique"
loc_01171,"Perched syncline formed by Rich 1 and Rich 2 
 Jbel Rich fold train)",Guelmim-Oued Noun,Saddiqi et al.2022," Recommandation de deux géoroutes au sud
 du Maroc: 3Ga entre le désert du Sahara et
 l'océan Atlantique"
loc_01172,Open folds  of Jbel Rich,Guelmim-Oued Noun,Saddiqi et al.2022," Recommandation de deux géoroutes au sud
 du Maroc: 3Ga entre le désert du Sahara et
 l'océan Atlantique"
loc_01173,Jbel Tazout cuesta (Tournaisian),Guelmim-Oued Noun,Saddiqi et al.2022," Recommandation de deux géoroutes au sud
 du Maroc: 3Ga entre le désert du Sahara et
 l'océan Atlantique"
loc_01174,Jbel Ouarziz cuesta (Visean),Guelmim-Oued Noun,Saddiqi et al.2022," Recommandation de deux géoroutes au sud
 du Maroc: 3Ga entre le désert du Sahara et
 l'océan Atlantique"
loc_01175,Bituminous marls & estuariarine morphology,Guelmim-Oued Noun,"Saddiqi et al., 2015 (In Errami et al., 2015)",Recommended Geoheritage Trails in Southern Morocco: A 3 Ga Record Between the Sahara Desert and the Atlantic Ocean
loc_01176,Marine terraces,Guelmim-Oued Noun,"Saddiqi et al., 2015 (In Errami et al., 2015)",Recommended Geoheritage Trails in Southern Morocco: A 3 Ga Record Between the Sahara Desert and the Atlantic Ocean
loc_01177,Lecture of a landscape & unconformity,Guelmim-Oued Noun,"Saddiqi et al., 2015 (In Errami et al., 2015)",Recommended Geoheritage Trails in Southern Morocco: A 3 Ga Record Between the Sahara Desert and the Atlantic Ocean
loc_01178,Basement-cover relationships,Guelmim-Oued Noun,"Saddiqi et al., 2015 (In Errami et al., 2015)",Recommended Geoheritage Trails in Southern Morocco: A 3 Ga Record Between the Sahara Desert and the Atlantic Ocean
loc_01179,Cambrian quartzites & joint systems,Guelmim-Oued Noun,"Saddiqi et al., 2015 (In Errami et al., 2015)",Recommended Geoheritage Trails in Southern Morocco: A 3 Ga Record Between the Sahara Desert and the Atlantic Ocean
loc_01180,Ordovician glaciation deposit,Guelmim-Oued Noun,"Saddiqi et al., 2015 (In Errami et al., 2015)",Recommended Geoheritage Trails in Southern Morocco: A 3 Ga Record Between the Sahara Desert and the Atlantic Ocean
loc_01181,Cylindric anticline & oolithic iron,Guelmim-Oued Noun,"Saddiqi et al., 2015 (In Errami et al., 2015)",Recommended Geoheritage Trails in Southern Morocco: A 3 Ga Record Between the Sahara Desert and the Atlantic Ocean
loc_01182,"Perched syncline & subsidence, basin infilling",Guelmim-Oued Noun,"Saddiqi et al., 2015 (In Errami et al., 2015)",Recommended Geoheritage Trails in Southern Morocco: A 3 Ga Record Between the Sahara Desert and the Atlantic Ocean
loc_01183,Cratonic basin versus fold belt,Guelmim-Oued Noun,"Saddiqi et al., 2015 (In Errami et al., 2015)",Recommended Geoheritage Trails in Southern Morocco: A 3 Ga Record Between the Sahara Desert and the Atlantic Ocean
loc_01184,Continental uplift & coastal erosion,Eddakhla-Oued Eddahab,"Saddiqi et al., 2015 (In Errami et al., 2015)",Recommended Geoheritage Trails in Southern Morocco: A 3 Ga Record Between the Sahara Desert and the Atlantic Ocean
loc_01185,Artesian well,Eddakhla-Oued Eddahab,"Saddiqi et al., 2015 (In Errami et al., 2015)",Recommended Geoheritage Trails in Southern Morocco: A 3 Ga Record Between the Sahara Desert and the Atlantic Ocean
loc_01186,Marine fossils & phosphate genesis,Eddakhla-Oued Eddahab,"Saddiqi et al., 2015 (In Errami et al., 2015)",Recommended Geoheritage Trails in Southern Morocco: A 3 Ga Record Between the Sahara Desert and the Atlantic Ocean
loc_01187,Continental fossils & sedimentaion,Eddakhla-Oued Eddahab,"Saddiqi et al., 2015 (In Errami et al., 2015)",Recommended Geoheritage Trails in Southern Morocco: A 3 Ga Record Between the Sahara Desert and the Atlantic Ocean
loc_01188,Continental sedimentation & unconformity,Eddakhla-Oued Eddahab,"Saddiqi et al., 2015 (In Errami et al., 2015)",Recommended Geoheritage Trails in Southern Morocco: A 3 Ga Record Between the Sahara Desert and the Atlantic Ocean
loc_01189,Metagabbros,Eddakhla-Oued Eddahab,"Saddiqi et al., 2015 (In Errami et al., 2015)",Recommended Geoheritage Trails in Southern Morocco: A 3 Ga Record Between the Sahara Desert and the Atlantic Ocean
loc_01190,Orthogenesis & dyke and pluton intrusions,Eddakhla-Oued Eddahab,"Saddiqi et al., 2015 (In Errami et al., 2015)",Recommended Geoheritage Trails in Southern Morocco: A 3 Ga Record Between the Sahara Desert and the Atlantic Ocean
loc_01191,Migmatites & deep petrogenesis,Eddakhla-Oued Eddahab,"Saddiqi et al., 2015 (In Errami et al., 2015)",Recommended Geoheritage Trails in Southern Morocco: A 3 Ga Record Between the Sahara Desert and the Atlantic Ocean
loc_01192,Upper Ordovician glaciation & unconformity,Eddakhla-Oued Eddahab,"Saddiqi et al., 2015 (In Errami et al., 2015)",Recommended Geoheritage Trails in Southern Morocco: A 3 Ga Record Between the Sahara Desert and the Atlantic Ocean
loc_01193,Nappe kinematics & metapelites,Eddakhla-Oued Eddahab,"Saddiqi et al., 2015 (In Errami et al., 2015)",Recommended Geoheritage Trails in Southern Morocco: A 3 Ga Record Between the Sahara Desert and the Atlantic Ocean
loc_01194,Ouled Abdoun,Béni Mellal-Khénifra,"Noubhani, 2015 (In Errami et al., 2015)",Late Cretaceous and Lower Paleogene Moroccan Phosphates: Geotourism Opportunities
loc_01195,Gantour,Marrakech-Safi,"Noubhani, 2015 (In Errami et al., 2015)",Late Cretaceous and Lower Paleogene Moroccan Phosphates: Geotourism Opportunities
loc_01196,Meskala,Marrakech-Safi,"Noubhani, 2015 (In Errami et al., 2015)",Late Cretaceous and Lower Paleogene Moroccan Phosphates: Geotourism Opportunities
loc_01197,Souss,Souss-Massa,"Noubhani, 2015 (In Errami et al., 2015)",Late Cretaceous and Lower Paleogene Moroccan Phosphates: Geotourism Opportunities
loc_01198,Oued Eddahab,Laayoune-Sakia El Hamra,"Noubhani, 2015 (In Errami et al., 2015)",Late Cretaceous and Lower Paleogene Moroccan Phosphates: Geotourism Opportunities
loc_01199,The lagoon of Oualidia,Marrakech-Safi,El Hamidy et al.2025,"The geosites of Safi province (Marrakech-Safi region, Morocco): Inventory and assessment for geoconservation, geotourism, geoeducation, geoparks, and local sustainable development"
loc_01200,Marine fauna of the lower limestone,Marrakech-Safi,El Hamidy et al.2025,"Proposed geo-educational activities at the Sidi Bouzid geosite, Safi Province, Marrakech-Safi region, Morocco"
loc_01201,Yellow dolomite lower limestone Contact,Marrakech-Safi,El Hamidy et al.2025,"Proposed geo-educational activities at the Sidi Bouzid geosite, Safi Province, Marrakech-Safi region, Morocco"
loc_01202,Marabout Sidi Bouzid,Marrakech-Safi,El Hamidy et al.2025,"Proposed geo-educational activities at the Sidi Bouzid geosite, Safi Province, Marrakech-Safi region, Morocco"
loc_01203,Toubkal national Park,Marrakech-Safi, Wakass et al.2023,"Geosites of High Atlas of Marrakech (Morocco): Geological Characterization, Accessibility, and Potential Interests for Sustainable Tourism"
loc_01204,Paradoxid Shale,Marrakech-Safi,"Eddifai et al., 2025",Degradation risk of geosites analysis in the Rehamna region (Morocco): Inventory and quantitative assessment
loc_01205,Angular unconformity of Cambrian-Cretaceous,Marrakech-Safi,"Eddifai et al., 2025",Degradation risk of geosites analysis in the Rehamna region (Morocco): Inventory and quantitative assessment
