Geological domain,Administrative region,Reference,Title,Evaluated geosites,Geosite's type,Coordinates,,Center coordinates,,Methodology,Comment,Legend,,,,,,,,,,,,,,,,,,,,
,,,,,,X_Easting,Y_Northing,X_Easting,Y_Northing,,,Ebur = Eburnean; Prot = Proterowoic; Unc = Unconformity; Ft = Fault; Fd = Folding; Th = Thalassinoides; SG = Structural geology; PT = Petrography; S = Sedimentology/stratigraphy; PL = Paleontology; M = Mineralogy; H = Hydrology/hydrogeology; G = Geomorphology; C: Cultural; St: Stratigraphical; R:Relegious; En:Engraving; Hi:Historical; K: Karstic; Mg:Mgmatic; Me: Metamorphic; GM: Geomaterial; GH: Geohistorical; GeC:Geocultural; T; Technicl; E:Ecological; Ar: Architectural;,,,,,,,,,,,,,,,,,,,,
Anti-Atlas ,Draa-Tafilalet,"El Hadi et al., 2011",Geoheritage in Morocco: The Neoproterozoic Ophiolite of Bou Azzer (Central Anti-Atlas),Eburnian-Proterozoic Unconformity,SG,680098N,3380902W,….,….,Not defined,,,,,,,,,,,,,,,,,,,,,,
,,,, Bou Offroh ophiolit,PT,694626N,3381120W,,,,,,,,,,,,,,,,,,,,,,,,,
,,,,Oceanic Moho rocks,PT,729166N,3375617W,,,,,,,,,,,,,,,,,,,,,,,,,
,,,,Tamaliout Folding & Thrusting ,PT,724893N,3368999W,,,,,,,,,,,,,,,,,,,,,,,,,
,,,,Bleida granodiorite,PT,743890N,3362396W,,,,,,,,,,,,,,,,,,,,,,,,,
Western High Atlas,Marrakech-Safi,"Enniouar et al., 2014","A Middle Jurassic sauropod tracksite in the Argana Basin, Western High Atlas, Morocco: an example of paleoichnological heritage for sustainable geotourism",Sauropod tracksite, S & PL,"31°06,87' N ","08°58,97' W","31°06,87' N ","08°58,97' W",Not defined,,,,,,,,,,,,,,,,,,,,,,
Central High Atlas,Draa-Tafilalet,"El Ouali et al., 2025a","Inventory, Quantitative Assessment of 12 Geosites and Sites of Geodiversity of Tizi N'Talghemt south of Midelt City (Morocco)",Tension joints & veins ,SG,"32°35'34.12""N","4°30'15.40""W","32°35'25.01""N","4°30'17.65""W","Brilha, 2016",,,,,,,,,,,,,,,,,,,,,,
,,,,Fault mirror,SG,"32°35'32.89""N","4°30'16.87""W",,,,,,,,,,,,,,,,,,,,,,,,,
,,,,Turbidite/tempesitie,S,"32°35'27.91""N","4°30'17.97""W",,,,,,,,,,,,,,,,,,,,,,,,,
,,,,Synsedimentary Fd,SG," 32°35'27.13""N","4°30'17.78""W",,,,,,,,,,,,,,,,,,,,,,,,,
,,,,Bioclastic limestone,PL,"32°35'26.17""N","4°30'18.02""W",,,,,,,,,,,,,,,,,,,,,,,,,
,,,,Current ripples,S,"32°35'25.07""N","4°30'18.23""W",,,,,,,,,,,,,,,,,,,,,,,,,
,,,,Th. Burrows ,PL,"32°35'25.01""N","4°30'17.65""W",,,,,,,,,,,,,,,,,,,,,,,,,
,,,,Limestone-marls  seq. ,S,"32°35'24.18""N","4°30'17.14""W",,,,,,,,,,,,,,,,,,,,,,,,,
,,,,Horst-graben structures ,SG,"32°35'24.09""N","4°30'17.02""W",,,,,,,,,,,,,,,,,,,,,,,,,
,,,,Bioclastic limestone,PL,"32°35'23.91""N","4°30'17.23""W",,,,,,,,,,,,,,,,,,,,,,,,,
,,,,Rhizocorallium burrows ,PL,"32°35'23.51""N","4°30'17.52""W",,,,,,,,,,,,,,,,,,,,,,,,,
,,,,Tridactyl footpreints ,PL,"32°35'21.66""N","4°30'16.30""W",,,,,,,,,,,,,,,,,,,,,,,,,
Central High Atlas,Draa-Tafilalet,"El Ouali et al., 2025","Geosites and geodiversity sites of the Tinghir–Dades–Imilchil area, Morocco: Toward conservation, education, and tourism development",Lac Tislit,H,"32°11'45""N"," 5°38'12""W","31°48'00""N","5°36'00""W","Brilha, 2016",,,,,,,,,,,,,,,,,,,,,,
,,,,Imelouan Folds,SG,"32°09'21""N","5°35'54""W",,,,,,,,,,,,,,,,,,,,,,,,,
,,,,"Ait Ali Ou-Ikkou ""Red beds"" ",S,"32°08'41""N","5°33'28""W",,,,,,,,,,,,,,,,,,,,,,,,,
,,,,Todgha Gorges,SG&H,"31°35'04""N","5°35'27""W",,,,,,,,,,,,,,,,,,,,,,,,,
,,,,Tamlalet Monkey’s fingers structures,G,"31°26'36""N","5°58'41""W",,,,,,,,,,,,,,,,,,,,,,,,,
,,,,Tissadrine Folds,SG,"31°31'46""N","5°55'33""W",,,,,,,,,,,,,,,,,,,,,,,,,
,,,,"Msemrir ""Red Beds""",S&PL,"31°43'12""N","5°49'36""W",,,,,,,,,,,,,,,,,,,,,,,,,
,,,, Ait Aritane Panoramic view,G,"31°32'32""N","5°34'01""W",,,,,,,,,,,,,,,,,,,,,,,,,
,,,,Ait Snan Fault,SG,"31°23'43""N","5°35'51""W",,,,,,,,,,,,,,,,,,,,,,,,,
,,,,"Tamtetoucht ""Red beds""",PL,"31°43'02""N","5°30'28""W",,,,,,,,,,,,,,,,,,,,,,,,,
,,,,Ait Hani Triassic salt cave,G,"31°51'51""N","5°28'14""W",,,,,,,,,,,,,,,,,,,,,,,,,
,,,,Toumlilin Middle Jurassic strata,S,"32°51'24""N","5°27'56""W",,,,,,,,,,,,,,,,,,,,,,,,,
,,,,Ighrem N’Ougdal Middle Jurassic strata,G,"32°00'33""N","5°29'27""W",,,,,,,,,,,,,,,,,,,,,,,,,
,,,,Tinghir Paleozoic-Cretaceous unconformity,SG,"31°28'59""N","5°32'22""W",,,,,,,,,,,,,,,,,,,,,,,,,
,,,,Foum El Kouss Basalts,PT,"31°26'07""N","5°39'18""W",,,,,,,,,,,,,,,,,,,,,,,,,
,,,,Timaderouine Cretaceous-Tertiary strata,S,"31°24'42""N","5°43'20""W",,,,,,,,,,,,,,,,,,,,,,,,,
,,,,Imider Tertiary strata,S,"31°22'30""N","5°47'27""W",,,,,,,,,,,,,,,,,,,,,,,,,
,,,,Anou N’Izm Tertiary strata,S,"31°20'22""N","5°50'19""W",,,,,,,,,,,,,,,,,,,,,,,,,
,,,,Ait Youl Basalts,PT,"31°25'30""N","6°00'41""W",,,,,,,,,,,,,,,,,,,,,,,,,
,,,,Ait Ibriren Quaternary deposits,S,"31°26'31""N","6°00'39""W",,,,,,,,,,,,,,,,,,,,,,,,,
,,,,Tamlalet Monkey’s fingers structures,G,"31°26'36""N","5°58'41""W",,,,,,,,,,,,,,,,,,,,,,,,,
,,,,Ait Ouglef Allochthonous limestones,SG,"31°27'17""N","5°57'35""W",,,,,,,,,,,,,,,,,,,,,,,,,
,,,,Tissadrine Folds,SG,"31°31'46""N"," 5°55'33""W",,,,,,,,,,,,,,,,,,,,,,,,,
,,,,Taghia N’Ait Hammou Gorges,SG,"31°32'12""N","5°55'10""W",,,,,,,,,,,,,,,,,,,,,,,,,
,,,,Tilmi Folds ,SG,"31°48'05""N","5°47'0514""W",,,,,,,,,,,,,,,,,,,,,,,,,
,,,,"Msemrir ""Red beds""",S,"31°43'12""N","5°49'36""W",,,,,,,,,,,,,,,,,,,,,,,,,
,,,,Ait Attou Oumoussa Jurassic strata ,S,"31°51'42""N","5°42'29""W",,,,,,,,,,,,,,,,,,,,,,,,,
,,,,Imelouan Folds,SG,"32°09'21""N","5°35'54""W",,,,,,,,,,,,,,,,,,,,,,,,,
Central High Atlas,Draa-Tafilalet,"Elfaiz et al., 2025","Inventory and Assessment of the Geoheritage Potential of the Imilchil District (Central High Atlas, Morocco)",Redbeds,SG&S, 32.166,5.523,….,….,"Brilha,2018a, b",,,,,,,,,,,,,,,,,,,,,,
,,,,Intraformational unc,S, 32.193,5.639,,,,,,,,,,,,,,,,,,,,,,,,,
,,,,Isli Lake,H, 32.222,5.550,,,,,,,,,,,,,,,,,,,,,,,,,
,,,,Tisli Lake,H, 32.199,5.629,,,,,,,,,,,,,,,,,,,,,,,,,
,,,,Dolerite dykes and sills,PL, 32.153,5.640,,,,,,,,,,,,,,,,,,,,,,,,,
,,,,Fairy chimneys,G, 32.176,5.599,,,,,,,,,,,,,,,,,,,,,,,,,
,,,,Meandering Melloul river,G, 32.159,5.603,,,,,,,,,,,,,,,,,,,,,,,,,
,,,,Sedimentary patterns,S, 32.167,5.545,,,,,,,,,,,,,,,,,,,,,,,,,
,,,,Msadrid ridge,S, 32.153,5.593,,,,,,,,,,,,,,,,,,,,,,,,,
,,,,Ait Ali Ou Ikkou's diapirsm,S, 32.153,5.593,,,,,,,,,,,,,,,,,,,,,,,,,
,,,,Late Jurassic theropod tracks,PL, 32.142,5.570,,,,,,,,,,,,,,,,,,,,,,,,,
,,,,Vertebrate tracks in the Isli Formation,PL, 32.157,5.562,,,,,,,,,,,,,,,,,,,,,,,,,
,,,,Traces of Selenichnites- Tilmi syncline,PL, 32.163,5.546,,,,,,,,,,,,,,,,,,,,,,,,,
,,,,Traces of Crocodylopodus meijidei,PL, 32.183,5.458,,,,,,,,,,,,,,,,,,,,,,,,,
,,,,Tassent ridge,S, 32.150,5.550,,,,,,,,,,,,,,,,,,,,,,,,,
,,,,Akhiam cave,G, 31.958,5.696,,,,,,,,,,,,,,,,,,,,,,,,,
Central High Atlas,Béni Mellal-Khénifra,Elkaichi et al.2021,"Quantitative assessment of the geodiversity of M’Goun UNESCO Geopark, Central High Atlas (Morocco)",The cliff granaries of Aoujgal   ,S,"32°17'53.01""N","5°50'7.49""W",31° 20′ 0″ N - 32° 40′ 0″ N,5° 20′ 0″ W- 7° 20′ 0″ W,"Pereira et al.2013 and Saaty,1980",Cordonnées De;;; à ?,,,,,,,,,,,,,,,,,,,,,
,,,,The architectural heritage of Zaouiat Ahansal,C,"31°49'53.62""N","6° 6'3.19""W",,,,,,,,,,,,,,,,,,,,,,,,,
,,,,Panorama of Zaouiat Ahansal ,G,"31°49'43.82""N","6° 5'55.35""W",,,,,,,,,,,,,,,,,,,,,,,,,
,,,,The natural bridge of Imin Ifri ,G,"31°43'27.09""N","6°58'17.03""W",,,,,,,,,,,,,,,,,,,,,,,,,
,,,,The dinosaur geosites of Iouaridène,PL,"31°43'32.80""N","6°54'24.92""W",,,,,,,,,,,,,,,,,,,,,,,,,
,,,,Dinosaur footprints,PL,"31°42'6.09""N","6°42'29.86""W",,,,,,,,,,,,,,,,,,,,,,,,,
,,,,Aït Blal Rock engravings ,C,"31°45'2.22""N","6°19'12.18""W",,,,,,,,,,,,,,,,,,,,,,,,,
,,,,Tizi-n-Tighist Geo landscape ,S,"31°44'59.29""N","6°19'12.70""W",,,,,,,,,,,,,,,,,,,,,,,,,
,,,,Paleo-dam of Tizi-n-Tighza ,S,"31°43'51.47""N","6°18'28.45""W",,,,,,,,,,,,,,,,,,,,,,,,,
,,,,Ibaqualliwn Lamellibranches of Tizi-n-Tighist,PL,"31°43'59.12""N","6°19'28.75""W",,,,,,,,,,,,,,,,,,,,,,,,,
,,,, Jbel Azoukri Ait Attab synclinal (1),S,"31°45'25.88""N","6°14'54.10""W",,,,,,,,,,,,,,,,,,,,,,,,,
,,,,"Ait Attab synclinal, Bougal (Taghia)",S,"31°47'13.05""N","6° 4'21.59""W",,,,,,,,,,,,,,,,,,,,,,,,,
,,,,"The Bin El Ouidane dam ""Chocolate Marls"" ",S,"32° 6'31.62""N","6°26'9.61""W",,,,,,,,,,,,,,,,,,,,,,,,,
,,,,The Ouzoud waterfalls ,G&H,"32° 0'54.04""N","6°43'10.81""W",,,,,,,,,,,,,,,,,,,,,,,,,
,,,,Cliff of Ait Abdi,SG,"31°37'0.33""N","7°21'0.11""W",,,,,,,,,,,,,,,,,,,,,,,,,
,,,,The “Cathedral” Mastfrane,R,"31°58'50.59""N","6° 8'14.56""W",,,,,,,,,,,,,,,,,,,,,,,,,
,,,,Talmst Ride,SG,"31°54'24.06""N","6° 9'17.49""W",,,,,,,,,,,,,,,,,,,,,,,,,
,,,,Dinosaur footprints,PL,"31°39'35.96""N","6°23'7.87""W",,,,,,,,,,,,,,,,,,,,,,,,,
Central High Atlas,Béni Mellal-Khénifra,Elkaichi et al.2023,"Evaluation of Geotouristic Station Suitability Using GIS‑Based Multi‑criteria Decision Analysis: a Case Study of the M’Goun UNESCO Geopark, High Atlas (Morocco)", Collective granary of Sidi Moussa,C,"32°23'56.30""N","6° 1'38.49""W",31° 20′ 0″ N,5° 20′ 0″ W,"Pereira et al. 2013 & Saaty,1980",Cordonnées De;;; à ?,,,,,,,,,,,,,,,,,,,,,
,,,,"Granary, Ighrem",C,"32°12'14.48""N","6°36'12.46""W",,,,,,,,,,,,,,,,,,,,,,,,,
,,,,Footprints of the carnivorous dinosaur (Tridactyl),PL,"32°11'46.00""N","6°34'57.00""W",,,,,,,,,,,,,,,,,,,,,,,,,
,,,,Herbivorous dinosaur footprints,PL,"32° 6'22.00""N","6°30'36.09""W",,,,,,,,,,,,,,,,,,,,,,,,,
,,,,Izourar plateaus ,SG&S,"31°57'7.22""N","6°33'26.10""W",,,,,,,,,,,,,,,,,,,,,,,,,
,,,,Rock engravings of Tizi-n-Tighist,En,"32° 0'35.89""N","6°43'9.20""W",,,,,,,,,,,,,,,,,,,,,,,,,
,,,,,,"31°59'41.26""N","6° 4'16.36""W",,,,,,,,,,,,,,,,,,,,,,,,,
,,,,,,"31°57'42.26""N","6° 8'53.64""W",,,,,,,,,,,,,,,,,,,,,,,,,
,,,,,,"31°58'35.98""N","6°14'54.42""W",,,,,,,,,,,,,,,,,,,,,,,,,
,,,,,,"31°50'15.83""N","6° 6'32.45""W",,,,,,,,,,,,,,,,,,,,,,,,,
,,,,,,"31°47'54.85""N","6°12'32.66""W",,,,,,,,,,,,,,,,,,,,,,,,,
,,,,,,"31°43'36.01""N","6°58'6.00""W",,,,,,,,,,,,,,,,,,,,,,,,,
,,,,,,"31°43'20.24""N","6°52'59.55""W",,,,,,,,,,,,,,,,,,,,,,,,,
,,,,,,"31°42'48.62""N","6°46'18.37""W",,,,,,,,,,,,,,,,,,,,,,,,,
,,,,,,"31°41'8.90""N","6°43'55.20""W",,,,,,,,,,,,,,,,,,,,,,,,,
,,,,,,"31°36'25.00""N","6°36'24.05""W",,,,,,,,,,,,,,,,,,,,,,,,,
,,,,,,"31°39'36.63""N","6°26'41.59""W",,,,,,,,,,,,,,,,,,,,,,,,,
,,,,,,"31°44'32.87""N","6°18'35.66""W",,,,,,,,,,,,,,,,,,,,,,,,,
Jbilet Massif,Marrakech-Saf,El Hamidy et al.2024,"Jbel Irhoud Geosite, the Cradle of Humanity (Youssoufia Province, 
Marrakech‑Safi region, Morocco): Evaluation and Valorization 
of the Geological Heritage for Geoeducation and Geotourism Purposes",Archaeoctic limestone,PL&S,"31°53'45.83""N","8°52'1.01""W","31° 
52′ 30″N", 8° 52′ 00″W,"Reynard et al.2007& Pralong,2005",,,,,,,,,,,,,,,,,,,,,,
,,,,Sandstone-fault families,S&S,"31°53'49.23""N","8°51'36.94""W",,,,,,,,,,,,,,,,,,,,,,,,,
,,,,"Faiult mirror-gradin 
crystallization",S,"31°53'55.37""N","8°51'49.42""W",,,,,,,,,,,,,,,,,,,,,,,,,
,,,,Karst networks of barite,S&M,"31°54'27.51""N","8°51'3.21""W",,,,,,,,,,,,,,,,,,,,,,,,,
,,,,Calcite crystals,Pt,"31°54'47.75""N","8°50'30.89""W",,,,,,,,,,,,,,,,,,,,,,,,,
,,,,"Cambrian sandstone & shale,Gray massive Cambrian limestones",S,"31°55'3.46""N","8°50'7.35""W",,,,,,,,,,,,,,,,,,,,,,,,,
,,,,,,"31°54'51.24""N","8°50'23.64""W",,,,,,,,,,,,,,,,,,,,,,,,,
,,,,The western tip of the Cambrian crest,S,"31°55'48.89""N","8°49'41.23""W",,,,,,,,,,,,,,,,,,,,,,,,,
,,,,Jbel Irhoud anticline,,,,,,,,,,,,,,,,,,,,,,,,,,,,
Meseta,Marrakech-Safi,El Hamidy et al.2025,"The geosites of Safi province (Marrakech-Safi region, Morocco): Inventory and assessment for geoconservation, geotourism, geoeducation, geoparks, and local sustainable development",Sidi Bouzid escarpment,"S,St&PL",32°18′01′′N,9°15′04′′W,….,….,El Hamidy et al. 2024b,,,,,,,,,,,,,,,,,,,,,,
,,,,Chaâba valley,"S,S&PL",32°18′10′′N,9°13′51′W,,,,,,,,,,,,,,,,,,,,,,,,,
,,,,Sidi Abderrahmane clayquarry,S/St,32°19′57′′N,9°10′36′′W,,,,,,,,,,,,,,,,,,,,,,,,,
,,,,Sidi Abderrahmane dam,H,32°19′26′′N,9°10′49′′W,,,,,,,,,,,,,,,,,,,,,,,,,
,,,,Escarpment of Lalla Fatna,"S,PL&St",32°23′15′′N ,9°15′54′′W,,,,,,,,,,,,,,,,,,,,,,,,,
,,,,Cap Beddouza,S/St/G,32°33′03′′N,9°16′22′′W,,,,,,,,,,,,,,,,,,,,,,,,,
,,,,El Goraan cave,G,32°33′27′′N,9°15′15′′W,,,,,,,,,,,,,,,,,,,,,,,,,
,,,,Souira Lgdima,"S,St&G",32°02′16′′N,9°20′26′′W,,,,,,,,,,,,,,,,,,,,,,,,,
,,,,Sidi Tiji Gypsum quarry,S&St,32°09′28′′N,08°51′55′′W,,,,,,,,,,,,,,,,,,,,,,,,,
,,,,Jorf Lihoudi,"S,St&PL",32°10′48′′N,9°15′36′′W,,,,,,,,,,,,,,,,,,,,,,,,,
,,,,The lagoon of Oualidia,H,32°44′21′′N,"8°33'32.86""W",,,,,,,,,,,,,,,,,,,,,,,,,
Meseta,Marrakech-Safi,El Hamidy et al.2025,"Proposed geo-educational activities at the Sidi Bouzid geosite, Safi Province, Marrakech-Safi region, Morocco",Panoramic view of the cliff,G,"33°13'15.90""N","8°33'18.67""W",32°18′01′′N,9°15′04′′W,"Orion, 1993",,,,,,,,,,,,,,,,,,,,,,
,,,,beach of Sidi Bouzide,G,"33°13'33.31""N","8°33'18.67""W",,,,,,,,,,,,,,,,,,,,,,,,,
,,,,Marine fauna of the lower limestone,PL&S,"33°13'2.83""N","8°33'57.49""W",,,,,,,,,,,,,,,,,,,,,,,,,
,,,, Yellow dolomite lower limestone Contact,S&SG,"33°13'5.07""N","8°33'41.72""W",,,,,,,,,,,,,,,,,,,,,,,,,
,,,,Brown clay marine faun in the intercalated banks,PL&S,,,,,,,,,,,,,,,,,,,,,,,,,,,
,,,,The source Lalla Mira,H,"32°19'6.36""N","9°15'14.58""W",,,,,,,,,,,,,,,,,,,,,,,,,
,,,,The wave of Saf,G,"32°19'29.03""N","9°17'0.11""W",,,,,,,,,,,,,,,,,,,,,,,,,
,,,,Marabout Sidi Bouzid,R,"33°13'9.41""N","8°33'39.38""W",,,,,,,,,,,,,,,,,,,,,,,,,
,,,,The marine fauna presented in the banks,PL,,,,,,,,,,,,,,,,,,,,,,,,,,,
Tabular Middle Atlas,Draa-Tafilalet & Fès-Méknès,El Wartiti et al.2007, Geosites inventory of the northwestern Tabular Middle Atlasof Morocco,Dayet Agoulmam Afougagh,"SG,H & PL",33°37''N, 04°53''W,….,….,Not defined,,,,,,,,,,,,,,,,,,,,,,
,,,,Lake Aoua (Dayet Aoua),SG&H,33°39'20''N, 05°20''W,,,,,,,,,,,,,,,,,,,,,,,,,
,,,,Lake Ifrah (Dayet Ifrah),SG&H,33°33'45''N ,04°55'' W,,,,,,,,,,,,,,,,,,,,,,,,,
,,,,Lake Aguelmame Sidi Ali,SG&H,33°04'34''N,05°00'13''W,,,,,,,,,,,,,,,,,,,,,,,,,
,,,,Bou Tegrrouine,G,"33°17'5.65""N","5° 5'20.69""w",,,,,,,,,,,,,,,,,,,,,,,,,
,,,,The caldera of the Michliffen,G,"33°24'47.87""N","5° 4'47.67""W",,,,,,,,,,,,,,,,,,,,,,,,,
,,,,Ruiniform landscape,G,"33°17'16.79""N","4°50'50.68""W",,,,,,,,,,,,,,,,,,,,,,,,,
Central Hight Atlas,Béni Mellal-Khénifra , Bouzekraoui et al.2018,"Mapping geoheritage for geotourism management, a case study of Aït Bou Oulli Valley in Central High-Atlas (Morocco)",Alluvial terraces of Aït Mallal,G,,,….,…., Coratza et al. 2008; Coratza and Regolini-Bissig 2009; Regolini-Bissig and Reynard 2010; Castaldini et al. 2011; Ilies et al. 2011; Comănescu et al. 2013; Badang et al. 2016; Bouzekraoui et al. 2018,,,,,,,,,,,,,,,,,,,,,,
,,,,Aït Mallal valley,G,,,,,,,,,,,,,,,,,,,,,,,,,,,
,,,,Badlands of Igoulouane,G,,,,,,,,,,,,,,,,,,,,,,,,,,,
,,,, Arouss valley,G,,,,,,,,,,,,,,,,,,,,,,,,,,,
,,,, Canyon of Rougoult valley,G,,,,,,,,,,,,,,,,,,,,,,,,,,,
,,,,Canyon of Abachkou valley,G,,,,,,,,,,,,,,,,,,,,,,,,,,,
,,,,Canyon of High-Tessaout valley,G,,,,,,,,,,,,,,,,,,,,,,,,,,,
,,,,Glacial cirques and U-shaped valleys of Rat mountain,G,,,,,,,,,,,,,,,,,,,,,,,,,,,
,,,,Scree and talus deposits of Rat mountain,G,,,,,,,,,,,,,,,,,,,,,,,,,,,
,,,,Scree and talus deposits of Tarkeddid mountain,G,,,,,,,,,,,,,,,,,,,,,,,,,,,
,,,,Fairy chimneys of Assamar,G,"31°40'53.48""N","6°40'7.38""W",,,,,,,,,,,,,,,,,,,,,,,,,
,,,,Canyon of Ikiss,G,,,,,,,,,,,,,,,,,,,,,,,,,,,
,,,,Rat syncline,G,,,,,,,,,,,,,,,,,,,,,,,,,,,
,,,,Peak and cliffs of Tarkeddid mountain,G,,,,,,,,,,,,,,,,,,,,,,,,,,,
,,,,Mount M’goun (4068 m),G,,,,,,,,,,,,,,,,,,,,,,,,,,,
,,,,The unconformity between Paleozoic basement and Mesozoic sedimentary cover of Aït Mallal,G,,,,,,,,,,,,,,,,,,,,,,,,,,,
,,,,,G,,,,,,,,,,,,,,,,,,,,,,,,,,,
,,,,Rougoult waterfall,G,,,,,,,,,,,,,,,,,,,,,,,,,,,
,,,,Springs of Oued Lakhdar (green river),G,,,,,,,,,,,,,,,,,,,,,,,,,,,
,,,,Springs and waterfall of Ikiss,G,,,,,,,,,,,,,,,,,,,,,,,,,,,
,,,,Sinkholes of the Rat mountain,G,,,,,,,,,,,,,,,,,,,,,,,,,,,
Central Hight Atlas,Béni Mellal-Khénifra,Amine et al.2020,DINOSAURS FOOTPRINTS OF THE HIGH ATLAS MOROCCO BY USING GEOLOGICAL HERITAGE INFORMATION SYSTEM,Dinosaur footprints deposits of Iouaridene,PL,,,….,….,Amine et al.2020,,,,,,,,,,,,,,,,,,,,,,
,,,,Dinosaur footprints deposits of  Ait Mimoun Ouffelah,PL,,,,,,,,,,,,,,,,,,,,,,,,,,,
,,,,Dinosaur footprints deposits of Ait Bouguemaz,PL,,,,,,,,,,,,,,,,,,,,,,,,,,,
,,,,Dinosaur footprints deposits of Ait Bla,PL,,,,,,,,,,,,,,,,,,,,,,,,,,,
Central Hight Atlas,Beni Mellal-Khenifra,Akhlidej et al.2024,"Inventory and quantitative assessment of Devonian geosites in the Azrou-Khenifra Basin (eastern band of the Central Hercynian Massif, Morocco)",Lower Devonian quartzite bars of Bou Trou-Al Aççama,"S,St&G",33°22.04′N,5°29.41′W,….,….,"Brilha, 2016",,,,,,,,,,,,,,,,,,,,,,
,,,,Lower Devonian paleosol of Bou Trou-Al Aççama,S&St,33°21.56′ N,5°29.51′W,,,,,,,,,,,,,,,,,,,,,,,,,
,,,,Lower Devonian dwarf brachiopods of Bou Trou Al Aççama,PL,33°21.57′N, 5°29.45′W,,,,,,,,,,,,,,,,,,,,,,,,,
,,,,Emsien crinoids grassland of Bab Al Ari,PL&S,33°27.63′N,5°11.19′W,,,,,,,,,,,,,,,,,,,,,,,,,
,,,,Givetian calciturbidites of Ben Aarab,"S,S&PL",33°30.08′N,5°24.09′W,,,,,,,,,,,,,,,,,,,,,,,,,
,,,,Givetian-Famennian paleolapiaz of Bab Al Ari,PL&S, 33°27.63’N, 5°11.19’W,,,,,,,,,,,,,,,,,,,,,,,,,
,,,,Frasnian-Famennian Kellwasser black limestones of Bou Ounabdou,"S,St&PL",33°08.57’N,5°31.08′W,,,,,,,,,,,,,,,,,,,,,,,,,
,,,,Famennian Griottes limestones of Bou Ounabdou,"S,St&PL", 33°08.56’N, 5°31.05′W,,,,,,,,,,,,,,,,,,,,,,,,,
,,,,Famennian Zebra griottes limestones of Ziyar,S&St,33°02.55′N,5°44.32′W,,,,,,,,,,,,,,,,,,,,,,,,,
The Great Moroccan Atlantic Basin (MAP),Marrakech-Safi, Arrad et.al 2020,"From geoheritage inventory to geoeducation and geotourism implications:
 Insight from Jbel Amsittene (Essaouira province, Morocco)",Arich OuzellaFm,S&PL,"31° 9'43.53""N","9°42'13.03""W",31°08′32″N, 09°42′28″W,"Reynard et al., 2007, 2016",,,,,,,,,,,,,,,,,,,,,,
,,,,Amsittene Fm,S,"31° 8'47.59""N","9°44'34.82""W",,,,,,,,,,,,,,,,,,,,,,,,,
,,,,Id ou Moulid Fm,S&PL,"31° 8'34.81""N","9°44'20.50""W",,,,,,,,,,,,,,,,,,,,,,,,,
,,,,Arich Ouzella cave,G,"31° 9'45.99""N","9°42'1.24""W",,,,,,,,,,,,,,,,,,,,,,,,,
,,,,Subvertical strata,S,"31° 8'29.45""N","9°45'6.77""W",,,,,,,,,,,,,,,,,,,,,,,,,
,,,,Triassic-Quaternary contact,S,"31° 5'53.49""N","9°49'21.29""W",,,,,,,,,,,,,,,,,,,,,,,,,
,,,,Quaternary-Jurassic contact,S,"31° 5'50.02""N","9°49'29.40""W",,,,,,,,,,,,,,,,,,,,,,,,,
,,,,Fold hinge,S,"31° 5'57.01""N","9°49'43.97""W",,,,,,,,,,,,,,,,,,,,,,,,,
,,,,Cretaceous Quaternary contact,S,"31° 6'1.58""N","9°50'0.57""W",,,,,,,,,,,,,,,,,,,,,,,,,
,,,,Triple point,S,"31° 6'2.74""N","9°50'22.26""W",,,,,,,,,,,,,,,,,,,,,,,,,
,,,,Macrofossils,PL,"31° 9'7.49""N","9°42'19.23""W",,,,,,,,,,,,,,,,,,,,,,,,,
,,,,Fossiliferous dunes,PL,"31° 9'38.26""N","9°42'20.57""W",,,,,,,,,,,,,,,,,,,,,,,,,
,,,,Folded structure1,S,"31°11'33.96""N","9°39'35.50""W",,,,,,,,,,,,,,,,,,,,,,,,,
,,,,Folded structure 2,S,"31° 9'30.28""N","9°41'12.85""W",,,,,,,,,,,,,,,,,,,,,,,,,
,,,,Folded structure 3,S,"31° 9'25.91""N","9°41'51.11""W",,,,,,,,,,,,,,,,,,,,,,,,,
,,,,Amsittene folded structures,S,"31°12'29.42""N","9°42'10.90""W",,,,,,,,,,,,,,,,,,,,,,,,,
,,,,Alluvial cone,S,"31° 5'54.36""N","9°48'47.19""W",,,,,,,,,,,,,,,,,,,,,,,,,
Middle Atlas,Fès-Meknès,Baadi et al.2020,"Methodological Proposal for Assessment Geosites: its Application
 in Bou-Iblane Region (Middle Atlas, Morocco)",Ammonitico-rosso of Taffert,PL,,,….,….,Baadi et al.2020,,,,,,,,,,,,,,,,,,,,,,
,,,,Volcano of Bou-Iblane,V,,,,,,,,,,,,,,,,,,,,,,,,,,,
,,,,Reefs of Ich Maalam,PL,,,,,,,,,,,,,,,,,,,,,,,,,,,
,,,,Cornish limestones of Serhla,S,,,,,,,,,,,,,,,,,,,,,,,,,,,
,,,,Hayane canyon,SG,,,,,,,,,,,,,,,,,,,,,,,,,,,
,,,,Askour Cave,K,,,,,,,,,,,,,,,,,,,,,,,,,,,
,,,,Tamezyidan Rbi,K,,,,,,,,,,,,,,,,,,,,,,,,,,,
,,,,Guelta Tameda,K,,,,,,,,,,,,,,,,,,,,,,,,,,,
,,,,Source Oued el Bared,S,,,,,,,,,,,,,,,,,,,,,,,,,,,
,,,,Oued el Bared cave,K,,,,,,,,,,,,,,,,,,,,,,,,,,,
,,,,Discordance Ribata lKhayr,SG,,,,,,,,,,,,,,,,,,,,,,,,,,,
,,,,Tizi Bou-Zaabel,SG,,,,,,,,,,,,,,,,,,,,,,,,,,,
,,,,Bou-Iblane-Issouka,SG,,,,,,,,,,,,,,,,,,,,,,,,,,,
,,,,Periclinal Taffajight,SG,,,,,,,,,,,,,,,,,,,,,,,,,,,
,,,,Malachites of Talzemt,M,,,,,,,,,,,,,,,,,,,,,,,,,,,
,,,,Discordance Jbel Abdous,SG,,,,,,,,,,,,,,,,,,,,,,,,,,,
,,,,Mallal cascade,H,,,,,,,,,,,,,,,,,,,,,,,,,,,
,,,,Jbel el Kalaa,SG,,,,,,,,,,,,,,,,,,,,,,,,,,,
,,,,Tmourhout valley,SG,,,,,,,,,,,,,,,,,,,,,,,,,,,
,,,,Bizi canyon,SG,,,,,,,,,,,,,,,,,,,,,,,,,,,
,,,, Fault Tmourhout,S,,,,,,,,,,,,,,,,,,,,,,,,,,,
,,,,Cascade Sahbab,H,,,,,,,,,,,,,,,,,,,,,,,,,,,
,,,,Tmourhout Cascade,H,,,,,,,,,,,,,,,,,,,,,,,,,,,
,,,,Synclinal Zloul,SG,,,,,,,,,,,,,,,,,,,,,,,,,,,
,,,,Ain Sebou,H,,,,,,,,,,,,,,,,,,,,,,,,,,,
,,,,Synclinal Tilmirat,SG,,,,,,,,,,,,,,,,,,,,,,,,,,,
,,,,Ammonitico-rosso of Zra,PL,,,,,,,,,,,,,,,,,,,,,,,,,,,
,,,,Aghram Amellal reefs,PL,,,,,,,,,,,,,,,,,,,,,,,,,,,
,,,,Jider canyon,SG,,,,,,,,,,,,,,,,,,,,,,,,,,,
Middle Atlas,Fès-Meknès,Baadi et al.2021,The Karst of the Northern Middle Atlas (Morocco): An Invaluable Heritage to Inventory,Chiker polje,K&S,34°07′07″N ,4°02′26″W,….,….,Baadi et al.2020,,,,,,,,,,,,,,,,,,,,,,
,,,,Chiker cave,K,34°07′18″N, 4°02′18″W,,,,,,,,,,,,,,,,,,,,,,,,,
,,,,Dolines of Ademame,K,34°02′37″N ,4°05′42″W,,,,,,,,,,,,,,,,,,,,,,,,,
,,,,Ras El Oued cave,K,33°57′33″N ,4°00′00″W,,,,,,,,,,,,,,,,,,,,,,,,,
,,,,Chaâra lapiaz,K,33°58′25″N, 4°13′29″W,,,,,,,,,,,,,,,,,,,,,,,,,
,,,, Chaâra cave,K,33°57′21″N ,4°14′46″W,,,,,,,,,,,,,,,,,,,,,,,,,
,,,,GueltaTameda Lake,K,33°49′04″N ,4°04′54″W,,,,,,,,,,,,,,,,,,,,,,,,,
,,,,Taffert canyons,K,33°43′17″N, 4°13′39″W,,,,,,,,,,,,,,,,,,,,,,,,,
,,,, Aïn Sebou,K,33°44′13″N ,4°31′58″W,,,,,,,,,,,,,,,,,,,,,,,,,
Anti-Atlas ,Souss-Massa,Berred et al.2022,"Geodiversity of Kingdom of Morocco: Tata Province geomor
phosites inventory for creating a geopark project (Anti-Atlas)",Addan onion peels,G,29.213335N,8.203033W,….,….,"Reynard, 2016",,,,,,,,,,,,,,,,,,,,,,
,,,,Akka badlands,G,29.483864N,8.295043W,,,,,,,,,,,,,,,,,,,,,,,,,
,,,,Tata hearts,G,29.483864N,8.295043W,,,,,,,,,,,,,,,,,,,,,,,,,
,,,,Imitek Karsts,G,29.603338N,8.251098W,,,,,,,,,,,,,,,,,,,,,,,,,
,,,,Issafenflat-irons,G,29.854611N,8.533996W,,,,,,,,,,,,,,,,,,,,,,,,,
,,,,Tadakoust Pyramids,G,29.270107N,8.678496W,,,,,,,,,,,,,,,,,,,,,,,,,
,,,,Issafen chevrons,G,29.850649N,8.512572W,,,,,,,,,,,,,,,,,,,,,,,,,
,,,,Ait Ouabelli chasms,G,29.213335N,8.203033W,,,,,,,,,,,,,,,,,,,,,,,,,
,,,,Tagmout mask,G,29.270107N,8.678496W,,,,,,,,,,,,,,,,,,,,,,,,,
,,,,Alougoum Pyramid,G,29.442398N,8.264208W,,,,,,,,,,,,,,,,,,,,,,,,,
,,,,Messalite cave,G,29.442398N,8.264208W,,,,,,,,,,,,,,,,,,,,,,,,,
,,,,Tamzrart Petrified waterfall,G,29.339495N,8.527880W,,,,,,,,,,,,,,,,,,,,,,,,,
,,,,Foum Zguid water gap,G,30.140782N,6.877585W,,,,,,,,,,,,,,,,,,,,,,,,,
,,,,Tissint water gap,G,29.916420N,7.374716W,,,,,,,,,,,,,,,,,,,,,,,,,
,,,,Sidi Rezzoug water gap,G,29.748743N,7.659674W,,,,,,,,,,,,,,,,,,,,,,,,,
,,,,Tata water gap,G,29.705037N,7.986517W,,,,,,,,,,,,,,,,,,,,,,,,,
,,,,Akka water gap,G,29.475754N,8.277655W,,,,,,,,,,,,,,,,,,,,,,,,,
,,,,Ait Ouabelli water gap,G,29.240173N,8.538580W,,,,,,,,,,,,,,,,,,,,,,,,,
,,,,Icht water gap,G,29.086675N,8.851690W,,,,,,,,,,,,,,,,,,,,,,,,,
,,,,Fam El Hisn water gap,G, 29.060270N,8.925848W,,,,,,,,,,,,,,,,,,,,,,,,,
,,,,Tizgui Ida Ou Baloul water gap,G, 29.741683N,8.502050W,,,,,,,,,,,,,,,,,,,,,,,,,
,,,,Ibn Yaakoub water gap,G, 30.068945N,7.954123W,,,,,,,,,,,,,,,,,,,,,,,,,
,,,,Rokan water gap,G,29.983764N,7.950610W,,,,,,,,,,,,,,,,,,,,,,,,,
,,,,Targant water gap,G, 29.912618N,7.684191W,,,,,,,,,,,,,,,,,,,,,,,,,
,,,,Alougoum water gap,G, 30.089514N,6.910584W,,,,,,,,,,,,,,,,,,,,,,,,,
,,,,Desert mermaid,G,29.646508N,7.756531W,,,,,,,,,,,,,,,,,,,,,,,,,
,,,,Tata oyster,G,29.646508N,7.756531W,,,,,,,,,,,,,,,,,,,,,,,,,
,,,,Akka Phillyrea,G,29.646508N,7.756531W,,,,,,,,,,,,,,,,,,,,,,,,,
,,,,Draa double winged eye,G,29.028776N,8.591492W,,,,,,,,,,,,,,,,,,,,,,,,,
,,,,Tagragra of Tata inlier,G,29.899215N,7.941650W,,,,,,,,,,,,,,,,,,,,,,,,,
,,,,Agouliz inlier,G,29.751482N,8.161377W,,,,,,,,,,,,,,,,,,,,,,,,,
,,,,Aigou inlier,G,29.737174N,8.320678W,,,,,,,,,,,,,,,,,,,,,,,,,
,,,,Tanmrout inlier,G,29.737174N,8.320678W,,,,,,,,,,,,,,,,,,,,,,,,,
,,,,Tagragra of Akka inlier,G,29.460147N,8.677734W,,,,,,,,,,,,,,,,,,,,,,,,,
,,,,Alougoum gorge,G,30.308991N,6.837444W,,,,,,,,,,,,,,,,,,,,,,,,,
,,,,Tlit gorge,G,30.278531N,7.062836W,,,,,,,,,,,,,,,,,,,,,,,,,
,,,,Aguinane gorge,G,30.195719N,7.540216W,,,,,,,,,,,,,,,,,,,,,,,,,
,,,,Tagmout gorge,G,29.971009N,8.257101W,,,,,,,,,,,,,,,,,,,,,,,,,
,,,,Agouliz gorge,G, 29.732906N,8.189294W,,,,,,,,,,,,,,,,,,,,,,,,,
,,,, Aygou gorge,G,29.734488N,8.261025W,,,,,,,,,,,,,,,,,,,,,,,,,
,,,,Targant gorge,G, 29.481527N,8.375144W,,,,,,,,,,,,,,,,,,,,,,,,,
,,,,Tamzrart gorge,G,29.361629N,8.518739W,,,,,,,,,,,,,,,,,,,,,,,,,
,,,,Tadakoust gorge,G,29.254602N,8.694864W,,,,,,,,,,,,,,,,,,,,,,,,,
,,,,Ighir Ighnain gorge,G,29.227937N ,8.924098W,,,,,,,,,,,,,,,,,,,,,,,,,
,,,,Tamanart canyon,G, 29.167098N,8.958087W,,,,,,,,,,,,,,,,,,,,,,,,,
,,,,Foum Zguid mesa,G,29.888118N,6.827353W,,,,,,,,,,,,,,,,,,,,,,,,,
Anti-Atlas ,Souss-Massa,Berred et al.2019,"Geomorphosites of the Semi-arid Tata Region: Valorization of an Unknown Geoheritage for Geotourism Sustainable Development (Anti-Atlas, South Morocco)",Addana Onion Peels,G,29° 12′ 52′′ N,8° 13′ 59′′W,….,….,Not defined,,,,,,,,,,,,,,,,,,,,,,
,,,,Foum Zguid stream,H,30° 5′ 46′′ N,6° 53′ 15′′ W,,,,,,,,,,,,,,,,,,,,,,,,,
,,,,"Badlands of Akka (glaciofluvial,
 fluviomarine, & stream alluviums)",G, 29° 28′ 14′′N,8°17′ 35′′ W,,,,,,,,,,,,,,,,,,,,,,,,,
,,,,,,,,,,,,,,,,,,,,,,,,,,,,,,,,
,,,,Hearts of Tata,G,29° 22′ 2′′ N,8° 19′ 19′′ W,,,,,,,,,,,,,,,,,,,,,,,,,
,,,,Karsts of Imitek,G,29° 36′ 57′′ N,8° 15′ 40′′ W,,,,,,,,,,,,,,,,,,,,,,,,,
,,,,ssafen’s Flatiron,G,29° 50′ 50′′ N,8° 31′ 1′′ W,,,,,,,,,,,,,,,,,,,,,,,,,
,,,,Pyramids of Tadakoust,G,29° 19′ 35′′ N,8° 31′ 52′′ W,,,,,,,,,,,,,,,,,,,,,,,,,
Anti-Atlas ,Souss-Massa,"Berred and Berred,2021","Climate Change Issues, Challenges, and Impacts in Terms of Rural Geo‑biological and Cultural Tourism Activity Development in Semiarid Areas: a Case Study from Tata, Bani Geopark (Anti‑Atlas, South Morocco)",Oued Tamzrart flooded,G&H,"29°21'35.55""N","8°31'13.11""W",….,….,"Berred and Berred,2021",,,,,,,,,,,,,,,,,,,,,,
,,,,The alluvial plain of Tadakoust,S,"29°15'1.05""N","8°41'27.91""W",,,,,,,,,,,,,,,,,,,,,,,,,
,,,,The desiccation cracks in the Mghimima region,S,,,,,,,,,,,,,,,,,,,,,,,,,,,
,,,,Deflation phenomenon in the Drâa plain,G,"29°13'34.45""N","7°52'26.75""W",,,,,,,,,,,,,,,,,,,,,,,,,
,,,,Isolation of rocks by erosion facilitated by joints ,G,,,,,,,,,,,,,,,,,,,,,,,,,,,
,,,,The Devonian Rich,G,,,,,,,,,,,,,,,,,,,,,,,,,,,
,,,,Engravings in Tamzrart region,En,"29°18'44.75""N","8°29'37.82""W",,,,,,,,,,,,,,,,,,,,,,,,,
,,,,Slab of rock carvings in the carbonate sandstones,G,,,,,,,,,,,,,,,,,,,,,,,,,,,
,,,,engravings in Tadakous,En,"29°15'51.93""N","8°42'32.55""W",,,,,,,,,,,,,,,,,,,,,,,,,
,,,,Tour of Ait Ouabelli,G,"29°13'32.90""N","8°32'2.81""W",,,,,,,,,,,,,,,,,,,,,,,,,
,,,,Agadir Ou Adkhes,C,,,,,,,,,,,,,,,,,,,,,,,,,,,
Rif,Tanger-Tétouan-Al Hoceïma,Ben Ali et al.2023,"Inventory and Quantitative Assessment of Belyounech Commune Geosites (East of the Site of Biological and Ecological Interest of Jbel Moussa, Northern Moroccan Rif)",Jbel Younech Ruiniform aspects,G,35.896051N,5.390169W,35°54’N ,5° 25’ W,"Brilha, 2016",Carbonatation?,,,,,,,,,,,,,,,,,,,,,
,,,,Abdessamad cave,G,35.896051N,5.390169W,,,,,,,,,,,,,,,,,,,,,,,,,
,,,,The massive dolomites of the Tizgarine unit,M,,,,,,,,,,,,,,,,,,,,,,,,,,,
,,,,Calipso cave,G,,,,,,,,,,,,,,,,,,,,,,,,,,,
,,,,the source and catchment basin of the water,H&G,,,,,,,,,,,,,,,,,,,,,,,,,,,
,,,,Mujer Muerta,G&SG,35.908787N,5.389026W,,,,,,,,,,,,,,,,,,,,,,,,,
,,,,Laila Island,"SG,Hi",35.916551N,5.406037W,,,,,,,,,,,,,,,,,,,,,,,,,
,,,,The Terraces of Ras Leona,SG,35.920680N,5.401799W,,,,,,,,,,,,,,,,,,,,,,,,,
,,,,"Ras Leona rocky coast and Karst (Lapiés, doline and cave)","G,S",De… à?,,,,,,,,,,,,,,,,,,,,,,,,,,
,,,,Jbel Chendir ,S&SG ,35.906329N,5.38799W,,,,,,,,,,,,,,,,,,,,,,,,,
,,,,Socio-cultural complex,C,"35°54’22’’,45N","5°23’17’’,11W",,,,,,,,,,,,,,,,,,,,,,,,,
,,,,The travertine terraces of Bel Younech,"S,PL&C",35.907023N,5.393334W,,,,,,,,,,,,,,,,,,,,,,,,,
,,,,Low coast of the SBEI of Jbel Moussa and islands,G&C,35.909169N,5.393398W,,,,,,,,,,,,,,,,,,,,,,,,,
,,,,Predorsal sandstone of Bel Younech,S&PT,,,,,,,,,,,,,,,,,,,,,,,,,,,
,,,,The cliff of Ras Leona,SG&G,,,,,,,,,,,,,,,,,,,,,,,,,,,
Sahara,Laayoune-Dakhla,Mirari et al.2020,"Geosites for Geotourism, Geoheritage,
 and Geoconservation of the Khnefiss National Park, Southern Morocco", Akhfénir Cliff,SG, 28°09'N,12°04'W,….,….,"Brilha, 2016 & Pereira, 2010",,,,,,,,,,,,,,,,,,,,,,
,,,,Naїla Lagoon,H,28°03'N,12°06'W,,,,,,,,,,,,,,,,,,,,,,,,,
,,,,Sand dunes,G,28°09'N,12°06'W,,,,,,,,,,,,,,,,,,,,,,,,,
,,,,Steady dunes,G,28°03'N,12°16'W,,,,,,,,,,,,,,,,,,,,,,,,,
,,,,Tinouchad daya,H,28°03'N,12°07'W,,,,,,,,,,,,,,,,,,,,,,,,,
,,,,Tazgha salt Flats,M,27°54'N,12°20'W,,,,,,,,,,,,,,,,,,,,,,,,,
,,,,Khaoui Naàm Wadi,H,27°40'N, 12°13'W,,,,,,,,,,,,,,,,,,,,,,,,,
,,,,Echguiguen Site,Ar,27°98'N,12°16'W,,,,,,,,,,,,,,,,,,,,,,,,,
,,,,Akhfennir Sinkhole,Sp,28°10'N ,12°03'W,,,,,,,,,,,,,,,,,,,,,,,,,
Sahara,Guelmim-Oued Noun,"Mirari, S., & Benmlih, A. (2020)",PROMOTION OF GEOTOURISM AND GEOHERITAGE AT THE OASES OF OUED NOUN,Amtoudi travertines ,S,29°14.361 ’N,9°10.108 'W,….,….,"Aoulad-Ali et al., 2019; Nazaruddin, 
2019", Amtoudi's Stratigraphy? Assrir sociocultural?,,,,,,,,,,,,,,,,,,,,,
,,,,Amtoudi waterfall and Bougaa source,H,29°14.36’N,9 ° 10.108’W,,,,,,,,,,,,,,,,,,,,,,,,,
,,,,Amtoudi's stratigraphy,St,,,,,,,,,,,,,,,,,,,,,,,,,,,
,,,,Adrar ZerZem,Ar, 28 ° 926N , 9 ° 042W,,,,,,,,,,,,,,,,,,,,,,,,,
,,,,Abaynou station,H&G,29°093N,10°019W,,,,,,,,,,,,,,,,,,,,,,,,,
,,,,Pigeon cave,G,  29 ° 300N, 9 ° 695W,,,,,,,,,,,,,,,,,,,,,,,,,
,,,,Assaka Basin,H, 29 ° 07'N,10 ° 25'W,,,,,,,,,,,,,,,,,,,,,,,,,
,,,,Asrir Oasis,C, 29 ° 074N,9 ° 432W,,,,,,,,,,,,,,,,,,,,,,,,,
Rif,Tanger-Tétouan-Al Hoceïma,AbdelMaksoud et al.2025,"Preserving Geoheritage in Chefchaouen-Morocco, After a Well Accident: A Focus on Sustainability",Water spring,H&G,"34°53'20.73""N","4°56'53.35""W",,,Abdel Maksoud et al.2025,100 caves one exemple?,,,,,,,,,,,,,,,,,,,,,
,,,,Panoramic view to the folded mountains,SG,"34°55'38.14""N","4°51'58.50""W",,,,,,,,,,,,,,,,,,,,,,,,,
,,,,Petrified wood intruded by iron deposits,PL,"34°53'21.61""N","4°53'44.18""W",,,,,,,,,,,,,,,,,,,,,,,,,
,,,,Stromatolites,PL,"34°56'11.42""N","4°54'42.32""W",,,,,,,,,,,,,,,,,,,,,,,,,
,,,,Caristified cave stalactite,G,"34°54'49.73""N","4°48'51.72""W",,,,,,,,,,,,,,,,,,,,,,,,,
,,,,Karastified limestone rocks eroded,SG,"34°54'34.78""N","4°45'32.94""W",,,,,,,,,,,,,,,,,,,,,,,,,
,,,,Hill shades of limestone rocks,,"34°57'33.46""N","4°49'56.14""W",,,,,,,,,,,,,,,,,,,,,,,,,
,,,,Karstification within the limestone strata,G,"34°53'22.93""N","4°51'1.39""",,,,,,,,,,,,,,,,,,,,,,,,,
Rif,Tanger-Tétouan-Al Hoceïma,Aoulad Sidi-Mhend et al.2019,The Geological Heritage of the Talassemtane National Park and the Ghomara coast Natural Area (NW of Morocco),Ali Thilat Dam,H,509000N,514480W,35°13′31″ N,5°08′26″ W,"Brilha, 2016",,,,,,,,,,,,,,,,,,,,,,
,,,,Quarry of blocks ,GM,508620N,515660W,,,,,,,,,,,,,,,,,,,,,,,,,
,,,,Rueda Nummilitic succession ,SG,350673N,514050W,,,,,,,,,,,,,,,,,,,,,,,,,
,,,,Talâat Adrhosse Klippe ,SG,516259N,519522W,,,,,,,,,,,,,,,,,,,,,,,,,
,,,,Oued Laou Gorge ,G,514979N,519900W,,,,,,,,,,,,,,,,,,,,,,,,,
,,,,Ibouharen Fold,SG,516080N,521865W,,,,,,,,,,,,,,,,,,,,,,,,,
,,,,Tirinesse Basin ,S,520261N,524360W,,,,,,,,,,,,,,,,,,,,,,,,,
,,,,Koudiat Achacha ,SG,518931N,525190W,,,,,,,,,,,,,,,,,,,,,,,,,
,,,,"Dune,beachand cliffs of Kaâ Asrascoast",S, 530456N,533994W,,,,,,,,,,,,,,,,,,,,,,,,,
,,,,Targha mica-shist ,PT,534700N,533600W,,,,,,,,,,,,,,,,,,,,,,,,,
,,,,Stehat gneiss,PT,539420N,527430W,,,,,,,,,,,,,,,,,,,,,,,,,
,,,,Beni Bousera Kinzigites ,PT,542348N,524230W,,,,,,,,,,,,,,,,,,,,,,,,,
,,,,Tihissasse fan delta,G,541513N,525900W,,,,,,,,,,,,,,,,,,,,,,,,,
,,,,BeniBousera Peridotitic Complex ,PT,547357N,518453W,,,,,,,,,,,,,,,,,,,,,,,,,
,,,,Talambote bad lands ,G,518527N,517151W,,,,,,,,,,,,,,,,,,,,,,,,,
,,,,Talambote Thrusting,SG, 519820N,516443W,,,,,,,,,,,,,,,,,,,,,,,,,
,,,,Akchour landslide ,SG,516559N,519522W,,,,,,,,,,,,,,,,,,,,,,,,,
,,,,Akchour Gorge,G, 520220N,515270W,,,,,,,,,,,,,,,,,,,,,,,,,
,,,,Sidi Abdel Hamid,SG,511770N,508040W,,,,,,,,,,,,,,,,,,,,,,,,,
,,,,Ras Ma Spring ,H,513050N,507250W,,,,,,,,,,,,,,,,,,,,,,,,,
,,,,BabTazaPhtanites ,GM,519816N,496000W,,,,,,,,,,,,,,,,,,,,,,,,,
,,,,Bouhala Landslice,G,523579N,496355W,,,,,,,,,,,,,,,,,,,,,,,,,
,,,,Chrafate Spring ,G,528900N,498200W,,,,,,,,,,,,,,,,,,,,,,,,,
,,,,Chrafate Alluvial Fan ,S,526620N,496200W,,,,,,,,,,,,,,,,,,,,,,,,,
,,,,Beni Derkoul Radiolarites,PL, 528971N,96626W,,,,,,,,,,,,,,,,,,,,,,,,,
,,,,Jbel Chrafate,S,528915N,497639W,,,,,,,,,,,,,,,,,,,,,,,,,
,,,,Ametrasse rocks fall ,G,528915N,497640W,,,,,,,,,,,,,,,,,,,,,,,,,
,,,,AmetrasseTertiary Fm Succession ,S,537441N,500341W,,,,,,,,,,,,,,,,,,,,,,,,,
,,,,Kodiat Sbaâ,G,532683N,496238W,,,,,,,,,,,,,,,,,,,,,,,,,
,,,,Raghdat Southern,G,522044N,498840W,,,,,,,,,,,,,,,,,,,,,,,,,
,,,,Jbel Bou Sliman,G,524115N,502322W,,,,,,,,,,,,,,,,,,,,,,,,,
,,,,Jbel Lakraa,S,351300N,515000W,,,,,,,,,,,,,,,,,,,,,,,,,
,,,,Oued Tassikisste Gorge ,G,517264N,531806W,,,,,,,,,,,,,,,,,,,,,,,,,
,,,,Jbel Kelti,SG,528900N,498200W,,,,,,,,,,,,,,,,,,,,,,,,,
,,,,Khzanat Spring,H,512882N,531566W,,,,,,,,,,,,,,,,,,,,,,,,,
,,,,Jbel Tellouja karst ,G,514550N,510800W,,,,,,,,,,,,,,,,,,,,,,,,,
,,,,Raghdat Arimlal ,G,507660N,528564W,,,,,,,,,,,,,,,,,,,,,,,,,
,,,,Pont de Dieu and Farda River,G,520000N,512000W,,,,,,,,,,,,,,,,,,,,,,,,,
,,,,Oued ElKelaa Gorge and waterfall,G,524300N,511980W,,,,,,,,,,,,,,,,,,,,,,,,,
,,,,Tissimlane cherty limestone,S,514708N,508861W,,,,,,,,,,,,,,,,,,,,,,,,,
,,,,Jbel Tissouka,S,516616N,506668W,,,,,,,,,,,,,,,,,,,,,,,,,
Central Massif,Rabat-Salé-Kénitra, Mehdioui et al.2022,"The Geoheritage of Northwestern Central Morocco Area: Inventory and Quantitative Assessment of Geosites for Geoconservation, Geotourism, Geopark Purpose and the Support of Sustainable Development",Upper Ordovician Quartzite slump balls,S&SG,33°35′56.56ʺN, 6°06′36.94ʺW,….,….,"Brilha, 2016",,,,,,,,,,,,,,,,,,,,,,
,,,,Givetian reefal lime stones Stromatoporas,S&PL,33°32′44.71ʺN ,6°00′26.43ʺW,,,,,,,,,,,,,,,,,,,,,,,,,
,,,,Givetian reefal lime stones Algal laminitis,S&PL,33°33′24.41 ʺ N, 6°2′21.78 ʺ W,,,,,,,,,,,,,,,,,,,,,,,,,
,,,,Givetian reefal lime stones Slump balls,S,33°32′54.82 ʺ N,6°01′48.62 ʺ W,,,,,,,,,,,,,,,,,,,,,,,,,
,,,,Famenno-Tournai sian calcareous (Mid Devonian reef limestones) rocks falls of Tiliouine,S,33°32′45 ʺ N ,6°00′27 ʺ W,,,,,,,,,,,,,,,,,,,,,,,,,
,,,,,,,,,,,,,,,,,,,,,,,,,,,,,,,,
,,,,Middle Devonian reefal limestone olistoliths within the Tournisian turbid ites West of Tiliouine,SG,33°33′12 ʺ N ,6°04′13 ʺ W,,,,,,,,,,,,,,,,,,,,,,,,,
,,,,Tournaisian reefal limestones Olistoliths of Tiddas,SG,33°31′42 ʺ N, 6°15′06 ʺ W,,,,,,,,,,,,,,,,,,,,,,,,,
,,,,Westphalian red conglomerates,SG,33°31′26 ʺ N ,6°15′23 ʺ W,,,,,,,,,,,,,,,,,,,,,,,,,
,,,,Granite of Zaer,SG,33°23′39.07 ʺ N, 6°34′50.84 ʺ W,,,,"Linked to vriscan orogeny, Structural? STRUCTURAL",,,,,,,,,,,,,,,,,,,,,
,,,,Variscan synoro genic Granite of Oulmes,SG,33°26′28 ʺ N ,6°03′09 ʺ W,,,,,,,,,,,,,,,,,,,,,,,,,
,,,,Oulmes Granite and metamorphism aureole contact,SG,33°26′28 ʺ N ,6°03′09 ʺ W,,,,metamoph-structural? STRUCTURAL,,,,,,,,,,,,,,,,,,,,,
,,,,The El Karit mine: fillonien complex with the Tin and tungsten,SG,33°25′05 ʺ N ,6°06′09 ʺ W,,,,,,,,,,,,,,,,,,,,,,,,,
,,,,The El Karit mine: giant andalusite,SG,33°25′21 ʺ N,6°06′07 ʺW,,,,"Exeptional size ofandalousite, petrog, mineralogy?",,,,,,,,,,,,,,,,,,,,,
,,,,Autunian fluviatile channels volcano-detritic Red serie of Souk Sebt,S," 33°38′40.72 ʺ N
", 6°08′37.89 ʺ W,,,,,,,,,,,,,,,,,,,,,,,,,
,,,,Autunian Trachy andesite of Tiddas,SG,33°34′ 44 N ,6°16′ 15 W,,,,,,,,,,,,,,,,,,,,,,,,,
,,,,Permian Rhyolite of Souk Sebt,SG,33°38′31.87 ʺ N, 6°08′8.98 ʺ W,,,,,,,,,,,,,,,,,,,,,,,,,
,,,,Triassic Basalts of Jbel Merzaga-Maaziz,SG,33°41′9.71 ʺ N, 6°26′36.50 ʺ W,,,,,,,,,,,,,,,,,,,,,,,,,
,,,,Upper Trias sic evaporate (gypsum) of Khemisset,SG,33° 37′ 19 ʺ N ,6° 25′ 00 ʺ W,,,,,,,,,,,,,,,,,,,,,,,,,
,,,,Visean-Miocene uncon,SG,33°33′54.78 ʺ N, 6°44′58.71 ʺ W,,,,,,,,,,,,,,,,,,,,,,,,,
,,,,Triassic-Miocene uncon of Maaziz,SG,33° 36′ 37 N ,6° 24′ 18 W,,,,,,,,,,,,,,,,,,,,,,,,,
,,,,Quaternary Basal tic flow of El Harcha,SG,33°29′09 ʺ N ,6°09′30’’W,,,,,,,,,,,,,,,,,,,,,,,,,
,,,,Quaternary Basal tic flow of Oued Boulahmayl lavas,SG,33°19′44.45 ʺ N, 6°59′48.11 ʺ W,,,,,,,,,,,,,,,,,,,,,,,,,
High Atlas,Beni Mellal-Khenifra,Louz et al.2022,"Inventory and Enhancement of Geological Heritage in the Ouzoud Syncline (M’Goun UNESCOGeopark, Central High Atlas, Morocco): First Step for Promoting Geotourism and Sustainable Development †",Thedolerite sill of Ouzoud,PT,"32° 2'7.94""N","6°42'21.17""W","32° 0'6.33""N","6°43'55.53""W",Reynard et al.2016,,,,,,,,,,,,,,,,,,,,,,
,,,,Ouzoud waterfalls,G," 32° 0'54.02""N","6°43'11.08""W",,,,,,,,,,,,,,,,,,,,,,,,,
,,,,Ouzoud travertines,S,"32° 1'2.23""N","6°43'19.47""W",,,,,,,,,,,,,,,,,,,,,,,,,
,,,,Estuary of Oued Tassakht ,H,"31°59'13.34""N","6°42'7.55""W",,,,,,,,,,,,,,,,,,,,,,,,,
,,,,Oued EL Abid gorges and caves,G,"32°10'1.51""N","6°15'32.42""W",,,,,,,,,,,,,,,,,,,,,,,,,
,,,,Azilal formation intruded by Tanaghmelt sill,SG&S,"32° 1'7.51""N","6°44'40.44""W",,,,,,,,,,,,,,,,,,,,,,,,,
,,,,Zaouit Tanaghmelt ,R,"32° 1'7.85""N","6°44'11.64""W",,,,,,,,,,,,,,,,,,,,,,,,,
,,,,Basaltic flows of Ouzoud,PT,"32° 0'6.79""N","6°44'46.08""W",,,,,,,,,,,,,,,,,,,,,,,,,
,,,,Ouzoud springs,H,"31°59'23.28""N","6°42'49.50""W",,,,,,,,,,,,,,,,,,,,,,,,,
Central High Atlas,Beni Mellal-Khénifra,Louz et al.2022a,"Geological heritage of the Taguelft syncline (M'Goun Geopark): Inventory, assessment, and promotion for geotourism development (Central High Atlas, Morocco)",Gabroic Intrusion of Idemrane ,PT,32°12′10 ″N ,6°7′12 ″W,….,….,Reynard et al.2016,,,,,,,,,,,,,,,,,,,,,,
,,,,Sills of Idemrane,PT,32°16′30 ″N ,6°15′32 ″W,,,,,,,,,,,,,,,,,,,,,,,,,
,,,,"Folded marly limstones of the Bine El OuidaneII
 Fm",SG,32°15′39 ″N ,6°15′46 ″W,,,,,,,,,,,,,,,,,,,,,,,,,
,,,,Fossil wood of the Azilal Fm,PL,32°16′12 ″N ,6°15′50 ″W,,,,,,,,,,,,,,,,,,,,,,,,,
,,,,Chaos alteration of gabbros,S,32°16′11″N ,6°15′31″W,,,,,,,,,,,,,,,,,,,,,,,,,
,,,,Red facies of the Guettioua Fm,S,32°12′53″N ,6°13′22″W,,,,,,,,,,,,,,,,,,,,,,,,,
,,,,Dinosaur bone deposi tat Agard-n-Sgat,PL,32°14′19 ″N ,6°13′42 ″W,,,,,,,,,,,,,,,,,,,,,,,,,
,,,,Dinosaur footprints of Ait wissadane,PL,32°13′40 ″N, 6°14′55 ″W,,,,,,,,,,,,,,,,,,,,,,,,,
,,,,Basaltic flow B1,PT,32°12′26 ″N ,6°15′24 ″W,,,,,,,,,,,,,,,,,,,,,,,,,
,,,,Radiating dykes Taghia-n-Ait Boulmane,Mg,"32°12'6.28""N","6° 7'2.75""W",,,,,,,,,,,,,,,,,,,,,,,,,
,,,, Karstic landscapes Taghia-n-Ait Boulmane,G,32°14′11.92”N,6°07′09.24”W,,,,,,,,,,,,,,,,,,,,,,,,,
,,,,Gabbroic intrusion of Taghia-n-Ait Boulmane,Mg,32°14′11.92”N,6°07′09.24”W,,,,,,,,,,,,,,,,,,,,,,,,,
,,,,Dyke of Taguelft,Mg,32°12′33 ″N ,6°07′08 ″W,,,,,,,,,,,,,,,,,,,,,,,,,
,,,,Fault-fold associated with the magmatic intrusion,SG,"32°11'55.93""N","6° 6'25.60""W",,,,,,,,,,,,,,,,,,,,,,,,,
,,,,Fossiliferous site of Tighalghalt,PL, 6°4′35 ″N,32°11′30 ″W,,,,,,,,,,,,,,,,,,,,,,,,,
,,,,Travertines of Tighalghalt,K,"32°14'35.32""N","6°14'13.50""W",,,,,,,,,,,,,,,,,,,,,,,,,
,,,,Taghia-n-Ait Boulmane gorges,G,32°14′11.92”N,6°07′09.24”W,,,,,,,,,,,,,,,,,,,,,,,,,
,,,,Folded structures Taghia-n-Ait Boulmane,SG,32°14′11.92”N,6°07′09.24”W,,,,,,,,,,,,,,,,,,,,,,,,,
,,,,The community granaries of Taghia-n-Ait Boulmane,C,"32°11'1.87""N","6° 5'42.20""W",,,,,,,,,,,,,,,,,,,,,,,,,
,,,,Ammonites and sponges fossil of  Jbel Taguendouft,PL,"32° 5'38.14""N","6°16'34.08""",,,,,,,,,,,,,,,,,,,,,,,,,
Central High Atlas,Beni Mellal-Khénifra,Louz et al.2024,"Identification of Potential Areas for the Development of Geotourism 
in the Northern Part of the M’goun Geopark (Morocco) Using 
Multi‑Criteria Analysis and Sig","Watercourse, river, lake, dam",H,32°6′32.20″N, 6°27′48.03″W,32°N - 32°30’N, 5°50’W,"Assessment of Geosites in Northern Morocco_Diversity and Richness with Potential for Socioeconomic Development















































































































































































































































































































































",Coordinates from to?,,,,,,,,,,,,,,,,,,,,,
,,,,Dinosaur footprints,PL,32° 6′24.89″N,6°27′29.98″W,,,,"geosite'type from Rais et al 2021, Ait Omar et al 2020",,,,,,,,,,,,,,,,,,,,,
,,,,Panoramic view of the Ouaouizaght Syncline,SG&S,32° 7′54.04″N,6°23′49.67″W,,,,,,,,,,,,,,,,,,,,,,,,,
,,,,"Inverse fault, anticlinal fold and joint",SG,,,,,,,,,,,,,,,,,,,,,,,,,,,
,,,,Assif Assemssil Bridge,H,32° 6′29.98″N,6°28′21.93″W,,,,,,,,,,,,,,,,,,,,,,,,,
,,,,Oued Ahençal river,H,32° 4′11.81″N,6°25′26.51″W,,,,,,,,,,,,,,,,,,,,,,,,,
,,,,Oued el Abid Bridge,S,32° 8′1.74″N,6°18′42.41″W,,,,,,,,,,,,,,,,,,,,,,,,,
,,,,Panoramic view of badlands and cuesta,G,32° 5′30.55″N,6°19′53.61″W,,,,,,,,,,,,,,,,,,,,,,,,,
,,,,Ain Asserdoune-Tamgnounte,"H,K&C","32,3241 N ","6,3375 W",,,,,,,,,,,,,,,,,,,,,,,,,
,,,,Ain El Ghazi cave,,,,,,,,,,,,,,,,,,,,,,,,,,,,
,,,,Moudj Canyon,"H,K&E","32,280556 N ","6,2975 W",,,,,,,,,,,,,,,,,,,,,,,,,
,,,,Ruiniform landscape of Moudj,G&H,,,,,,,,,,,,,,,,,,,,,,,,,,,
,,,,Idemrane landslide,,,,,,,,,,,,,,,,,,,,,,,,,,,,
,,,,Adouz dejection cone,,,,,,,,,,,,,,,,,,,,,,,,,,,,
,,,,Ajojjar waterfall,,,,,,,,,,,,,,,,,,,,,,,,,,,,
,,,,Ouchrah site,H,,,,,,,,,,,,,,,,,,,,,,,,,,,
,,,,Tafrent Polje,,,,,,,,,,,,,,,,,,,,,,,,,,,,
,,,,Hançais,,,,,,,,,,,,,,,,,,,,,,,,,,,,
,,,,Ain Fachtals,,,,,,,,,,,,,,,,,,,,,,,,,,,,
,,,,Ain Ikhourba,,,,,,,,,,,,,,,,,,,,,,,,,,,,
,,,,Taghbaloute- n- Ouhlima," H,K,C&E","32,55341501 N","6,01361989W",,,,,,,,,,,,,,,,,,,,,,,,,
,,,,Jbel Boutarwa,,,,,,,,,,,,,,,,,,,,,,,,,,,,
,,,,Tit-n-Ziza Geomorphosite,G,,,,,,,,,,,,,,,,,,,,,,,,,,,
,,,,Afla Ifran Geomorphosite,G,,,,,,,,,,,,,,,,,,,,,,,,,,,
,,,,Chkounda Geomorphosite,G,,,,,,,,,,,,,,,,,,,,,,,,,,,
,,,,Tichniwine Rocks,,,,,,,,,,,,,,,,,,,,,,,,,,,,
,,,,Iferd Ait Masaoud Polje,,,,,,,,,,,,,,,,,,,,,,,,,,,,
,,,,Ben Cherrou Valley,,,,,,,,,,,,,,,,,,,,,,,,,,,,
,,,,Jbel Tadawt Karst,,,,,,,,,,,,,,,,,,,,,,,,,,,,
,,,,Jbel Wawngarf karstic plateau,,,,,,,,,,,,,,,,,,,,,,,,,,,,
,,,,El Haounet karstic plateau,,,,,,,,,,,,,,,,,,,,,,,,,,,,
,,,,The Walous cliff granaries,,,,,,,,,,,,,,,,,,,,,,,,,,,,
,,,,Ain Askar,,,,,,,,,,,,,,,,,,,,,,,,,,,,
,,,,Oued El Abid meanders,,,,,,,,,,,,,,,,,,,,,,,,,,,,
,,,,Gabbroic intrusion of Idemrane,Mg,,,,,,,,,,,,,,,,,,,,,,,,,,,
,,,,Sills of Idemrane,Mg,,,,,,,,,,,,,,,,,,,,,,,,,,,
,,,,Folded marly limstones of the Bine El Ouidane II Fm,SG,,,,,,,,,,,,,,,,,,,,,,,,,,,
,,,,Fossil wood of the Azilal Fm,PL,,,,,,,,,,,,,,,,,,,,,,,,,,,
,,,,Chaos alteration of gabbros,S,,,,,,,,,,,,,,,,,,,,,,,,,,,
,,,,Red facies of the Guettioua Fm,S,,,,,,,,,,,,,,,,,,,,,,,,,,,
,,,,Dinosaur bone deposit of Agard-n-Sgat,PL,,,,,,,,,,,,,,,,,,,,,,,,,,,
,,,,Dinosaur footprints at Ait Wissadane,PL,,,,,,,,,,,,,,,,,,,,,,,,,,,
,,,,Basaltic flow B1,Mg,,,,,,,,,,,,,,,,,,,,,,,,,,,
,,,,The Taghia-n-Ait Boulmane intrusion,Mg,,,,,,,,,,,,,,,,,,,,,,,,,,,
,,,,Dyke of Taguelft,Mg,,,,,,,,,,,,,,,,,,,,,,,,,,,
,,,,Fault-fold associated with the magmatic intrusion of Ait Boulmane,SG,,,,,,,,,,,,,,,,,,,,,,,,,,,
,,,,Ouzoud waterfalls,H,,,,,,,,,,,,,,,,,,,,,,,,,,,
,,,,Karstic spring of Ouzoud,K,,,,,,,,,,,,,,,,,,,,,,,,,,,
,,,,Oued El Abid Gorges,G,,,,,,,,,,,,,,,,,,,,,,,,,,,
,,,,Estuary of Oued Tissakht (Ouzoud caves),H&K,,,,,,,,,,,,,,,,,,,,,,,,,,,
,,,,Doleritic sill of Ouzoud,SG,,,,,,,,,,,,,,,,,,,,,,,,,,,
,,,,Zauia of Tanaghmelt,R,,,,,,,,,,,,,,,,,,,,,,,,,,,
,,,,Basaltic flows of Ouzoud,Mg,,,,,,,,,,,,,,,,,,,,,,,,,,,
,,,,Chocolate marl intruded by Tanaghmelt sil,St,,,,,,,,,,,,,,,,,,,,,,,,,,,
,,,,Ouzoud travertines,K,,,,,,,,,,,,,,,,,,,,,,,,,,,
,,,,Moudj’s lapiez,,,,,,,,,,,,,,,,,,,,,,,,,,,,
,,,,Timskar Waterfalls,K,,,,,,,,,,,,,,,,,,,,,,,,,,,
,,,,Tazerkount Ruiniformes Landscapes,,,,,,,,,,,,,,,,,,,,,,,,,,,,
,,,,Caves of Orbiaa,K&Hi,,,,,,,,,,,,,,,,,,,,,,,,,,,
,,,,Ain Orbiaa,K&R,,,,,,,,,,,,,,,,,,,,,,,,,,,
,,,,Ruiniformes Landscapes of Tacmit,K,,,,,,,,,,,,,,,,,,,,,,,,,,,
,,,,Timskar’s travertines,K,,,,,,,,,,,,,,,,,,,,,,,,,,,
,,,,Tazzerkount Tepee Structures,,,,,,,,,,,,,,,,,,,,,,,,,,,,
,,,,travertines of El Ksiba,K,,,,,,,,,,,,,,,,,,,,,,,,,,,
,,,,Ruiniformes Landscapes of EL Ksiba,K,,,,,,,,,,,,,,,,,,,,,,,,,,,
,,,,Fossils of Moudj,PL,,,,,,,,,,,,,,,,,,,,,,,,,,,
,,,,Panoramic view of Rurate,,,,,,,,,,,,,,,,,,,,,,,,,,,,
,,,,Spring of Lala Kamria,K,,,,,,,,,,,,,,,,,,,,,,,,,,,
,,,,Panoramic view of overturned bar of Iferghas,,,,,,,,,,,,,,,,,,,,,,,,,,,,
,,,,Karst cliff of Ighir-n-Oumejjad,SG,,,,,,,,,,,,,,,,,,,,,,,,,,,
,,,,Panoramic view of the Ait Attab syncline,,,,,,,,,,,,,,,,,,,,,,,,,,,,
,,,,The tectonic deformations of Jbel Hassan,SG,,,,,,,,,,,,,,,,,,,,,,,,,,,
,,,,The ruiniform limestones with ammonite of the Ben Cherrou formation,PL,,,,,,,,,,,,,,,,,,,,,,,,,,,
,,,,Panoramic view of the Cretaceous cuestas,,,,,,,,,,,,,,,,,,,,,,,,,,,,
,,,,The bad land of Ait Ouabit,,,,,,,,,,,,,,,,,,,,,,,,,,,,
,,,,Gorges of Ait Ouabit,,,,,,,,,,,,,,,,,,,,,,,,,,,,
,,,,Conglomerate terraces of Oued El Abid,,,,,,,,,,,,,,,,,,,,,,,,,,,,
,,,,The footprints of sauropod dinosaurs of Ayt Bouiqban,,,,,,,,,,,,,,,,,,,,,,,,,,,,
,,,,Lower limit of the basaltic flow B2,,,,,,,,,,,,,,,,,,,,,,,,,,,,
,,,,Jurassic-Cretaceous unconformity and volcanic activities,,,,,,,,,,,,,,,,,,,,,,,,,,,,
,,,,Bioclastic limestone with ammonite of the Bine El Ouidane BIII formation,,,,,,,,,,,,,,,,,,,,,,,,,,,,
,,,,Panoramic view of Oued El Abid from the old Caida of Taounza,,,,,,,,,,,,,,,,,,,,,,,,,,,,
,,,,Caves of cats and the spring of Tisqui,,,,,,,,,,,,,,,,,,,,,,,,,,,,
,,,,Bioclastic marly limestone of Ait Tafelt formation,,,,,,,,,,,,,,,,,,,,,,,,,,,,
,,,,Eroded sandstone of Jbel Ilaghmane,,,,,,,,,,,,,,,,,,,,,,,,,,,,
,,,,Panoramic view of the red formations separated by the BI and BII magmatic events,,,,,,,,,,,,,,,,,,,,,,,,,,,,
,,,,Ruiniform reliefs of Jbel Al Maqçoura,,,,,,,,,,,,,,,,,,,,,,,,,,,,
Central High Atlas,Draa-Tafilalet ,Manaouch et al.2025,Enhancing Geotourism in Southeastern Morocco through Machine Learning‑Based Geomorphosite Identification,Jurassic tabular structures,G,"32°10'4.79""N","4°22'14.38""W",32° 5’ 48” N and 32° 64’ 19” N,4° 11’ 72” W and 5° 46’ 20” W,Manaouch et al.2025,,,,,,,,,,,,,,,,,,,,,,
,,,,wadi Ziz canyon,G,"32° 9'9.30""N","4°22'26.61""W",,,,,,,,,,,,,,,,,,,,,,,,,
,,,,Hammat Moulay Ali Cherif,G,"32°10'57.48""N","4°22'1.67""W",,,,,,,,,,,,,,,,,,,,,,,,,
,,,,Hassan Addakhil Dam Lake,G,"32° 1'32.74""N","4°27'48.18""W",,,,,,,,,,,,,,,,,,,,,,,,,
,,,,Tunnel Zaabel,G,"32°10'18.85""N","4°22'4.25""W",,,,,,,,,,,,,,,,,,,,,,,,,
,,,,Ziz Valley Ait Atmane,G,"32° 5'7.69""N","4°23'1.34""W",,,,,,,,,,,,,,,,,,,,,,,,,
,,,,Waterfall  ,G,"32° 4'47.11""N","4°22'30.42""W",,,,,,,,,,,,,,,,,,,,,,,,,
Meseta,Marrakech-Safi,Kaid Rassou et.2019,THE VULGARIZATION FOR THE PATRIMONIALIZATION OF THE KETTARA GEODIVERSITY (CENTRAL JBILET) MOROCCO,Panoramic view from the Kettara intrusion,Mg,"31°52'25.31""N","8°10'5.31""W",,,"Cocean, 2011; Iosif, 2014; Reynard, 2005, 2006; Reynard et al. 2007",,,,,,,,,,,,,,,,,,,,,,
,,,,Mineralized quartz-chlorite vein cutting the schists at a low angle in the Kettara gossan,M,"31°51'58.09""N","8°10'37.45""W",,,,,,,,,,,,,,,,,,,,,,,,,
,,,," Mineralized quartz-chlorite vein cutting the schists at a 
low angle in the Kettara gossan",M,"31°52'36.27""N","8° 8'37.08""W",,,,,,,,,,,,,,,,,,,,,,,,,
,,,,,,,,,,,,,,,,,,,,,,,,,,,,,,,,
,,,,"Specimen from the drill core showing a mineralized quartz-chlorite 
vein crosscut by a carbonate (CC) vein",M,"31°52'39.26""N","8°11'13.83""W",,,,,,,,,,,,,,,,,,,,,,,,,
,,,,,,,,,,,,,,,,,,,,,,,,,,,,,,,,
,,,,Intrusion affected by subvertical schistosity,M,"31°51'29.66""N","8° 9'53.57""W",,,,,,,,,,,,,,,,,,,,,,,,,
,, Wakass et al.2023,"Geosites of High Atlas of Marrakech (Morocco): Geological Characterization, Accessibility, and Potential Interests for Sustainable Tourism",Panorama of a geological succession with several uncon formities (Tahannaout; Douar Sour),"S,PL&SG","31°20'38.36""N","7°57'4.39""W",,,,"Formations sédim, fossiles dans sédim et faille synsédim",,,,,,,,,,,,,,,,,,,,,
,,,,Normal faults with tilted blocks (Zawyat bou houta),SG,"31°19'50.42""N","7°57'14.97""W",,,,,,,,,,,,,,,,,,,,,,,,,
,,,,"Syn-sedimentary tectonic geosite: Hemigraben perched on visean basement, graben, tilted block and normal faults (Tibizzit)",S&SG,"31°19'24.43""N","7°57'19.25""W",,,,,,,,,,,,,,,,,,,,,,,,,
,,,,"Syn-sedimentary tectonic geosite of a 
normal fault (Aghzane",S&SG,"31°18'23.31""N","7°58'19.19""W",,,,,,,,,,,,,,,,,,,,,,,,,
,,,, Moulay Brahim landscape,"Mg,S,SG&C","31°17'32.59""N","7°57'56.65""W",,,,,,,,,,,,,,,,,,,,,,,,,
,,,,  Asni anticlinorium,G,"31°15'25.66""N","7°58'50.05""W",,,,,,,,,,,,,,,,,,,,,,,,,
,,,,Imlil landscape,S&SG,"31° 8'3.88""N","7°55'15.22""W",,,,"Imlil: sedim series, fault, and folds",,,,,,,,,,,,,,,,,,,,,
,,,, Foot of Toubkal,,"31° 5'2.06""N","7°55'14.74""w",,,,,,,,,,,,,,,,,,,,,,,,,
,,,,Toubkal national Park,,"31° 3'47.76""N","7°56'14.91""W",,,,,,,,,,,,,,,,,,,,,,,,,
,,,,Aerial courses and B tree climbing in Terre d’Amanar tourist site (Tahannaout),,"31°20'43.18""N","7°56'45.96""W",,,,,,,,,,,,,,,,,,,,,,,,,
Anti-Atlas,,Errami et al.2015,"Géosites,SitesGéologiquesd’Intérêt ScientifiqueSpécialetpotentielsgéoparcs dansl’Anti-Atlas(Maroc)",Zenaga Inlier ,GH,,,,,Errami et al.2015,"New typologies: géopark, géosites, SSSI, global géopark",,,,,,,,,,,,,,,,,,,,,
,,,,"Neoproterozoic doleritic dykes (Zenaga, Central AA)",GH,,,,,,,,,,,,,,,,,,,,,,,,,,,
,,,,Tholeiitic dyke swarms (Zenaga inlier),GH,,,,,,,,,,,,,,,,,,,,,,,,,,,
,,,,Well preserved Pre-Pan-African sedimentary features,GH,,,,,,,,,,,,,,,,,,,,,,,,,,,
,,,,"Pan-African ophiolites of Bou Azzer and Siroua inliers, central AA)",GH,,,,,,,,,,,,,,,,,,,,,,,,,,,
,,,,Major Anti-Atlas Fault (central AA),GH,,,,,,,,,,,,,,,,,,,,,,,,,,,
,,,,"Pan-African Diamictites (Bou-Azzer and Siroua inliers, central AA)",GH,,,,,,,,,,,,,,,,,,,,,,,,,,,
,,,,Ediacarian Iknioun granodiorites,GH,,,,,,,,,,,,,,,,,,,,,,,,,,,
,,,,Late Neoproterozoic stromatolites,GH,,,,,,,,,,,,,,,,,,,,,,,,,,,
,,,,"Contacts Pan-African Groups: Saghro, Mgouna and Ouarzazate Groups",GH,,,,,,,,,,,,,,,,,,,,,,,,,,,
,,,,"Contacts Palaeoproterozoic Zenaga complex, late Neoproterozoic Ouarzazate Supergroup and the Cambrian Tata Group",GH,,,,,,,,,,,,,,,,,,,,,,,,,,,
,,,,,GH,,,,,,,,,,,,,,,,,,,,,,,,,,,
,,,,Appalachian type folding in western AA,GH,,,,,,,,,,,,,,,,,,,,,,,,,,,
,,,,Large Cambrian trilobite Paradoxides,GH&C,,,,,,,,,,,,,,,,,,,,,,,,,,,
,,,,Ordovician outcrop of Jbel Kissane,GH,,,,,,,,,,,,,,,,,,,,,,,,,,,
,,,,Large Ordovician trilobites (Asaphus) death assemblages,GH&C,,,,,,,,,,,,,,,,,,,,,,,,,,,
,,,,Silurian and lowermost Devonian Orthoceras-rich limestones and ammonite-rich limestones,GH&C,,,,,,,,,,,,,,,,,,,,,,,,,,,
,,,,,GH,,,,,,,,,,,,,,,,,,,,,,,,,,,
,,,,Early Devonian Kess Kess carbonate mounds,GH,,,,,,,,,,,,,,,,,,,,,,,,,,,
,,,,Middle Devonian coral stromatoporoid biostrome,GH,,,,,,,,,,,,,,,,,,,,,,,,,,,
,,,,Green eyes and red Devonian phacopid trilobite,GH,,,,,,,,,,,,,,,,,,,,,,,,,,,
,,,,Frasnian plants from the Drâa Valley,GH,,,,,,,,,,,,,,,,,,,,,,,,,,,
,,,,Well preserved shallow-water sedimentary features in Cambrian rocks,GH,,,,,,,,,,,,,,,,,,,,,,,,,,,
,,,,Foum-Zguid Jurassic dyke,GH,,,,,,,,,,,,,,,,,,,,,,,,,,,
Middle Atlas,Dakhla-Oued Eddahab,Saddiqi et al.2022," Recommandation de deux géoroutes au sud
 du Maroc: 3Ga entre le désert du Sahara et
 l'océan Atlantique",Typical coastal cliff of the Dakhla peninsula,S,"23°45'20"" N","15°55'30""W",….,…., Brilha (2016) & Santos et al. (2020),,,,,,,,,,,,,,,,,,,,,,
,,,,North border of the Dakhla lagoon north of the artesian well,S&Ar,"23°53'97""N","15°42'67""W",,,,,,,,,,,,,,,,,,,,,,,,,
,,,,Sphinx Rock,S,"23°53'97""N","15°42'67""W",,,,,,,,,,,,,,,,,,,,,,,,,
,,,,"Outcrops of Eocene for
mations beneath Miocene deposits ",S,"23°53'97""N ","15°42'67""W",,,,,,,,,,,,,,,,,,,,,,,,,
,,,,Lower Eocene Izik Formation with chert nodules,S,"23°53'97""N ","15°42'67""W",,,,,,,,,,,,,,,,,,,,,,,,,
,,,,Dewatering fold,S,"23°35'27""N ","15°41'53""W",,,,,,,,,,,,,,,,,,,,,,,,,
,,,,Neptunian dyke in the Izik deposits,S,"23°35'27""N ","15°41'53""W",,,,,,,,,,,,,,,,,,,,,,,,,
,,,,Shark tooth ,PL,"23°35'27""N ","15°41'53""W",,,,,,,,,,,,,,,,,,,,,,,,,
,,,,Miocene-Pliocene succession,S,"23°35'27""N ","15°41'53""W",,,,,,,,,,,,,,,,,,,,,,,,,
,,,,Neolithic engravings on Lower Cretaceous sandstones,"S,SG&C","23°19'36""N ","15°13'58""W",,,,,,,,,,,,,,,,,,,,,,,,,
,,,,Metabasite,Me&SG," 23°11'87""N ","15°04'78""W",,,,,,,,,,,,,,,,,,,,,,,,,
,,,,Metagabbro of the Adrar Souttouf massif,Me&SG," 23°11'87""N ","15°04'78""W",,,,,,,,,,,,,,,,,,,,,,,,,
,,,,Rounded hills of nepheline syenite,Me&Mg,"22°33'01""N","14°19'02""W",,,,,,,,,,,,,,,,,,,,,,,,,
,,,,Magmatic lineation,Me&Mg,"22°33'01""N","14°19'02""W",,,,,,,,,,,,,,,,,,,,,,,,,
,,,,Dliyat N’sour migmatite with large basic blocks crosscut by granite veins,"Me,Pt&SG","22°35'52""N","14°24'09""W",,,,,,,,,,,,,,,,,,,,,,,,,
,,,,Awsard panorama,SG,"22°37'38""N","14°24'29""W",,,,,,,,,,,,,,,,,,,,,,,,,
,,,,Oued Chebeika estuary,SG&Me,"28°17'44""N","11°31'30""W",,,,,,,,,,,,,,,,,,,,,,,,,
,,,,Cliffs of the west border of the Chebeika estuary,SG&Me,"28°17'44""N","11°31'30""W",,,,,,,,,,,,,,,,,,,,,,,,,
,,,,Lower Cretaceous f luvial sandstones (“Tan-Tan sands”) beneath the Hamada Plateau,"S,G&PG","28°28'45""N","11°12'15""W",,,,,,,,,,,,,,,,,,,,,,,,,
,,,,"Cross-bedding in the fluvial
 sandstones  (“Tan-Tan sands”)","S,G&PG","28°28'45""N","11°12'15""W",,,,,,,,,,,,,,,,,,,,,,,,,
,,,,Transgression of the Lower Cretaceous redbeds on the Bas Draa Precambrian Massif,"SG,Mo&PG","28°23'24""N","11°01'01""W",,,,,,,,,,,,,,,,,,,,,,,,,
,,,,Upper Precambrian  metaconglomerates (south-western tip of the Bas Draa inlier),SG,"28°20'46""N","10°56'03""W",,,,,,,,,,,,,,,,,,,,,,,,,
,,,,Vertical Cambrian quartzites (“Barre de Goulimine”) crossed by directional fault,St&SG," 28°16'40""N","10°54'07""W",,,,,,,,,,,,,,,,,,,,,,,,,
,,,,Cylindrical folds of Ordovician quartzites,St,"28°13'22""N","13°53'12""W",,,,,,,,,,,,,,,,,,,,,,,,,
,,,,Breached fold east of the sebkha,Mo,"28°13'22""N","13°53'12""W",,,,Detailed stratigraphic features of the fold,,,,,,,,,,,,,,,,,,,,,
,,,,Lower Ordovician (Llanvirn) oolithic iron bed section,SG&Ec,"28°03'33""N","10°53'19""W",,,,,,,,,,,,,,,,,,,,,,,,,
,,,,"Perched syncline formed by Rich 1 and Rich 2 
 Jbel Rich fold train)",SG&Ec,"28°03'33""N","10°53'19""W",,,,Sumerizing names??,,,,,,,,,,,,,,,,,,,,,
,,,,Open folds  of Jbel Rich,SG&Ec,"28°03'33""N","10°53'19""W",,,,,,,,,,,,,,,,,,,,,,,,,
,,,,Jbel Tazout cuesta (Tournaisian),SG,"28°00'58""N","10°49'01""W",,,,,,,,,,,,,,,,,,,,,,,,,
,,,,Jbel Ouarziz cuesta (Visean),SG,"28°00'58""N","10°49'01""W",,,,,,,,,,,,,,,,,,,,,,,,,
,,,,Laglat mica-schists showing superimposed structures,SG,"22°36'44""N","14°28'57""W",,,,,,,,,,,,,,,,,,,,,,,,,
Middle Atlas,,Ech‑charay et al.2022,The Geoheritage of the South‑Eastern Frontal Zone of the Middle Atlas (Morocco): First Inventory and Assessment,Accident of Izelfane,SG,33°21′25.4 ″N ,4°02′39.3 ″W,….,….,Brilha (2016) & Santos et al. (2020),,,,,,,,,,,,,,,,,,,,,,
,,,,Fossils of Ighzer Izelfane,PL,33°21′28.4 ″N ,4°01′46.7 ″W,,,,,,,,,,,,,,,,,,,,,,,,,
,,,,Diapir of Tittaouine,SG,33°22′04.3 ″N ,4°01′00.1 ″W,,,,,,,,,,,,,,,,,,,,,,,,,
,,,,Salt mine of Tittaouine,GM,33°22′22.8 ″N ,4°01′04.6 ″W,,,,,,,,,,,,,,,,,,,,,,,,,
,,,,Tittaouine Spring,H,33°22′28.6 ″N ,4°01′16.4 ″W,,,,,,,,,,,,,,,,,,,,,,,,,
,,,,Jbel Aghanja’s fold,SG,33°22′43.9 ″N ,4°00′37.9 ″W,,,,,,,,,,,,,,,,,,,,,,,,,
,,,,Kardoud and Abdel Ali springs,H,33°19′12.6 ″N ,3°55′00.6 ″W,,,,,,,,,,,,,,,,,,,,,,,,,
,,,,Calcite quarry,GM,33°28′15.0 ″N ,3°57′49.1 ″W,,,,,,,,,,,,,,,,,,,,,,,,,
,,,,Sauropod footprints,PL,33°28′48.8 ″N ,4°01′25.5 ″W,,,,,,,,,,,,,,,,,,,,,,,,,
,,,,Jbel Bou Naceur,SG,33°34′14.7 ″N ,3°53′16.8 ″W,,,,,,,,,,,,,,,,,,,,,,,,,
,,,,Ain Jdid,H,33°29′10.7 ″N ,3°49′01.7 ″W,,,,,,,,,,,,,,,,,,,,,,,,,
Meseta,Doukkala-Abda,Enniouar et al.2015,The Geoheritage of the Doukkala-Abda Region (Morocco): An Opportunity for Local Socio-Economic Sustainable Development,Late Precambrian rhyolites of Sidi Daoui,Pt,33°14′00″N,8°30′00″W,….,….,"Viette, 2007",,,,,,,,,,,,,,,,,,,,,,
,,,,Jbel Irhoud,"PL,St&T","31°54'49.80""N","8°50'18.48""W",,,,,,,,,,,,,,,,,,,,,,,,,
,,,,Sidi Saïd Mâachou Basin,"PL,St&Pt",33°00′33°15′N,8°00′8°15′W,,,,,,,,,,,,,,,,,,,,,,,,,
,,,,Lalla Fatna escarpment,PL&St,"32°23′54,15″N","9°15′44,54″W",,,,,,,,,,,,,,,,,,,,,,,,,
,,,,Sidi Bouzid escarpment,PL&St,32°18′01″N,9°15′04″W,,,,,,,,,,,,,,,,,,,,,,,,,
,,,,Jorf Lasfar escarpment,PL&St,"33°09′24,66″N","08°37′24,74″W",,,,,,,,,,,,,,,,,,,,,,,,,
,,,,Consolidated and unconsolidated dunes,G,"32°43'6.57""N","9° 3'41.48""W",,,,,,,,,,,,,,,,,,,,,,,,,
,,,,ElGoraan cave,GM,32°33′27″N,9°15′15″W,,,,,,,,,,,,,,,,,,,,,,,,,
,,,,ElKhénzira cave,GM,"33°09′24,64″N",08°37′23″W,,,,,,,,,,,,,,,,,,,,,,,,,
,,,,Oualidia caves,GM,"32°45'7.25""N","9° 0'44.68""W",,,,,,,,,,,,,,,,,,,,,,,,,
,,,,Oualidia Lagoon,E,"32°40′42″–32°47′07″,8°52′ 30″–9°02′50″",,,,,,,,,,,,,,,,,,,,,,,,,,
,,,,Sidi Moussa Lagoon,E,32°52′0″N,8°51′05″W,,,,,,,,,,,,,,,,,,,,,,,,,
,,,,Zima Lake,E,32°04’48″N,08°39’36″W,,,,,,,,,,,,,,,,,,,,,,,,,
,,,,Phosphate de posit of Ganntour,T,32°7′48″N,8°30′0″E,,,,,,,,,,,,,,,,,,,,,,,,,
Middle Atlas,, Oukassou et al.2018,The Tichoukt Massif: a Geotouristic Play in the Folded Middle Atlas (Morocco),Boulemane,G&SG,"33°21'52""N","4°43'21""W",….,….,Oukassou et al.2018,,,,,,,,,,,,,,,,,,,,,,
,,,,Guigou valley,G&St,"33°24'17""N ","4°43' 16""W",,,,,,,,,,,,,,,,,,,,,,,,,
,,,,Guigou valley,Pt,"33°27'39""N ","4°40'21""W",,,,,,,,,,,,,,,,,,,,,,,,,
,,,,Taferdoust,G&I,"33°28'25""N ","4°39'16""W",,,,,,,,,,,,,,,,,,,,,,,,,
,,,,Taghrout,"G,St&SG","33°28'59""N ","4°36'27""W",,,,,,,,,,,,,,,,,,,,,,,,,
,,,,Anchrif,PL,"33°28'56""N","4°37'08""W",,,,,,,,,,,,,,,,,,,,,,,,,
,,,,Skoura,"H,S&G","33°30'58""N","4°32'23""W",,,,,,,,,,,,,,,,,,,,,,,,,
,,,,Tadaout,St,"33°31'09""N","4°3'020""W",,,,,,,,,,,,,,,,,,,,,,,,,
,,,,Tizi-n-Issoulitene,SG,"33°29'57""N ","W4°27'29""W",,,,,,,,,,,,,,,,,,,,,,,,,
,,,,Mohammed Azeroual,PL,"33°29'55""N ","42°8'08""W",,,,,,,,,,,,,,,,,,,,,,,,,
,,,,El Mers,PL&I,"33°26'40""N","4°27'00""W",,,,,,,,,,,,,,,,,,,,,,,,,
Rif, Tanger-Tétouan-Al Hoceïma,Ben Ali et al.2025,From inventory and quantitative assessment of geosites to sustainable development: Case study of the Flyshs georoad of the Tangier Peninsula,The flute casts of Punta Cires,S,"35°54'18.92""N","5°28'54.79""W",35°54’N ,5° 25’ W,"Brilha, 2016",,,,,,,,,,,,,,,,,,,,,,
,,,,Current patterns and inverted series of the Tizirène nappe at Ksar Sghir,SG,35°50’56‘’N,05°33’59‘’W,,,,,,,,,,,,,,,,,,,,,,,,,
,,,,The sandstone-mica flysch of the Oued Ledian coast,S,35°50’56‘’N,05°33’59‘’W,,,,,,,,,,,,,,,,,,,,,,,,,
,,,,Talaat Lakraa mixed flysch,G,"35°49'45.84""N","5°42'57.00""W",,,,,,,,,,,,,,,,,,,,,,,,,
,,,,Beni Ider of Sidi Kankouch,S,"35°49'53.51""N","5°42'17.33""W",,,,,,,,,,,,,,,,,,,,,,,,,
,,,,Cap Malabata,S,35° 46‘ and 35° 48’ N,5° 45‘ and 5° 49’ W,,,,,,,,,,,,,,,,,,,,,,,,,
,,,,The Upper Cretaceous of the Beni Ider nappe and the Italian Castle,S&SG,"35°47'35.99""N","5°49'34.11""W",,,,,,,,,,,,,,,,,,,,,,,,,
,,,,Phoenician Necropolises and the Numidian,GeC,"35°47'5.95""N","5°55'47.36""W",,,,,,,,,,,,,,,,,,,,,,,,,
,,,,The Numidian of Cap Spartel,S,"35°47'27.46""N","5°55'26.08""W",,,,,,,,,,,,,,,,,,,,,,,,,
,,,,Achakar calcarenites,G,"35°46'46.55""N","5°55'51.33""W",,,,,,,,,,,,,,,,,,,,,,,,,
,,,,Grotte Hercule,G,"35°45'35.77""N","5°56'22.00""W",,,,,,,,,,,,,,,,,,,,,,,,,
Middle Atlas,Béni Mellal-Khénifra,Ait Omar et al.2022,Les géopatrimoines de la partie nord-est du géoparc régional du M’Goun (Maroc): représentations sociales et valorisation géotouristique,"Ain Asserdoune,  Béni Mellal city","H,G,K, C&Ec","32,3241 N ","6,3375 W",,,"Ait Omar et al., 2019",intérêt Paléogéographie =Type?,,,,,,,,,,,,,,,,,,,,,
,,,,"Taghbaloute-n- Ouhlima, El Ksiba city","H,K,C&E","32,55341501 N","6,01361989 W",,,,,,,,,,,,,,,,,,,,,,,,,
,,,,"Ain Tamda,  Zaouit Cheikh city","K,H,C&A","32,64057778 N","5,91269444 W",,,,type Karstique mais pour Ouchrah type géomorpho caractérisé par système karstique???,,,,,,,,,,,,,,,,,,,,,
,,,,"Sources d’Ouchrah, Tagzirte","G,K,H,E,C&R","32,42897599 N","6,170837578 W",,,," intérêt touristique, type?, géomorpho et karstique sont les mêmes?",,,,,,,,,,,,,,,,,,,,,
,,,,"Jbel Taçmit, Foum El Ancer","H,K&C","32,29302956 N","6,214958909 W",,,,,,,,,,,,,,,,,,,,,,,,,
,,,,"Canyon Moudj, Foum El Ancer","H,K&E","32,280556 N","6,2975 W",,,,"Interet culturel faible, je mentionne?",,,,,,,,,,,,,,,,,,,,,
Central High Atlas,Béni Mellal-Khénifra,Rais et al.2021,"Geological heritage in the M'Goun geopark: A proposal of geo-itineraries around the Bine El Ouidane dam (Central High Atlas, Morocco)",Bine El Ouidane dam anchored in massive oncolithic limestones of the Fm BI,H,32°6′32.20″N,6°27′48.03″W,32° 06′ 24″Nto32°06′ 24″N,6° 27′ 50″ Wto6°27′ 50″ W,"Brilha et al., 2018; Grandgirard, 1999; Mucivuna & da Glória Motta Garcia, 2018; Zwoliński et al., 2018",,,,,,,,,,,,,,,,,,,,,,
,,,," Panoramic view on the Tadla plain and the Afourer
 pumped storage power station (PSPS)",H,32°6′32.20″N,6°27′48.03″W,,,,,,,,,,,,,,,,,,,,,,,,,
,,,," Rhynchonella-type brachiopods and big gasteropds ( marl-limestones of Fm
 BII)",PL,32° 6′24.89″N,6°27′29.98″W,,,,,,,,,,,,,,,,,,,,,,,,,
,,,,"Overfold affecting the marl-limestones of Fm
 BII",SG,32° 6′24.89″N,6°27′29.98″W,,,,,,,,,,,,,,,,,,,,,,,,,
,,,,"Large lamellibranchs, gasteropods, and polypiers  (marl-limestones of Fm BII)",PL,32° 6′24.89″N,6°27′29.98″W,,,,,,,,,,,,,,,,,,,,,,,,,
,,,,Massive oncolitic limestones of Fm BIII ( beginning of Middle-Upper regression),PL,32° 6′23.08″N,6°27′6.69″W,,,,,,,,,,,,,,,,,,,,,,,,,
,,,,"Black limestone beds of Fm BII with large ammonites  lamellibranchs, gasteropods, and polypiers",PL,32° 6′24.89″N,6°27′29.98″W,,,,,,,,,,,,,,,,,,,,,,,,,
,,,,Passage of the marine carbonate deposits from FmBIII to the red layers (Middle and Upper Jurassic regression),S,32° 6′24.85″N,6°26′49.91″W,,,,,,,,,,,,,,,,,,,,,,,,,
,,,,Footprints of Theropod & Sauropod dinosaurs ( Saurischia dinosaurs) in silt beds of Bathonian-age (165 Ma),PL,32° 6′24.85″N,6°26′49.91″W,,,,,,,,,,,,,,,,,,,,,,,,,
,,,,YellowishTilouguite Fm of Upper Bajocian-Lower Bathonian age,S,32° 6′24.85″N,6°26′49.91″W,,,,,,,,,,,,,,,,,,,,,,,,,
,,,,The first basalt flow (the major effusive event of Middle Jurassic),St,32°6′46.64″N,6°24′59.70″W,,,,,,,,,,,,,,,,,,,,,,,,,
,,,,Panoramic view of the Ouaouizaght syncline (Cretaceous formation),S&St,32° 7′54.04″N,6°23′49.67″ W,,,,,,,,,,,,,,,,,,,,,,,,,
,,,,Gypsum of the Iouaridene Fm of Lower Barremian (sabkha environment),S,32° 8′1.74″N,6°18′42.41″W,,,,,,,,,,,,,,,,,,,,,,,,,
,,,,Euphorbia resinifiera (in Arabic Zakoum) couvering  the Iouardene Fm,S,32° 8′1.74″N,6°18′42.41″W,,,,,,,,,,,,,,,,,,,,,,,,,
,,,,The basaltic flow B2  (The Major effusive Upper Barremian event),Mg,32° 8′1.74″N,6°18′42.41″W,,,,,,,,,,,,,,,,,,,,,,,,,
,,,,Mio-Pliocene alluvial terraces,H,32° 7′58.88″N,6°18′0.93″W,,,,,,,,,,,,,,,,,,,,,,,,,
,,,,The acted conglomerates deposited by the ancient Oued El Abid River,H,32° 7′58.88″N,6°18′0.93″W,,,,,,,,,,,,,,,,,,,,,,,,,
,,,,The spectacular land scapes overlooking the entire Bine El Ouidane dam are panoramic,H,32° 5′30.55″N,6°19′53.61″W,,,,,,,,,,,,,,,,,,,,,,,,,
,,,,"Red layers, layers of gypsum, interstratified basalt flow B2",S&Mg,"32° 8'11.21""N","6°18'10.84""W",,,,,,,,,,,,,,,,,,,,,,,,,
,,,,Houses and the granaries cover the sum mits of the red brick hills surrounding the lake,C&Ar,"32° 7'58.07""N","6°19'48.91""W",,,,,,,,,,,,,,,,,,,,,,,,,
,,,,Silty and sandstone strata tracks of footprints of theropod and sauropod dinosaurs,St&PL,"32° 6'44.43""N","6°20'24.80""W",,,,,,,,,,,,,,,,,,,,,,,,,
,,,,Cross-stratification and current ripples) of Guettioua and Jbel Sidal Fms,S,"32° 5'1.44""N","6°18'26.15""W",,,,,,,,,,,,,,,,,,,,,,,,,
,,,,"Beautiful views of the lake, the outlet and the meanders of Ahansal river",,32° 4′11.81″N,6°25′26.51″W,,,,,,,,,,,,,,,,,,,,,,,,,
,,,,Panoramic view of the meanders ,,32° 4′11.81″N,6°25′26.51″W,,,,,,,,,,,,,,,,,,,,,,,,,
,,,,Continental Guettioua Fm on the marine Fm BIII with a gap in the Tilougite Fm,St,32° 4′11.81″N,6°25′26.51″W,,,,,,,,,,,,,,,,,,,,,,,,,
,,,,Coffee built on the massive limestone of BIII,Ar,32° 4′11.81″N,6°25′26.51″W,,,,,,,,,,,,,,,,,,,,,,,,,
,,,,"Hotels, chalets and guest houses, coffee shop, and restaurants",Ar,32° 6′29.98″N,6°28′21.93″W,,,,,,,,,,,,,,,,,,,,,,,,,
,,,,Cavities and caves  on the left bank of the Assif Assemsil,K,32° 6′29.98″N,6°28′21.93″W,,,,,,,,,,,,,,,,,,,,,,,,,
,,,,  Deep gorges in Fm BIII limestones from the Assif Assemssil river ,,32°4′49″N,6°27′36″W,,,,,,,,,,,,,,,,,,,,,,,,,
,,,,Troglodyte construction of the Ait Aloui and Ait Izza douars,C&Ar,"32° 5'6.88""N","6°26'35.77""W",,,,,,,,,,,,,,,,,,,,,,,,,
,,,, Ait Idir granary perched,C&Ar,"32° 4'31.77""N","6°27'14.91""",,,,,,,,,,,,,,,,,,,,,,,,,
,,,,Well-distinguished fault making contact between the Fm m. BIII & the Guettioua Fm,St,32′4′22″N,6°26′43″W,,,,,,,,,,,,,,,,,,,,,,,,,
,,,,"Oblique, cross-stratification, bioclasts of brachiopods & lamellibranchs on granary stone ",S&PL,32′4′22″N,6°26′43″W,,,,,,,,,,,,,,,,,,,,,,,,,
,,,,"Limestone banks rich in fossils of gastropods, lamellibranch, brachio pods, ammonites, & places polypiers in the Ouaouizaght syncline ",PL,32′4′22″N,6°26′43″W,,,,,,,,,,,,,,,,,,,,,,,,,
Central High Atlas,Béni Mellal-Khénifra,Ait Barka et al.2022,THE KARST LANDSCAPES OF BENI MELLAL ATLAS (CENTRAL MOROCCO): IDENTIFICATION FOR PROMOTING GEOCONSERVATION AND TOURISM,Spring of Ain Asserdoune,"H,K&R","32°19'30.50""N","6°20'8.53""W"," 32° 11'0""–32°35'0"" N","5° 55'0"" 6°35'0"" W","Grandgirard 1999, reynard et al. 2007, reynard et al. 2016",,,,,,,,,,,,,,,,,,,,,,
,,,,Spring of Ain El Ghazi,"H,K&R","32°19'27.95""N","6°19'0.79""W",,,,,,,,,,,,,,,,,,,,,,,,,
,,,,Karren Moudj,"H,K&R","32°16'35.83""N","6°17'16.11""W",,,,,,,,,,,,,,,,,,,,,,,,,
,,,,Canyon of Hansala,,"32°22'27.69""N","6° 8'35.10""W",,,,,,,,,,,,,,,,,,,,,,,,,
,,,,Canyon of Moudj,,"32°17'7.83""N","6°19'1.01""W",,,,,,,,,,,,,,,,,,,,,,,,,
,,,,Timskar Waterfalls,,"32°16'52.45""N","6°15'54.80""W",,,,,,,,,,,,,,,,,,,,,,,,,
,,,,Tazerkount ruiniformes landscapes,K,"32°11'26.80""N","6°31'3.94""W",,,,,,,,,,,,,,,,,,,,,,,,,
,,,,Ruiniformes Landscapes of Oribaa,K,"32°18'32.82""N","6°21'12.44""W",,,,,,,,,,,,,,,,,,,,,,,,,
,,,,Caves of Orbiaa,K,"32°18'24.17""N","6°20'11.33""W",,,,,,,,,,,,,,,,,,,,,,,,,
,,,,Caves of Ain El ghazi,K,"32°19'57.77""N","6°18'38.78""W",,,,,,,,,,,,,,,,,,,,,,,,,
,,,,Ain Orbiaa,,"32°18'25.28""N","6°21'0.19""W",,,,,,,,,,,,,,,,,,,,,,,,,
,,,,Ruiniformes Landscapes of Tassemit,K,"32°17'24.11""N","6°16'18.43""W",,,,,,,,,,,,,,,,,,,,,,,,,
,,,,Travertines of El Ksiba,K,"32°33'53.15""N","6° 1'3.51""W",,,,,,,,,,,,,,,,,,,,,,,,,
,,,,Panoramic view of rurate,"H,K&R","32°10'51.71""N","6°31'9.11""W",,,,,,,,,,,,,,,,,,,,,,,,,
,,,,Spring of Tamoudjout,"H,K&R","32°29'55.97""N","6° 8'47.99""W",,,,,,,,,,,,,,,,,,,,,,,,,
,,,,Spring of Ouchrah,"H,K&R","32°25'45.14""N","6°10'14.39""W",,,,,,,,,,,,,,,,,,,,,,,,,
,,,,Panoramic view of   Beni Mellal city,G,"32°19'28.66""N","6°20'15.82""W",,,,Panoramic view is considred as geomorphologic???,,,,,,,,,,,,,,,,,,,,,
,,,,Caves of the cliffs of Timoulilte,K,"32°12'3.01""N","6°25'50.57""W",,,,Some of the caves are collective ganaries,,,,,,,,,,,,,,,,,,,,,
,,,,Cave of the cliffs of Tanougha,K,"32°29'26.84""N","6° 8'6.43""W",,,,,,,,,,,,,,,,,,,,,,,,,
,,,,Cave of Foum El Ancer,K,"32°22'14.51""N","6°14'53.83""W",,,,,,,,,,,,,,,,,,,,,,,,,
Central High Atlas,Béni Mellal-Khénifra,Bouzekraoui et al.2016,"Mapping geodiversity and cultural heritage; a case study: Aït Bou Oulli valley in central High-Atlas, Morocco",Fairy chimneys of Assamar,G,…,…, 31°30′0″–32°30′30″N,6°23′30″–6°47′30″W ,Coratza et al. 2008; Coratza and Regolini-Bissig 2009; Regolini-Bissig and Reynard 2010; Castaldini et al. 2011; Ilies et al. 2011; Comănescu et al. 2013; Badang et al. 2016; Bouzekraoui et al. 2018,,,,,,,,,,,,,,,,,,,,,,
,,,,Alluvial terraces of Aït Mallal,G,…,…,,,,,,,,,,,,,,,,,,,,,,,,,
,,,,Aït Mallal valley,G,…,…,,,,,,,,,,,,,,,,,,,,,,,,,
,,,,Badlands of Igoulouane,G,…,…,,,,Classification des géomorphosites suivant la forme,,,,,,,,,,,,,,,,,,,,,
,,,,Arouss valley,G,…,…,,,,,,,,,,,,,,,,,,,,,,,,,
,,,,Canyon of High-Tessaout valley,G,…,…,,,,,,,,,,,,,,,,,,,,,,,,,
,,,,Canyon of Ikiss,G,…,…,,,,,,,,,,,,,,,,,,,,,,,,,
,,,,Canyon of Abachkou valley,G,…,…,,,,,,,,,,,,,,,,,,,,,,,,,
,,,,Canyon of Rougoult valley,G,…,…,,,,,,,,,,,,,,,,,,,,,,,,,
,,,,Rat syncline,G,…,…,,,,,,,,,,,,,,,,,,,,,,,,,
,,,,Peak and cliffs of Tarkeddid mountain,G,…,…,,,,,,,,,,,,,,,,,,,,,,,,,
,,,,Mount M’goun (4068 m),G,…,…,,,,,,,,,,,,,,,,,,,,,,,,,
,,,,The unconf Paleozoic basement-Mesozoic sedimentary cover of Aït Mallal,G,…,…,,,,,,,,,,,,,,,,,,,,,,,,,
,,,,Rougoult waterfall,G,…,…,,,,,,,,,,,,,,,,,,,,,,,,,
,,,,Springs of Oued Lakhdar (green river),G,…,…,,,,,,,,,,,,,,,,,,,,,,,,,
,,,,Springs and waterfall of Ikiss,G,…,…,,,,,,,,,,,,,,,,,,,,,,,,,
,,,,Sinkholes of the Rat mountain,G,…,…,,,,,,,,,,,,,,,,,,,,,,,,,
,,,,Glacial cirques and U-shaped valleys of M’goun,G,…,…,,,,,,,,,,,,,,,,,,,,,,,,,
,,,,Glacial cirques and U-shaped valleys of Rat mountain,G,…,…,,,,,,,,,,,,,,,,,,,,,,,,,
,,,,Scree and talus deposits of Rat mountain,G,…,…,,,,,,,,,,,,,,,,,,,,,,,,,
,,,,Scree and talus deposits of Tarkeddid mountain,G,…,…,,,,,,,,,,,,,,,,,,,,,,,,,
,,,,Troglodyte caves of Igoulouane,G,…,…,,,,,,,,,,,,,,,,,,,,,,,,,
,,,,Rock engravings of Tizi-n-Tirghyst,G,…,…,,,,,,,,,,,,,,,,,,,,,,,,,
,,,,Lake sediment of Aït Bougmez valley,G,…,…,,,,,,,,,,,,,,,,,,,,,,,,,
Anti-Atlas,Souss-Massa,"Berred et al., 2019a",Aerial interference of Hercynian folds and their morphological peculiarities in the Bani Geopark of southern Morocco,Hercynian folds in Devonian series of Tazoult,S,,,,,,,,,,,,,,,,,,,,,,,,,,,
,,,,Lower Cambrian series crescent or boomerang around the Tagragra of Tata inlier 1,S,,,,,,,,,,,,,,,,,,,,,,,,,,,
,,,,Lower Cambrian series crescent or boomerang around the Tagragra of Tata inlier 2,S,,,,,,,,,,,,,,,,,,,,,,,,,,,
,,,,Lower Cambrian series crescent or boomerang around the Tagragra of Tata inlier3,S,,,,,,,,,,,,,,,,,,,,,,,,,,,
,,,,Interference folds as a mushroom pattern in the lower Cambrian east of the Issafen syncline,S,,,,,,,,,,,,,,,,,,,,,,,,,,,
,,,,Interference folds as a mushroom pattern in the lower Cambriansouth of Agouliz’s inlier,S,,,,,,,,,,,,,,,,,,,,,,,,,,,
Anti-Atlas,Souss-Massa,"Beraaouz et al., 2019",An Inventory of Geoheritage Sites in the Draa Valley (Morocco)_a Contribution to Promotion of Geotourism and Sustainable Development,,,,,,,,,,,,,,,,,,,,,,,,,,,,,
,,,,,,,,,,,,,,,,,,,,,,,,,,,,,,,,
,,,,,,,,,,,,,,,,,,,,,,,,,,,,,,,,
,,,,,,,,,,,,,,,,,,,,,,,,,,,,,,,,
,,,,,,,,,,,,,,,,,,,,,,,,,,,,,,,,
,,,,,,,,,,,,,,,,,,,,,,,,,,,,,,,,
,,,,,,,,,,,,,,,,,,,,,,,,,,,,,,,,
,,,,,,,,,,,,,,,,,,,,,,,,,,,,,,,,
,,,,,,,,,,,,,,,,,,,,,,,,,,,,,,,,
,,,,,,,,,,,,,,,,,,,,,,,,,,,,,,,,
,,,,,,,,,,,,,,,,,,,,,,,,,,,,,,,,
,,,,,,,,,,,,,,,,,,,,,,,,,,,,,,,,
,,,,,,,,,,,,,,,,,,,,,,,,,,,,,,,,
,,,,,,,,,,,,,,,,,,,,,,,,,,,,,,,,
,,,,,,,,,,,,,,,,,,,,,,,,,,,,,,,,
Sahara and Meseta,,"Regragui et al., 2026","An overview of North African sebkhas: diversity, resources, and environmental challenges",Sebkha Talaklekt,,"21°34'41.45""N","15°39'28.46""W",,,,,,,,,,,,,,,,,,,,,,,,,
,,,,Sebkhet Dkhayla,,"21°45'13.12""N","16°52'35.75""W",,,,,,,,,,,,,,,,,,,,,,,,,
,,,,Sebkhat Fares,,"22°24'40.89""N","16°24'39.41""W",,,,,,,,,,,,,,,,,,,,,,,,,
,,,,Sebkha of Imili,,"23° 6'58.34""N","16° 5'36.57""W",,,,,,,,,,,,,,,,,,,,,,,,,
,,,,Sebkhat Ad-Dam,,"23°51'47.97""N","15°40'36.05""W",,,,,,,,,,,,,,,,,,,,,,,,,
,,,,Sebkha of Skaymate,,"24°32'29.06""N","14°57'38.42""W",,,,,,,,,,,,,,,,,,,,,,,,,
,,,,Sebkhat Aridal,,"26°16'8.28""N","14°11'43.75""W",,,,,,,,,,,,,,,,,,,,,,,,,
,,,,Sebkha Oum Dba,,"27°49'53.40""N","12°56'13.61""W",,,,,,,,,,,,,,,,,,,,,,,,,
,,,,Sebkha Tizfourine,,"27°52'25.51""N","12°47'10.33""W",,,,,,,,,,,,,,,,,,,,,,,,,
,,,,Sebkha Tah,,"27°45'18.36""N","12°43'8.99""W",,,,,,,,,,,,,,,,,,,,,,,,,
,,,,Sebkha Tazgha,,"27°59'38.47""N","12°16'4.91""W",,,,,,,,,,,,,,,,,,,,,,,,,
,,,,Sebkha Lahmira,,"28° 8'16.88""N","11°48'32.31""W",,,,,,,,,,,,,,,,,,,,,,,,,
,,,,Sebkha Zima,,"31°55'5.14""N","9° 6'42.53""W",,,,,,,,,,,,,,,,,,,,,,,,,
,,,,Sebkha Lamhaguen,,"27°51'17.75""N","12°38'59.69""W",,,,,,,,,,,,,,,,,,,,,,,,,
Rif,Tanger-Al Hoceima,"Aoulad-Sidi-Mhend et al., 2019b","A quantitative approach to geosites assessment of
the Talassemtane National Park (NW of Morocco)",Ali Thilat Dam,,509000N,514480W,,,,,,,,,,,,,,,,,,,,,,,,,
,,,,Quarry of blocks,,508620N,515660W,,,,,,,,,,,,,,,,,,,,,,,,,
,,,,Rueda Nummilitic succession,,350673N,514050W,,,,,,,,,,,,,,,,,,,,,,,,,
,,,,Talâat Adrhosse Klippe,,516259N,519522W,,,,,,,,,,,,,,,,,,,,,,,,,
,,,,Oued Laou Gorge,,514979N,519900W,,,,,,,,,,,,,,,,,,,,,,,,,
,,,,Ibouharen Fold,,516080N,521865W,,,,,,,,,,,,,,,,,,,,,,,,,
,,,,Tirinesse Basin,,520261N,524360W,,,,,,,,,,,,,,,,,,,,,,,,,
,,,,Koudiat Achacha,,518931N,525190W,,,,,,,,,,,,,,,,,,,,,,,,,
,,,,Talambote bad lands,,518527N,517151W,,,,,,,,,,,,,,,,,,,,,,,,,
,,,,Talambote Thrusting,,519820N,516443W,,,,,,,,,,,,,,,,,,,,,,,,,
,,,,Akchour landslide,,516559N,519522W,,,,,,,,,,,,,,,,,,,,,,,,,
,,,,Akchour Dam,,520220N,515270W,,,,,,,,,,,,,,,,,,,,,,,,,
,,,,Sidi Abdel Hamid Ecomuseum,,511810N,507950W,,,,,,,,,,,,,,,,,,,,,,,,,
,,,,Sidi Abdel Hamid Lookout,,511770N,508040W,,,,,,,,,,,,,,,,,,,,,,,,,
,,,,Ras el Ma Spring,,513050N,507250W,,,,,,,,,,,,,,,,,,,,,,,,,
,,,,Bab Taza Phtanites,,519816N,496000W,,,,,,,,,,,,,,,,,,,,,,,,,
,,,,Bouhala Landslice,,523579N,496355W,,,,,,,,,,,,,,,,,,,,,,,,,
,,,,Chrafate Spring,,528900N,498200W,,,,,,,,,,,,,,,,,,,,,,,,,
,,,,Chrafate Alluvial Fan,,526620N,496200W,,,,,,,,,,,,,,,,,,,,,,,,,
,,,,Beni Derkoul Radiolarites,,528971N,96626W,,,,,,,,,,,,,,,,,,,,,,,,,
,,,,Ametrasse fallen blocks,,528915N,497640W,,,,,,,,,,,,,,,,,,,,,,,,,
,,,,Jbel Chrafate Panorama,,528915N,497639W,,,,,,,,,,,,,,,,,,,,,,,,,
,,,,Ametrasse Tertiary Fm Succession,,537441N,500341W,,,,,,,,,,,,,,,,,,,,,,,,,
,,,,Koudiat Sbaâ Panorama,,532683N,496238W,,,,,,,,,,,,,,,,,,,,,,,,,
,,,,Raghdat Southern entry of TNP,,522044N,498840W,,,,,,,,,,,,,,,,,,,,,,,,,
,,,,Jbel Bou Slimane Panorama,,524115N,502322W,,,,,,,,,,,,,,,,,,,,,,,,,
,,,,Jbel Lakraa Panorama,,351300N,515000W,,,,,,,,,,,,,,,,,,,,,,,,,
,,,,Oued Tassikisste Gorge,,517264N,531806W,,,,,,,,,,,,,,,,,,,,,,,,,
,,,,Jbel Kelti Panorama,,528900N,498200W,,,,,,,,,,,,,,,,,,,,,,,,,
,,,,Raghdat Aremlal,,507660N,528564W,,,,,,,,,,,,,,,,,,,,,,,,,
,,,,Pont de Dieu and Farda River,,520000N,512000W,,,,,,,,,,,,,,,,,,,,,,,,,
,,,,Oued El Kelaa Gorge and waterfall,,524300N,511980W,,,,,,,,,,,,,,,,,,,,,,,,,
,,,,Tissimlane cherty limestone,,514708N,508861W,,,,,,,,,,,,,,,,,,,,,,,,,
,,,,Jbel Tissouka Panorama,,516616N,506668W,,,,,,,,,,,,,,,,,,,,,,,,,
Western High Atlas,Souss-Massa,"Contribution to the inventory of Morocco’s geological heritage: The coastal geosites of Agadir Ida-Outanane (western High Atlas, Morocco)","A quantitative study of the geosites in the hinterland of Agadir Ida-Outanane (Western High Atlas, Morocco)",Ammonites from Alma,,30°30’37.5”N,9°35’25.5”W,,,,,,,,,,,,,,,,,,,,,,,,,
,,,,The anticlinal fold of the Paradis Valley,,30°35’16.0”N,9°31’41.1”W,,,,,,,,,,,,,,,,,,,,,,,,,
,,,,The gorges of the Paradise Valley,,30°35’20.7”N,9°31’28.6”W,,,,,,,,,,,,,,,,,,,,,,,,,
,,,,Imouzzer Ida-Outanane faults and fold,,30°41’28.4”N,9°37’17.4”W,,,,,,,,,,,,,,,,,,,,,,,,,
,,,,Imouzzer Ida-Outanane waterfalls,,30°40’38.7”N,9°28’48.4”W,,,,,,,,,,,,,,,,,,,,,,,,,
,,,,The Moulay Abd Allah dam,,30°46’21.1”N,9°40’33.3”W,,,,,,,,,,,,,,,,,,,,,,,,,
,,,,Imi Ouggoug cave,,30°36’53”N,9°28’7.2”W,,,,,,,,,,,,,,,,,,,,,,,,,
,,,,Assif n’El Had cave,,30°44’49.1”N,9°28’36.0”W,,,,,,,,,,,,,,,,,,,,,,,,,
,,,,The Birfichou chasm,,30°41’41.2”N,9°24’09.2”W,,,,,,,,,,,,,,,,,,,,,,,,,
,,,,The Win Timdwin cave,,30°40’49.6”N,9°20’41.4”W,,,,,,,,,,,,,,,,,,,,,,,,,
Mesta,Marrakesh–Safi,"El Hamidy et al., 2026","Assessing Degradation Risk of Geosites in the Safi Province (Marrakesh–Safi Region, Morocco)",Sidi Bouzid Escarpment,,32◦18′01′′ N,9◦15′04′′ W,,,,,,,,,,,,,,,,,,,,,,,,,
,,,,Jorf Lihoudi,,32◦10′48′′ N,9◦15′36′′ W,,,,,,,,,,,,,,,,,,,,,,,,,
,,,,Abderrahmane dam,,32◦19′26′′ N,9◦10′49′′ W,,,,,,,,,,,,,,,,,,,,,,,,,
,,,,Sidi Abderrahmane clay quarry,,32◦19′57′′ N,9◦10′36′′ W,,,,,,,,,,,,,,,,,,,,,,,,,
,,,,Souiria Lgdima,,32◦02′16′′ N,9◦20′26′′ W,,,,,,,,,,,,,,,,,,,,,,,,,
,,,,Jbel Irhoud geosite,,31◦52′30′′ N,8◦52′00′′ W,,,,,,,,,,,,,,,,,,,,,,,,,
,,,,Sidi Tijji quarry,,32◦09′28′′ N,8°51′55′′ W,,,,,,,,,,,,,,,,,,,,,,,,,
,,,,Rainfall at Sidi Bouzid and warning signs indicating slope instability,,32◦18′01′′ N,9◦15′04′′ W,,,,,,,,,,,,,,,,,,,,,,,,,
,,,,Cap Beddouza,,32◦33′03′′ N,9◦16′22′′ W,,,,,,,,,,,,,,,,,,,,,,,,,
,,,,Doline near Jorf Lihoudi,,32◦10′48′′ N,9◦15′36′′ W,,,,,,,,,,,,,,,,,,,,,,,,,
,,,,Souira Lgdima beach,,32◦02′16′′ N,9◦20′26′′ W,,,,,,,,,,,,,,,,,,,,,,,,,
Rif,Tanger-Al Houceima,"Salhi et al., 2026",Assessment of Geosites in Northern Morocco_Diversity and Richness with Potential for Socioeconomic Development,Beni Moussa spring,,35.318922N,5.342704W,,,,,,,,,,,,,,,,,,,,,,,,,
,,,,Boujmil spring,,35.761002N,5.441038W,,,,,,,,,,,,,,,,,,,,,,,,,
,,,,Zarjoun spring,,35.745521N,5.432185W,,,,,,,,,,,,,,,,,,,,,,,,,
,,,,Al Kouf spring,,35.714694N,5.430446W,,,,,,,,,,,,,,,,,,,,,,,,,
,,,,Polje of Fahs Lamhar,,35.664804N,5.441151W,,,,,,,,,,,,,,,,,,,,,,,,,
,,,,Onsar spring,,35.648108N,5.431448W,,,,,,,,,,,,,,,,,,,,,,,,,
,,,,Azeroual spring,,35.611045N,5.389665W,,,,,,,,,,,,,,,,,,,,,,,,,
,,,,Al Mashar cave,,35.664627N,5.426957W,,,,,,,,,,,,,,,,,,,,,,,,,
,,,,Alouiya spring,,35.641148N,5.443133W,,,,,,,,,,,,,,,,,,,,,,,,,
,,,,Al Keddane spring,,35.654769N,5.456236W,,,,,,,,,,,,,,,,,,,,,,,,,
,,,,Limestone pavement of Bhar Nazef,,35.60087N,5.390362W,,,,,,,,,,,,,,,,,,,,,,,,,
,,,,Doline of Dersa Mountain,,35.594108N,5.379917W,,,,,,,,,,,,,,,,,,,,,,,,,
,,,,Samsa spring,,"35.590,762N",5.402045W,,,,,,,,,,,,,,,,,,,,,,,,,
,,,,Torreta spring,,35.548847N,5.355334W,,,,,,,,,,,,,,,,,,,,,,,,,
,,,,Zarka spring,,35.312201N,5.203304W,,,,,,,,,,,,,,,,,,,,,,,,,
,,,,Taht Lghar cave,,35.304508N,5.195604W,,,,,,,,,,,,,,,,,,,,,,,,,
,,,,Uvala of Dar Akhanous,,35.501247N,5.348510W,,,,,,,,,,,,,,,,,,,,,,,,,
,,,,Al Hamma cave,,35.27706N,5.18095W,,,,,,,,,,,,,,,,,,,,,,,,,
,,,,Moukdassen spring,,35.536092N,5.334538W,,,,,,,,,,,,,,,,,,,,,,,,,
,,,,Limestone pavement of Jebala,,35.373907N,5.265274W,,,,,,,,,,,,,,,,,,,,,,,,,
,,,,Spring of Mountain Moussa,,35.543071N,5.246450W,,,,,,,,,,,,,,,,,,,,,,,,,
,,,,Knadel cave,,35.2448045N,5.314465W,,,,,,,,,,,,,,,,,,,,,,,,,
,,,,Complex of cavities of Mountain Kelti,,35.373904N,5.265272W,,,,,,,,,,,,,,,,,,,,,,,,,
,,,,Achakrade spring,,35.305593N,5.334694W,,,,,,,,,,,,,,,,,,,,,,,,,
,,,,Kelti spring,,35.348393N,5.269338W,,,,,,,,,,,,,,,,,,,,,,,,,
,,,,Bouattou spring,,35.3471335N,5.325466W,,,,,,,,,,,,,,,,,,,,,,,,,
,,,,Avens of Kayat,,35.286726N,5.229632W,,,,,,,,,,,,,,,,,,,,,,,,,
,,,,Ifahssa old cave,,35.300705N,5.238901W,,,,,,,,,,,,,,,,,,,,,,,,,
,,,,Block of Limestone Rocks,,35.299242N,5.239654W,,,,,,,,,,,,,,,,,,,,,,,,,
,,,,Travertine of Ifahsa,,35.299126N,5.219980W,,,,,,,,,,,,,,,,,,,,,,,,,
,,,,Ifahsa spring,,35.297071N,5.233062W,,,,,,,,,,,,,,,,,,,,,,,,,
,,,,Oued Adelmane cave,,35.214210N,5.035252W,,,,,,,,,,,,,,,,,,,,,,,,,
,,,,Al Kalaa spring,,35.219337N,5.138959W,,,,,,,,,,,,,,,,,,,,,,,,,
,,,,Ruiniform Chaos of Bab Al Arz,,35.332065N,5.558865W,,,,,,,,,,,,,,,,,,,,,,,,,
,,,,Danou spring,,39.195230N,5.178882W,,,,,,,,,,,,,,,,,,,,,,,,,
,,,,Lkhoujja spring,,35.260086N,5.260401W,,,,,,,,,,,,,,,,,,,,,,,,,
,,,,Tazroute springs,,35.318987N,5.498023W,,,,,,,,,,,,,,,,,,,,,,,,,
,,,,Monte spring,,35.271547N,5.505652W,,,,,,,,,,,,,,,,,,,,,,,,,
,,,,Souyah spring,,35.207925N,5.045195W,,,,,,,,,,,,,,,,,,,,,,,,,
,,,,Talassemtane spring,,35.127342N,5.069507W,,,,,,,,,,,,,,,,,,,,,,,,,
,,,,Ruiniform landscape of Afaska,,35.184135N,5.213966W,,,,,,,,,,,,,,,,,,,,,,,,,
,,,,Imezzar spring,,35.188157N,5.178000W,,,,,,,,,,,,,,,,,,,,,,,,,
,,,,Kaf Lahmam cave,,35.183612N,5.196393W,,,,,,,,,,,,,,,,,,,,,,,,,
,,,,Tizi cave,,35.185283N,5.194535W,,,,,,,,,,,,,,,,,,,,,,,,,
,,,,Azilane spring,,35.179224N,5.246292W,,,,,,,,,,,,,,,,,,,,,,,,,
,,,,Ras Al Maa spring,,35.179161N,5.246340W,,,,,,,,,,,,,,,,,,,,,,,,,
,,,,Khandak spring,,35.112405N,5.418056W,,,,,,,,,,,,,,,,,,,,,,,,,
,,,,Assifane cavities,,35.112876N,4.967752W,,,,,,,,,,,,,,,,,,,,,,,,,
,,,,Limestone pavement of Bouhalla,,35.092540N,5.149741W,,,,,,,,,,,,,,,,,,,,,,,,,
,,,,Polje Al Malaab,,35.601983N,5.388492W,,,,,,,,,,,,,,,,,,,,,,,,,
,,,,Limestone pavement of Tissemlal,,35.178221N,5.246293W,,,,,,,,,,,,,,,,,,,,,,,,,
,,,,Karst complex of Mountain Lakraa,,35.132726N,5.136942W,,,,,,,,,,,,,,,,,,,,,,,,,
,,,,Doline of Tissouka,,35.186232N,5.138926W,,,,,,,,,,,,,,,,,,,,,,,,,
,,,,Cherafate spring,,35.066636N,5.107561W,,,,,,,,,,,,,,,,,,,,,,,,,
,,,,Taghobayt cave,,35.092642N,5.149841W,,,,,,,,,,,,,,,,,,,,,,,,,
,,,,Ketama spring,,34.875649N,4.626438W,,,,,,,,,,,,,,,,,,,,,,,,,
,,,,Ruiniform Chaos of Bou Slimane,,35.086438N,5.142154W,,,,,,,,,,,,,,,,,,,,,,,,,
,,,,Al Khattabi undersea cavities,,35.213251N,4.651170W,,,,,,,,,,,,,,,,,,,,,,,,,
,,,,Oulassen spring,,35.015721N,4.908043W,,,,,,,,,,,,,,,,,,,,,,,,,
,,,,Lamouassif spring,,34.988318N,4.820548W,,,,,,,,,,,,,,,,,,,,,,,,,
,,,,Charika spring,,34.957309N,4.678067W,,,,,,,,,,,,,,,,,,,,,,,,,
,,,,Complex of cavities of Badis,,35.154371N,4.225422W,,,,,,,,,,,,,,,,,,,,,,,,,
,,,,Ksar Seghir beach,,35.844381N,5.553495W,,,,,,,,,,,,,,,,,,,,,,,,,
,,,,Dalia beach,,35.905462N,5.473829W,,,,,,,,,,,,,,,,,,,,,,,,,
,,,,Oued Lmarsa beach,,35.904153N,5.446488W,,,,,,,,,,,,,,,,,,,,,,,,,
,,,,Laila small island,,35.511708N,5.466257W,,,,,,,,,,,,,,,,,,,,,,,,,
,,,,Belyounesh beach,,35.909974N,5.394480W,,,,,,,,,,,,,,,,,,,,,,,,,
,,,,Sebta peninsula,,35.898229N,5.326348W,,,,,,,,,,,,,,,,,,,,,,,,,
,,,,Rifiyin beach,,35.837834N,5.354210W,,,,,,,,,,,,,,,,,,,,,,,,,
,,,,Tres Pierdas beach,,35.772728N,5.345322W,,,,,,,,,,,,,,,,,,,,,,,,,
,,,,Smir lagoon,,35.32247N,5.447082W,,,,,,,,,,,,,,,,,,,,,,,,,
,,,,Mdiq beach,,35.695322N,5.327791W,,,,,,,,,,,,,,,,,,,,,,,,,
,,,,Negro Cape beach,,35.663249N,5.283808W,,,,,,,,,,,,,,,,,,,,,,,,,
,,,,Swamp of Oued Al Mallah,,35.591054N,5.260202W,,,,,,,,,,,,,,,,,,,,,,,,,
,,,,Martil beach,,35.624365N,5.271424W,,,,,,,,,,,,,,,,,,,,,,,,,
,,,,Coastal erosion of Sidi Abdeslam,,35.571666N,5.253896W,,,,,,,,,,,,,,,,,,,,,,,,,
,,,,Azla beach,,35.550158N,5.240300W,,,,,,,,,,,,,,,,,,,,,,,,,
,,,,Amsa beach,,35.540827N,5.217951W,,,,,,,,,,,,,,,,,,,,,,,,,
,,,,Tamrabet beach,,35.533503N,5.193817W,,,,,,,,,,,,,,,,,,,,,,,,,
,,,,Tamernout beach,,35.524625N,5.169756W,,,,,,,,,,,,,,,,,,,,,,,,,
,,,,Ouachtam beach,,35.505256N,5.154237W,,,,,,,,,,,,,,,,,,,,,,,,,
,,,,Cape of Mekkad,,35.475134N,5.108713W,,,,,,,,,,,,,,,,,,,,,,,,,
,,,,Oued Laou beach,,35.311751N,5.411482W,,,,,,,,,,,,,,,,,,,,,,,,,
,,,,Targha beach,,35.394421N,5.020287W,,,,,,,,,,,,,,,,,,,,,,,,,
,,,,Stihat beach,,35.337057N,4.944453W,,,,,,,,,,,,,,,,,,,,,,,,,
,,,,Sidi Yahya Aarab beach,,35.299876N,4.878001W,,,,,,,,,,,,,,,,,,,,,,,,,
,,,,Jnane Enich beach,,35.304252N,4.895643W,,,,,,,,,,,,,,,,,,,,,,,,,
,,,,Amtar beach,,35.245279N,4.795919W,,,,,,,,,,,,,,,,,,,,,,,,,
,,,,Monica beach,,35.212507N,4.653219W,,,,,,,,,,,,,,,,,,,,,,,,,
,,,,Lhwad beach,,35.211957N,4.648930W,,,,,,,,,,,,,,,,,,,,,,,,,
,,,,Cala Iris beach,,35.117838N,5.145054W,,,,,,,,,,,,,,,,,,,,,,,,,
,,,,Badis small island,,35.170472N,4.296347W,,,,,,,,,,,,,,,,,,,,,,,,,
,,,,Taoussert beach,,35.188456N,4.213340W,,,,,,,,,,,,,,,,,,,,,,,,,
,,,,Bousikour beach,,35.233504N,4.033563W,,,,,,,,,,,,,,,,,,,,,,,,,
,,,,Boumehdi beach,,35.238055N,3.975661W,,,,,,,,,,,,,,,,,,,,,,,,,
,,,,Tala Youssef beach,,35.236105N,3.981783W,,,,,,,,,,,,,,,,,,,,,,,,,
,,,,Rmod beach,,35.242967N,3.967300W,,,,,,,,,,,,,,,,,,,,,,,,,
,,,,Isri beach,,35.218844N,3.911254W,,,,,,,,,,,,,,,,,,,,,,,,,
,,,,Cliff of Al Hoceima,,35.223953N,4.050532W,,,,,,,,,,,,,,,,,,,,,,,,,
,,,,Quemado beach,,35.244087N,3.926180W,,,,,,,,,,,,,,,,,,,,,,,,,
,,,,Cara Bonita beach,,35.234276N,3.922583W,,,,,,,,,,,,,,,,,,,,,,,,,
,,,,Maktoa beach,,35.229936N,3.919097W,,,,,,,,,,,,,,,,,,,,,,,,,
,,,,Small islands of Al Hoceima,,35.216773N,3.901165W,,,,,,,,,,,,,,,,,,,,,,,,,
,,,,Sfiha beach,,35.206200N,3.888210W,,,,,,,,,,,,,,,,,,,,,,,,,
,,,,Al Hoceima Bay,,35.211857N,3.831492W,,,,,,,,,,,,,,,,,,,,,,,,,
,,,,Strait of Gibraltar,,35.929746N,5.438324W,,,,,,,,,,,,,,,,,,,,,,,,,
,,,,Hill of Taifour,,35.676276N,5.298678W,,,,,,,,,,,,,,,,,,,,,,,,,
,,,,Fault of Samsa,,35.598793N,5.413419W,,,,,,,,,,,,,,,,,,,,,,,,,
,,,,Cluse of Tetouan,,35.543260N,5.443002W,,,,,,,,,,,,,,,,,,,,,,,,,
,,,,Anticline of Nator cliff,,35.529560N,5.372524W,,,,,,,,,,,,,,,,,,,,,,,,,
,,,,Synclinal of Tazarine,,35.501920N,5.368411W,,,,,,,,,,,,,,,,,,,,,,,,,
,,,,Chefchaouen furrow,,35.178822N,5.256485W,,,,,,,,,,,,,,,,,,,,,,,,,
,,,,Fault escarpment of Mizlafene,,35.267876N,5.220210W,,,,,,,,,,,,,,,,,,,,,,,,,
,,,,Cliff of Imezar,,35.180251N,5.197536W,,,,,,,,,,,,,,,,,,,,,,,,,
,,,,Folds of Sidi Abdelhamid,,35.179166N,5.246346W,,,,,,,,,,,,,,,,,,,,,,,,,
,,,,Klippes of Soukna,,35.115764N,5.411627W,,,,,,,,,,,,,,,,,,,,,,,,,
,,,,Folds and fault of Amtar,,35.082901N,4.192447W,,,,,,,,,,,,,,,,,,,,,,,,,
,,,,Cirque of Jebha,,35.211084N,4.661205W,,,,,,,,,,,,,,,,,,,,,,,,,
,,,,Fauld of Mtioua,,35.317340N,4.928470W,,,,,,,,,,,,,,,,,,,,,,,,,
,,,,Bar of Tizirene,,35.009775N,4.918015W,,,,,,,,,,,,,,,,,,,,,,,,,
,,,,Oued Rmel dam,,35.872707N,5.476005W,,,,,,,,,,,,,,,,,,,,,,,,,
,,,,Al Raouz dam,,35.711000N,5.498116W,,,,,,,,,,,,,,,,,,,,,,,,,
,,,,Smir dam,,35.402013N,5.23550W,,,,,,,,,,,,,,,,,,,,,,,,,
,,,,Ajras dam,,35.564636N,5.494865W,,,,,,,,,,,,,,,,,,,,,,,,,
,,,,Martil dam,,35.477117N,5.428091W,,,,,,,,,,,,,,,,,,,,,,,,,
,,,,Nakhla dam,,35.441739N,5.396691W,,,,,,,,,,,,,,,,,,,,,,,,,
,,,,Prissa dam,,35.364628N,5.176170W,,,,,,,,,,,,,,,,,,,,,,,,,
,,,,Oued Laou dam,,35.246227N,5.291671W,,,,,,,,,,,,,,,,,,,,,,,,,
,,,,Moulay Bouchta dam,,35.264187N,5.351637W,,,,,,,,,,,,,,,,,,,,,,,,,
,,,,Jaber lake,,35.31665N,5.496082W,,,,,,,,,,,,,,,,,,,,,,,,,
,,,,Bouhachem lake,,35.56615N,5.226447W,,,,,,,,,,,,,,,,,,,,,,,,,
,,,,Ali Thlet dam,,35.238238N,5.172893W,,,,,,,,,,,,,,,,,,,,,,,,,
,,,,Al Houmar lake,,35.07728N,5.26288W,,,,,,,,,,,,,,,,,,,,,,,,,
,,,,Laarays lake,,35.07686N,5.26586W,,,,,,,,,,,,,,,,,,,,,,,,,
,,,,Al Mhad lake,,35.07556N,5.26466W,,,,,,,,,,,,,,,,,,,,,,,,,
,,,,Al Garn lake,,35.022547N,5.205902W,,,,,,,,,,,,,,,,,,,,,,,,,
,,,,Ifrat Fouden lake,,35.0163612N,4.904481W,,,,,,,,,,,,,,,,,,,,,,,,,
,,,,Al Jomoaa dam,,34.933095N,4.319152W,,,,,,,,,,,,,,,,,,,,,,,,,
,,,,Mujer dormida mountain,,35.402279N,5.322191W,,,,,,,,,,,,,,,,,,,,,,,,,
,,,,Gully of Tamghart,,35.488401N,5.130791W,,,,,,,,,,,,,,,,,,,,,,,,,
,,,,Rockfall niche of Azenti,,35.375224N,4.994033W,,,,,,,,,,,,,,,,,,,,,,,,,
,,,,Scree cone of Mountain Kelti,,35.372808N,5.265224W,,,,,,,,,,,,,,,,,,,,,,,,,
,,,,Rockfall niche of Ametras,,35.083446N,5.079801W,,,,,,,,,,,,,,,,,,,,,,,,,
,,,,Badlands of Idsoulyene,,35.001798N,5.370017W,,,,,,,,,,,,,,,,,,,,,,,,,
,,,,Slippage of Cara Bonita,,35.232057N,3.922928W,,,,,,,,,,,,,,,,,,,,,,,,,
,,,,Plain of Restinga,,35.789824N,5.361532W,,,,,,,,,,,,,,,,,,,,,,,,,
,,,,Alluvial plain of Martil,,35.593329N,5.288213W,,,,,,,,,,,,,,,,,,,,,,,,,
,,,,Cascades of Ezarka,,35.520043N,5.340233W,,,,,,,,,,,,,,,,,,,,,,,,,
,,,,Cascades of Akherkhour,,35.300691N,5.205850W,,,,,,,,,,,,,,,,,,,,,,,,,
,,,,Alluvial plain of Amsa,,35.537348N,5.220770W,,,,,,,,,,,,,,,,,,,,,,,,,
,,,,Alluvial plain of Oued Laou,,35.082902N,4.192445W,,,,,,,,,,,,,,,,,,,,,,,,,
,,,,Meander of Oued Laou,,35.429939N,5.098185W,,,,,,,,,,,,,,,,,,,,,,,,,
,,,,Cascades of Talembote,,35.296245N,5.227190W,,,,,,,,,,,,,,,,,,,,,,,,,
,,,,Alluvial plain of Bouhmed,,35.330213N,4.952795W,,,,,,,,,,,,,,,,,,,,,,,,,
,,,,Sidi Yahya Aarab valley,,35.273273N,4.900421W,,,,,,,,,,,,,,,,,,,,,,,,,
,,,,Cascade of Oued Al Kalaa,,35.242975N,5.158297W,,,,,,,,,,,,,,,,,,,,,,,,,
,,,,Cascades of Akchour,,35.185251N,5.194523W,,,,,,,,,,,,,,,,,,,,,,,,,
,,,,Cascades of Taourart,,35.218905N,5.139681W,,,,,,,,,,,,,,,,,,,,,,,,,
,,,,River terrace of Issaguen,,34.918387N,4.565299W,,,,,,,,,,,,,,,,,,,,,,,,,
,,,,Alluvial plain of Nekor,,35.190059N,3.877818W,,,,,,,,,,,,,,,,,,,,,,,,,
,,,,Canyon of Laou river,,35.280073N,5.233774W,,,,,,,,,,,,,,,,,,,,,,,,,
,,,,Natural bridge of Akchour,,35.195231N,5.178878W,,,,,,,,,,,,,,,,,,,,,,,,,
,,,,Canyon of Farda river,,35.195315N,5.178814W,,,,,,,,,,,,,,,,,,,,,,,,,
,,,,Canyon of Adelmane river,,35.211334N,5.040860W,,,,,,,,,,,,,,,,,,,,,,,,,
,,,,Natural bridge and travertine of Assifane,,35.074391N,4.564801W,,,,,,,,,,,,,,,,,,,,,,,,,
,,,,Cascades of Imlil canyon,,35.081140N,4.104749W,,,,,,,,,,,,,,,,,,,,,,,,,
,,,,Snow niche of Mountain Lakraa,,35.122193N,5.088850W,,,,,,,,,,,,,,,,,,,,,,,,,
,,,,Accumulation glaze of Soukna,,35.106971N,5.387428W,,,,,,,,,,,,,,,,,,,,,,,,,
,,,,Dunes of Al Hoceima,,35.182938N,3.934226W,,,,,,,,,,,,,,,,,,,,,,,,,
Central High Atlas,Béni Mellal-Khénifra,"ElKaichi et al., 2024","Canyons as potential geotourism attractions of Central High Atlas, Morocco: Comparative analysis of Aït Bouguemaz Valley and Zaouiat Ahansal-Taghia Valley by using GAM model",Izourhar lake,,"31°42'17.45""N","6°15'38.92""W",,,,,,,,,,,,,,,,,,,,,,,,,
,,,,Ibakliwn 1,,"31°39'47.91""N","6°21'56.34""W",,,,,,,,,,,,,,,,,,,,,,,,,
,,,,Ibakilwn 2,,"31°39'35.52""N","6°23'15.40""W",,,,,,,,,,,,,,,,,,,,,,,,,
,,,,Oued Rbat,,"31°39'31.31""N","6°24'35.83""W",,,,,,,,,,,,,,,,,,,,,,,,,
,,,,Tabant,,"31°39'34.15""N","6°25'30.10""W",,,,,,,,,,,,,,,,,,,,,,,,,
,,,,Grenier Sidi Moussa,,"31°39'27.28""N","6°25'57.55""W",,,,,,,,,,,,,,,,,,,,,,,,,
,,,,Site Sidi Moussa,,"31°39'28.30""N","6°26'10.30""W",,,,,,,,,,,,,,,,,,,,,,,,,
,,,,Aguered N'Ouzrou,,"31°39'11.25""N","6°26'19.80""W",,,,,,,,,,,,,,,,,,,,,,,,,
,,,,Ait Bouguemez,,"31°38'50.71""N","6°27'5.64""W",,,,,,,,,,,,,,,,,,,,,,,,,
Western High Atlas,Souss-Massa,"Boukfaoui et al., 2026","Contribution to the inventory of Morocco’s geological heritage: The coastal geosites of Agadir Ida-Outanane (western High Atlas, Morocco)",Coast of Agadir,S,"30°25‘,14’‘N","9°36’,36‘’W",,,,,,,,,,,,,,,,,,,,,,,,,
,,,,Dinosaurs of Anza,PL,"30°26‘,43’‘N","9°39’,39‘’W",,,,,,,,,,,,,,,,,,,,,,,,,
,,,,Cliffs of Taghazoute,SG,30°33’12’‘N,9°44’22’’W,,,,,,,,,,,,,,,,,,,,,,,,,
,,,,Tiguert Travertines,H,30°33’12’’N,9°44’22’’W,,,,,,,,,,,,,,,,,,,,,,,,,
,,,,Tiguert angular unconformity,G,30°37’43’’N,9°50’20’’W,,,,,,,,,,,,,,,,,,,,,,,,,
,,,,Caves of Cap Ghir,GC,30°37’51’’N,09°51’41’’W,,,,,,,,,,,,,,,,,,,,,,,,,
,,,,Kimmeridgian Reef of Cap Ghir,PL,30°37’33“N,9°51’54”W,,,,,,,,,,,,,,,,,,,,,,,,,
,,,,Reef of the main fossils at Cap Ghir,PL,30°37’59“N,9°53’16”W,,,,,,,,,,,,,,,,,,,,,,,,,
,,,,The Tamri estuary,H,30°42’40“N,9°51’17”W,,,,,,,,,,,,,,,,,,,,,,,,,
,,,,The Timlaline gorges,G,30°46’00“N,9°49’39”W,,,,,,,,,,,,,,,,,,,,,,,,,
Middle Atlas,,"Sayad et al., 2020","Dayet Aoua, a threatened mountain geomorphosite for sustainable development",Dayet Aoua,,"33°39'7.20""N","5° 1'58.79""W",,,,,,,,,,,,,,,,,,,,,,,,,
Meseta,Marrakech-Safi,"Eddifai et al., 2025",Degradation risk of geosites analysis in the Rehamna region (Morocco): Inventory and quantitative assessment,Paradoxid Shale,,"32°40'22.24""N","7°51'13.90""W",,,,,,,,,,,,,,,,,,,,,,,,,
,,,,Cambrian Gres-Quartzitic Facies,,"32°43'5.97""N","7°56'14.66""W",,,,,,,,,,,,,,,,,,,,,,,,,
,,,,Angular unconformity of Cambrian-Cretaceous,,"32°39'0.25""N","7°47'53.22""W",,,,,,,,,,,,,,,,,,,,,,,,,
,,,,Conglomerates of Machraâ Ben Abbou,,"32°37'33.08""N","7°48'34.74""W",,,,,,,,,,,,,,,,,,,,,,,,,
,,,,Conglomerates of Sidi Abdelah,,"32°32'44.93""N","7°49'54.31""W",,,,,,,,,,,,,,,,,,,,,,,,,
,,,,Conglomerates of Kef El Mounib,,"32°26'32.86""N","7°56'39.64""W",,,,,,,,,,,,,,,,,,,,,,,,,
,,,,Granite of Sebt Brikiine,,"32°17'57.37""N","8° 2'17.11""W",,,,,,,,,,,,,,,,,,,,,,,,,
,,,,Micashiste of Lalla Titaf,,"32°14'57.86""N","7°58'24.06""W",,,,,,,,,,,,,,,,,,,,,,,,,
,,,,Pegmatite of Sidi Bouathmane,,"31°53'51.82""N","7°57'11.89""W",,,,,,,,,,,,,,,,,,,,,,,,,
,,,,Pyrrhotites of Kettara,,"30°56'52.38""N","8°15'54.19""W",,,,,,,,,,,,,,,,,,,,,,,,,
High Atlas,Beni Mellal-Khenifra,"Kchikach et al., 2024","Digital Promotion of Geoheritage along a Tourist Route in M’Goun UNESCO Geopark (Central High Atlas, Morocco) and Visitor Typology Analysis",Imi-n-Ifri natural bridge,,"31°43'48.52""N","6°58'9.71""W",,,,,,,,,,,,,,,,,,,,,,,,,
,,,,"Dinosaur footprints, Iwariden",,"31°43'34.47""N","6°52'4.54""W",,,,,,,,,,,,,,,,,,,,,,,,,
,,,,Jbel Rat ascension,,"31°34'20.15""N","6°38'6.07""W",,,,,,,,,,,,,,,,,,,,,,,,,
,,,,Jbel M'Goun ascension,,"31°38'9.46""N","6°31'47.83""W",,,,,,,,,,,,,,,,,,,,,,,,,
,,,,Ait Bouguemez valley trek,,"31°39'2.92""N","6°27'41.44""W",,,,,,,,,,,,,,,,,,,,,,,,,
,,,,"Dinosaur footprints, Ibakaliwine",,"31°41'3.12""N","6°22'16.15""W",,,,,,,,,,,,,,,,,,,,,,,,,
,,,,Hiking lake Izoughar,,"31°44'12.93""N","6°18'53.14""W",,,,,,,,,,,,,,,,,,,,,,,,,
,,,,Jbel Azourki ascension,,"31°47'39.69""N","6°11'35.16""W",,,,,,,,,,,,,,,,,,,,,,,,,
,,,,Taghia sources,,"31°49'17.81""N","6° 5'21.36""W",,,,,,,,,,,,,,,,,,,,,,,,,
,,,,Cliffs of Ait Abdi Plateau,,"31°56'35.03""N","6° 4'36.36""W",,,,,,,,,,,,,,,,,,,,,,,,,
,,,,Hiking around Imsfran Cathedral,,"31°58'59.45""N","6° 7'17.02""W",,,,,,,,,,,,,,,,,,,,,,,,,
,,,,Panoramic view of the Bin El Ouidane dam,,"32° 6'10.75""N","6°17'49.14""W",,,,,,,,,,,,,,,,,,,,,,,,,
,,,,Panoramic view of the Tadla plain,,"32°11'2.07""N","6°30'39.66""W",,,,,,,,,,,,,,,,,,,,,,,,,
Central High Atlas,Draa-Tafilalet,"Si Mhamdi et al., 2023","Enhancing the Geological Heritage of the Errachidia Area in the High Atlas, Morocco: Inventory and a Proposal for a Pedagogic and Geotouristic Trail",Panorama of the Atlas Front,,"31°57'8.84""N","4°28'21.29""W",,,,,,,,,,,,,,,,,,,,,,,,,
,,,,South Atlas Fault,,"31°58'37.48""N","4°28'59.81""W",,,,,,,,,,,,,,,,,,,,,,,,,
,,,,Jbel Hamdoun Anticline Structure,,"31°58'58.62""N","4°30'0.13""W",,,,,,,,,,,,,,,,,,,,,,,,,
,,,,Jurassic/Cretaceous Contact,,"31°59'58.55""N","4°29'34.31""W",,,,,,,,,,,,,,,,,,,,,,,,,
,,,,Perched Syncline Between Two Atlassic Faults,,"32° 1'34.00""N","4°28'3.60""W",,,,,,,,,,,,,,,,,,,,,,,,,
,,,,Ait Atmane Fault (Amzouj Fault),,"32° 1'41.84""N","4°26'27.82""W",,,,,,,,,,,,,,,,,,,,,,,,,
,,,,Panorama of El Hassan Addakhil Dam,,"32° 2'59.38""N","4°24'16.08""W",,,,,,,,,,,,,,,,,,,,,,,,,
,,,,Ait Atmane Biostromes and Reef Mounds,,"32° 4'20.98""","4°23'18.80""W",,,,,,,,,,,,,,,,,,,,,,,,,
,,,,Dermchane Waterfall,,"32° 3'16.45""N","4°28'59.18""W",,,,,,,,,,,,,,,,,,,,,,,,,
Anti-Atlas,Draa-Tafilalet,"Lahmidi et al., 2020","First inventory and assessment of the Geoheritage of Zagora province
from the project Bani Geopark (South-Eastern Morocco)",Plainof Fezouata Shales,,"30°25'33.80""N","5°38'39.04""W",,,,,,,,,,,,,,,,,,,,,,,,,
,,,,Fossiliferous outcropof Fezouata Shales 1,,"30°26'48.67""N","5°36'59.34""W",,,,,,,,,,,,,,,,,,,,,,,,,
,,,,Fossiliferous outcropof Fezouata Shales 2,,"30°25'36.75""N","5°37'34.62""W",,,,,,,,,,,,,,,,,,,,,,,,,
,,,,Fossiliferous outcropof Fezouata Shales 3,,"30°27'45.58""N","5°38'20.45""W",,,,,,,,,,,,,,,,,,,,,,,,,
,,,,Block1: Condensed series Block 2: Hardground,,"30°26'2.91""N","5°36'22.12""W",,,,,,,,,,,,,,,,,,,,,,,,,
,,,,Desert landforms 1,,"30°18'52.52""N","5°34'7.62""W",,,,,,,,,,,,,,,,,,,,,,,,,
,,,,Desert landforms 2,,"30°13'32.12""N","5°33'18.85""W",,,,,,,,,,,,,,,,,,,,,,,,,
,,,,The members of the first Bani are horizontal,,"29°56'27.96""N","5°35'0.21""W",,,,,,,,,,,,,,,,,,,,,,,,,
,,,,The first Bani constitutes a naturalbar that blocks sand deposits,,"30°23'31.74""N","5°46'4.07""W",,,,,,,,,,,,,,,,,,,,,,,,,
Sahara,Laayoun-Saqia Al Hamra & Dakhla Oued Dahab,"Saddiqi et al., 2015 (In Errami et al., 2015)",Recommended Geoheritage Trails in Southern Morocco: A 3 Ga Record Between the Sahara Desert and the Atlantic Ocean,Continental uplift & coastal erosion,,"23°48'46.20""N","15°53'33.80""W",,,,,,,,,,,,,,,,,,,,,,,,,
,,,,Artesian well,,"23°55'22.62""N","15°43'11.02""W",,,,,,,,,,,,,,,,,,,,,,,,,
,,,,Marine fossils & phosphate genesis,,"23°28'36.70""N","15°56'46.27""W",,,,,,,,,,,,,,,,,,,,,,,,,
,,,,Continental fossils & sedimentaion,,"23°47'30.38""N","15°40'14.11""W",,,,,,,,,,,,,,,,,,,,,,,,,
,,,,Continental sedimentation & unconformity,,"23°30'15.19""N","15° 4'52.92""W",,,,,,,,,,,,,,,,,,,,,,,,,
,,,,Metagabbros,,"23° 7'40.39""N","14°39'19.09""W",,,,,,,,,,,,,,,,,,,,,,,,,
,,,,Orthogenesis & dyke and pluton intrusions,,"22°30'20.13""N","14°18'16.34""W",,,,,,,,,,,,,,,,,,,,,,,,,
,,,,Migmatites & deep petrogenesis,,"22°35'59.10""N","14°21'25.84""W",,,,,,,,,,,,,,,,,,,,,,,,,
,,,,Upper Ordovician glaciation & unconformity,,"22°42'45.15""N","14°22'5.27""W",,,,,,,,,,,,,,,,,,,,,,,,,
,,,,Nappe kinematics & metapelites,,"22°35'25.20""N","14°32'6.37""W",,,,,,,,,,,,,,,,,,,,,,,,,
,,,,Bituminous marls & estuariarine morphology,,"28°17'30.18""N","11°32'1.18""W",,,,,,,,,,,,,,,,,,,,,,,,,
,,,,Marine terraces,,"28°28'34.10""N","11°12'9.79""W",,,,,,,,,,,,,,,,,,,,,,,,,
,,,,Lecture of a landscape & unconformity,,"28°24'28.38""N","11° 4'3.85""W",,,,,,,,,,,,,,,,,,,,,,,,,
,,,,Basement-cover relationships,,"28°21'18.81""N","10°56'23.03""W",,,,,,,,,,,,,,,,,,,,,,,,,
,,,,Cambrian quartzites & joint systems,,"28°16'43.11""N","10°53'49.62""W",,,,,,,,,,,,,,,,,,,,,,,,,
,,,,Ordovician glaciation deposit,,"28°13'18.24""N","10°53'20.55""W",,,,,,,,,,,,,,,,,,,,,,,,,
,,,,Cylindric anticline & oolithic iron,,"28° 7'26.39""N","10°53'20.78""W",,,,,,,,,,,,,,,,,,,,,,,,,
,,,,"Perched syncline & subsidence, basin infilling",,"28° 6'25.91""N","10°53'24.82""W",,,,,,,,,,,,,,,,,,,,,,,,,
,,,,Cratonic basin versus fold belt,,"28° 1'13.91""N","10°48'32.57""W",,,,,,,,,,,,,,,,,,,,,,,,,
Morocco,Morocco,"Noubhani, 2015 (In Errami et al., 2015)",Late Cretaceous and Lower Paleogene Moroccan Phosphates: Geotourism Opportunities,Ouled Abdoun,,"32°45'46.00""N","6°49'1.00""W",,,,,,,,,,,,,,,,,,,,,,,,,
,,,,Gantour,,"32°15'33.50""N","7°49'34.00""W",,,,,,,,,,,,,,,,,,,,,,,,,
,,,,Meskala,,"31°18'57.93""N","9°21'10.41""W",,,,,,,,,,,,,,,,,,,,,,,,,
,,,,Souss,,"30°27'20.53""N","9° 1'34.13""W",,,,,,,,,,,,,,,,,,,,,,,,,
,,,,Oued Eddahab,,"26°16'54.79""N","13° 2'2.11""W",,,,,,,,,,,,,,,,,,,,,,,,,
Anti-Atlas,Draa-Tafilalet,"El Ouali et al., 2026a","Geoeducation,geotourism,andgeoconservationoftheTimaderouineEdiacaran-Ordoviciangeosites,westernTinghir(EasternAnti-Atlas,Morocco)",Ediacaran dyke structures,,31°21′10.77′′N,5°43′4.80′′W,,,,,,,,,,,,,,,,,,,,,,,,,
,,,,Ediacaran-Lower Cambrian contact,,31°21′19.61′′N,5°43′8.60′′W,,,,,,,,,,,,,,,,,,,,,,,,,
,,,,Lower Cambrian “Brèche à Micmacca”,,31°21′19.43′′N,5°43′11.34′′W,,,,,,,,,,,,,,,,,,,,,,,,,
,,,,Middle Cambrian Paradoxides-type trilobites,,31°21′21.22′′N,5°43′6.09′′W,,,,,,,,,,,,,,,,,,,,,,,,,
,,,,Middle Cambrian regression sequences,,31°21′41.96′′N,5°44′3.37′′W,,,,,,,,,,,,,,,,,,,,,,,,,
,,,,Lower Ordovician oncolite structures,,31°22′7.55′′N,5°44′6.92′′W,,,,,,,,,,,,,,,,,,,,,,,,,
,,,,Middle Ordovician burrows and oolitic iron,,31°22′21.18′′N,5°44′0.13′′W,,,,,,,,,,,,,,,,,,,,,,,,,
,,,,Upper Ordovician bioturbation and karstification,,31°22′50.62′′N,5°43′57.46′′W,,,,,,,,,,,,,,,,,,,,,,,,,
,,,,Upper Ordovician sequences and faults,,31°22′33.78′′N,5°44′6.06′′W,,,,,,,,,,,,,,,,,,,,,,,,,
High Atlas,Draa-Tafilalet,"El Ouali et al., 2026b","From the Visean to the Quaternary: Geoheritage Asssessment of Geosites for Science, Education, and Tourism in the Imlil-Tizi n’Tazoult District, West of Tinghir (Morocco)",Visean–Infra-Cenomanian unconformity,,"31°26'03""N","5°38'42""W",,,,,,,,,,,,,,,,,,,,,,,,,
,,,,Quaternary fluvial terraces,,"31°26'11""N","5°38'44""W",,,,,,,,,,,,,,,,,,,,,,,,,
,,,,Infra-Cenomanian gypsum & Quaternary travertine,,"31°26'27""N","5°38'52""W",,,,,,,,,,,,,,,,,,,,,,,,,
,,,,Cenomanian–Turonian lithified and flint-rich limestone,,"31°26'39""N","5°39'17""W",,,,,,,,,,,,,,,,,,,,,,,,,
,,,,Senonian–Neogene basalt unconformity,,"31°26'54""N","5°39'45""W",,,,,,,,,,,,,,,,,,,,,,,,,
,,,,Neogene volcano-sedimentary deposits,,"31°27'20""N","5°39'46""W",,,,,,,,,,,,,,,,,,,,,,,,,
,,,,Paleocene fossiliferous limestone,,"31°27'06""N","5°39'53""W",,,,,,,,,,,,,,,,,,,,,,,,,
High Atlas & Anti-Atlas,Draa-Tafilalet,"Milu et al., 2019",GEOHERITAGE OF THE ANTI-ATLAS (MOROCCO): A NATURAL TREASURE IN SUPPORT OF SUSTAINABLE DEVELOPMENT,Geosite 1,,"31°20'10.20""N","5°35'35.86""W",,,,,,,,,,,,,,,,,,,,,,,,,
,,,,Geosite 2,,"31°26'4.42""N","5°59'23.98""W",,,,,,,,,,,,,,,,,,,,,,,,,
,,,,Geosite 3,,"31°31'41.95""N","5°55'28.90""W",,,,,,,,,,,,,,,,,,,,,,,,,
,,,,Geosite 4,,"30°51'14.91""N","6°48'8.70""W",,,,,,,,,,,,,,,,,,,,,,,,,
,,,,Geosite 5,,"30°45'32.15""N","6°38'33.41""W",,,,,,,,,,,,,,,,,,,,,,,,,
,,,,Geosite 6,,"30°31'29.57""N","6°26'36.08""W",,,,,,,,,,,,,,,,,,,,,,,,,
,,,,Geosite 7,,"30°16'49.34""N","6°45'26.74""W",,,,,,,,,,,,,,,,,,,,,,,,,
,,,,Geosite 8,,"30°17'1.63""N","6°25'55.23""W",,,,,,,,,,,,,,,,,,,,,,,,,
,,,,Geosite 9,,"30°31'17.44""N","7°14'47.99""W",,,,,,,,,,,,,,,,,,,,,,,,,
,,,,Geosite 10,,"30°34'23.43""N","7°50'45.33""W",,,,,,,,,,,,,,,,,,,,,,,,,
Middle Atlas,Beni Mellal-Khenifra,"Baadi et al., 2023",Paleozoic-Lower and Middle Lias Lithostratigraphic and Sedimentological Geosites of the Middle Atlas (Morocco): Inventory and Valorization,Ait OfeIla,,32°56′34.36″N,5°5′2.51″W,,,,,,,,,,,,,,,,,,,,,,,,,
,,,,Askour,,33°37′49.47″N,4°10′57.39″W,,,,,,,,,,,,,,,,,,,,,,,,,
,,,,Azzaba,,33°48′50.07″N,4°40′32.42″W,,,,,,,,,,,,,,,,,,,,,,,,,
,,,,Bab Azhar,,34°3′51.26″N,4°15′55.42″W,,,,,,,,,,,,,,,,,,,,,,,,,
,,,,Ben Smime,,33°29′42.14″N,5°11′23.00″W,,,,,,,,,,,,,,,,,,,,,,,,,
,,,,Beni Mkoud,,33°53′49.23″N,4°20′39.31″W,,,,,,,,,,,,,,,,,,,,,,,,,
,,,,Bhalil,,33°51′52.30″N,4°53′25.46″W,,,,,,,,,,,,,,,,,,,,,,,,,
,,,,Bled Ech Chrif,,33°58′12.71″N,4°2′59.56″W,,,,,,,,,,,,,,,,,,,,,,,,,
,,,,Bon Massaoud,,34°6′6.82″N,4°5′1.08″W,,,,,,,,,,,,,,,,,,,,,,,,,
,,,,Bou Tazzert,,33°25′48.27″N,4°56′46.34″W,,,,,,,,,,,,,,,,,,,,,,,,,
,,,,Bsabis,,33°41′57.43″N,4°41′36.90″W,,,,,,,,,,,,,,,,,,,,,,,,,
,,,,Col de Touaher,,34°11′33.95″N,4°10′1.13″W,,,,,,,,,,,,,,,,,,,,,,,,,
,,,,Col du Zad,,33°0′32.47″N,5°4′15.79″W,,,,,,,,,,,,,,,,,,,,,,,,,
,,,,Diapir de Mellaha,,33°46′42.12″N,"4°33′43.35""W",,,,,,,,,,,,,,,,,,,,,,,,,
,,,,El Ghar,,33°53′19.88″N,4°15′46.40″W,,,,,,,,,,,,,,,,,,,,,,,,,
,,,,El Harira,,33°55′13.95″N,4°21′48.77″W,,,,,,,,,,,,,,,,,,,,,,,,,
,,,,Ic h Amellal,,33°31′1.92″N,4°54′49.88″W,,,,,,,,,,,,,,,,,,,,,,,,,
,,,,Ic h Bab El Mansour,,33°39′55.20″N,4°11′47.62″W,,,,,,,,,,,,,,,,,,,,,,,,,
,,,,Ic h Maalem,,33°42′17.66″N,4°9′57.89″W,,,,,,,,,,,,,,,,,,,,,,,,,
,,,,Ic h n’Tili,,33°35′54.34″N,4°16′2.64″W,,,,,,,,,,,,,,,,,,,,,,,,,
,,,,Ic h Ouarich,,33°29′35.83″N,4°54′58.02″W,,,,,,,,,,,,,,,,,,,,,,,,,
,,,,Issouka,,33°26′30.04″N,4°20′5.48″W,,,,,,,,,,,,,,,,,,,,,,,,,
,,,,It Ougmar,,33°24′38.41″N,4°52′24.74″W,,,,,,,,,,,,,,,,,,,,,,,,,
,,,,Ito,,33°35′42.02″N,5°21′31.48″W,,,,,,,,,,,,,,,,,,,,,,,,,
,,,,J. Ouaouserdoune,,33°28′23.82″N,4°54′37 69″W,,,,,,,,,,,,,,,,,,,,,,,,,
,,,,Jbel Bouslama,,33°55′42.65″N,4°15′42.15″W,,,,,,,,,,,,,,,,,,,,,,,,,
,,,,Jbel Hamda,,33°46′3.97″N,4°30′30.99″W,,,,,,,,,,,,,,,,,,,,,,,,,
,,,,Jbel Lakraâ,,33°51′52.33″N,4°20′51.37″W,,,,,,,,,,,,,,,,,,,,,,,,,
,,,,Jbel Messassa,,33°53′54.16″N,4°23′18.89″W,,,,,,,,,,,,,,,,,,,,,,,,,
,,,,Jbel Nerkibat,,33°50′10.48″N,4°5′23.48″W,,,,,,,,,,,,,,,,,,,,,,,,,
,,,,Jbel Sehrij,,33°55′45.99″N,3°59′31.24″W,,,,,,,,,,,,,,,,,,,,,,,,,
,,,,Jbel Tazrakht,,33°44′36.73″N,4°36′48.27″W,,,,,,,,,,,,,,,,,,,,,,,,,
,,,,Jbel Tichaou,,33°54′43.52″N,4°24′33.14″W,,,,,,,,,,,,,,,,,,,,,,,,,
,,,,Jbel Tnidilt,,33°55′22.54″N,4°17′54.81″W,,,,,,,,,,,,,,,,,,,,,,,,,
,,,,Jerf EI Gaz,,33°25′27.00″N,4°20′32.00″W,,,,,,,,,,,,,,,,,,,,,,,,,
,,,,Kandar,,33°46′47.21″N,5°3′55.63″W,,,,,,,,,,,,,,,,,,,,,,,,,
,,,,Kerrouchène,,32°48′44.14″N,5°19′9.02″W,,,,,,,,,,,,,,,,,,,,,,,,,
,,,,Koudiat Ech Chham,,33°27′5.37″N,4°55′45.58″W,,,,,,,,,,,,,,,,,,,,,,,,,
,,,,Laârouch,,33°55′46.13″N,4°15′21.63″W,,,,,,,,,,,,,,,,,,,,,,,,,
,,,,Mâafa Tamekrant,,33°28′48.57″N,4°55′41.86″W,,,,,,,,,,,,,,,,,,,,,,,,,
,,,,Maafa Tamezian,,33°29′29.01″N,4°55′58.59″W,,,,,,,,,,,,,,,,,,,,,,,,,
,,,,Merzidki,,33°26′45.14″N,4°52′18.70″W,,,,,,,,,,,,,,,,,,,,,,,,,
,,,,Mou Aguerbez,,33°27′45.04″N,4°56′43.29″W,,,,,,,,,,,,,,,,,,,,,,,,,
,,,,Pontde Sebou,,33°49′56.27″N,4°38′46.36″W,,,,,,,,,,,,,,,,,,,,,,,,,
,,,,Tamezziant,,33°26′47.54″N,4°53′28.50″W,,,,,,,,,,,,,,,,,,,,,,,,,
,,,,Tichoukt,,33°23′41.01″N,4°39′30.60″W,,,,,,,,,,,,,,,,,,,,,,,,,
,,,,Tizi Bou-Zaabel,,33°38′44.12″N,4° 9′18.36″W,,,,,,,,,,,,,,,,,,,,,,,,,
,,,,Tizi Oughmari,,33°28′10.52″N,5°9′54.23″W,,,,,,,,,,,,,,,,,,,,,,,,,
,,,,Tleta Zerarda,,33°59′36.85″N,4°22′58.81″W,,,,,,,,,,,,,,,,,,,,,,,,,
,,,,Zitounat,,33°24′9.13″N,5°1′12.94″W,,,,,,,,,,,,,,,,,,,,,,,,,
,,,"of Lithostratigraphic, Paleogeographic and Paleontological Importance",Jbel Shala,,"33°41'15.92""N","4°18'20.24""W",,,,,,,,,,,,,,,,,,,,,,,,,
,,,,Cave of Tamezguid n’Rbi,,"33°39'45.49""N","4°17'20.54""W",,,,,,,,,,,,,,,,,,,,,,,,,
Middle Atlas,Beni Mellal-Khenifra,"Baadi and Sabaoui, 2023",Cenozoic Sites of the Middle Atlas (Morocco): An Alpine Heritage to Be Preserved,Aderj Plateau,,33°37′26.06″N,4°26′50.14″W,,,,,,,,,,,,,,,,,,,,,,,,,
,,,,Aghram Amellal,,33°40′56.61″N,4°27′25.41″W,,,,,,,,,,,,,,,,,,,,,,,,,
,,,,Aghram Iroumine,,33°38′45.15″N,4°28′20.43″W,,,,,,,,,,,,,,,,,,,,,,,,,
,,,,Bel Jeraf,,33°49′33.85″N,4°50′46.28″W,,,,,,,,,,,,,,,,,,,,,,,,,
,,,,Beni Mghora,,33°41′47.08″N,4°21′13.42″W,,,,,,,,,,,,,,,,,,,,,,,,,
,,,,Col Touaher,,34°11′33.95″N,4°10′1.13″W,,,,,,,,,,,,,,,,,,,,,,,,,
,,,,El Karia,,33°46′15.02″N,4°19′8.88″W,,,,,,,,,,,,,,,,,,,,,,,,,
,,,,Foum Khneg,,33°9′3.06″N,5°3′13.22″W,,,,,,,,,,,,,,,,,,,,,,,,,
,,,,Gara Tazouta,,33°38′45.09″N,4°39′2.78″W,,,,,,,,,,,,,,,,,,,,,,,,,
,,,,Ich n’Bouk,,33°38′56.20″N,4°25′1.79″W,,,,,,,,,,,,,,,,,,,,,,,,,
,,,,Laazib,,33°43′58.52″N,4°22′56.49″W,,,,,,,,,,,,,,,,,,,,,,,,,
,,,,Lebbouaddis,,33°49′44.56″N,4°38′58.29″W,,,,,,,,,,,,,,,,,,,,,,,,,
,,,,Miocene of Bizi,,33°55′56.35″N,3°59′13.69″W,,,,,,,,,,,,,,,,,,,,,,,,,
,,,,Oued Mdez,,33°39′9.53″N,4°33′56.28″W,,,,,,,,,,,,,,,,,,,,,,,,,
,,,,Oued Zra,,33°42′29.36″N,4°38′29.87″W,,,,,,,,,,,,,,,,,,,,,,,,,
,,,,Ribat al Khayr,,33°49′3.70″N,4°25′16.91″W,,,,,,,,,,,,,,,,,,,,,,,,,
,,,,Sidi Yahya,,33°44′29.00″N,4°19′34.39″W,,,,,,,,,,,,,,,,,,,,,,,,,
,,,,Silt of Sefrou,,33°51′28.61″N,4°51′3.45″W,,,,,,,,,,,,,,,,,,,,,,,,,
,,,,Skoura Travertines,,33°35′7.52″N,4°31′54.07″W,,,,,,,,,,,,,,,,,,,,,,,,,
,,,,Tannint ou Moudou,,33°40′1.92″N,4°29′10.04″W,,,,,,,,,,,,,,,,,,,,,,,,,
,,,,Timahdite limestones,,33°14′21.58″N,5°3′18.18″W,,,,,,,,,,,,,,,,,,,,,,,,,
Middle Atlas,Beni Mellal-Khenifra,"Baadi, 2023b",The Palaeontological Heritage of Vertebrates in the Middle Atlas (Morocco): Initiatives of Inventory and Assessment for a Rare Heritage Threatened with Degradation,Aïn ou N’Jourh,,33°28′30.24″N,4°27′14.37″W,,,,,,,,,,,,,,,,,,,,,,,,,
,,,,Aït Abdellah,,33°25′3.30″N,4°26′35.60″W,,,,,,,,,,,,,,,,,,,,,,,,,
,,,,Aït Bazza,,33°24′35.75″N,4°18′35.86″W,,,,,,,,,,,,,,,,,,,,,,,,,
,,,,Ancherif,,33°29′1.38″N,4°36′48.31″W,,,,,,,,,,,,,,,,,,,,,,,,,
,,,,Botane,,33°28′48.62″N,4°27′56.01″W,,,,,,,,,,,,,,,,,,,,,,,,,
,,,,Botane Sud,,33°28′27.54″N,4°27′45.55″W,,,,,,,,,,,,,,,,,,,,,,,,,
,,,,Bou Ifraoun,,33°24′54.67″N,4°22′34.52″W,,,,,,,,,,,,,,,,,,,,,,,,,
,,,,Bou Ifraoun Ouest,,33°24′55.89″N,4°22′51.24″W,,,,,,,,,,,,,,,,,,,,,,,,,
,,,,Boulahfa,,33°17′48.56″N,4°42′13.76″W,,,,,,,,,,,,,,,,,,,,,,,,,
,,,,Darak,,33°25′24.34″N,4°27′9.68″W,,,,,,,,,,,,,,,,,,,,,,,,,
,,,,Djmila,,33°30′41.97″N,4°26′6.74″W,,,,,,,,,,,,,,,,,,,,,,,,,
,,,,EL Mers,,33°26′49.82″N,4°26′41.61″W,,,,,,,,,,,,,,,,,,,,,,,,,
,,,,Jbel Oudiksou,,33°14′57.86″N,4°49′46.46″W,,,,,,,,,,,,,,,,,,,,,,,,,
,,,,Ksar Aït Moulay (Tisfoula Tasra) ,,33°26′37.48″N,4°23′29.45″W,,,,,,,,,,,,,,,,,,,,,,,,,
Middle Atlas,Beni Mellal-Khenifra,"Baadi, 2023c",The Palaeontological Heritage of Vertebrates in the Middle Atlas (Morocco): Initiatives of Inventory and Assessment for a Rare Heritage Threatened with Degradation,Oued Boukamouche,,33°26′48.72″N,4°25′21.25″W,,,,,,,,,,,,,,,,,,,,,,,,,
,,,,Oued Mers,,33°26′42.10″N,4°18′57.47″W,,,,,,,,,,,,,,,,,,,,,,,,,
,,,,Oued Tamemchet,,33°25′47.74″N,4°23′50.28″W,,,,,,,,,,,,,,,,,,,,,,,,,
,,,,Oued Tamghilt,,33°26′35.63″N,4°19′2.71″W,,,,,,,,,,,,,,,,,,,,,,,,,
,,,,Oulad Ali,,33°27′52.66″N,3°58′17.24″W,,,,,,,,,,,,,,,,,,,,,,,,,
,,,,Selghert,,33°08.82′N,4°58.82′W,,,,,,,,,,,,,,,,,,,,,,,,,
,,,,Taghit,,33°27′27.07″N,4°27′35.14″W,,,,,,,,,,,,,,,,,,,,,,,,,
,,,,Taghit Aït Youssef,,33°27′22.09″N,4°27′12.51″W,,,,,,,,,,,,,,,,,,,,,,,,,
,,,,Taghit Tissenflet,,33°27′3.18″N,4°25′23.05″W,,,,,,,,,,,,,,,,,,,,,,,,,
,,,,Taghrout,,33°27′0.94″N,4°28′0.06″W,,,,,,,,,,,,,,,,,,,,,,,,,
,,,,Taghzout,,33°27′23.38″N,4°23′24.73″W,,,,,,,,,,,,,,,,,,,,,,,,,
,,,,Tamgert Iktaaïn (Tizi N’Julierh),,33°28′1.58″N,4°26′58.67″W,,,,,,,,,,,,,,,,,,,,,,,,,
,,,,Tamgert N’Tarit,,33°28′3.50″N,4°26′3.45″W,,,,,,,,,,,,,,,,,,,,,,,,,
,,,,Tamgert N’Tarit Nord,,33°28′1.50″N,4°26′0.40″W,,,,,,,,,,,,,,,,,,,,,,,,,
,,,,Tamguert N’rate,,33°27′14.27″N,4°18′44.32″W,,,,,,,,,,,,,,,,,,,,,,,,,
,,,,Tasra,,33°27′35.43″N,4°23′35.06″W,,,,,,,,,,,,,,,,,,,,,,,,,
,,,,Tasra Est,,33°27′34.43″N,4°23′10.71″W,,,,,,,,,,,,,,,,,,,,,,,,,
,,,,Tichniouine,,33°25′36.80″N,4°25′10.59″W,,,,,,,,,,,,,,,,,,,,,,,,,
,,,,Tichou Moulay Said,,33°26′28.11″N,4°23′43.34″W,,,,,,,,,,,,,,,,,,,,,,,,,
,,,,Tirardine,,33°26′9.43″N,4°21′32.85″W,,,,,,,,,,,,,,,,,,,,,,,,,
,,,,Vértébrés d’El Mers,,33°27′0.04″N,4°25′59.75″W,,,,,,,,,,,,,,,,,,,,,,,,,
Middle Atlas,Beni Mellal-Khenifra,"Amzil and Oukassou, 2023","3D Virtual Visit of the Paleontological Site of Anchrif (Middle Atlas, Morocco): A New Perspective for the Enhancement of Geoheritage",Anchrif site,,33°28′59.79″N,4°37′02.76″W,,,,,,,,,,,,,,,,,,,,,,,,,
Middle Atlas,Beni Mellal-Khenifra,"Baadi, 2023d",Hydric Geosites of Middle Atlas: A Natural Heritage Under Threat,Aari Aguelmam,,33°10′5.18″N,5°8′29.22″W,,,,,,,,,,,,,,,,,,,,,,,,,
,,,,Aghbalou Abrechane,,33°8′22.74″N,5°3′24.98″W,,,,,,,,,,,,,,,,,,,,,,,,,
,,,,Aghbalou n’Bou Harch,,3°14′59.61″N,5°4′15.93″W,,,,,,,,,,,,,,,,,,,,,,,,,
,,,,Aghbalou n’Brahim,,33°11′21.84″N,5°5′8.27″W,,,,,,,,,,,,,,,,,,,,,,,,,
,,,,Aghbalou n’Talouat,,33°8′25.03″N,5°3′6.33″W,,,,,,,,,,,,,,,,,,,,,,,,,
,,,,Aghbalou n’Toumit,,33°4′55.28″N,4°59′1.70″W,,,,,,,,,,,,,,,,,,,,,,,,,
,,,,Aghbalou Ou Mançour,,33°13′38.39″N,5°5′37.33″W,,,,,,,,,,,,,,,,,,,,,,,,,
,,,,Aghbalou Oumlil,,33°4′50.60″N,4°59′0.39″W,,,,,,,,,,,,,,,,,,,,,,,,,
,,,,Aghbalou Taddat,,33°15′52.70″N,5°21′55.17″W,,,,,,,,,,,,,,,,,,,,,,,,,
,,,,Aghbalou Tagma,,33°13′53.86″N,4°58′18.17″W,,,,,,,,,,,,,,,,,,,,,,,,,
,,,,Aghbaloun Assounane,,32°54′43.87″N,5°20′9.33″W,,,,,,,,,,,,,,,,,,,,,,,,,
,,,,Aguelmam Abekhane,,33°11′22.69″N,5°8′31.13″W,,,,,,,,,,,,,,,,,,,,,,,,,
,,,,Aguelmam Admar Izam,,33°6′11.03″N,5°23′40.04″W,,,,,,,,,,,,,,,,,,,,,,,,,
,,,,Aguelmam Afiroua,,33°13′38.39″N,5°5′37.33″W,,,,,,,,,,,,,,,,,,,,,,,,,
,,,,Aguelmam Aghbalou Oumlil,,33°14′35.85″N,4°39′4.95″W,,,,,,,,,,,,,,,,,,,,,,,,,
,,,,Aguelmam Ait Said,,33°22′21.43″N,4°50′49.75″W,,,,,,,,,,,,,,,,,,,,,,,,,
,,,,Aguelmam Almis Guigou,,32°58′23.46″N,5°26′36.63″W,,,,,,,,,,,,,,,,,,,,,,,,,
,,,,Aguelmam Azegza,,33°1′26.97″N,5°5′28.49″W,,,,,,,,,,,,,,,,,,,,,,,,,
,,,,Aguelmam Azougouarh,,33°45′40.66″N,5°17′48.80″W,,,,,,,,,,,,,,,,,,,,,,,,,
,,,,Aguelmam Bou Youssef,,33°15′38.86″N,5°9′22.46″W,,,,,,,,,,,,,,,,,,,,,,,,,
,,,,Aguelmam Boucherouidene,,33°29′37.99″N,5°7′15.36″W,,,,,,,,,,,,,,,,,,,,,,,,,
,,,,Aguelmam Dial Tachnkourt,,33°8′44.02″N,5°23′10.90″W,,,,,,,,,,,,,,,,,,,,,,,,,
,,,,Aguelmam Ifrighraoune,,33°17′18.10″N,5°10′45.31″W,,,,,,,,,,,,,,,,,,,,,,,,,
,,,,Aguelmam Miammi,,32°54′15.19″N,5°22′24.93″W,,,,,,,,,,,,,,,,,,,,,,,,,
,,,,Aguelmam Nad′Adim,,33°10′43.69″N,5°4′48.53″W,,,,,,,,,,,,,,,,,,,,,,,,,
,,,,Aguelmam n’Harcha,,33°7′52.40″N,5°21′4.43″W,,,,,,,,,,,,,,,,,,,,,,,,,
,,,,Aguelmam n’Tghallouine,,33°23′10.03″N,5°5′45.41″W,,,,,,,,,,,,,,,,,,,,,,,,,
,,,,Aguelmam Ntifounassine,,33°9′15.04″N,5°5′37.79″W,,,,,,,,,,,,,,,,,,,,,,,,,
,,,,Aguelmam Ou Houli,,33°7′46.62″N,5°21′35.61″W,,,,,,,,,,,,,,,,,,,,,,,,,
,,,,Aguelmam Sidi Abderahman Ou Said,,33°5′7.48″N,5°24′3.30″W,,,,,,,,,,,,,,,,,,,,,,,,,
,,,,Aguelmam Taanzeoult,,33°4′18.78″N,5°1′16.79″W,,,,,,,,,,,,,,,,,,,,,,,,,
,,,,Aguelmam Ticharat,,33°0′13.74″N,5°7′53.88″W,,,,,,,,,,,,,,,,,,,,,,,,,
,,,,Aguelmam Tidouit,,33°14′37.78″N,5°5′46.02″W,,,,,,,,,,,,,,,,,,,,,,,,,
,,,,Aguelmame Sidi Ali,,33°4′23.80″N,4°59′40.91″W,,,,,,,,,,,,,,,,,,,,,,,,,
,,,,Ain Aberchaou,,33°53′51.40″N,4°0′52.22″W,,,,,,,,,,,,,,,,,,,,,,,,,
,,,,Ain Aghbal,,5°15′7.48″W,33°26′22.09″N,,,,,,,,,,,,,,,,,,,,,,,,,
,,,,Ain Ait Meziane,,33°39′59.71″N,5°0′23.15″W,,,,,,,,,,,,,,,,,,,,,,,,,
,,,,Ain Ajaabou,,33°16′20.22″N,5°20′28.13″W,,,,,,,,,,,,,,,,,,,,,,,,,
,,,,Ain Akadous,,33°18′30.84″N,5°18′43.80″W,,,,,,,,,,,,,,,,,,,,,,,,,
,,,,Ain Amernoud,,33°41′4.46″N,4°38′39.14″W,,,,,,,,,,,,,,,,,,,,,,,,,
,,,,Ain Atshernat,,33°51′36.09″N,4°4′16.58″W,,,,,,,,,,,,,,,,,,,,,,,,,
,,,,Ain Ba Ahmed,,33°3′29.28″N,5°0′21.31″W,,,,,,,,,,,,,,,,,,,,,,,,,
,,,,Ain Ben Smime,,33°29′25.89″N,5°9′31.07″W,,,,,,,,,,,,,,,,,,,,,,,,,
,,,,Ain Dem,,33°39′1.56″N,4°40′33.92″W,,,,,,,,,,,,,,,,,,,,,,,,,
,,,,Ain El Aouda,,34°5′50.96″N,4°2′13.61″W,,,,,,,,,,,,,,,,,,,,,,,,,
,,,,Aïn Erreha,,34°0′15.91″N,4°12′17.33″W,,,,,,,,,,,,,,,,,,,,,,,,,
,,,,Ain Guenaz,,33°49′26.38″N,4°7′38.55″W,,,,,,,,,,,,,,,,,,,,,,,,,
,,,,Ain Ighlfoun,,33°51′51.96″N,4°1′31.63″W,,,,,,,,,,,,,,,,,,,,,,,,,
,,,,Ain Ighoul,,33°40′35.37″N,4°31′40.94″W,,,,,,,,,,,,,,,,,,,,,,,,,
,,,,Ain Ighouzaz,,33°54′46.43″N,4°0′10.78″W,,,,,,,,,,,,,,,,,,,,,,,,,
,,,,Ain Jerjoub,,34°1′49.02″N,4°6′34.00″W,,,,,,,,,,,,,,,,,,,,,,,,,
,,,,Ain Jerrah,,33°44′35.06″N,5°1′57.61″W,,,,,,,,,,,,,,,,,,,,,,,,,
,,,,Ain Jorf,,33°36′37.56″N,4°52′48.37″W,,,,,,,,,,,,,,,,,,,,,,,,,
,,,,Ain Kahla,,33°14′13.83″N,5°12′58.42″W,,,,,,,,,,,,,,,,,,,,,,,,,
,,,,Ain Kahla 2,,33°14′36.30″N,4°58′0.66″W,,,,,,,,,,,,,,,,,,,,,,,,,
,,,,Aïn Khadem,,33°41′20.66″N,5°22′17.04″W,,,,,,,,,,,,,,,,,,,,,,,,,
,,,,Ain Larais,,33°3′55.27″N,4°59′45.90″W,,,,,,,,,,,,,,,,,,,,,,,,,
,,,,Ain Maarouf,,33°40′38.39″N,5°29′33.48″W,,,,,,,,,,,,,,,,,,,,,,,,,
,,,,Ain Melzit,,33°48′36.31″N,4°4′13.09″W,,,,,,,,,,,,,,,,,,,,,,,,,
,,,,Ain Mezdou,,33°45′42.43″N,4°49′13.82″W,,,,,,,,,,,,,,,,,,,,,,,,,
,,,,Ain Mghirta,,33°40′52.49″N,4°31′45.17″W,,,,,,,,,,,,,,,,,,,,,,,,,
,,,,Aïn n’Tislit,,33°56′45.08″N,4°13′28.51″W,,,,,,,,,,,,,,,,,,,,,,,,,
,,,,Ain Ouamender,,33°44′48.69″N,4°32′35.00″W,,,,,,,,,,,,,,,,,,,,,,,,,
,,,,Ain Regrag,,33°46′44.89″N,4°43′56.12″W,,,,,,,,,,,,,,,,,,,,,,,,,
,,,,Ain Sebou,,33°44′13.02″N,4°31′58.68″W,,,,,,,,,,,,,,,,,,,,,,,,,
,,,,Ain Sidi Rached,,33°27′29.91″N,5°9′2.31″W,,,,,,,,,,,,,,,,,,,,,,,,,
,,,,Ain Skhounate,,33°26′56.70″N,4°20′20.46″W,,,,,,,,,,,,,,,,,,,,,,,,,
,,,,Ain Sultane,,33°43′4.24″N,5°0′10.99″W,,,,,,,,,,,,,,,,,,,,,,,,,
,,,,Ain Takeltount,,33°36′41.33″N,4°53′3.27″W,,,,,,,,,,,,,,,,,,,,,,,,,
,,,,Ain Takhouwat,,33°41′33.69″N,4°35′13.25″W,,,,,,,,,,,,,,,,,,,,,,,,,
,,,,Ain Talghoulat,,33°22′17.54″N,5°6′4.36″W,,,,,,,,,,,,,,,,,,,,,,,,,
,,,,Ain Tamzirt,,33°29′34.44″N,4°17′47.47″W,,,,,,,,,,,,,,,,,,,,,,,,,
,,,,Ain Tassiwine,,33°48′57.12″N,4°4′4.89″W,,,,,,,,,,,,,,,,,,,,,,,,,
,,,,Ain Tataw,,33°27′40.61″N,4°17′44.32″W,,,,,,,,,,,,,,,,,,,,,,,,,
,,,,Ain Tidouit,,33°14′14.87″N,5°5′51.87″W,,,,,,,,,,,,,,,,,,,,,,,,,
,,,,Ain Tifratine,,33°11′54.35″N,5°11′45.70″W,,,,,,,,,,,,,,,,,,,,,,,,,
,,,,Ain Timedrine,,33°44′56.05″N,4°33′2.76″W,,,,,,,,,,,,,,,,,,,,,,,,,
,,,,Ain Vital,,33°32′47.18″N,5°6′43.28″W,,,,,,,,,,,,,,,,,,,,,,,,,
,,,,Ain Zerrouka,,33°32′38.07″N,5°5′39.92″W,,,,,,,,,,,,,,,,,,,,,,,,,
,,,,Aioun Imettassene,,33°29′57.84″N,5°4′43.75″W,,,,,,,,,,,,,,,,,,,,,,,,,
,,,,Aioun Ras El Ma,,33°27′55.05″N,5°8′54.82″W,,,,,,,,,,,,,,,,,,,,,,,,,
,,,,Ait Athia,,33°22′36.32″N,4°25′51.00″W,,,,,,,,,,,,,,,,,,,,,,,,,
,,,,Amane Imellaline (Ain Joua),,33°39′15.49″N,4°8′38.36″W,,,,,,,,,,,,,,,,,,,,,,,,,
,,,,Anzar Oufounas,,33°9′52.09″N,5°8′42.86″W,,,,,,,,,,,,,,,,,,,,,,,,,
,,,,Cascade d’Aït smail,,33°52′55.66″N,4°2′59.59″W,,,,,,,,,,,,,,,,,,,,,,,,,
,,,,Cascade des vierges,,33°31′53.20″N,5°6′32.43″W,,,,,,,,,,,,,,,,,,,,,,,,,
,,,,Cascade d’Imouzar Marmoucha,,33°28′0.88″N,4°17′44.16″W,,,,,,,,,,,,,,,,,,,,,,,,,
,,,,Cascade d’Imouzer Kandar,,33°43′5.50″N,5°0′51.64″W,,,,,,,,,,,,,,,,,,,,,,,,,
,,,,Cascade Hawai,,33°12′2.55″N,5°23′21.24″W,,,,,,,,,,,,,,,,,,,,,,,,,
,,,,Cascade Ras El Ma,,34°8′41.53″N,4°0′37.06″W,,,,,,,,,,,,,,,,,,,,,,,,,
,,,,Cascade Sefrou,,33°49′41.68″N,4°50′58.44″W,,,,,,,,,,,,,,,,,,,,,,,,,
,,,,Cascade Sidi Bou Shaq,,33°3′1.11″N,5°16′17.90″W,,,,,,,,,,,,,,,,,,,,,,,,,
,,,,Cascade Skoura,,33°30′57.66″N,4°32′15.83″W,,,,,,,,,,,,,,,,,,,,,,,,,
,,,,Cascade Tagoute,,33°29′1.40″N,4°36′37.44″W,,,,,,,,,,,,,,,,,,,,,,,,,
,,,,Dayet Aoua,,33°39′17.20″N,5°2′28.10″W,,,,,,,,,,,,,,,,,,,,,,,,,
,,,,Dayet El Jerane,,33°33′49.97″N,4°59′49.97″W,,,,,,,,,,,,,,,,,,,,,,,,,
,,,,Dayet Hachlaf,,33°33′3.41″N,4°59′58.69″W,,,,,,,,,,,,,,,,,,,,,,,,,
,,,,Dayet Iffer,,33°36′24.25″N,4°54′28.39″W,,,,,,,,,,,,,,,,,,,,,,,,,
,,,,Dayet Ifrah,,33°33′35″N,4°55′48″W,,,,,,,,,,,,,,,,,,,,,,,,,
,,,,Dayet Lakbira,,33°27′31.86″N,4°51′51.83″W,,,,,,,,,,,,,,,,,,,,,,,,,
,,,,Dayet Maasker,,33°38′31.25″N,5°5′54.30″W,,,,,,,,,,,,,,,,,,,,,,,,,
,,,,Dayet Moucherkour,,33°30′10.41″N,5°6′24.75″W,,,,,,,,,,,,,,,,,,,,,,,,,
,,,,Dayet Tichout,,33°30′35.62″N,5°8′13.44″W,,,,,,,,,,,,,,,,,,,,,,,,,
,,,,Guelta Tameda,,33°49′42.53″N,4°4′44.24″W,,,,,,,,,,,,,,,,,,,,,,,,,
,,,,Ifri Ou Berid,,33°15′10.76″N,5°15′31.90″W,,,,,,,,,,,,,,,,,,,,,,,,,
,,,,Lac Afnourir,,33°16′49.40″N,5°15′10.90″W,,,,,,,,,,,,,,,,,,,,,,,,,
,,,,Lac Afourgagh,,33°36′49.19″N,4°52′41.48″W,,,,,,,,,,,,,,,,,,,,,,,,,
,,,,Lac Agoulmame,,33°39′54.14″N,4°51′7.74″W,,,,,,,,,,,,,,,,,,,,,,,,,
,,,,Lac Ajdir,,32°57′46.70″N,5°26′5.30″W,,,,,,,,,,,,,,,,,,,,,,,,,
,,,,Lac Tighboula-Laachoure,,33°10′33.18″N,5°5′56.19″W,,,,,,,,,,,,,,,,,,,,,,,,,
,,,,Oum Er-Rbiaa,,33°3′5.72″N,5°24′43.73″W,,,,,,,,,,,,,,,,,,,,,,,,,
,,,,Ouoouchène,,33°24′30.82″N,4°54′42.40″W,,,,,,,,,,,,,,,,,,,,,,,,,
,,,,Rabiaa-Bitit,,33°33′28.93″N,5°13′56.10″W,,,,,,,,,,,,,,,,,,,,,,,,,
,,,,Ras Adrar Izem,,33°11′40.08″N,5°9′41.64″W,,,,,,,,,,,,,,,,,,,,,,,,,
,,,,Ras El Ain,,33°28′21.96″N,4°16′43.99″W,,,,,,,,,,,,,,,,,,,,,,,,,
,,,,Ras El Ma,,34°8′41.53″N,4°0′37.06″W,,,,,,,,,,,,,,,,,,,,,,,,,
,,,,Résurgence d’Ademame,,34°1′53.52″N,4°9′17.60″W,,,,,,,,,,,,,,,,,,,,,,,,,
,,,,Sabhab,,33°53′54.62″N,4°2′43.71″W,,,,,,,,,,,,,,,,,,,,,,,,,
,,,,Sidi Yahia,,33°44′26.79″N,4°11′32.38″W,,,,,,,,,,,,,,,,,,,,,,,,,
,,,,Tabhirte,,33°57′40.58″N,4°14′49.95″W,,,,,,,,,,,,,,,,,,,,,,,,,
,,,,Taguelmant Yéj,,32°58′20.78″N,5°34′8.59″W,,,,,,,,,,,,,,,,,,,,,,,,,
,,,,Tibakhbakhine,,34°6′8.48″N,4°0′14.48″W,,,,,,,,,,,,,,,,,,,,,,,,,
,,,,Tiguelmamine (El Hajeb),,33°44′54.03″N,5°14′2.82″W,,,,,,,,,,,,,,,,,,,,,,,,,
,,,,Tiguelmamines,,32°54′20.78″N,5°20′35.42″W,,,,,,,,,,,,,,,,,,,,,,,,,
,,,,Tit-Zill,,33°20′3.24″N,4°53′6.56″W,,,,,,,,,,,,,,,,,,,,,,,,,
,,,,Zaouiat Ifrane,,33°11′38.09″N,5°25′9.00″W,,,,,,,,,,,,,,,,,,,,,,,,,
Middle Atlas,Beni Mellal-Khenifra,"Baadi, 2023e",Fluvial Heritage of the Middle Atlas (Morocco): An Essential Element for Regional Sustainable Development,Aghbal,,33°2′41.85″N,5°28′51.10″W,,,,,,,,,,,,,,,,,,,,,,,,,
,,,,Aït Ou Hammou,,33°3′27.30″N,5°22′44.59″W,,,,,,,,,,,,,,,,,,,,,,,,,
,,,,Assaka,,33°28′25.49″N,4°38′19.29″W,,,,,,,,,,,,,,,,,,,,,,,,,
,,,,Bizi,,33°57′37.32″N,3°57′43.74″W,,,,,,,,,,,,,,,,,,,,,,,,,
,,,,El Aouinate,,33°35′55.26″N,4°46′28.40″W,,,,,,,,,,,,,,,,,,,,,,,,,
,,,,El Herahir,,33°38′29.98″N,4°59′28.23″W,,,,,,,,,,,,,,,,,,,,,,,,,
,,,,Fellat,,33°3′2.69″N,5°16′50.26″W,,,,,,,,,,,,,,,,,,,,,,,,,
,,,,Gorge d’Issouka,,33°26′58.14″N,4°20′17.37″W,,,,,,,,,,,,,,,,,,,,,,,,,
,,,,Gorges d’El Mahssere,,33°32′30.59″N,4°24′36.70″W,,,,,,,,,,,,,,,,,,,,,,,,,
,,,,Hayane,,33°43′19.61″N,4°13′37.40″W,,,,,,,,,,,,,,,,,,,,,,,,,
,,,,Issoumat,,33°27′48.13”N,4°40′56.14”W,,,,,,,,,,,,,,,,,,,,,,,,,
,,,,Jbel Lbghel,,33°28′51.76″N,4°42′56.16″W,,,,,,,,,,,,,,,,,,,,,,,,,
,,,,Jider,,33°43′42.55″N,4°14′17.81″W,,,,,,,,,,,,,,,,,,,,,,,,,
,,,,Oudiksou,,33°15′0.02”N,4°50′10.90”W,,,,,,,,,,,,,,,,,,,,,,,,,
,,,,Qalaa,,33°56′26.84″N,3°59′33.74″W,,,,,,,,,,,,,,,,,,,,,,,,,
,,,,Taferdoust,,33°28′16.86″N,4°39′4.00″W,,,,,,,,,,,,,,,,,,,,,,,,,
,,,,Taffert,,33°44′0.66″N,4°14′21.98″W,,,,,,,,,,,,,,,,,,,,,,,,,
,,,,Taghzout,,33°29′36.62″N,4°44′5.38″W,,,,,,,,,,,,,,,,,,,,,,,,,
,,,,Tazemmakt,,33°10′3.61 ″N,5°10′37.41″W,,,,,,,,,,,,,,,,,,,,,,,,,
,,,,Teminte,,33°45′44.03″N,5°8′38.36″W,,,,,,,,,,,,,,,,,,,,,,,,,
,,,,Tiguelmamine,,33°46′17.63″N,5°11′45.66″W,,,,,,,,,,,,,,,,,,,,,,,,,
,,,,Tijma,,33°29′16.58″N,4°48′23.42″W,,,,,,,,,,,,,,,,,,,,,,,,,
,,,,Tmourhout,,33°54′19.99″N,4°1′37.31″W,,,,,,,,,,,,,,,,,,,,,,,,,
Middle Atlas,Beni Mellal-Khenifra,"Baadi and Lebreton, 2023",Exo- and Endokarst of the Middle Atlas (Morocco): From Inventory to Promotion,Ademame,,34°2′57.30″N,4°6′32.47″W,,,,,,,,,,,,,,,,,,,,,,,,,
,,,,Aferrane,,33°1′33.60″N,5°27′39.34″W,,,,,,,,,,,,,,,,,,,,,,,,,
,,,,Agouni Izguère,,33°26′19.91″N,4°54′20.99″W,,,,,,,,,,,,,,,,,,,,,,,,,
,,,,Agrane,,34°0′44.09″N,4°8′44.36″W,,,,,,,,,,,,,,,,,,,,,,,,,
,,,,Ahoussal,,32°57′51.01″N,5°19′1.12″W,,,,,,,,,,,,,,,,,,,,,,,,,
,,,,Ain El Aouda,,34°5′51.68″N,4°1′47.65″W,,,,,,,,,,,,,,,,,,,,,,,,,
,,,,Ain Erreha,,34°0′15.91″N,4°12′17.33″W,,,,,,,,,,,,,,,,,,,,,,,,,
,,,,Ain Jerjoub,,34°1′49.02″N,4°6′34.00″W,,,,,,,,,,,,,,,,,,,,,,,,,
,,,,Ain Kahla,,33°14′8.65″N,5°13′44.13″W,,,,,,,,,,,,,,,,,,,,,,,,,
,,,,Ait Ahmed,,33°51′56.68″N,4°12′30.43″W,,,,,,,,,,,,,,,,,,,,,,,,,
,,,,Ajdir,,32°57′46.70″N,5°26′5.30″W,,,,,,,,,,,,,,,,,,,,,,,,,
,,,,Al Maarad,,33°0′20.76″N,5°30′3.63″W,,,,,,,,,,,,,,,,,,,,,,,,,
,,,,Aoumchach I,,34°1′51.35″N,4°7′50.29″W,,,,,,,,,,,,,,,,,,,,,,,,,
,,,,Aoumchach II,,34°1′31.43″N,4°7′12.89″W,,,,,,,,,,,,,,,,,,,,,,,,,
,,,,Aven Koul,,33°47′38.28″N,4°29′7.08″W,,,,,,,,,,,,,,,,,,,,,,,,,
,,,,Azegza,,32°59′31.32″N,5°28′17.00″W,,,,,,,,,,,,,,,,,,,,,,,,,
,,,,Bab Bou Idir,,34°4′55.54″N,4°7′2.31″W,,,,,,,,,,,,,,,,,,,,,,,,,
,,,,Bab Tafertest,,34°7′10.42″N,4°1′6.23″W,,,,,,,,,,,,,,,,,,,,,,,,,
,,,,Bir Yala,,33°44′57.10″N,4°8′41.51″W,,,,,,,,,,,,,,,,,,,,,,,,,
,,,,Bled Nertène,,33°17′2.98″N,5°19′11.58″W,,,,,,,,,,,,,,,,,,,,,,,,,
,,,,Bou Hyati,,34°4′46.21″N,4°7′6.46″W,,,,,,,,,,,,,,,,,,,,,,,,,
,,,,Bou Imourdassane,,33°44′19.88″N,4°49′21.33″W,,,,,,,,,,,,,,,,,,,,,,,,,
,,,,Bou Lebrrouj,,33°41′37.27″N,5°11′35.99″W,,,,,,,,,,,,,,,,,,,,,,,,,
,,,,Bou Mennjel,,33°43′41.72″N,5°8′53.89″W,,,,,,,,,,,,,,,,,,,,,,,,,
,,,,Bouslama,,34°5′24.43″N,4°6′48.19″W,,,,,,,,,,,,,,,,,,,,,,,,,
,,,,Chaâra,,33°58′46.31″N,4°13′34.24″W,,,,,,,,,,,,,,,,,,,,,,,,,
,,,,El Khars,,34°3′13.73″N,4°7′43.83″W,,,,,,,,,,,,,,,,,,,,,,,,,
,,,,El Malekef,,33°44′28.52″N,4°8′25.65″W,,,,,,,,,,,,,,,,,,,,,,,,,
,,,,El Oulja,,34°2′6.99″N,4°11′52.25″W,,,,,,,,,,,,,,,,,,,,,,,,,
,,,,El Qalaâ,,33°55′51.19″N,3°59′27.18″W,,,,,,,,,,,,,,,,,,,,,,,,,
,,,,El-Malekef,,33°45′29.41″N,4°7′12.84″W,,,,,,,,,,,,,,,,,,,,,,,,,
,,,,Feldi,,33°11′10.33″N,4°57′18.10″W,,,,,,,,,,,,,,,,,,,,,,,,,
,,,,Ghar Bied,,34°5′46.01″N,4°1′22.14″W,,,,,,,,,,,,,,,,,,,,,,,,,
,,,,Gouffre aux pigeons,,33°43′48.85″N,4°59′57.70″W,,,,,,,,,,,,,,,,,,,,,,,,,
,,,,Gouffre Friouato,,34°6′16.95″N,4°4′21.10″W,,,,,,,,,,,,,,,,,,,,,,,,,
,,,,Grotte Chaâra,,33°57′20.58″N,4°14′47.67″W,,,,,,,,,,,,,,,,,,,,,,,,,
,,,,Grotte Chiker,,34°7′17.38″N,4°2′18.43″W,,,,,,,,,,,,,,,,,,,,,,,,,
,,,,Grotte El Kalaa,,33°56′18.77″N,4°0′18.20″W,,,,,,,,,,,,,,,,,,,,,,,,,
,,,,Ich Maakel I,,34°0′4.18″N,4°3′52.74″W,,,,,,,,,,,,,,,,,,,,,,,,,
,,,,Ich Maakel II,,34°0′8.85″N,4°3′55.51″W,,,,,,,,,,,,,,,,,,,,,,,,,
,,,,Ich Maakel III,,34°0′14.26″N,4°4′22.12″W,,,,,,,,,,,,,,,,,,,,,,,,,
,,,,Iferaoun,,33°8′43.42″N,5°22′59.85″W,,,,,,,,,,,,,,,,,,,,,,,,,
,,,,Ifrah,,33°33′35.08″N,4°55′48.46″W,,,,,,,,,,,,,,,,,,,,,,,,,
,,,,Ifrennta,,33°9′24.52″N,5°21′55.12″W,,,,,,,,,,,,,,,,,,,,,,,,,
,,,,Ifri Ahnachen,,34°0′59.49″N,4°9′20.50″W,,,,,,,,,,,,,,,,,,,,,,,,,
,,,,Ifri Azeroual,,33°50′37.78″N,4°22′58.34″W,,,,,,,,,,,,,,,,,,,,,,,,,
,,,,Ifri Broud,,33°41′42.13″N,4°12′42.40″W,,,,,,,,,,,,,,,,,,,,,,,,,
,,,,Ifri Ichac,,33°26′22.75″N,4°20′1.63″W,,,,,,,,,,,,,,,,,,,,,,,,,
,,,,Ifri Jider,,33°42′6.05″N,4°6′3.81″W,,,,,,,,,,,,,,,,,,,,,,,,,
,,,,Ifri Ljahac,,33°37′14.06″N,4°15′3.96″W,,,,,,,,,,,,,,,,,,,,,,,,,
,,,,Ifri n′Oudey (gouffre du juif),,33°50′43.47″N,4°24′0.81″W,,,,,,,,,,,,,,,,,,,,,,,,,
,,,,Ifri n′Tioutchilt,,33°28′12.14″N,4°13′5.47″W,,,,,,,,,,,,,,,,,,,,,,,,,
,,,,Ifri Ou Berrid,,33°15′10.76″N,5°15′31.90″W,,,,,,,,,,,,,,,,,,,,,,,,,
,,,,Ifri Ouska,,33°18′6.27″N,5°11′20.22″W,,,,,,,,,,,,,,,,,,,,,,,,,
,,,,Ighrenba,,33°11′47.01″N,4°56′2.49″W,,,,,,,,,,,,,,,,,,,,,,,,,
,,,,Jbel Aoua,,33°38′50.82″N,5°2′53.35″W,,,,,,,,,,,,,,,,,,,,,,,,,
,,,,Kef Admam,,34°1′36.28″N,4°9′8.30″W,,,,,,,,,,,,,,,,,,,,,,,,,
,,,,Kef Aïn Hallouf,,34°0′51.29″N,4°9′52.68″W,,,,,,,,,,,,,,,,,,,,,,,,,
,,,,Kef Anghara,,33°40′25.92″N,4°11′48.57″W,,,,,,,,,,,,,,,,,,,,,,,,,
,,,,Kef Bab Mfraj,,34°5′42.95″N,4°6′40.10″W,,,,,,,,,,,,,,,,,,,,,,,,,
,,,,Kef Bou Hayati,,34°5′38.44″N,4°5′54.92″W,,,,,,,,,,,,,,,,,,,,,,,,,
,,,,Kef Bou Hayati I,,34°5′49.21″N,4°6′33.58″W,,,,,,,,,,,,,,,,,,,,,,,,,
,,,,Kef Bou Hayati II,,34°6′1.96″N,4°6′13.33″W,,,,,,,,,,,,,,,,,,,,,,,,,
,,,,Kef dial R′Kam,,33°41′55.28″N,4°6′29.43″W,,,,,,,,,,,,,,,,,,,,,,,,,
,,,,Kef El Ahnach,,33°57′20.76″N,4°13′44.61″W,,,,,,,,,,,,,,,,,,,,,,,,,
,,,,Kef El Bouk,,34°3′34.61″N,4°7′50.64″W,,,,,,,,,,,,,,,,,,,,,,,,,
,,,,Kef El Fiss,,34°4′6.84″N,3°59′58.80″W,,,,,,,,,,,,,,,,,,,,,,,,,
,,,,Kef El Hmam,,33°47′50.37″N,4°24′38.89″W,,,,,,,,,,,,,,,,,,,,,,,,,
,,,,Kef el Jnoun,,34°1′27.90″N,4°8′59.14″W,,,,,,,,,,,,,,,,,,,,,,,,,
,,,,Kef El Ma,,34°5′23.92″N,4°6′31.57″W,,,,,,,,,,,,,,,,,,,,,,,,,
,,,,Kef El Mohand,,33°57′26.73″N,4°13′49.36″W,,,,,,,,,,,,,,,,,,,,,,,,,
,,,,Kef El Sao,,34°7′49.93″N,4°2′41.51″W,,,,,,,,,,,,,,,,,,,,,,,,,
,,,,Kef El Seroual,,33°58′53.93″N,4°13′8.28″W,,,,,,,,,,,,,,,,,,,,,,,,,
,,,,Kef Hazar,,34°5′53.95″N,4°2′45.38″W,,,,,,,,,,,,,,,,,,,,,,,,,
,,,,Kef Idra,,33°59′27.57″N,4°8′37.40″W,,,,,,,,,,,,,,,,,,,,,,,,,
,,,,Kef Izoura,,34°5′38.44″N,4°5′54.92″W,,,,,,,,,,,,,,,,,,,,,,,,,
,,,,Kef Kaouane,,33°57′39.77″N,4°14′51.10″W,,,,,,,,,,,,,,,,,,,,,,,,,
,,,,Kef Karia,,34°8′35.63″N,4°0′31.23″W,,,,,,,,,,,,,,,,,,,,,,,,,
,,,,Kef Maakel El Tahtani,,34°0′29.61″N,4°4′26.82″W,,,,,,,,,,,,,,,,,,,,,,,,,
,,,,Kef Meghous,,33°58′0.68″N,4°10′22.59″W,,,,,,,,,,,,,,,,,,,,,,,,,
,,,,Kef Targat,,34°1′24.91″N,4°8′22.29″W,,,,,,,,,,,,,,,,,,,,,,,,,
,,,,Kef Toumat,,33°50′48.61″N,4°23′34.99″W,,,,,,,,,,,,,,,,,,,,,,,,,
,,,,Kef Zaarour,,33°50′45.20″N,4°23′26.77″W,,,,,,,,,,,,,,,,,,,,,,,,,
,,,,Kef-El-Mers-Ahmed,,34°4′57.82″N,4°2′43.26″W,,,,,,,,,,,,,,,,,,,,,,,,,
,,,,Kef-Nahal-Tikhoubaï,,34°0′16.82″N,4°2′50.81″W,,,,,,,,,,,,,,,,,,,,,,,,,
,,,,Kissarite,,33°12′58.18″N,5°21′13.41″W,,,,,,,,,,,,,,,,,,,,,,,,,
,,,,Kssouatène,,33°7′40.72″N,5°23′6.35″W,,,,,,,,,,,,,,,,,,,,,,,,,
,,,,Louta,,34°1′36.13″N,4°6′36.35″W,,,,,,,,,,,,,,,,,,,,,,,,,
,,,,Meshoul,,34°3′17.82″N,4°5′53.09″W,,,,,,,,,,,,,,,,,,,,,,,,,
,,,,Meshoul I,,34°3′37.08″N,4°6′26.77″W,,,,,,,,,,,,,,,,,,,,,,,,,
,,,,Mimejad,,32°59′16.20″N,5°15′58.30″W,,,,,,,,,,,,,,,,,,,,,,,,,
,,,,Mirssa,,32°57′8.82″N,5°17′29.48″W,,,,,,,,,,,,,,,,,,,,,,,,,
,,,,Missartène,,32°59′46.88″N,5°26′52.00″W,,,,,,,,,,,,,,,,,,,,,,,,,
,,,,Moutferaoun,,33°38′48.20″N,4°48′35.25″W,,,,,,,,,,,,,,,,,,,,,,,,,
,,,,Ouaousseguerna,,33°9′22.69″N,5°25′47.56″W,,,,,,,,,,,,,,,,,,,,,,,,,
,,,,Ouiouane,,33°7′37.50″N,5°20′44.30″W,,,,,,,,,,,,,,,,,,,,,,,,,
,,,,Ouled-Ayach,,34°2′46.72″N,4°2′14.58″W,,,,,,,,,,,,,,,,,,,,,,,,,
,,,,Ounane,,33°9′4.84″N,5°24′29.60″W,,,,,,,,,,,,,,,,,,,,,,,,,
,,,,Ouoouchène,,33°24′30.82″N,4°54′42.40″W,,,,,,,,,,,,,,,,,,,,,,,,,
,,,,Poljé Ain El Aouda,,34°6′10.32″N,4°1′58.69″W,,,,,,,,,,,,,,,,,,,,,,,,,
,,,,Poljé Beni Mkoud,,33°52′57.73″N,4°18′6.77″W,,,,,,,,,,,,,,,,,,,,,,,,,
,,,,Poljé Chaâra,,33°58′46.31″N,4°13′34.24″W,,,,,,,,,,,,,,,,,,,,,,,,,
,,,,Poljé Chiker,,34°6′52.56″N,4°2′36.62″W,,,,,,,,,,,,,,,,,,,,,,,,,
,,,,Poljé El Ghar,,33°54′9.40″N,4°16′44.81″W,,,,,,,,,,,,,,,,,,,,,,,,,
,,,,Poljé Kaouane,,33°57′4.94″N,4°16′5.45″W,,,,,,,,,,,,,,,,,,,,,,,,,
,,,,Poljé Laarouch,,33°55′58.87″N,4°15′51.60″W,,,,,,,,,,,,,,,,,,,,,,,,,
,,,,Poljé Madegh,,33°56′50.92″N,4°13′52.93″W,,,,,,,,,,,,,,,,,,,,,,,,,
,,,,Ras El Oued (Oued el bared),,33°51′14.36″N,4°0′10.43″W,,,,,,,,,,,,,,,,,,,,,,,,,
,,,,Sidi Amar,,33°43′22.22″N,4°15′40.94″W,,,,,,,,,,,,,,,,,,,,,,,,,
,,,,Sidi Maanar,,33°43′54.18″N,5°1′24.04″W,,,,,,,,,,,,,,,,,,,,,,,,,
,,,,Sidi Majbar,,34°8′41.03″N,4°1′26.17″W,,,,,,,,,,,,,,,,,,,,,,,,,
,,,,Taanzoult,,33°4′10.82″N,5°1′1.71″W,,,,,,,,,,,,,,,,,,,,,,,,,
,,,,Taboughout,,32°56′39.36″N,5°29′2.03″W,,,,,,,,,,,,,,,,,,,,,,,,,
,,,,Taboughout Nord,,32°57′27.05″N,5°29′40.61″W,,,,,,,,,,,,,,,,,,,,,,,,,
,,,,Taffert Est,,33°40′19.91″N,4°9′0.88″W,,,,,,,,,,,,,,,,,,,,,,,,,
,,,,Taffert Nord,,33°40′37.91″N,4°9′25.65″W,,,,,,,,,,,,,,,,,,,,,,,,,
,,,,Taffert Nord-Est,,33°40′31.67″N,4°8′17.48″W,,,,,,,,,,,,,,,,,,,,,,,,,
,,,,Taffert Ouest,,33°40′34.15″N,4°9′56.38″W,,,,,,,,,,,,,,,,,,,,,,,,,
,,,,Tahfourt,,33°42′44.87″N,4°10′24.48″W,,,,,,,,,,,,,,,,,,,,,,,,,
,,,,Talghremte,,32°57′54.40″N,5°15′52.12″W,,,,,,,,,,,,,,,,,,,,,,,,,
,,,,Talou Ou Taachat,,33°44′18.28″N,4°14′21.99″W,,,,,,,,,,,,,,,,,,,,,,,,,
,,,,Tidrine,,33°29′42.27″N,5°3′55.29″W,,,,,,,,,,,,,,,,,,,,,,,,,
,,,,Tifratine,,33°41′40.78″N,5°22′48.08″W,,,,,,,,,,,,,,,,,,,,,,,,,
,,,,Tigouyal,,32°58′9.55″N,5°22′27.46″W,,,,,,,,,,,,,,,,,,,,,,,,,
,,,,Timezouine,,34°2′57.83″N,4°6′6.76″W,,,,,,,,,,,,,,,,,,,,,,,,,
,,,,Timezouine,,34°2′35.43″N,4°6′32.67″W,,,,,,,,,,,,,,,,,,,,,,,,,
,,,,Tirardine,,33°26′59.66″N,4°21′50.79″W,,,,,,,,,,,,,,,,,,,,,,,,,
,,,,Tisfoula,,33°14′40.86″N,5°20′51.93″W,,,,,,,,,,,,,,,,,,,,,,,,,
,,,,Tit Azourane,,34°6′1.93″N,4°1′13.46″W,,,,,,,,,,,,,,,,,,,,,,,,,
,,,,Tizaraght,,32°57′42.00″N,5°28′17.89″W,,,,,,,,,,,,,,,,,,,,,,,,,
,,,,Tizaraght Est,,32°57′22.33″N,5°27′22.90″W,,,,,,,,,,,,,,,,,,,,,,,,,
,,,,Tizerghine,,32°58′0.19″N,5°23′52.54″W,,,,,,,,,,,,,,,,,,,,,,,,,
,,,,Tlet fam,,34°2′18.82″N,4°5′28.65″W,,,,,,,,,,,,,,,,,,,,,,,,,
,,,,Toughlamte,,34°7′47.29″N,4°2′46.98″W,,,,,,,,,,,,,,,,,,,,,,,,,
,,,,Trou Arhelouet,,33°40′21.79″N,4°11′37.54″W,,,,,,,,,,,,,,,,,,,,,,,,,
,,,,Trou de Panthère,,33°17′7.52″N,5°13′25.72″W,,,,,,,,,,,,,,,,,,,,,,,,,
Middle Atlas,Fez-Meknes,"Benani et al., 2023","Geomorphological Study of the Endo-Karst of the Middle Atlas as a Geological Heritage to Be Preserved, Case of the Chaara Cave, Province of Taza",Chaara Cave,,33°57′20.22″N,4°14′58.09″W,,,,,,,,,,,,,,,,,,,,,,,,,
Middle Atlas,Beni Mellal-Khenifra,"Baadi and Németh, 2023","Volcanic Landscape of the Middle Atlas: A Representative Heritage of Moroccan Geological History









",Bou-Teguerrouine,,33°16′43.83″N,5°5′41.04″W,,,,,,,,,,,,,,,,,,,,,,,,,
,,,,El Koudiate,,33°31′10.67″N,5°9′50.90″W,,,,,,,,,,,,,,,,,,,,,,,,,
,,,,Jbel Hébri,,33°21′20.38″N,5°9′17.31″W,,,,,,,,,,,,,,,,,,,,,,,,,
,,,,Taiissout,,33°19′11.63″N,5°6′40.02″W,,,,,,,,,,,,,,,,,,,,,,,,,
,,,,Lechmine Aït el Haj,,33°22′53.75″N,5°4′12.41″W,,,,,,,,,,,,,,,,,,,,,,,,,
,,,,Bou-Ibalrhatène,,33°20′21.31″N,5°2′52.56″W,,,,,,,,,,,,,,,,,,,,,,,,,
,,,,Lechmine n’Ikettane,,33°22′34.08″N,5°7′31.46″W,,,,,,,,,,,,,,,,,,,,,,,,,
,,,,Lechmine Izgar,,33°15′51.13″N,5°6′17.54″W,,,,,,,,,,,,,,,,,,,,,,,,,
,,,,Ouest Hébri,,33°21′37.69″N,5°8′29.99″W,,,,,,,,,,,,,,,,,,,,,,,,,
,,,,Tahbrite,,33°20′46.49″N,5°7′48.73″W,,,,,,,,,,,,,,,,,,,,,,,,,
,,,,Timahdite,,33°13′50.62″N,5°3′59.07″W,,,,,,,,,,,,,,,,,,,,,,,,,
Middle Atlas,Beni Mellal-Khenifra,"Baadi et al., 2023f","The Volcanism of the Plio-Quaternary of Azrou-Timahdite Plateau (Central Middle Atlas, Morocco): Potential for Geotourism Development",Lechmine Ait el Haj,,"33°22'53.18""N","5°17'57.22""W",,,,,,,,,,,,,,,,,,,,,,,,,
,,,,Michlifene,,"33°32'24.25""N","5° 9'19.23""W",,,,,,,,,,,,,,,,,,,,,,,,,
,,,,Lechmine Bou-Ibalrhatène,,"33°20'23.86""N","5° 3'42.06""W",,,,,,,,,,,,,,,,,,,,,,,,,
,,,,Ouest Hébri,,"33°21'19.90""N","5° 9'17.41""W",,,,,,,,,,,,,,,,,,,,,,,,,
,,,,Bou-Teguerrouine,,"33°17'12.31""N","5° 5'24.71""",,,,,,,,,,,,,,,,,,,,,,,,,
,,,,Outgui,,"33°38'58.09""N","5°14'49.68""",,,,,,,,,,,,,,,,,,,,,,,,,
,,,,,,,,,,,,,,,,,,,,,,,,,,,,,,,,
,,,,,,,,,,,,,,,,,,,,,,,,,,,,,,,,
,,,,,,,,,,,,,,,,,,,,,,,,,,,,,,,,
,,,,,,,,,,,,,,,,,,,,,,,,,,,,,,,,
,,,,,,,,,,,,,,,,,,,,,,,,,,,,,,,,
,,,,,,,,,,,,,,,,,,,,,,,,,,,,,,,,
,,,,,,,,,,,,,,,,,,,,,,,,,,,,,,,,
,,,,,,,,,,,,,,,,,,,,,,,,,,,,,,,,
,,,,,,,,,,,,,,,,,,,,,,,,,,,,,,,,
,,,,,,,,,,,,,,,,,,,,,,,,,,,,,,,,
,,,,,,,,,,,,,,,,,,,,,,,,,,,,,,,,
,,,,,,,,,,,,,,,,,,,,,,,,,,,,,,,,
,,,,,,,,,,,,,,,,,,,,,,,,,,,,,,,,
,,,,,,,,,,,,,,,,,,,,,,,,,,,,,,,,
,,,,,,,,,,,,,,,,,,,,,,,,,,,,,,,,
,,,,,,,,,,,,,,,,,,,,,,,,,,,,,,,,
,,,,,,,,,,,,,,,,,,,,,,,,,,,,,,,,
,,,,,,,,,,,,,,,,,,,,,,,,,,,,,,,,
,,,,,,,,,,,,,,,,,,,,,,,,,,,,,,,,
,,,,,,,,,,,,,,,,,,,,,,,,,,,,,,,,
,,,,,,,,,,,,,,,,,,,,,,,,,,,,,,,,
,,,,,,,,,,,,,,,,,,,,,,,,,,,,,,,,
,,,,,,,,,,,,,,,,,,,,,,,,,,,,,,,,
,,,,,,,,,,,,,,,,,,,,,,,,,,,,,,,,
,,,,,,,,,,,,,,,,,,,,,,,,,,,,,,,,
,,,,,,,,,,,,,,,,,,,,,,,,,,,,,,,,
,,,,,,,,,,,,,,,,,,,,,,,,,,,,,,,,
,,,,,,,,,,,,,,,,,,,,,,,,,,,,,,,,
,,,,,,,,,,,,,,,,,,,,,,,,,,,,,,,,
,,,,,,,,,,,,,,,,,,,,,,,,,,,,,,,,
,,,,,,,,,,,,,,,,,,,,,,,,,,,,,,,,
,,,,,,,,,,,,,,,,,,,,,,,,,,,,,,,,
,,,,,,,,,,,,,,,,,,,,,,,,,,,,,,,,
,,,,,,,,,,,,,,,,,,,,,,,,,,,,,,,,
,,,,,,,,,,,,,,,,,,,,,,,,,,,,,,,,
,,,,,,,,,,,,,,,,,,,,,,,,,,,,,,,,
,,,,,,,,,,,,,,,,,,,,,,,,,,,,,,,,
,,,,,,,,,,,,,,,,,,,,,,,,,,,,,,,,
,,,,,,,,,,,,,,,,,,,,,,,,,,,,,,,,
,,,,,,,,,,,,,,,,,,,,,,,,,,,,,,,,
,,,,,,,,,,,,,,,,,,,,,,,,,,,,,,,,
,,,,,,,,,,,,,,,,,,,,,,,,,,,,,,,,
,,,,,,,,,,,,,,,,,,,,,,,,,,,,,,,,
,,,,,,,,,,,,,,,,,,,,,,,,,,,,,,,,
,,,,,,,,,,,,,,,,,,,,,,,,,,,,,,,,
,,,,,,,,,,,,,,,,,,,,,,,,,,,,,,,,
,,,,,,,,,,,,,,,,,,,,,,,,,,,,,,,,
,,,,,,,,,,,,,,,,,,,,,,,,,,,,,,,,
,,,,,,,,,,,,,,,,,,,,,,,,,,,,,,,,
,,,,,,,,,,,,,,,,,,,,,,,,,,,,,,,,
,,,,,,,,,,,,,,,,,,,,,,,,,,,,,,,,
,,,,,,,,,,,,,,,,,,,,,,,,,,,,,,,,
,,,,,,,,,,,,,,,,,,,,,,,,,,,,,,,,
,,,,,,,,,,,,,,,,,,,,,,,,,,,,,,,,
,,,,,,,,,,,,,,,,,,,,,,,,,,,,,,,,
,,,,,,,,,,,,,,,,,,,,,,,,,,,,,,,,
,,,,,,,,,,,,,,,,,,,,,,,,,,,,,,,,
,,,,,,,,,,,,,,,,,,,,,,,,,,,,,,,,
,,,,,,,,,,,,,,,,,,,,,,,,,,,,,,,,
,,,,,,,,,,,,,,,,,,,,,,,,,,,,,,,,
,,,,,,,,,,,,,,,,,,,,,,,,,,,,,,,,
,,,,,,,,,,,,,,,,,,,,,,,,,,,,,,,,
,,,,,,,,,,,,,,,,,,,,,,,,,,,,,,,,
,,,,,,,,,,,,,,,,,,,,,,,,,,,,,,,,
,,,,,,,,,,,,,,,,,,,,,,,,,,,,,,,,
,,,,,,,,,,,,,,,,,,,,,,,,,,,,,,,,
,,,,,,,,,,,,,,,,,,,,,,,,,,,,,,,,
,,,,,,,,,,,,,,,,,,,,,,,,,,,,,,,,
,,,,,,,,,,,,,,,,,,,,,,,,,,,,,,,,
,,,,,,,,,,,,,,,,,,,,,,,,,,,,,,,,
,,,,,,,,,,,,,,,,,,,,,,,,,,,,,,,,
,,,,,,,,,,,,,,,,,,,,,,,,,,,,,,,,
,,,,,,,,,,,,,,,,,,,,,,,,,,,,,,,,
,,,,,,,,,,,,,,,,,,,,,,,,,,,,,,,,
,,,,,,,,,,,,,,,,,,,,,,,,,,,,,,,,
,,,,,,,,,,,,,,,,,,,,,,,,,,,,,,,,
,,,,,,,,,,,,,,,,,,,,,,,,,,,,,,,,
,,,,,,,,,,,,,,,,,,,,,,,,,,,,,,,,
,,,,,,,,,,,,,,,,,,,,,,,,,,,,,,,,
,,,,,,,,,,,,,,,,,,,,,,,,,,,,,,,,
,,,,,,,,,,,,,,,,,,,,,,,,,,,,,,,,
,,,,,,,,,,,,,,,,,,,,,,,,,,,,,,,,
,,,,,,,,,,,,,,,,,,,,,,,,,,,,,,,,
,,,,,,,,,,,,,,,,,,,,,,,,,,,,,,,,
,,,,,,,,,,,,,,,,,,,,,,,,,,,,,,,,
,,,,,,,,,,,,,,,,,,,,,,,,,,,,,,,,
,,,,,,,,,,,,,,,,,,,,,,,,,,,,,,,,
,,,,,,,,,,,,,,,,,,,,,,,,,,,,,,,,
,,,,,,,,,,,,,,,,,,,,,,,,,,,,,,,,
,,,,,,,,,,,,,,,,,,,,,,,,,,,,,,,,
,,,,,,,,,,,,,,,,,,,,,,,,,,,,,,,,
,,,,,,,,,,,,,,,,,,,,,,,,,,,,,,,,
,,,,,,,,,,,,,,,,,,,,,,,,,,,,,,,,
,,,,,,,,,,,,,,,,,,,,,,,,,,,,,,,,
,,,,,,,,,,,,,,,,,,,,,,,,,,,,,,,,
,,,,,,,,,,,,,,,,,,,,,,,,,,,,,,,,
,,,,,,,,,,,,,,,,,,,,,,,,,,,,,,,,
,,,,,,,,,,,,,,,,,,,,,,,,,,,,,,,,
,,,,,,,,,,,,,,,,,,,,,,,,,,,,,,,,
,,,,,,,,,,,,,,,,,,,,,,,,,,,,,,,,
,,,,,,,,,,,,,,,,,,,,,,,,,,,,,,,,
,,,,,,,,,,,,,,,,,,,,,,,,,,,,,,,,
,,,,,,,,,,,,,,,,,,,,,,,,,,,,,,,,
,,,,,,,,,,,,,,,,,,,,,,,,,,,,,,,,
,,,,,,,,,,,,,,,,,,,,,,,,,,,,,,,,
,,,,,,,,,,,,,,,,,,,,,,,,,,,,,,,,
,,,,,,,,,,,,,,,,,,,,,,,,,,,,,,,,
,,,,,,,,,,,,,,,,,,,,,,,,,,,,,,,,
,,,,,,,,,,,,,,,,,,,,,,,,,,,,,,,,
,,,,,,,,,,,,,,,,,,,,,,,,,,,,,,,,
,,,,,,,,,,,,,,,,,,,,,,,,,,,,,,,,
,,,,,,,,,,,,,,,,,,,,,,,,,,,,,,,,
,,,,,,,,,,,,,,,,,,,,,,,,,,,,,,,,
,,,,,,,,,,,,,,,,,,,,,,,,,,,,,,,,
,,,,,,,,,,,,,,,,,,,,,,,,,,,,,,,,
,,,,,,,,,,,,,,,,,,,,,,,,,,,,,,,,
,,,,,,,,,,,,,,,,,,,,,,,,,,,,,,,,
,,,,,,,,,,,,,,,,,,,,,,,,,,,,,,,,
,,,,,,,,,,,,,,,,,,,,,,,,,,,,,,,,
,,,,,,,,,,,,,,,,,,,,,,,,,,,,,,,,
,,,,,,,,,,,,,,,,,,,,,,,,,,,,,,,,
,,,,,,,,,,,,,,,,,,,,,,,,,,,,,,,,
,,,,,,,,,,,,,,,,,,,,,,,,,,,,,,,,
,,,,,,,,,,,,,,,,,,,,,,,,,,,,,,,,
,,,,,,,,,,,,,,,,,,,,,,,,,,,,,,,,
,,,,,,,,,,,,,,,,,,,,,,,,,,,,,,,,
,,,,,,,,,,,,,,,,,,,,,,,,,,,,,,,,
,,,,,,,,,,,,,,,,,,,,,,,,,,,,,,,,
,,,,,,,,,,,,,,,,,,,,,,,,,,,,,,,,
,,,,,,,,,,,,,,,,,,,,,,,,,,,,,,,,
,,,,,,,,,,,,,,,,,,,,,,,,,,,,,,,,
,,,,,,,,,,,,,,,,,,,,,,,,,,,,,,,,
,,,,,,,,,,,,,,,,,,,,,,,,,,,,,,,,
,,,,,,,,,,,,,,,,,,,,,,,,,,,,,,,,
,,,,,,,,,,,,,,,,,,,,,,,,,,,,,,,,
,,,,,,,,,,,,,,,,,,,,,,,,,,,,,,,,
,,,,,,,,,,,,,,,,,,,,,,,,,,,,,,,,
,,,,,,,,,,,,,,,,,,,,,,,,,,,,,,,,
,,,,,,,,,,,,,,,,,,,,,,,,,,,,,,,,
,,,,,,,,,,,,,,,,,,,,,,,,,,,,,,,,
,,,,,,,,,,,,,,,,,,,,,,,,,,,,,,,,
,,,,,,,,,,,,,,,,,,,,,,,,,,,,,,,,
,,,,,,,,,,,,,,,,,,,,,,,,,,,,,,,,
,,,,,,,,,,,,,,,,,,,,,,,,,,,,,,,,
,,,,,,,,,,,,,,,,,,,,,,,,,,,,,,,,
,,,,,,,,,,,,,,,,,,,,,,,,,,,,,,,,
,,,,,,,,,,,,,,,,,,,,,,,,,,,,,,,,
,,,,,,,,,,,,,,,,,,,,,,,,,,,,,,,,
,,,,,,,,,,,,,,,,,,,,,,,,,,,,,,,,
,,,,,,,,,,,,,,,,,,,,,,,,,,,,,,,,
,,,,,,,,,,,,,,,,,,,,,,,,,,,,,,,,
,,,,,,,,,,,,,,,,,,,,,,,,,,,,,,,,
,,,,,,,,,,,,,,,,,,,,,,,,,,,,,,,,
,,,,,,,,,,,,,,,,,,,,,,,,,,,,,,,,
,,,,,,,,,,,,,,,,,,,,,,,,,,,,,,,,
,,,,,,,,,,,,,,,,,,,,,,,,,,,,,,,,
,,,,,,,,,,,,,,,,,,,,,,,,,,,,,,,,
,,,,,,,,,,,,,,,,,,,,,,,,,,,,,,,,
,,,,,,,,,,,,,,,,,,,,,,,,,,,,,,,,
,,,,,,,,,,,,,,,,,,,,,,,,,,,,,,,,
,,,,,,,,,,,,,,,,,,,,,,,,,,,,,,,,
,,,,,,,,,,,,,,,,,,,,,,,,,,,,,,,,
,,,,,,,,,,,,,,,,,,,,,,,,,,,,,,,,
,,,,,,,,,,,,,,,,,,,,,,,,,,,,,,,,
,,,,,,,,,,,,,,,,,,,,,,,,,,,,,,,,
,,,,,,,,,,,,,,,,,,,,,,,,,,,,,,,,
,,,,,,,,,,,,,,,,,,,,,,,,,,,,,,,,
,,,,,,,,,,,,,,,,,,,,,,,,,,,,,,,,
,,,,,,,,,,,,,,,,,,,,,,,,,,,,,,,,
,,,,,,,,,,,,,,,,,,,,,,,,,,,,,,,,
,,,,,,,,,,,,,,,,,,,,,,,,,,,,,,,,
,,,,,,,,,,,,,,,,,,,,,,,,,,,,,,,,
,,,,,,,,,,,,,,,,,,,,,,,,,,,,,,,,
,,,,,,,,,,,,,,,,,,,,,,,,,,,,,,,,
,,,,,,,,,,,,,,,,,,,,,,,,,,,,,,,,
,,,,,,,,,,,,,,,,,,,,,,,,,,,,,,,,
,,,,,,,,,,,,,,,,,,,,,,,,,,,,,,,,
,,,,,,,,,,,,,,,,,,,,,,,,,,,,,,,,
,,,,,,,,,,,,,,,,,,,,,,,,,,,,,,,,
,,,,,,,,,,,,,,,,,,,,,,,,,,,,,,,,
,,,,,,,,,,,,,,,,,,,,,,,,,,,,,,,,
,,,,,,,,,,,,,,,,,,,,,,,,,,,,,,,,
,,,,,,,,,,,,,,,,,,,,,,,,,,,,,,,,
,,,,,,,,,,,,,,,,,,,,,,,,,,,,,,,,
,,,,,,,,,,,,,,,,,,,,,,,,,,,,,,,,
,,,,,,,,,,,,,,,,,,,,,,,,,,,,,,,,
,,,,,,,,,,,,,,,,,,,,,,,,,,,,,,,,
,,,,,,,,,,,,,,,,,,,,,,,,,,,,,,,,
,,,,,,,,,,,,,,,,,,,,,,,,,,,,,,,,
,,,,,,,,,,,,,,,,,,,,,,,,,,,,,,,,
,,,,,,,,,,,,,,,,,,,,,,,,,,,,,,,,
,,,,,,,,,,,,,,,,,,,,,,,,,,,,,,,,
,,,,,,,,,,,,,,,,,,,,,,,,,,,,,,,,
,,,,,,,,,,,,,,,,,,,,,,,,,,,,,,,,
,,,,,,,,,,,,,,,,,,,,,,,,,,,,,,,,
,,,,,,,,,,,,,,,,,,,,,,,,,,,,,,,,
,,,,,,,,,,,,,,,,,,,,,,,,,,,,,,,,
,,,,,,,,,,,,,,,,,,,,,,,,,,,,,,,,
,,,,,,,,,,,,,,,,,,,,,,,,,,,,,,,,
,,,,,,,,,,,,,,,,,,,,,,,,,,,,,,,,
,,,,,,,,,,,,,,,,,,,,,,,,,,,,,,,,
,,,,,,,,,,,,,,,,,,,,,,,,,,,,,,,,
,,,,,,,,,,,,,,,,,,,,,,,,,,,,,,,,
,,,,,,,,,,,,,,,,,,,,,,,,,,,,,,,,
,,,,,,,,,,,,,,,,,,,,,,,,,,,,,,,,
,,,,,,,,,,,,,,,,,,,,,,,,,,,,,,,,
,,,,,,,,,,,,,,,,,,,,,,,,,,,,,,,,
,,,,,,,,,,,,,,,,,,,,,,,,,,,,,,,,
,,,,,,,,,,,,,,,,,,,,,,,,,,,,,,,,
,,,,,,,,,,,,,,,,,,,,,,,,,,,,,,,,
,,,,,,,,,,,,,,,,,,,,,,,,,,,,,,,,
,,,,,,,,,,,,,,,,,,,,,,,,,,,,,,,,
,,,,,,,,,,,,,,,,,,,,,,,,,,,,,,,,
,,,,,,,,,,,,,,,,,,,,,,,,,,,,,,,,
,,,,,,,,,,,,,,,,,,,,,,,,,,,,,,,,
,,,,,,,,,,,,,,,,,,,,,,,,,,,,,,,,
,,,,,,,,,,,,,,,,,,,,,,,,,,,,,,,,
,,,,,,,,,,,,,,,,,,,,,,,,,,,,,,,,
,,,,,,,,,,,,,,,,,,,,,,,,,,,,,,,,
,,,,,,,,,,,,,,,,,,,,,,,,,,,,,,,,
,,,,,,,,,,,,,,,,,,,,,,,,,,,,,,,,
,,,,,,,,,,,,,,,,,,,,,,,,,,,,,,,,
,,,,,,,,,,,,,,,,,,,,,,,,,,,,,,,,
,,,,,,,,,,,,,,,,,,,,,,,,,,,,,,,,
,,,,,,,,,,,,,,,,,,,,,,,,,,,,,,,,
,,,,,,,,,,,,,,,,,,,,,,,,,,,,,,,,
,,,,,,,,,,,,,,,,,,,,,,,,,,,,,,,,
,,,,,,,,,,,,,,,,,,,,,,,,,,,,,,,,
,,,,,,,,,,,,,,,,,,,,,,,,,,,,,,,,
,,,,,,,,,,,,,,,,,,,,,,,,,,,,,,,,
,,,,,,,,,,,,,,,,,,,,,,,,,,,,,,,,
,,,,,,,,,,,,,,,,,,,,,,,,,,,,,,,,
,,,,,,,,,,,,,,,,,,,,,,,,,,,,,,,,
,,,,,,,,,,,,,,,,,,,,,,,,,,,,,,,,
,,,,,,,,,,,,,,,,,,,,,,,,,,,,,,,,
,,,,,,,,,,,,,,,,,,,,,,,,,,,,,,,,
,,,,,,,,,,,,,,,,,,,,,,,,,,,,,,,,
,,,,,,,,,,,,,,,,,,,,,,,,,,,,,,,,
,,,,,,,,,,,,,,,,,,,,,,,,,,,,,,,,
,,,,,,,,,,,,,,,,,,,,,,,,,,,,,,,,
,,,,,,,,,,,,,,,,,,,,,,,,,,,,,,,,
,,,,,,,,,,,,,,,,,,,,,,,,,,,,,,,,
,,,,,,,,,,,,,,,,,,,,,,,,,,,,,,,,
,,,,,,,,,,,,,,,,,,,,,,,,,,,,,,,,
,,,,,,,,,,,,,,,,,,,,,,,,,,,,,,,,
,,,,,,,,,,,,,,,,,,,,,,,,,,,,,,,,
,,,,,,,,,,,,,,,,,,,,,,,,,,,,,,,,
,,,,,,,,,,,,,,,,,,,,,,,,,,,,,,,,
,,,,,,,,,,,,,,,,,,,,,,,,,,,,,,,,
,,,,,,,,,,,,,,,,,,,,,,,,,,,,,,,,
,,,,,,,,,,,,,,,,,,,,,,,,,,,,,,,,
,,,,,,,,,,,,,,,,,,,,,,,,,,,,,,,,
,,,,,,,,,,,,,,,,,,,,,,,,,,,,,,,,
,,,,,,,,,,,,,,,,,,,,,,,,,,,,,,,,
,,,,,,,,,,,,,,,,,,,,,,,,,,,,,,,,
,,,,,,,,,,,,,,,,,,,,,,,,,,,,,,,,
,,,,,,,,,,,,,,,,,,,,,,,,,,,,,,,,
,,,,,,,,,,,,,,,,,,,,,,,,,,,,,,,,
,,,,,,,,,,,,,,,,,,,,,,,,,,,,,,,,
,,,,,,,,,,,,,,,,,,,,,,,,,,,,,,,,
,,,,,,,,,,,,,,,,,,,,,,,,,,,,,,,,
,,,,,,,,,,,,,,,,,,,,,,,,,,,,,,,,
,,,,,,,,,,,,,,,,,,,,,,,,,,,,,,,,
,,,,,,,,,,,,,,,,,,,,,,,,,,,,,,,,
,,,,,,,,,,,,,,,,,,,,,,,,,,,,,,,,
,,,,,,,,,,,,,,,,,,,,,,,,,,,,,,,,
,,,,,,,,,,,,,,,,,,,,,,,,,,,,,,,,
,,,,,,,,,,,,,,,,,,,,,,,,,,,,,,,,
,,,,,,,,,,,,,,,,,,,,,,,,,,,,,,,,
,,,,,,,,,,,,,,,,,,,,,,,,,,,,,,,,
,,,,,,,,,,,,,,,,,,,,,,,,,,,,,,,,
,,,,,,,,,,,,,,,,,,,,,,,,,,,,,,,,
,,,,,,,,,,,,,,,,,,,,,,,,,,,,,,,,
,,,,,,,,,,,,,,,,,,,,,,,,,,,,,,,,
,,,,,,,,,,,,,,,,,,,,,,,,,,,,,,,,
,,,,,,,,,,,,,,,,,,,,,,,,,,,,,,,,
,,,,,,,,,,,,,,,,,,,,,,,,,,,,,,,,
,,,,,,,,,,,,,,,,,,,,,,,,,,,,,,,,
,,,,,,,,,,,,,,,,,,,,,,,,,,,,,,,,
,,,,,,,,,,,,,,,,,,,,,,,,,,,,,,,,
,,,,,,,,,,,,,,,,,,,,,,,,,,,,,,,,
,,,,,,,,,,,,,,,,,,,,,,,,,,,,,,,,
,,,,,,,,,,,,,,,,,,,,,,,,,,,,,,,,
,,,,,,,,,,,,,,,,,,,,,,,,,,,,,,,,
,,,,,,,,,,,,,,,,,,,,,,,,,,,,,,,,
,,,,,,,,,,,,,,,,,,,,,,,,,,,,,,,,
,,,,,,,,,,,,,,,,,,,,,,,,,,,,,,,,
,,,,,,,,,,,,,,,,,,,,,,,,,,,,,,,,
,,,,,,,,,,,,,,,,,,,,,,,,,,,,,,,,
,,,,,,,,,,,,,,,,,,,,,,,,,,,,,,,,
,,,,,,,,,,,,,,,,,,,,,,,,,,,,,,,,
,,,,,,,,,,,,,,,,,,,,,,,,,,,,,,,,
,,,,,,,,,,,,,,,,,,,,,,,,,,,,,,,,
,,,,,,,,,,,,,,,,,,,,,,,,,,,,,,,,
,,,,,,,,,,,,,,,,,,,,,,,,,,,,,,,,
,,,,,,,,,,,,,,,,,,,,,,,,,,,,,,,,
,,,,,,,,,,,,,,,,,,,,,,,,,,,,,,,,
,,,,,,,,,,,,,,,,,,,,,,,,,,,,,,,,
,,,,,,,,,,,,,,,,,,,,,,,,,,,,,,,,
,,,,,,,,,,,,,,,,,,,,,,,,,,,,,,,,
,,,,,,,,,,,,,,,,,,,,,,,,,,,,,,,,
,,,,,,,,,,,,,,,,,,,,,,,,,,,,,,,,
,,,,,,,,,,,,,,,,,,,,,,,,,,,,,,,,
,,,,,,,,,,,,,,,,,,,,,,,,,,,,,,,,
,,,,,,,,,,,,,,,,,,,,,,,,,,,,,,,,
,,,,,,,,,,,,,,,,,,,,,,,,,,,,,,,,
,,,,,,,,,,,,,,,,,,,,,,,,,,,,,,,,
,,,,,,,,,,,,,,,,,,,,,,,,,,,,,,,,
,,,,,,,,,,,,,,,,,,,,,,,,,,,,,,,,
,,,,,,,,,,,,,,,,,,,,,,,,,,,,,,,,
,,,,,,,,,,,,,,,,,,,,,,,,,,,,,,,,
,,,,,,,,,,,,,,,,,,,,,,,,,,,,,,,,
,,,,,,,,,,,,,,,,,,,,,,,,,,,,,,,,
,,,,,,,,,,,,,,,,,,,,,,,,,,,,,,,,
,,,,,,,,,,,,,,,,,,,,,,,,,,,,,,,,
,,,,,,,,,,,,,,,,,,,,,,,,,,,,,,,,
,,,,,,,,,,,,,,,,,,,,,,,,,,,,,,,,
,,,,,,,,,,,,,,,,,,,,,,,,,,,,,,,,
,,,,,,,,,,,,,,,,,,,,,,,,,,,,,,,,
,,,,,,,,,,,,,,,,,,,,,,,,,,,,,,,,
,,,,,,,,,,,,,,,,,,,,,,,,,,,,,,,,
,,,,,,,,,,,,,,,,,,,,,,,,,,,,,,,,
,,,,,,,,,,,,,,,,,,,,,,,,,,,,,,,,
,,,,,,,,,,,,,,,,,,,,,,,,,,,,,,,,
,,,,,,,,,,,,,,,,,,,,,,,,,,,,,,,,
,,,,,,,,,,,,,,,,,,,,,,,,,,,,,,,,
,,,,,,,,,,,,,,,,,,,,,,,,,,,,,,,,
,,,,,,,,,,,,,,,,,,,,,,,,,,,,,,,,
,,,,,,,,,,,,,,,,,,,,,,,,,,,,,,,,
,,,,,,,,,,,,,,,,,,,,,,,,,,,,,,,,
,,,,,,,,,,,,,,,,,,,,,,,,,,,,,,,,
,,,,,,,,,,,,,,,,,,,,,,,,,,,,,,,,
,,,,,,,,,,,,,,,,,,,,,,,,,,,,,,,,
,,,,,,,,,,,,,,,,,,,,,,,,,,,,,,,,
,,,,,,,,,,,,,,,,,,,,,,,,,,,,,,,,
,,,,,,,,,,,,,,,,,,,,,,,,,,,,,,,,
,,,,,,,,,,,,,,,,,,,,,,,,,,,,,,,,
,,,,,,,,,,,,,,,,,,,,,,,,,,,,,,,,
,,,,,,,,,,,,,,,,,,,,,,,,,,,,,,,,
,,,,,,,,,,,,,,,,,,,,,,,,,,,,,,,,
,,,,,,,,,,,,,,,,,,,,,,,,,,,,,,,,
,,,,,,,,,,,,,,,,,,,,,,,,,,,,,,,,
,,,,,,,,,,,,,,,,,,,,,,,,,,,,,,,,
,,,,,,,,,,,,,,,,,,,,,,,,,,,,,,,,
,,,,,,,,,,,,,,,,,,,,,,,,,,,,,,,,
,,,,,,,,,,,,,,,,,,,,,,,,,,,,,,,,
,,,,,,,,,,,,,,,,,,,,,,,,,,,,,,,,
,,,,,,,,,,,,,,,,,,,,,,,,,,,,,,,,
,,,,,,,,,,,,,,,,,,,,,,,,,,,,,,,,
,,,,,,,,,,,,,,,,,,,,,,,,,,,,,,,,
,,,,,,,,,,,,,,,,,,,,,,,,,,,,,,,,
,,,,,,,,,,,,,,,,,,,,,,,,,,,,,,,,
,,,,,,,,,,,,,,,,,,,,,,,,,,,,,,,,
,,,,,,,,,,,,,,,,,,,,,,,,,,,,,,,,
,,,,,,,,,,,,,,,,,,,,,,,,,,,,,,,,
,,,,,,,,,,,,,,,,,,,,,,,,,,,,,,,,
,,,,,,,,,,,,,,,,,,,,,,,,,,,,,,,,
,,,,,,,,,,,,,,,,,,,,,,,,,,,,,,,,
,,,,,,,,,,,,,,,,,,,,,,,,,,,,,,,,
,,,,,,,,,,,,,,,,,,,,,,,,,,,,,,,,
,,,,,,,,,,,,,,,,,,,,,,,,,,,,,,,,
,,,,,,,,,,,,,,,,,,,,,,,,,,,,,,,,
,,,,,,,,,,,,,,,,,,,,,,,,,,,,,,,,
,,,,,,,,,,,,,,,,,,,,,,,,,,,,,,,,
,,,,,,,,,,,,,,,,,,,,,,,,,,,,,,,,
,,,,,,,,,,,,,,,,,,,,,,,,,,,,,,,,
,,,,,,,,,,,,,,,,,,,,,,,,,,,,,,,,
,,,,,,,,,,,,,,,,,,,,,,,,,,,,,,,,
,,,,,,,,,,,,,,,,,,,,,,,,,,,,,,,,
,,,,,,,,,,,,,,,,,,,,,,,,,,,,,,,,
,,,,,,,,,,,,,,,,,,,,,,,,,,,,,,,,
,,,,,,,,,,,,,,,,,,,,,,,,,,,,,,,,
,,,,,,,,,,,,,,,,,,,,,,,,,,,,,,,,
,,,,,,,,,,,,,,,,,,,,,,,,,,,,,,,,
,,,,,,,,,,,,,,,,,,,,,,,,,,,,,,,,
,,,,,,,,,,,,,,,,,,,,,,,,,,,,,,,,
,,,,,,,,,,,,,,,,,,,,,,,,,,,,,,,,
,,,,,,,,,,,,,,,,,,,,,,,,,,,,,,,,
,,,,,,,,,,,,,,,,,,,,,,,,,,,,,,,,
,,,,,,,,,,,,,,,,,,,,,,,,,,,,,,,,
,,,,,,,,,,,,,,,,,,,,,,,,,,,,,,,,
,,,,,,,,,,,,,,,,,,,,,,,,,,,,,,,,
,,,,,,,,,,,,,,,,,,,,,,,,,,,,,,,,
,,,,,,,,,,,,,,,,,,,,,,,,,,,,,,,,
,,,,,,,,,,,,,,,,,,,,,,,,,,,,,,,,
,,,,,,,,,,,,,,,,,,,,,,,,,,,,,,,,
,,,,,,,,,,,,,,,,,,,,,,,,,,,,,,,,
,,,,,,,,,,,,,,,,,,,,,,,,,,,,,,,,
,,,,,,,,,,,,,,,,,,,,,,,,,,,,,,,,
,,,,,,,,,,,,,,,,,,,,,,,,,,,,,,,,
,,,,,,,,,,,,,,,,,,,,,,,,,,,,,,,,
,,,,,,,,,,,,,,,,,,,,,,,,,,,,,,,,
,,,,,,,,,,,,,,,,,,,,,,,,,,,,,,,,
,,,,,,,,,,,,,,,,,,,,,,,,,,,,,,,,
,,,,,,,,,,,,,,,,,,,,,,,,,,,,,,,,
,,,,,,,,,,,,,,,,,,,,,,,,,,,,,,,,
,,,,,,,,,,,,,,,,,,,,,,,,,,,,,,,,
,,,,,,,,,,,,,,,,,,,,,,,,,,,,,,,,
,,,,,,,,,,,,,,,,,,,,,,,,,,,,,,,,
,,,,,,,,,,,,,,,,,,,,,,,,,,,,,,,,
,,,,,,,,,,,,,,,,,,,,,,,,,,,,,,,,
,,,,,,,,,,,,,,,,,,,,,,,,,,,,,,,,
,,,,,,,,,,,,,,,,,,,,,,,,,,,,,,,,
,,,,,,,,,,,,,,,,,,,,,,,,,,,,,,,,
,,,,,,,,,,,,,,,,,,,,,,,,,,,,,,,,
,,,,,,,,,,,,,,,,,,,,,,,,,,,,,,,,
,,,,,,,,,,,,,,,,,,,,,,,,,,,,,,,,
,,,,,,,,,,,,,,,,,,,,,,,,,,,,,,,,
,,,,,,,,,,,,,,,,,,,,,,,,,,,,,,,,
,,,,,,,,,,,,,,,,,,,,,,,,,,,,,,,,
,,,,,,,,,,,,,,,,,,,,,,,,,,,,,,,,
,,,,,,,,,,,,,,,,,,,,,,,,,,,,,,,,
,,,,,,,,,,,,,,,,,,,,,,,,,,,,,,,,
,,,,,,,,,,,,,,,,,,,,,,,,,,,,,,,,
,,,,,,,,,,,,,,,,,,,,,,,,,,,,,,,,
,,,,,,,,,,,,,,,,,,,,,,,,,,,,,,,,
,,,,,,,,,,,,,,,,,,,,,,,,,,,,,,,,
,,,,,,,,,,,,,,,,,,,,,,,,,,,,,,,,
,,,,,,,,,,,,,,,,,,,,,,,,,,,,,,,,
,,,,,,,,,,,,,,,,,,,,,,,,,,,,,,,,
,,,,,,,,,,,,,,,,,,,,,,,,,,,,,,,,
,,,,,,,,,,,,,,,,,,,,,,,,,,,,,,,,
,,,,,,,,,,,,,,,,,,,,,,,,,,,,,,,,
,,,,,,,,,,,,,,,,,,,,,,,,,,,,,,,,
,,,,,,,,,,,,,,,,,,,,,,,,,,,,,,,,
,,,,,,,,,,,,,,,,,,,,,,,,,,,,,,,,
,,,,,,,,,,,,,,,,,,,,,,,,,,,,,,,,
,,,,,,,,,,,,,,,,,,,,,,,,,,,,,,,,
,,,,,,,,,,,,,,,,,,,,,,,,,,,,,,,,
,,,,,,,,,,,,,,,,,,,,,,,,,,,,,,,,
,,,,,,,,,,,,,,,,,,,,,,,,,,,,,,,,
,,,,,,,,,,,,,,,,,,,,,,,,,,,,,,,,
,,,,,,,,,,,,,,,,,,,,,,,,,,,,,,,,
,,,,,,,,,,,,,,,,,,,,,,,,,,,,,,,,
,,,,,,,,,,,,,,,,,,,,,,,,,,,,,,,,
,,,,,,,,,,,,,,,,,,,,,,,,,,,,,,,,
,,,,,,,,,,,,,,,,,,,,,,,,,,,,,,,,
,,,,,,,,,,,,,,,,,,,,,,,,,,,,,,,,
,,,,,,,,,,,,,,,,,,,,,,,,,,,,,,,,
,,,,,,,,,,,,,,,,,,,,,,,,,,,,,,,,
,,,,,,,,,,,,,,,,,,,,,,,,,,,,,,,,
,,,,,,,,,,,,,,,,,,,,,,,,,,,,,,,,
,,,,,,,,,,,,,,,,,,,,,,,,,,,,,,,,
,,,,,,,,,,,,,,,,,,,,,,,,,,,,,,,,
,,,,,,,,,,,,,,,,,,,,,,,,,,,,,,,,
,,,,,,,,,,,,,,,,,,,,,,,,,,,,,,,,
,,,,,,,,,,,,,,,,,,,,,,,,,,,,,,,,
,,,,,,,,,,,,,,,,,,,,,,,,,,,,,,,,
,,,,,,,,,,,,,,,,,,,,,,,,,,,,,,,,
,,,,,,,,,,,,,,,,,,,,,,,,,,,,,,,,
,,,,,,,,,,,,,,,,,,,,,,,,,,,,,,,,
,,,,,,,,,,,,,,,,,,,,,,,,,,,,,,,,
,,,,,,,,,,,,,,,,,,,,,,,,,,,,,,,,
,,,,,,,,,,,,,,,,,,,,,,,,,,,,,,,,
,,,,,,,,,,,,,,,,,,,,,,,,,,,,,,,,
,,,,,,,,,,,,,,,,,,,,,,,,,,,,,,,,
,,,,,,,,,,,,,,,,,,,,,,,,,,,,,,,,
,,,,,,,,,,,,,,,,,,,,,,,,,,,,,,,,
,,,,,,,,,,,,,,,,,,,,,,,,,,,,,,,,
,,,,,,,,,,,,,,,,,,,,,,,,,,,,,,,,
,,,,,,,,,,,,,,,,,,,,,,,,,,,,,,,,
,,,,,,,,,,,,,,,,,,,,,,,,,,,,,,,,
,,,,,,,,,,,,,,,,,,,,,,,,,,,,,,,,
,,,,,,,,,,,,,,,,,,,,,,,,,,,,,,,,
,,,,,,,,,,,,,,,,,,,,,,,,,,,,,,,,
,,,,,,,,,,,,,,,,,,,,,,,,,,,,,,,,
,,,,,,,,,,,,,,,,,,,,,,,,,,,,,,,,
,,,,,,,,,,,,,,,,,,,,,,,,,,,,,,,,
,,,,,,,,,,,,,,,,,,,,,,,,,,,,,,,,
,,,,,,,,,,,,,,,,,,,,,,,,,,,,,,,,
,,,,,,,,,,,,,,,,,,,,,,,,,,,,,,,,
,,,,,,,,,,,,,,,,,,,,,,,,,,,,,,,,
,,,,,,,,,,,,,,,,,,,,,,,,,,,,,,,,
,,,,,,,,,,,,,,,,,,,,,,,,,,,,,,,,
,,,,,,,,,,,,,,,,,,,,,,,,,,,,,,,,
,,,,,,,,,,,,,,,,,,,,,,,,,,,,,,,,
,,,,,,,,,,,,,,,,,,,,,,,,,,,,,,,,
,,,,,,,,,,,,,,,,,,,,,,,,,,,,,,,,
,,,,,,,,,,,,,,,,,,,,,,,,,,,,,,,,
,,,,,,,,,,,,,,,,,,,,,,,,,,,,,,,,
,,,,,,,,,,,,,,,,,,,,,,,,,,,,,,,,
,,,,,,,,,,,,,,,,,,,,,,,,,,,,,,,,
,,,,,,,,,,,,,,,,,,,,,,,,,,,,,,,,
,,,,,,,,,,,,,,,,,,,,,,,,,,,,,,,,
,,,,,,,,,,,,,,,,,,,,,,,,,,,,,,,,
,,,,,,,,,,,,,,,,,,,,,,,,,,,,,,,,
,,,,,,,,,,,,,,,,,,,,,,,,,,,,,,,,
,,,,,,,,,,,,,,,,,,,,,,,,,,,,,,,,
,,,,,,,,,,,,,,,,,,,,,,,,,,,,,,,,
,,,,,,,,,,,,,,,,,,,,,,,,,,,,,,,,
,,,,,,,,,,,,,,,,,,,,,,,,,,,,,,,,
,,,,,,,,,,,,,,,,,,,,,,,,,,,,,,,,
,,,,,,,,,,,,,,,,,,,,,,,,,,,,,,,,
,,,,,,,,,,,,,,,,,,,,,,,,,,,,,,,,
,,,,,,,,,,,,,,,,,,,,,,,,,,,,,,,,
,,,,,,,,,,,,,,,,,,,,,,,,,,,,,,,,
,,,,,,,,,,,,,,,,,,,,,,,,,,,,,,,,
,,,,,,,,,,,,,,,,,,,,,,,,,,,,,,,,
,,,,,,,,,,,,,,,,,,,,,,,,,,,,,,,,
,,,,,,,,,,,,,,,,,,,,,,,,,,,,,,,,
,,,,,,,,,,,,,,,,,,,,,,,,,,,,,,,,
,,,,,,,,,,,,,,,,,,,,,,,,,,,,,,,,
,,,,,,,,,,,,,,,,,,,,,,,,,,,,,,,,
,,,,,,,,,,,,,,,,,,,,,,,,,,,,,,,,
,,,,,,,,,,,,,,,,,,,,,,,,,,,,,,,,
,,,,,,,,,,,,,,,,,,,,,,,,,,,,,,,,
,,,,,,,,,,,,,,,,,,,,,,,,,,,,,,,,
,,,,,,,,,,,,,,,,,,,,,,,,,,,,,,,,
,,,,,,,,,,,,,,,,,,,,,,,,,,,,,,,,
,,,,,,,,,,,,,,,,,,,,,,,,,,,,,,,,
,,,,,,,,,,,,,,,,,,,,,,,,,,,,,,,,
,,,,,,,,,,,,,,,,,,,,,,,,,,,,,,,,
,,,,,,,,,,,,,,,,,,,,,,,,,,,,,,,,
,,,,,,,,,,,,,,,,,,,,,,,,,,,,,,,,
,,,,,,,,,,,,,,,,,,,,,,,,,,,,,,,,
,,,,,,,,,,,,,,,,,,,,,,,,,,,,,,,,
,,,,,,,,,,,,,,,,,,,,,,,,,,,,,,,,
,,,,,,,,,,,,,,,,,,,,,,,,,,,,,,,,
,,,,,,,,,,,,,,,,,,,,,,,,,,,,,,,,
,,,,,,,,,,,,,,,,,,,,,,,,,,,,,,,,
,,,,,,,,,,,,,,,,,,,,,,,,,,,,,,,,
,,,,,,,,,,,,,,,,,,,,,,,,,,,,,,,,
,,,,,,,,,,,,,,,,,,,,,,,,,,,,,,,,
,,,,,,,,,,,,,,,,,,,,,,,,,,,,,,,,
,,,,,,,,,,,,,,,,,,,,,,,,,,,,,,,,
,,,,,,,,,,,,,,,,,,,,,,,,,,,,,,,,
,,,,,,,,,,,,,,,,,,,,,,,,,,,,,,,,
,,,,,,,,,,,,,,,,,,,,,,,,,,,,,,,,
,,,,,,,,,,,,,,,,,,,,,,,,,,,,,,,,
,,,,,,,,,,,,,,,,,,,,,,,,,,,,,,,,
,,,,,,,,,,,,,,,,,,,,,,,,,,,,,,,,
,,,,,,,,,,,,,,,,,,,,,,,,,,,,,,,,
,,,,,,,,,,,,,,,,,,,,,,,,,,,,,,,,
,,,,,,,,,,,,,,,,,,,,,,,,,,,,,,,,
,,,,,,,,,,,,,,,,,,,,,,,,,,,,,,,,
,,,,,,,,,,,,,,,,,,,,,,,,,,,,,,,,
,,,,,,,,,,,,,,,,,,,,,,,,,,,,,,,,
,,,,,,,,,,,,,,,,,,,,,,,,,,,,,,,,
,,,,,,,,,,,,,,,,,,,,,,,,,,,,,,,,
,,,,,,,,,,,,,,,,,,,,,,,,,,,,,,,,
,,,,,,,,,,,,,,,,,,,,,,,,,,,,,,,,
,,,,,,,,,,,,,,,,,,,,,,,,,,,,,,,,
,,,,,,,,,,,,,,,,,,,,,,,,,,,,,,,,
,,,,,,,,,,,,,,,,,,,,,,,,,,,,,,,,
,,,,,,,,,,,,,,,,,,,,,,,,,,,,,,,,
,,,,,,,,,,,,,,,,,,,,,,,,,,,,,,,,
,,,,,,,,,,,,,,,,,,,,,,,,,,,,,,,,
,,,,,,,,,,,,,,,,,,,,,,,,,,,,,,,,
,,,,,,,,,,,,,,,,,,,,,,,,,,,,,,,,
,,,,,,,,,,,,,,,,,,,,,,,,,,,,,,,,
,,,,,,,,,,,,,,,,,,,,,,,,,,,,,,,,
,,,,,,,,,,,,,,,,,,,,,,,,,,,,,,,,
,,,,,,,,,,,,,,,,,,,,,,,,,,,,,,,,
,,,,,,,,,,,,,,,,,,,,,,,,,,,,,,,,
,,,,,,,,,,,,,,,,,,,,,,,,,,,,,,,,
,,,,,,,,,,,,,,,,,,,,,,,,,,,,,,,,
,,,,,,,,,,,,,,,,,,,,,,,,,,,,,,,,
,,,,,,,,,,,,,,,,,,,,,,,,,,,,,,,,
,,,,,,,,,,,,,,,,,,,,,,,,,,,,,,,,
,,,,,,,,,,,,,,,,,,,,,,,,,,,,,,,,
,,,,,,,,,,,,,,,,,,,,,,,,,,,,,,,,
,,,,,,,,,,,,,,,,,,,,,,,,,,,,,,,,
,,,,,,,,,,,,,,,,,,,,,,,,,,,,,,,,
,,,,,,,,,,,,,,,,,,,,,,,,,,,,,,,,
,,,,,,,,,,,,,,,,,,,,,,,,,,,,,,,,
,,,,,,,,,,,,,,,,,,,,,,,,,,,,,,,,
,,,,,,,,,,,,,,,,,,,,,,,,,,,,,,,,
,,,,,,,,,,,,,,,,,,,,,,,,,,,,,,,,
,,,,,,,,,,,,,,,,,,,,,,,,,,,,,,,,
,,,,,,,,,,,,,,,,,,,,,,,,,,,,,,,,
,,,,,,,,,,,,,,,,,,,,,,,,,,,,,,,,
,,,,,,,,,,,,,,,,,,,,,,,,,,,,,,,,
,,,,,,,,,,,,,,,,,,,,,,,,,,,,,,,,
,,,,,,,,,,,,,,,,,,,,,,,,,,,,,,,,
,,,,,,,,,,,,,,,,,,,,,,,,,,,,,,,,
,,,,,,,,,,,,,,,,,,,,,,,,,,,,,,,,
,,,,,,,,,,,,,,,,,,,,,,,,,,,,,,,,
,,,,,,,,,,,,,,,,,,,,,,,,,,,,,,,,
,,,,,,,,,,,,,,,,,,,,,,,,,,,,,,,,
,,,,,,,,,,,,,,,,,,,,,,,,,,,,,,,,
,,,,,,,,,,,,,,,,,,,,,,,,,,,,,,,,
,,,,,,,,,,,,,,,,,,,,,,,,,,,,,,,,
,,,,,,,,,,,,,,,,,,,,,,,,,,,,,,,,
,,,,,,,,,,,,,,,,,,,,,,,,,,,,,,,,
,,,,,,,,,,,,,,,,,,,,,,,,,,,,,,,,
,,,,,,,,,,,,,,,,,,,,,,,,,,,,,,,,
,,,,,,,,,,,,,,,,,,,,,,,,,,,,,,,,
,,,,,,,,,,,,,,,,,,,,,,,,,,,,,,,,
,,,,,,,,,,,,,,,,,,,,,,,,,,,,,,,,
,,,,,,,,,,,,,,,,,,,,,,,,,,,,,,,,
,,,,,,,,,,,,,,,,,,,,,,,,,,,,,,,,
,,,,,,,,,,,,,,,,,,,,,,,,,,,,,,,,
,,,,,,,,,,,,,,,,,,,,,,,,,,,,,,,,
,,,,,,,,,,,,,,,,,,,,,,,,,,,,,,,,
,,,,,,,,,,,,,,,,,,,,,,,,,,,,,,,,
,,,,,,,,,,,,,,,,,,,,,,,,,,,,,,,,
,,,,,,,,,,,,,,,,,,,,,,,,,,,,,,,,
,,,,,,,,,,,,,,,,,,,,,,,,,,,,,,,,
,,,,,,,,,,,,,,,,,,,,,,,,,,,,,,,,
,,,,,,,,,,,,,,,,,,,,,,,,,,,,,,,,
,,,,,,,,,,,,,,,,,,,,,,,,,,,,,,,,
,,,,,,,,,,,,,,,,,,,,,,,,,,,,,,,,
,,,,,,,,,,,,,,,,,,,,,,,,,,,,,,,,
,,,,,,,,,,,,,,,,,,,,,,,,,,,,,,,,
,,,,,,,,,,,,,,,,,,,,,,,,,,,,,,,,
,,,,,,,,,,,,,,,,,,,,,,,,,,,,,,,,
,,,,,,,,,,,,,,,,,,,,,,,,,,,,,,,,
,,,,,,,,,,,,,,,,,,,,,,,,,,,,,,,,
,,,,,,,,,,,,,,,,,,,,,,,,,,,,,,,,
,,,,,,,,,,,,,,,,,,,,,,,,,,,,,,,,
,,,,,,,,,,,,,,,,,,,,,,,,,,,,,,,,
,,,,,,,,,,,,,,,,,,,,,,,,,,,,,,,,
,,,,,,,,,,,,,,,,,,,,,,,,,,,,,,,,
,,,,,,,,,,,,,,,,,,,,,,,,,,,,,,,,
,,,,,,,,,,,,,,,,,,,,,,,,,,,,,,,,
,,,,,,,,,,,,,,,,,,,,,,,,,,,,,,,,
,,,,,,,,,,,,,,,,,,,,,,,,,,,,,,,,
,,,,,,,,,,,,,,,,,,,,,,,,,,,,,,,,
,,,,,,,,,,,,,,,,,,,,,,,,,,,,,,,,
,,,,,,,,,,,,,,,,,,,,,,,,,,,,,,,,
,,,,,,,,,,,,,,,,,,,,,,,,,,,,,,,,
,,,,,,,,,,,,,,,,,,,,,,,,,,,,,,,,
,,,,,,,,,,,,,,,,,,,,,,,,,,,,,,,,
,,,,,,,,,,,,,,,,,,,,,,,,,,,,,,,,
,,,,,,,,,,,,,,,,,,,,,,,,,,,,,,,,
,,,,,,,,,,,,,,,,,,,,,,,,,,,,,,,,
