Locality_ID,Geosite_Name,Latitude_WGS84,Longitude_WGS84,Region,Geosite_Type,Geological_Domain,Observation_Count,Member_Observation_IDs,Source_Files,Correction_Applied,Ground_Truth_Note,name_norm,match_class
loc_00001,Playa Blanca Beach,35.8243731,-5.7229291,Tanger-Al Hoceima,,Rif,1,obs3_00000,geoheritage_aug16_2026,,,playa blanca beach,new
loc_00002,Marisat Beach,35.7998631,-5.7507168,Tanger-Al Hoceima,,Rif,1,obs3_00001,geoheritage_aug16_2026,,,marisat beach,new
loc_00003,Ghandouri Beach,35.786932,-5.7633668,Tanger-Al Hoceima,,Rif,1,obs3_00002,geoheritage_aug16_2026,,,ghandouri beach,new
loc_00004,Malabata Beach,35.7777695,-5.7775563,Tanger-Al Hoceima,,Rif,1,obs3_00003,geoheritage_aug16_2026,,,malabata beach,new
loc_00005,Merkala Beach,35.7940544,-5.8344841,Tanger-Al Hoceima,,Rif,1,obs3_00004,geoheritage_aug16_2026,,,merkala beach,new
loc_00006,Bouhendia Beach,35.7829225,-5.9307866,Tanger-Al Hoceima,,Rif,1,obs3_00005,geoheritage_aug16_2026,,,bouhendia beach,new
loc_00007,Achakar Beach,35.776858,-5.9307889,Tanger-Al Hoceima,,Rif,1,obs3_00006,geoheritage_aug16_2026,,,achakar beach,new
loc_00008,Mickey Beach,35.7723236,-5.9326896,Tanger-Al Hoceima,,Rif,1,obs3_00007,geoheritage_aug16_2026,,,mickey beach,new
loc_00009,Sidi Kacem Beach,35.7379826,-5.9442736,Tanger-Al Hoceima,,Rif,1,obs3_00008,geoheritage_aug16_2026,,,sidi kacem beach,new
loc_00010,Ba Kacem Beach,35.7732541,-5.9331855,Tanger-Al Hoceima,,Rif,1,obs3_00009,geoheritage_aug16_2026,,,ba kacem beach,new
loc_00011,Houara Beach,35.6329991,-5.9781537,Tanger-Al Hoceima,,Rif,1,obs3_00010,geoheritage_aug16_2026,,,houara beach,new
loc_00012,Tahadart Beach,35.5775096,-5.9895277,Tanger-Al Hoceima,,Rif,1,obs3_00011,geoheritage_aug16_2026,,,tahadart beach,new
loc_00013,American Beach,35.6798457,-5.9651715,Tanger-Al Hoceima,,Rif,1,obs3_00012,geoheritage_aug16_2026,,,american beach,new
loc_00014,Al Manar Forest,35.8168801,-5.7486307,Tanger-Al Hoceima,,Rif,1,obs3_00013,geoheritage_aug16_2026,,,al manar forest,new
loc_00015,Marisat Forest,35.7961267,-5.7491829,Tanger-Al Hoceima,,Rif,1,obs3_00014,geoheritage_aug16_2026,,,marisat forest,new
loc_00016,Tangier balya Forest,35.7773448,-5.7711325,Tanger-Al Hoceima,,Rif,1,obs3_00015,geoheritage_aug16_2026,,,tangier balya forest,new
loc_00017,Rmilat Forest,35.7929606,-5.8624116,Tanger-Al Hoceima,,Rif,1,obs3_00016,geoheritage_aug16_2026,,,rmilat forest,new
loc_00018,Rharha Forest,35.7619967,-5.8731593,Tanger-Al Hoceima,,Rif,1,obs3_00017,geoheritage_aug16_2026,,,rharha forest,new
loc_00019,Mediouna Forest,35.7821557,-5.8925229,Tanger-Al Hoceima,,Rif,1,obs3_00018,geoheritage_aug16_2026,,,mediouna forest,new
loc_00020,Boubana Forest,35.7719636,-5.8927079,Tanger-Al Hoceima,,Rif,1,obs3_00019,geoheritage_aug16_2026,,,boubana forest,new
loc_00021,Cape Spartel Reserve,35.6759744,-5.9462552,Tanger-Al Hoceima,,Rif,1,obs3_00020,geoheritage_aug16_2026,,,cape spartel reserve,new
loc_00022,Diplomatic Forest,35.6759744,-5.9462552,Tanger-Al Hoceima,,Rif,1,obs3_00021,geoheritage_aug16_2026,,,diplomatic forest,new
loc_00023,Jumjum Rock,35.7899743,-5.8497473,Tanger-Al Hoceima,,Rif,1,obs3_00022,geoheritage_aug16_2026,,,jumjum rock,new
loc_00024,Gherab Rock,35.7946454,-5.85792,Tanger-Al Hoceima,,Rif,1,obs3_00023,geoheritage_aug16_2026,,,gherab rock,new
loc_00025,Sutooh Rock,35.7627783,-5.8885488,Tanger-Al Hoceima,,Rif,1,obs3_00024,geoheritage_aug16_2026,,,sutooh rock,new
loc_00026,Bouhendia Rock,35.788318,-5.9291816,Tanger-Al Hoceima,,Rif,1,obs3_00025,geoheritage_aug16_2026,,,bouhendia rock,new
loc_00027,Ras Aghmat,35.7974277,-5.8416951,Tanger-Al Hoceima,,Rif,1,obs3_00026,geoheritage_aug16_2026,,,ras aghmat,new
loc_00028,Hafa Rock,35.7913075,-5.8203332,Tanger-Al Hoceima,,Rif,1,obs3_00027,geoheritage_aug16_2026,,,hafa rock,new
loc_00029,Maghayir Lake,35.7536291,-5.8957438,Tanger-Al Hoceima,,Rif,1,obs3_00028,geoheritage_aug16_2026,,,maghayir lake,new
loc_00030,Sidi Hassain Lake,35.6980445,-5.8249996,Tanger-Al Hoceima,,Rif,1,obs3_00029,geoheritage_aug16_2026,,,sidi hassain lake,new
loc_00031,Tahadart River,35.6253683,-5.9412174,Tanger-Al Hoceima,,Rif,1,obs3_00030,geoheritage_aug16_2026,,,tahadart river,new
loc_00032,Rharha Lake,35.7691304,-5.8578318,Tanger-Al Hoceima,,Rif,1,obs3_00031,geoheritage_aug16_2026,,,rharha lake,new
loc_00033,Al Manar Fortress,35.814639,-5.7393475,Tanger-Al Hoceima,,Rif,1,obs3_00032,geoheritage_aug16_2026,,,al manar fortress,new
loc_00034,Ghailan Fort,35.7795848,-5.7715313,Tanger-Al Hoceima,,Rif,1,obs3_00033,geoheritage_aug16_2026,,,ghailan fort,new
loc_00035,Villa Harris,35.7830876,-5.7652395,Tanger-Al Hoceima,,Rif,1,obs3_00034,geoheritage_aug16_2026,,,villa harris,new
loc_00036,Dar El Baroud Tower,35.7886196,-5.8081714,Tanger-Al Hoceima,,Rif,1,obs3_00035,geoheritage_aug16_2026,,,dar el baroud tower,new
loc_00037,Bab Dar Debbagh,35.7860073,-5.8094098,Tanger-Al Hoceima,,Rif,1,obs3_00036,geoheritage_aug16_2026,,,bab dar debbagh,new
loc_00038,Bab El Marsa,35.7842141,-5.8085094,Tanger-Al Hoceima,,Rif,1,obs3_00037,geoheritage_aug16_2026,,,bab el marsa,new
loc_00039,Bab El Fahs,35.7847304,-5.8129131,Tanger-Al Hoceima,,Rif,1,obs3_00038,geoheritage_aug16_2026,,,bab el fahs,new
loc_00040,Bab El Kasbah,35.788648,-5.815002,Tanger-Al Hoceima,,Rif,1,obs3_00039,geoheritage_aug16_2026,,,bab el kasbah,new
loc_00041,Bab El Bahr,35.789007,-5.812113,Tanger-Al Hoceima,,Rif,1,obs3_00040,geoheritage_aug16_2026,,,bab el bahr,new
loc_00042,Bab Lassa,35.788119,-5.812018,Tanger-Al Hoceima,,Rif,1,obs3_00041,geoheritage_aug16_2026,,,bab lassa,new
loc_00043,Bab El Hira,35.78653,-5.809422,Tanger-Al Hoceima,,Rif,1,obs3_00042,geoheritage_aug16_2026,,,bab el hira,new
loc_00044,Bab American,35.783817,-5.810501,Tanger-Al Hoceima,,Rif,1,obs3_00043,geoheritage_aug16_2026,,,bab american,new
loc_00045,Bab Haha,35.788671,-5.811854,Tanger-Al Hoceima,,Rif,1,obs3_00044,geoheritage_aug16_2026,,,bab haha,new
loc_00046,Bouanania Cemetery,35.7908171,-5.8200251,Tanger-Al Hoceima,,Rif,1,obs3_00045,geoheritage_aug16_2026,,,bouanania cemetery,new
loc_00047,Sour Al Maâkazine,35.7810852,-5.8117345,Tanger-Al Hoceima,,Rif,1,obs3_00046,geoheritage_aug16_2026,,,sour al maakazine,new
loc_00048,Villa Perdicaris,35.7921543,-5.8601788,Tanger-Al Hoceima,,Rif,1,obs3_00047,geoheritage_aug16_2026,,,villa perdicaris,new
loc_00049,Cape Spartel Lighthouse,35.7910567,-5.9238839,Tanger-Al Hoceima,,Rif,1,obs3_00048,geoheritage_aug16_2026,,,cape spartel lighthouse,review_name_differs
loc_00050,Hercules Cave,35.7599335,-5.9392319,Tanger-Al Hoceima,,Rif,1,obs3_00049,geoheritage_aug16_2026,,,hercules cave,new
loc_00051,Horse Cave,35.7613313,-5.9355535,Tanger-Al Hoceima,,Rif,1,obs3_00050,geoheritage_aug16_2026,,,horse cave,new
loc_00052,Marina Port,35.79109,-5.810278,Tanger-Al Hoceima,,Rif,1,obs3_00051,geoheritage_aug16_2026,,,marina port,new
loc_00053,Continental Hotel,35.787464,-5.809423,Tanger-Al Hoceima,,Rif,1,obs3_00052,geoheritage_aug16_2026,,,continental hotel,new
loc_00054,Old ‘Hafa’ Coffee shop,35.791346,-5.821947,Tanger-Al Hoceima,,Rif,1,obs3_00053,geoheritage_aug16_2026,,,old hafa coffee shop,new
loc_00055,Souk Dakhel,35.784726,-5.812676,Tanger-Al Hoceima,,Rif,1,obs3_00054,geoheritage_aug16_2026,,,souk dakhel,new
loc_00056,Ibn Battuta Mausoleum,35.787414,-5.813693,Tanger-Al Hoceima,,Rif,1,obs3_00055,geoheritage_aug16_2026,,,ibn battuta mausoleum,new
loc_00057,Bouarakiya Mausoleum,35.783531,-5.81884,Tanger-Al Hoceima,,Rif,1,obs3_00056,geoheritage_aug16_2026,,,bouarakiya mausoleum,new
loc_00058,Sidi Hosni Mausoleum,35.7884747,-5.8116093,Tanger-Al Hoceima,,Rif,1,obs3_00057,geoheritage_aug16_2026,,,sidi hosni mausoleum,new
loc_00059,Ben Raisoul Mausoleum,35.7875783,-5.8116361,Tanger-Al Hoceima,,Rif,1,obs3_00058,geoheritage_aug16_2026,,,ben raisoul mausoleum,new
loc_00060,Wazzani Zawiya,35.784618,-5.812035,Tanger-Al Hoceima,,Rif,1,obs3_00059,geoheritage_aug16_2026,,,wazzani zawiya,new
loc_00061,Lalla Abla Mosque,35.789479,-5.807049,Tanger-Al Hoceima,,Rif,1,obs3_00060,geoheritage_aug16_2026,,,lalla abla mosque,new
loc_00062,Kasbah Mosque,35.788222,-5.812673,Tanger-Al Hoceima,,Rif,1,obs3_00061,geoheritage_aug16_2026,,,kasbah mosque,new
loc_00063,Cathedral of the Holy,35.782167,-5.817982,Tanger-Al Hoceima,,Rif,1,obs3_00062,geoheritage_aug16_2026,,,cathedral of the holy,new
loc_00064,Andrew’s Anglican,35.783351,-5.81439,Tanger-Al Hoceima,,Rif,1,obs3_00063,geoheritage_aug16_2026,,,andrews anglican,new
loc_00065,Immaculate Conception,35.783351,-5.811323,Tanger-Al Hoceima,,Rif,1,obs3_00064,geoheritage_aug16_2026,,,immaculate conception,new
loc_00066,Pont de Sebou Ordovician,33.83194,-4.64806,Fez-Meknes,,Middle Atlas,1,obs3_00065,geoheritage_aug16_2026,,,pont de sebou ordovician,review_name_differs
loc_00067,Karkoura Ordovician,33.85611,-4.61389,Fez-Meknes,,Middle Atlas,1,obs3_00066,geoheritage_aug16_2026,,,karkoura ordovician,new
loc_00068,Oued Sebou Ordovician,33.84056,-4.64306,Fez-Meknes,,Middle Atlas,1,obs3_00067,geoheritage_aug16_2026,,,oued sebou ordovician,new
loc_00069,Oued Sebou Triassic,33.83889,-4.64306,Fez-Meknes,,Middle Atlas,1,obs3_00068,geoheritage_aug16_2026,,,oued sebou triassic,new
loc_00070,Karkoura Triassic,33.8575,-4.61889,Fez-Meknes,,Middle Atlas,1,obs3_00069,geoheritage_aug16_2026,,,karkoura triassic,new
loc_00071,Mellaha Triassic,33.77278,-4.58333,Fez-Meknes,,Middle Atlas,1,obs3_00070,geoheritage_aug16_2026,,,mellaha triassic,new
loc_00072,Ain Sebou Jurassic,33.73667,-4.5325,Fez-Meknes,,Middle Atlas,1,obs3_00071,geoheritage_aug16_2026,,,ain sebou jurassic,review_name_differs
loc_00073,El Menzel Jurassic,33.845,-4.53778,Fez-Meknes,,Middle Atlas,1,obs3_00072,geoheritage_aug16_2026,,,el menzel jurassic,new
loc_00074,Taghit Ammonites,33.76583,-4.52194,Fez-Meknes,,Middle Atlas,1,obs3_00073,geoheritage_aug16_2026,,,taghit ammonites,new
loc_00075,El Qualaa Travertines,33.84139,-4.54778,Fez-Meknes,,Middle Atlas,1,obs3_00074,geoheritage_aug16_2026,,,el qualaa travertines,new
loc_00076,El Menzel Paleosols,33.84667,-4.5425,Fez-Meknes,,Middle Atlas,1,obs3_00075,geoheritage_aug16_2026,,,el menzel paleosols,new
loc_00077,Beni Yazgha Thrust Fault,33.84611,-4.60944,Fez-Meknes,,Middle Atlas,1,obs3_00076,geoheritage_aug16_2026,,,beni yazgha thrust fault,new
loc_00078,El Menzel Fault,33.83306,-4.53306,Fez-Meknes,,Middle Atlas,1,obs3_00077,geoheritage_aug16_2026,,,el menzel fault,new
loc_00079,Taghit Thrust Fault,33.76806,-4.51139,Fez-Meknes,,Middle Atlas,1,obs3_00078,geoheritage_aug16_2026,,,taghit thrust fault,new
loc_00080,Quasbat Beni Yazgha Polje,33.82833,-4.59361,Fez-Meknes,,Middle Atlas,1,obs3_00079,geoheritage_aug16_2026,,,quasbat beni yazgha polje,new
loc_00081,Jbel Taferguicht,33.81306,-4.62972,Fez-Meknes,,Middle Atlas,1,obs3_00080,geoheritage_aug16_2026,,,jbel taferguicht,new
loc_00082,Jbel El Knisiya,33.81556,-4.62222,Fez-Meknes,,Middle Atlas,1,obs3_00081,geoheritage_aug16_2026,,,jbel el knisiya,new
loc_00083,Oued Sebou,33.81139,-4.60917,Fez-Meknes,,Middle Atlas,1,obs3_00082,geoheritage_aug16_2026,,,oued sebou,new
loc_00084,Allal El Fassi Dam,33.92278,-4.65083,Fez-Meknes,,Middle Atlas,1,obs3_00083,geoheritage_aug16_2026,,,allal el fassi dam,new
loc_00085,Upper Devonian Kellwasser black limestones of Bou Ounabdou,33.142833333333336,-5.5175,Beni Mellal-Khenifra,,Middle Atlas,1,obs3_00084,geoheritage_aug16_2026,,,upper devonian kellwasser black limestones of bou ounabdou,review_name_differs
loc_00086,Ordovician plicative structures of Mrirt,33.1,-5.586833333333333,Beni Mellal-Khenifra,,Middle Atlas,1,obs3_00086,geoheritage_aug16_2026,,,ordovician plicative structures of mrirt,new
loc_00087,Permian granitic dyke of Tighza,33.197833333333335,-5.617,Beni Mellal-Khenifra,,Middle Atlas,1,obs3_00087,geoheritage_aug16_2026,,,permian granitic dyke of tighza,new
loc_00088,Clay matrix conglomerates of Permian in Khenifra,32.954,-5.685833333333333,Beni Mellal-Khenifra,,Middle Atlas,1,obs3_00088,geoheritage_aug16_2026,,,clay matrix conglomerates of permian in khenifra,new
loc_00089,Permian alternating clay and sand stonebeds of Khenifra,32.9605,-5.688,Beni Mellal-Khenifra,,Middle Atlas,1,obs3_00089,geoheritage_aug16_2026,,,permian alternating clay and sand stonebeds of khenifra,new
loc_00090,Permian/Ordovician unconformity of Iaarochen,33.02883333333333,-5.614333333333334,Beni Mellal-Khenifra,,Middle Atlas,1,obs3_00090,geoheritage_aug16_2026,,,permian ordovician unconformity of iaarochen,new
loc_00091,Permian/Ordovician unconformity of Assabera,33.0495,-5.614333333333334,Beni Mellal-Khenifra,,Middle Atlas,1,obs3_00091,geoheritage_aug16_2026,,,permian ordovician unconformity of assabera,new
loc_00092,Quaternary basalts of Oued Oum Er-Rbia,32.9955,-5.652,Beni Mellal-Khenifra,,Middle Atlas,1,obs3_00098,geoheritage_aug16_2026,,,quaternary basalts of oued oum er rbia,new
loc_00093,Tasraft,32.16011388888889,-5.9311138888888895,Beni Mellal-Khenifra,,High Atlas,1,obs3_00101,geoheritage_aug16_2026,,,tasraft,new
loc_00094,Aftis,32.08293333333334,-5.938702777777778,Beni Mellal-Khenifra,,High Atlas,1,obs3_00102,geoheritage_aug16_2026,,,aftis,new
loc_00095,Moriq,32.101422222222226,-5.892983333333333,Beni Mellal-Khenifra,,High Atlas,1,obs3_00103,geoheritage_aug16_2026,,,moriq,new
loc_00096,Tamekaste,32.07391388888889,-5.918491666666667,Beni Mellal-Khenifra,,High Atlas,1,obs3_00104,geoheritage_aug16_2026,,,tamekaste,new
loc_00097,Anergui,32.06339444444444,-5.927097222222223,Beni Mellal-Khenifra,,High Atlas,1,obs3_00105,geoheritage_aug16_2026,,,anergui,new
loc_00098,Taguentourte,32.04814444444444,-5.935125,Beni Mellal-Khenifra,,High Atlas,1,obs3_00106,geoheritage_aug16_2026,,,taguentourte,new
loc_00099,Ouriz,32.03783055555555,-5.949066666666667,Beni Mellal-Khenifra,,High Atlas,1,obs3_00107,geoheritage_aug16_2026,,,ouriz,new
loc_00100,Tagount,32.01144722222222,-5.942555555555556,Beni Mellal-Khenifra,,High Atlas,1,obs3_00108,geoheritage_aug16_2026,,,tagount,new
loc_00101,Tizi N'Dari,32.01065555555556,-5.929797222222223,Beni Mellal-Khenifra,,High Atlas,1,obs3_00109,geoheritage_aug16_2026,,,tizi ndari,new
loc_00102,Batly,32.003619444444446,-5.923263888888889,Beni Mellal-Khenifra,,High Atlas,1,obs3_00110,geoheritage_aug16_2026,,,batly,new
loc_00103,Inoufigun,31.99865,-5.929397222222223,Beni Mellal-Khenifra,,High Atlas,1,obs3_00111,geoheritage_aug16_2026,,,inoufigun,new
loc_00104,Imaouen N’Tfalouine,32.077875000000006,-5.95465,Beni Mellal-Khenifra,,High Atlas,1,obs3_00112,geoheritage_aug16_2026,,,imaouen ntfalouine,new
loc_00105,Akhachane,32.054116666666665,-6.080561111111111,Beni Mellal-Khenifra,,High Atlas,1,obs3_00113,geoheritage_aug16_2026,,,akhachane,new
loc_00106,Igra,32.06207777777777,-6.065869444444444,Beni Mellal-Khenifra,,High Atlas,1,obs3_00114,geoheritage_aug16_2026,,,igra,new
loc_00107,Ifri N'Khettab,32.017538888888886,-6.201827777777778,Beni Mellal-Khenifra,,High Atlas,1,obs3_00115,geoheritage_aug16_2026,,,ifri nkhettab,new
loc_00108,Ait Abdi,31.86734166666667,-5.98155,Beni Mellal-Khenifra,,High Atlas,1,obs3_00116,geoheritage_aug16_2026,,,ait abdi,new
loc_00109,Sidi Boulknadel pipes,34.126533333333334,-6.755861111111111,Rabat-Sale-Kenitra,,Meseta,1,obs3_00218,geoheritage_aug16_2026,,,sidi boulknadel pipes,new
loc_00110,Carboniferous hills of Korifla river panorama,33.74092777777778,-6.746533333333334,Rabat-Sale-Kenitra,,Meseta,1,obs3_00219,geoheritage_aug16_2026,,,carboniferous hills of korifla river panorama,new
loc_00111,Lower Devonian carbonate concretion east of Ezzehiliga,33.310024999999996,-6.543025,Rabat-Sale-Kenitra,,Meseta,1,obs3_00220,geoheritage_aug16_2026,,,lower devonian carbonate concretion east of ezzehiliga,new
loc_00112,Normal fault of El Malha river,34.57602222222223,-5.4805,Rabat-Sale-Kenitra,,Meseta,1,obs3_00221,geoheritage_aug16_2026,,,normal fault of el malha river,new
loc_00113,Volcanic flow of Boulhmayl river,34.393255555555555,-6.469327777777778,Rabat-Sale-Kenitra,,Meseta,1,obs3_00223,geoheritage_aug16_2026,,,volcanic flow of boulhmayl river,new
loc_00114,Gayville beach potholes,33.93679444444444,-6.946277777777778,Rabat-Sale-Kenitra,,Meseta,1,obs3_00224,geoheritage_aug16_2026,,,gayville beach potholes,new
loc_00115,Koudiat Ech-Cherif,34.03132222222222,-6.843502777777777,Rabat-Sale-Kenitra,,Meseta,1,obs3_00225,geoheritage_aug16_2026,,,koudiat ech cherif,new
loc_00116,Sebt-Merchouch plateau Angular Unconformity,33.848572222222224,-6.966044444444445,Rabat-Sale-Kenitra,,Meseta,1,obs3_00226,geoheritage_aug16_2026,,,sebt merchouch plateau angular unconformity,new
loc_00117,Zaër granite,34.554316666666665,-5.874338888888889,Rabat-Sale-Kenitra,,Meseta,1,obs3_00227,geoheritage_aug16_2026,,,zaer granite,review_coord_disagree
loc_00118,Jbel Moghrane's Westphalian Molasse,34.39001666666667,-6.469991666666667,Rabat-Sale-Kenitra,,Meseta,1,obs3_00228,geoheritage_aug16_2026,,,jbel moghranes westphalian molasse,new
loc_00119,Stratotype GSSP Tortonian- Messinian Limit,33.936299999999996,-6.788841666666666,Rabat-Sale-Kenitra,,Meseta,1,obs3_00229,geoheritage_aug16_2026,,,stratotype gssp tortonian messinian limit,new
loc_00120,Jorf Lakhdar Geosite,34.740766666666666,-2.0449166666666665,Oriental,,Middle Atlas,1,obs3_00230,geoheritage_aug16_2026,,,jorf lakhdar geosite,new
loc_00121,Guilliz Geosite,34.47788611111111,-3.3419972222222225,Oriental,,Middle Atlas,1,obs3_00231,geoheritage_aug16_2026,,,guilliz geosite,new
loc_00122,Dinosaur footprint site of Anza,30.445833333333333,-9.660833333333333,Souss-Massa,,Western High Atlas,1,obs3_00232,geoheritage_aug16_2026,,,dinosaur footprint site of anza,new
loc_00123,sedimentary and tectonic type: Quaternary conglomerate formation of Taghazout,30.53523888888889,-9.676272222222222,Souss-Massa,,Western High Atlas,1,obs3_00233,geoheritage_aug16_2026,,,sedimentary and tectonic type quaternary conglomerate formation of taghazout,new
loc_00124,Karstic type geosite 3: Cap Ghir Cave,30.62918888888889,-9.833916666666667,Souss-Massa,,Western High Atlas,1,obs3_00234,geoheritage_aug16_2026,,,karstic type geosite 3 cap ghir cave,new
loc_00125,Stratigraphic-type geosite 4: Tiguert Formation,30.629534166666666,-9.834047222222223,Souss-Massa,,Western High Atlas,1,obs3_00235,geoheritage_aug16_2026,,,stratigraphic type geosite 4 tiguert formation,new
loc_00126,Stratigraphic Type: Oxfordian of Cap Ghir Reef,30.628327777777777,-9.836655555555556,Souss-Massa,,Western High Atlas,1,obs3_00236,geoheritage_aug16_2026,,,stratigraphic type oxfordian of cap ghir reef,new
loc_00127,Imi Ouaddar sedimentary geosite type : black shale-Imi-Ouaddar,30.56222222222222,-9.742455555555555,Souss-Massa,,Western High Atlas,1,obs3_00237,geoheritage_aug16_2026,,,imi ouaddar sedimentary geosite type black shale imi ouaddar,new
loc_00128,Cross‑Bedding Structures,29.941425,-5.625411111111112,Draa-Tafilalet,,Anti-Atlas,1,obs3_00239,geoheritage_aug16_2026,,,crossbedding structures,new
loc_00129,"Bioturbation, Trace Fossils, and Fossils",29.925708333333336,-5.614744444444444,Draa-Tafilalet,,Anti-Atlas,1,obs3_00240,geoheritage_aug16_2026,,,bioturbation trace fossils and fossils,new
loc_00130,Wave Ripples,29.905974999999998,-5.5915333333333335,Draa-Tafilalet,,Anti-Atlas,1,obs3_00241,geoheritage_aug16_2026,,,wave ripples,new
loc_00131,Micro‑faulting and Hydrofracturing,29.895227777777777,-5.609219444444444,Draa-Tafilalet,,Anti-Atlas,1,obs3_00242,geoheritage_aug16_2026,,,microfaulting and hydrofracturing,new
loc_00132,Conglomerate and Conglomeratic Sandstone,29.896744444444444,-5.582991666666667,Draa-Tafilalet,,Anti-Atlas,1,obs3_00243,geoheritage_aug16_2026,,,conglomerate and conglomeratic sandstone,new
loc_00133,Unconformities,29.9595,-5.637094444444444,Draa-Tafilalet,,Anti-Atlas,1,obs3_00244,geoheritage_aug16_2026,,,unconformities,new
loc_00134,Joints and Rock Fall,29.980649999999997,-5.651988888888889,Draa-Tafilalet,,Anti-Atlas,1,obs3_00245,geoheritage_aug16_2026,,,joints and rock fall,new
loc_00135,Exfoliation,29.872122222222224,-5.547361111111111,Draa-Tafilalet,,Anti-Atlas,1,obs3_00246,geoheritage_aug16_2026,,,exfoliation,new
loc_00136,Jbel Ardouz,31.558536111111113,-8.631069444444446,Marrakech-Safi,,Meseta,1,obs3_00247,geoheritage_aug16_2026,,,jbel ardouz,new
loc_00137,Bab Boudir,34.06666666666667,-4.116666666666666,Fez-Meknes,,Middle Atlas,1,obs3_00263,geoheritage_aug16_2026,,,bab boudir,duplicate
loc_00138,Tazekka,34.18333333333333,-4.2,Fez-Meknes,,Middle Atlas,1,obs3_00264,geoheritage_aug16_2026,,,tazekka,new
loc_00139,Taza,34.21666666666667,-4.016666666666667,Fez-Meknes,,Middle Atlas,1,obs3_00265,geoheritage_aug16_2026,,,taza,new
loc_00140,Chaara Chasm,33.95682222222222,-4.247022222222222,Fez-Meknes,,Middle Atlas,1,obs3_00266,geoheritage_aug16_2026,,,chaara chasm,new
loc_00141,Chiker Cave,34.112944444444445,-4.045369444444444,Fez-Meknes,,Middle Atlas,1,obs3_00267,geoheritage_aug16_2026,,,chiker cave,duplicate
loc_00142,Iferouato Chasm,34.104016666666666,-4.071858333333333,Fez-Meknes,,Middle Atlas,1,obs3_00268,geoheritage_aug16_2026,,,iferouato chasm,new
loc_00143,Izoura Chasm,34.08271388888889,-4.107749999999999,Fez-Meknes,,Middle Atlas,1,obs3_00269,geoheritage_aug16_2026,,,izoura chasm,new
loc_00144,Anza tracksite,30.444925,-9.659819444444445,Souss-Massa,,Western High Atlas,1,obs3_00270,geoheritage_aug16_2026,,,anza tracksite,new
loc_00145,Cascade of Akchor,35.23861111111111,-5.176530555555556,Tanger-Al Hoceima,,Rif,1,obs3_00271,geoheritage_aug16_2026,,,cascade of akchor,review_coord_disagree
loc_00146,Cascdes of Oued Laou,35.27912222222222,-5.238088888888889,Tanger-Al Hoceima,,Rif,1,obs3_00272,geoheritage_aug16_2026,,,cascdes of oued laou,new
loc_00147,Crenulations in the Targha micaschist,35.282875,-4.914525,Tanger-Al Hoceima,,Rif,1,obs3_00273,geoheritage_aug16_2026,,,crenulations in the targha micaschist,new
loc_00148,Structural position of the geological units of the Internal Rif at Kodiat Achacha,35.265861111111114,-5.234911111111111,Tanger-Al Hoceima,,Rif,1,obs3_00274,geoheritage_aug16_2026,,,structural position of the geological units of the internal rif at kodiat achacha,new
loc_00149,Exhumation of peridotites in the Aarabe Valley,35.396366666666665,-5.0262,Tanger-Al Hoceima,,Rif,1,obs3_00275,geoheritage_aug16_2026,,,exhumation of peridotites in the aarabe valley,new
loc_00150,Geosite 1,35.380925,-5.3518,Tanger-Al Hoceima,,Rif,1,obs3_00276,geoheritage_aug16_2026,,,geosite 1,review_coord_disagree
loc_00151,Geosite 2,35.377272222222224,-5.333597222222222,Tanger-Al Hoceima,,Rif,1,obs3_00277,geoheritage_aug16_2026,,,geosite 2,review_coord_disagree
loc_00152,Geosite 3,35.382958333333335,-5.201388888888889,Tanger-Al Hoceima,,Rif,1,obs3_00278,geoheritage_aug16_2026,,,geosite 3,review_coord_disagree
loc_00153,Geosite 4,35.382616666666664,-5.187169444444445,Tanger-Al Hoceima,,Rif,1,obs3_00279,geoheritage_aug16_2026,,,geosite 4,review_coord_disagree
loc_00154,Geosite 5,35.37940833333333,-5.175622222222223,Tanger-Al Hoceima,,Rif,1,obs3_00280,geoheritage_aug16_2026,,,geosite 5,review_coord_disagree
loc_00155,Geosite 6,35.239844444444444,-5.304963888888889,Tanger-Al Hoceima,,Rif,1,obs3_00281,geoheritage_aug16_2026,,,geosite 6,review_coord_disagree
loc_00156,Geosite 7,35.247569444444444,-5.299655555555556,Tanger-Al Hoceima,,Rif,1,obs3_00282,geoheritage_aug16_2026,,,geosite 7,review_coord_disagree
loc_00157,Geosite 8,35.246741666666665,-5.282819444444445,Tanger-Al Hoceima,,Rif,2,obs3_00283;obs3_00284,geoheritage_aug16_2026,,,geosite 8,review_coord_disagree
loc_00158,Geosite 10,35.263244444444446,-5.256766666666667,Tanger-Al Hoceima,,Rif,1,obs3_00285,geoheritage_aug16_2026,,,geosite 10,review_coord_disagree
loc_00159,Geosite 11,35.27701944444444,-5.244175,Tanger-Al Hoceima,,Rif,1,obs3_00286,geoheritage_aug16_2026,,,geosite 11,review_coord_disagree
loc_00160,Geosite 12,35.29886944444444,-5.218872222222222,Tanger-Al Hoceima,,Rif,1,obs3_00287,geoheritage_aug16_2026,,,geosite 12,review_coord_disagree
loc_00161,Geosite 13,35.347436111111115,-5.1865250000000005,Tanger-Al Hoceima,,Rif,1,obs3_00288,geoheritage_aug16_2026,,,geosite 13,review_coord_disagree
loc_00162,Geosite 14,35.25826388888889,-5.2222583333333334,Tanger-Al Hoceima,,Rif,1,obs3_00289,geoheritage_aug16_2026,,,geosite 14,review_coord_disagree
loc_00163,Geosite 15,35.25094722222222,-5.215055555555556,Tanger-Al Hoceima,,Rif,1,obs3_00290,geoheritage_aug16_2026,,,geosite 15,review_coord_disagree
loc_00164,Geosite 16,35.25453888888889,-5.207208333333334,Tanger-Al Hoceima,,Rif,1,obs3_00291,geoheritage_aug16_2026,,,geosite 16,review_coord_disagree
loc_00165,Geosite 17,35.24471666666667,-5.203758333333334,Tanger-Al Hoceima,,Rif,1,obs3_00292,geoheritage_aug16_2026,,,geosite 17,review_coord_disagree
loc_00166,Geosite 18,35.216950000000004,-5.1748722222222225,Tanger-Al Hoceima,,Rif,1,obs3_00293,geoheritage_aug16_2026,,,geosite 18,review_coord_disagree
loc_00167,Geosite 19,35.22786388888889,-5.1443972222222225,Tanger-Al Hoceima,,Rif,1,obs3_00294,geoheritage_aug16_2026,,,geosite 19,review_coord_disagree
loc_00168,Geosite 20,35.18326111111111,-5.270011111111111,Tanger-Al Hoceima,,Rif,1,obs3_00295,geoheritage_aug16_2026,,,geosite 20,review_coord_disagree
loc_00169,Geosite 21,35.17123888888889,-5.24315,Tanger-Al Hoceima,,Rif,1,obs3_00296,geoheritage_aug16_2026,,,geosite 21,review_coord_disagree
loc_00170,Geosite 22,35.17595,-5.223658333333334,Tanger-Al Hoceima,,Rif,1,obs3_00297,geoheritage_aug16_2026,,,geosite 22,review_coord_disagree
loc_00171,Geosite 23,35.06202222222222,-5.2079305555555555,Tanger-Al Hoceima,,Rif,1,obs3_00298,geoheritage_aug16_2026,,,geosite 23,review_coord_disagree
loc_00172,Geosite 24,35.06963888888889,-5.140063888888889,Tanger-Al Hoceima,,Rif,1,obs3_00299,geoheritage_aug16_2026,,,geosite 24,review_coord_disagree
loc_00173,Geosite 25,35.06913055555556,-5.110225,Tanger-Al Hoceima,,Rif,1,obs3_00300,geoheritage_aug16_2026,,,geosite 25,review_coord_disagree
loc_00174,Geosite 26,35.06165,-5.094925,Tanger-Al Hoceima,,Rif,1,obs3_00301,geoheritage_aug16_2026,,,geosite 26,review_coord_disagree
loc_00175,Geosite 27,35.07774166666667,-5.0828138888888885,Tanger-Al Hoceima,,Rif,1,obs3_00302,geoheritage_aug16_2026,,,geosite 27,review_coord_disagree
loc_00176,Geosite 28,35.077625000000005,-5.072286111111111,Tanger-Al Hoceima,,Rif,1,obs3_00303,geoheritage_aug16_2026,,,geosite 28,review_coord_disagree
loc_00177,Geosite 29,35.077402777777785,-5.060816666666667,Tanger-Al Hoceima,,Rif,1,obs3_00304,geoheritage_aug16_2026,,,geosite 29,review_coord_disagree
loc_00178,Geosite 30,35.06676388888889,-5.0513611111111105,Tanger-Al Hoceima,,Rif,1,obs3_00305,geoheritage_aug16_2026,,,geosite 30,review_coord_disagree
loc_00179,Geosite 31,35.05916388888889,-5.028905555555555,Tanger-Al Hoceima,,Rif,1,obs3_00306,geoheritage_aug16_2026,,,geosite 31,review_coord_disagree
loc_00180,Geosite 32,35.08853611111111,-5.154400000000001,Tanger-Al Hoceima,,Rif,1,obs3_00307,geoheritage_aug16_2026,,,geosite 32,review_coord_disagree
loc_00181,Geosite 33,35.11370277777778,-5.142227777777778,Tanger-Al Hoceima,,Rif,1,obs3_00308,geoheritage_aug16_2026,,,geosite 33,review_coord_disagree
loc_00182,Geosite 34,35.15210277777778,-5.146275,Tanger-Al Hoceima,,Rif,1,obs3_00309,geoheritage_aug16_2026,,,geosite 34,review_coord_disagree
loc_00183,Geosite 35,35.164313888888884,-5.240777777777778,Tanger-Al Hoceima,,Rif,1,obs3_00310,geoheritage_aug16_2026,,,geosite 35,review_coord_disagree
loc_00184,Geosite 36,35.175827777777776,-5.193530555555556,Tanger-Al Hoceima,,Rif,1,obs3_00311,geoheritage_aug16_2026,,,geosite 36,review_coord_disagree
loc_00185,Geosite 37,35.396208333333334,-5.069319444444444,Tanger-Al Hoceima,,Rif,1,obs3_00312,geoheritage_aug16_2026,,,geosite 37,review_coord_disagree
loc_00186,Geosite 38,35.38621944444444,-5.015280555555556,Tanger-Al Hoceima,,Rif,1,obs3_00313,geoheritage_aug16_2026,,,geosite 38,review_coord_disagree
loc_00187,Geosite 39,35.35146388888889,-4.973444444444445,Tanger-Al Hoceima,,Rif,1,obs3_00314,geoheritage_aug16_2026,,,geosite 39,review_coord_disagree
loc_00188,Geosite 40,35.32295277777778,-4.946266666666667,Tanger-Al Hoceima,,Rif,1,obs3_00315,geoheritage_aug16_2026,,,geosite 40,review_coord_disagree
loc_00189,Geosite 41,35.295088888888884,-4.933838888888889,Tanger-Al Hoceima,,Rif,1,obs3_00316,geoheritage_aug16_2026,,,geosite 41,review_coord_disagree
loc_00190,Geosite 42,35.29116666666666,-4.890113888888888,Tanger-Al Hoceima,,Rif,1,obs3_00317,geoheritage_aug16_2026,,,geosite 42,review_coord_disagree
loc_00191,Foum Chena site,30.48587777777778,-6.166716666666667,Draa-Tafilalet,,Anti-Atlas,1,obs3_00318,geoheritage_aug16_2026,,,foum chena site,new
loc_00192,Ouigane site,30.456463888888887,-6.099186111111111,Draa-Tafilalet,,Anti-Atlas,1,obs3_00319,geoheritage_aug16_2026,,,ouigane site,new
loc_00193,Cheaba Elbeida site,30.437183333333333,-6.049980555555555,Draa-Tafilalet,,Anti-Atlas,1,obs3_00320,geoheritage_aug16_2026,,,cheaba elbeida site,new
loc_00194,Targua Wassai,29.207316666666667,-10.092175000000001,Guelmim-Oued Noun,,Sahara,1,obs3_00321,geoheritage_aug16_2026,,,targua wassai,new
loc_00195,Abeinou,29.08107777777778,-9.974233333333334,Guelmim-Oued Noun,,Sahara,1,obs3_00322,geoheritage_aug16_2026,,,abeinou,new
loc_00196,Atlas Ifrane Essaghir,29.22500833333333,-9.702255555555555,Guelmim-Oued Noun,,Sahara,1,obs3_00323,geoheritage_aug16_2026,,,atlas ifrane essaghir,new
loc_00197,Taghjijt,29.117102777777777,-9.421058333333333,Guelmim-Oued Noun,,Sahara,1,obs3_00324,geoheritage_aug16_2026,,,taghjijt,review_coord_disagree
loc_00198,Laksabi,29.01348611111111,-10.2247,Guelmim-Oued Noun,,Sahara,1,obs3_00325,geoheritage_aug16_2026,,,laksabi,new
loc_00199,Chatiaalabied,28.90578611111111,-10.316127777777778,Guelmim-Oued Noun,,Sahara,1,obs3_00326,geoheritage_aug16_2026,,,chatiaalabied,new
loc_00200,Ras Oumlil,28.658716666666667,-10.486783333333333,Guelmim-Oued Noun,,Sahara,1,obs3_00327,geoheritage_aug16_2026,,,ras oumlil,new
loc_00201,Aferket,28.6385,-10.325591666666666,Guelmim-Oued Noun,,Sahara,1,obs3_00328,geoheritage_aug16_2026,,,aferket,new
loc_00202,Tiglit,28.45379722222222,-10.305405555555556,Guelmim-Oued Noun,,Sahara,1,obs3_00329,geoheritage_aug16_2026,,,tiglit,new
loc_00203,Labyar,28.762255555555555,-10.220372222222222,Guelmim-Oued Noun,,Sahara,1,obs3_00330,geoheritage_aug16_2026,,,labyar,new
loc_00204,Asrir-Tighmert,28.880133333333333,-10.012830555555556,Guelmim-Oued Noun,,Sahara,1,obs3_00331,geoheritage_aug16_2026,,,asrir tighmert,new
loc_00205,Baryte deposits of Tarhoucht,31.302675,-5.021425,Draa-Tafilalet,,Anti-Atlas,1,obs3_00332,geoheritage_aug16_2026,,,baryte deposits of tarhoucht,new
loc_00206,Cambrian fossiliferous site of Tarhoucht,31.367911111111113,-5.017591666666666,Draa-Tafilalet,,Anti-Atlas,1,obs3_00333,geoheritage_aug16_2026,,,cambrian fossiliferous site of tarhoucht,new
loc_00207,Columnar basalts,31.587197222222223,-4.834605555555555,Draa-Tafilalet,,Anti-Atlas,1,obs3_00334,geoheritage_aug16_2026,,,columnar basalts,new
loc_00208,Ordovician tillites,31.473130555555553,-5.036347222222222,Draa-Tafilalet,,Anti-Atlas,1,obs3_00335,geoheritage_aug16_2026,,,ordovician tillites,new
loc_00209,Devonian formation of Oued Ferkla,31.43928888888889,-5.019838888888889,Draa-Tafilalet,,Anti-Atlas,1,obs3_00336,geoheritage_aug16_2026,,,devonian formation of oued ferkla,new
loc_00210,ifr,31.529038888888888,-4.998469444444445,Draa-Tafilalet,,Anti-Atlas,1,obs3_00337,geoheritage_aug16_2026,,,ifr,new
loc_00211,Rock carvings of Taghia,31.535975,-5.009883333333334,Draa-Tafilalet,,Anti-Atlas,1,obs3_00338,geoheritage_aug16_2026,,,rock carvings of taghia,new
loc_00212,Khettara of Tinjdad,31.47904722222222,-5.256241666666667,Draa-Tafilalet,,Anti-Atlas,1,obs3_00339,geoheritage_aug16_2026,,,khettara of tinjdad,new
loc_00213,Ksour (fortified villages),31.491636111111113,-5.065388888888888,Draa-Tafilalet,,Anti-Atlas,1,obs3_00340,geoheritage_aug16_2026,,,ksour fortified villages,new
loc_00214,Ordovician‑Cambrian Palaeontological Heritage of Zagora Province,30.32475833333333,-5.796786111111111,Draa-Tafilalet,,Anti-Atlas,1,obs3_00341,geoheritage_aug16_2026,,,ordoviciancambrian palaeontological heritage of zagora province,new
loc_00215,Fairy chimneys of Assamar,31.47618333333333,-6.962058333333333,Béni Mellal-Khénifra,G,Central High Atlas,1,obs3_00366,geoheritage_aug16_2026,,,fairy chimneys of assamar,review_coord_disagree
loc_00216,Alluvial terraces of Aït Mallal,31.455205555555555,-6.982922222222222,Béni Mellal-Khénifra,G,Central High Atlas,1,obs3_00367,geoheritage_aug16_2026,,,alluvial terraces of ait mallal,new
loc_00217,Badlands of Igoulouane,31.464872222222223,-6.914383333333333,Béni Mellal-Khénifra,G,Central High Atlas,1,obs3_00368,geoheritage_aug16_2026,,,badlands of igoulouane,new
loc_00218,Arouss valley,31.447041666666667,-6.915677777777778,Béni Mellal-Khénifra,G,Central High Atlas,1,obs3_00369,geoheritage_aug16_2026,,,arouss valley,new
loc_00219,Canyon of High-Tessaout valley,31.436733333333333,-6.919366666666667,Béni Mellal-Khénifra,G,Central High Atlas,1,obs3_00370,geoheritage_aug16_2026,,,canyon of high tessaout valley,new
loc_00220,Canyon of Ikiss,31.470574999999997,-6.8829,Béni Mellal-Khénifra,G,Central High Atlas,1,obs3_00371,geoheritage_aug16_2026,,,canyon of ikiss,new
loc_00221,Canyon of Abachkou valley,31.533983333333335,-6.947044444444445,Béni Mellal-Khénifra,G,Central High Atlas,1,obs3_00372,geoheritage_aug16_2026,,,canyon of abachkou valley,new
loc_00222,Canyon of Rougoult valley,31.430525000000003,-6.895311111111111,Béni Mellal-Khénifra,G,Central High Atlas,1,obs3_00373,geoheritage_aug16_2026,,,canyon of rougoult valley,new
loc_00223,Rat syncline,31.432100000000002,-6.818516666666667,Béni Mellal-Khénifra,G,Central High Atlas,1,obs3_00374,geoheritage_aug16_2026,,,rat syncline,new
loc_00224,Peak and cliffs of Tarkeddid mountain,31.72493611111111,-6.964933333333334,Béni Mellal-Khénifra,G,Central High Atlas,1,obs3_00375,geoheritage_aug16_2026,,,peak and cliffs of tarkeddid mountain,new
loc_00225,Mount M’goun (4068 m),31.395658333333333,-6.793727777777778,Béni Mellal-Khénifra,G,Central High Atlas,1,obs3_00376,geoheritage_aug16_2026,,,mount mgoun 4068 m,new
loc_00226,The unconf Paleozoic basement-Mesozoic sedimentary cover of Aït Mallal,31.741458333333334,-6.851061111111111,Béni Mellal-Khénifra,G,Central High Atlas,1,obs3_00377,geoheritage_aug16_2026,,,the unconf paleozoic basement mesozoic sedimentary cover of ait mallal,new
loc_00227,Rougoult waterfall,31.736975,-6.869158333333334,Béni Mellal-Khénifra,G,Central High Atlas,1,obs3_00378,geoheritage_aug16_2026,,,rougoult waterfall,new
loc_00228,Springs of Oued Lakhdar (green river),31.708283333333334,-6.853627777777778,Béni Mellal-Khénifra,G,Central High Atlas,1,obs3_00379,geoheritage_aug16_2026,,,springs of oued lakhdar green river,new
loc_00229,Springs and waterfall of Ikiss,31.717716666666664,-6.815847222222222,Béni Mellal-Khénifra,G,Central High Atlas,1,obs3_00380,geoheritage_aug16_2026,,,springs and waterfall of ikiss,new
loc_00230,Sinkholes of the Rat mountain,31.72513611111111,-6.970002777777778,Béni Mellal-Khénifra,G,Central High Atlas,1,obs3_00381,geoheritage_aug16_2026,,,sinkholes of the rat mountain,new
loc_00231,Glacial cirques and U-shaped valleys of M’goun,31.534986111111113,-6.933286111111111,Béni Mellal-Khénifra,G,Central High Atlas,1,obs3_00382,geoheritage_aug16_2026,,,glacial cirques and u shaped valleys of mgoun,new
loc_00232,Glacial cirques and U-shaped valleys of Rat mountain,31.52438611111111,-6.942316666666667,Béni Mellal-Khénifra,G,Central High Atlas,1,obs3_00383,geoheritage_aug16_2026,,,glacial cirques and u shaped valleys of rat mountain,new
loc_00233,Scree and talus deposits of Rat mountain,31.50797777777778,-6.934944444444445,Béni Mellal-Khénifra,G,Central High Atlas,1,obs3_00384,geoheritage_aug16_2026,,,scree and talus deposits of rat mountain,new
loc_00234,Scree and talus deposits of Tarkeddid mountain,31.50014722222222,-6.926411111111111,Béni Mellal-Khénifra,G,Central High Atlas,1,obs3_00385,geoheritage_aug16_2026,,,scree and talus deposits of tarkeddid mountain,new
loc_00235,Troglodyte caves of Igoulouane,31.546483333333335,-6.971002777777778,Béni Mellal-Khénifra,G,Central High Atlas,1,obs3_00386,geoheritage_aug16_2026,,,troglodyte caves of igoulouane,new
loc_00236,Rock engravings of Tizi-n-Tirghyst,31.558316666666666,-6.995580555555556,Béni Mellal-Khénifra,G,Central High Atlas,1,obs3_00387,geoheritage_aug16_2026,,,rock engravings of tizi n tirghyst,review_coord_disagree
loc_00237,Lake sediment of Aït Bougmez valley,31.492847222222224,-6.917519444444444,Béni Mellal-Khénifra,G,Central High Atlas,1,obs3_00388,geoheritage_aug16_2026,,,lake sediment of ait bougmez valley,new
loc_00238,Aït Mallal valley,31.56103888888889,-6.472736111111111,Béni Mellal-Khénifra ,G,Central Hight Atlas,1,obs3_00390,geoheritage_aug16_2026,,,ait mallal valley,new
loc_00239,Badlands of Igoulouane,31.589966666666665,-6.475405555555556,Béni Mellal-Khénifra ,G,Central Hight Atlas,1,obs3_00391,geoheritage_aug16_2026,,,badlands of igoulouane,new
loc_00240,Arouss valley,31.657102777777776,-6.41965,Béni Mellal-Khénifra ,G,Central Hight Atlas,1,obs3_00392,geoheritage_aug16_2026,,,arouss valley,new
loc_00241,Canyon of Rougoult valley,31.521252777777775,-6.703430555555555,Béni Mellal-Khénifra ,G,Central Hight Atlas,1,obs3_00393,geoheritage_aug16_2026,,,canyon of rougoult valley,new
loc_00242,Canyon of Abachkou valley,31.625316666666667,-6.626622222222223,Béni Mellal-Khénifra ,G,Central Hight Atlas,2,obs3_00394;obs3_00587,geoheritage_aug16_2026,,,canyon of abachkou valley,new
loc_00243,Canyon of High-Tessaout valley,31.633255555555557,-6.585486111111111,Béni Mellal-Khénifra ,G,Central Hight Atlas,1,obs3_00395,geoheritage_aug16_2026,,,canyon of high tessaout valley,new
loc_00244,Glacial cirques and U-shaped valleys of Rat mountain,31.52679722222222,-6.744063888888889,Béni Mellal-Khénifra ,G,Central Hight Atlas,1,obs3_00396,geoheritage_aug16_2026,,,glacial cirques and u shaped valleys of rat mountain,new
loc_00245,Scree and talus deposits of Rat mountain,31.543436111111113,-6.734586111111112,Béni Mellal-Khénifra ,G,Central Hight Atlas,1,obs3_00397,geoheritage_aug16_2026,,,scree and talus deposits of rat mountain,new
loc_00246,Scree and talus deposits of Tarkeddid mountain,31.560661111111113,-6.7567,Béni Mellal-Khénifra ,G,Central Hight Atlas,1,obs3_00398,geoheritage_aug16_2026,,,scree and talus deposits of tarkeddid mountain,new
loc_00247,Fairy chimneys of Assamar,31.681522222222224,-6.668716666666667,Béni Mellal-Khénifra ,G,Central Hight Atlas,1,obs3_00399,geoheritage_aug16_2026,,,fairy chimneys of assamar,duplicate
loc_00248,Canyon of Ikiss,31.60168888888889,-6.6045638888888885,Béni Mellal-Khénifra ,G,Central Hight Atlas,1,obs3_00400,geoheritage_aug16_2026,,,canyon of ikiss,new
loc_00249,Rat syncline,31.60590277777778,-6.575658333333333,Béni Mellal-Khénifra ,G,Central Hight Atlas,1,obs3_00401,geoheritage_aug16_2026,,,rat syncline,new
loc_00250,Peak and cliffs of Tarkeddid mountain,31.575369444444444,-6.6589,Béni Mellal-Khénifra ,G,Central Hight Atlas,1,obs3_00402,geoheritage_aug16_2026,,,peak and cliffs of tarkeddid mountain,new
loc_00251,Mount M’goun (4068 m),31.562691666666666,-6.61011111111111,Béni Mellal-Khénifra ,G,Central Hight Atlas,1,obs3_00403,geoheritage_aug16_2026,,,mount mgoun 4068 m,new
loc_00252,The unconformity between Paleozoic basement and Mesozoic sedimentary cover of Aït Mallal,31.551094444444445,-6.5847,Béni Mellal-Khénifra ,G,Central Hight Atlas,1,obs3_00404,geoheritage_aug16_2026,,,the unconformity between paleozoic basement and mesozoic sedimentary cover of ait mallal,new
loc_00253,Rougoult waterfall,31.53590555555556,-6.646369444444444,Béni Mellal-Khénifra ,G,Central Hight Atlas,1,obs3_00405,geoheritage_aug16_2026,,,rougoult waterfall,new
loc_00254,Springs of Oued Lakhdar (green river),31.538647222222224,-6.587663888888889,Béni Mellal-Khénifra ,G,Central Hight Atlas,1,obs3_00406,geoheritage_aug16_2026,,,springs of oued lakhdar green river,new
loc_00255,Springs and waterfall of Ikiss,31.5248,-6.5918777777777775,Béni Mellal-Khénifra ,G,Central Hight Atlas,1,obs3_00407,geoheritage_aug16_2026,,,springs and waterfall of ikiss,new
loc_00256,Sinkholes of the Rat mountain,31.53021111111111,-6.552005555555556,Béni Mellal-Khénifra ,G,Central Hight Atlas,1,obs3_00408,geoheritage_aug16_2026,,,sinkholes of the rat mountain,new
loc_00257,Ida-Ou’Zal massif of the Argana Basin,30.681166666666666,-9.100333333333333,Souss-Massa,,Western High Atlas,1,obs3_00409,geoheritage_aug16_2026,,,ida ouzal massif of the argana basin,new
loc_00258,The massive dolomites of the Tizgarine unit,35.872908333333335,-5.421022222222223,Tanger-Tétouan-Al Hoceïma,M,Rif,1,obs3_00440,geoheritage_aug16_2026,,,the massive dolomites of the tizgarine unit,new
loc_00259,Calipso cave,35.885980555555555,-5.409766666666667,Tanger-Tétouan-Al Hoceïma,G,Rif,1,obs3_00441,geoheritage_aug16_2026,,,calipso cave,new
loc_00260,the source and catchment basin of the water,35.88771944444444,-5.3905166666666675,Tanger-Tétouan-Al Hoceïma,H&G,Rif,1,obs3_00442,geoheritage_aug16_2026,,,the source and catchment basin of the water,new
loc_00261,"Ras Leona rocky coast and Karst (Lapiés, doline and cave)",35.920677777777776,-5.401880555555556,Tanger-Tétouan-Al Hoceïma,"G,S",Rif,1,obs3_00443,geoheritage_aug16_2026,,,ras leona rocky coast and karst lapies doline and cave,new
loc_00262,Predorsal sandstone of Bel Younech,35.90768055555555,-5.385816666666667,Tanger-Tétouan-Al Hoceïma,S&PT,Rif,1,obs3_00444,geoheritage_aug16_2026,,,predorsal sandstone of bel younech,review_name_differs
loc_00263,The cliff of Ras Leona,35.91231388888889,-5.405483333333334,Tanger-Tétouan-Al Hoceïma,SG&G,Rif,1,obs3_00445,geoheritage_aug16_2026,,,the cliff of ras leona,new
loc_00264,Ammonitico-rosso of Taffert,33.65582777777777,-4.187444444444445,Fès-Meknès,PL,Middle Atlas,1,obs3_00446,geoheritage_aug16_2026,,,ammonitico rosso of taffert,new
loc_00265,Volcano of Bou-Iblane,33.66074166666667,-4.111491666666666,Fès-Meknès,V,Middle Atlas,1,obs3_00447,geoheritage_aug16_2026,,,volcano of bou iblane,new
loc_00266,Reefs of Ich Maalam,33.64151944444444,-4.282616666666667,Fès-Meknès,PL,Middle Atlas,1,obs3_00448,geoheritage_aug16_2026,,,reefs of ich maalam,new
loc_00267,Cornish limestones of Serhla,33.630291666666665,-4.278788888888889,Fès-Meknès,S,Middle Atlas,1,obs3_00449,geoheritage_aug16_2026,,,cornish limestones of serhla,new
loc_00268,Hayane canyon,33.68071111111111,-4.23295,Fès-Meknès,SG,Middle Atlas,1,obs3_00450,geoheritage_aug16_2026,,,hayane canyon,new
loc_00269,Askour Cave,33.707350000000005,-4.299841666666667,Fès-Meknès,K,Middle Atlas,1,obs3_00451,geoheritage_aug16_2026,,,askour cave,new
loc_00270,Tamezyidan Rbi,33.656188888888884,-4.282172222222222,Fès-Meknès,K,Middle Atlas,1,obs3_00452,geoheritage_aug16_2026,,,tamezyidan rbi,new
loc_00271,Guelta Tameda,33.925266666666666,-4.095975,Fès-Meknès,K,Middle Atlas,1,obs3_00453,geoheritage_aug16_2026,,,guelta tameda,new
loc_00272,Source Oued el Bared,33.80676944444444,-4.375911111111111,Fès-Meknès,S,Middle Atlas,1,obs3_00454,geoheritage_aug16_2026,,,source oued el bared,new
loc_00273,Oued el Bared cave,33.652052777777776,-4.174741666666667,Fès-Meknès,K,Middle Atlas,1,obs3_00455,geoheritage_aug16_2026,,,oued el bared cave,new
loc_00274,Discordance Ribata lKhayr,33.606430555555555,-4.202916666666667,Fès-Meknès,SG,Middle Atlas,1,obs3_00456,geoheritage_aug16_2026,,,discordance ribata lkhayr,new
loc_00275,Tizi Bou-Zaabel,33.853922222222224,-4.034847222222222,Fès-Meknès,SG,Middle Atlas,1,obs3_00457,geoheritage_aug16_2026,,,tizi bou zaabel,review_coord_disagree
loc_00276,Bou-Iblane-Issouka,33.93060555555555,-4.146019444444445,Fès-Meknès,SG,Middle Atlas,1,obs3_00458,geoheritage_aug16_2026,,,bou iblane issouka,new
loc_00277,Periclinal Taffajight,33.85335277777778,-4.029011111111111,Fès-Meknès,SG,Middle Atlas,1,obs3_00459,geoheritage_aug16_2026,,,periclinal taffajight,new
loc_00278,Malachites of Talzemt,33.92628333333333,-4.034172222222222,Fès-Meknès,M,Middle Atlas,1,obs3_00460,geoheritage_aug16_2026,,,malachites of talzemt,new
loc_00279,Discordance Jbel Abdous,33.86557777777778,-4.034458333333333,Fès-Meknès,SG,Middle Atlas,1,obs3_00461,geoheritage_aug16_2026,,,discordance jbel abdous,new
loc_00280,Mallal cascade,33.815875,-4.133719444444445,Fès-Meknès,H,Middle Atlas,1,obs3_00462,geoheritage_aug16_2026,,,mallal cascade,new
loc_00281,Jbel el Kalaa,33.80313888888889,-4.161325000000001,Fès-Meknès,SG,Middle Atlas,1,obs3_00463,geoheritage_aug16_2026,,,jbel el kalaa,new
loc_00282,Tmourhout valley,33.75717222222222,-4.067008333333333,Fès-Meknès,SG,Middle Atlas,1,obs3_00464,geoheritage_aug16_2026,,,tmourhout valley,new
loc_00283,Bizi canyon,33.705286111111114,-4.124786111111111,Fès-Meknès,SG,Middle Atlas,1,obs3_00465,geoheritage_aug16_2026,,,bizi canyon,new
loc_00284,Fault Tmourhout,33.690061111111106,-4.160183333333333,Fès-Meknès,S,Middle Atlas,1,obs3_00466,geoheritage_aug16_2026,,,fault tmourhout,new
loc_00285,Tmourhout Cascade,33.58704166666667,-4.211975,Fès-Meknès,H,Middle Atlas,1,obs3_00468,geoheritage_aug16_2026,,,tmourhout cascade,new
loc_00286,Synclinal Zloul,33.572188888888896,-4.261980555555556,Fès-Meknès,SG,Middle Atlas,1,obs3_00469,geoheritage_aug16_2026,,,synclinal zloul,new
loc_00287,Ain Sebou,33.473708333333335,-4.296916666666666,Fès-Meknès,H,Middle Atlas,1,obs3_00470,geoheritage_aug16_2026,,,ain sebou,review_coord_disagree
loc_00288,Synclinal Tilmirat,33.457769444444445,-4.332880555555556,Fès-Meknès,SG,Middle Atlas,1,obs3_00471,geoheritage_aug16_2026,,,synclinal tilmirat,new
loc_00289,"Watercourse, river, lake, dam",32.10894444444445,-6.4633416666666665,Beni Mellal-Khénifra,H,Central High Atlas,1,obs3_00472,geoheritage_aug16_2026,,,watercourse river lake dam,duplicate
loc_00290,Dinosaur footprints,32.10691388888889,-6.458327777777778,Beni Mellal-Khénifra,PL,Central High Atlas,1,obs3_00473,geoheritage_aug16_2026,,,dinosaur footprints,duplicate
loc_00291,Panoramic view of the Ouaouizaght Syncline,32.13167777777778,-6.397130555555556,Beni Mellal-Khénifra,SG&S,Central High Atlas,1,obs3_00474,geoheritage_aug16_2026,,,panoramic view of the ouaouizaght syncline,duplicate
loc_00292,"Inverse fault, anticlinal fold and joint",32.08508611111111,-6.431527777777778,Beni Mellal-Khénifra,SG,Central High Atlas,1,obs3_00475,geoheritage_aug16_2026,,,inverse fault anticlinal fold and joint,new
loc_00293,Assif Assemssil Bridge,32.10832777777778,-6.472758333333333,Beni Mellal-Khénifra,H,Central High Atlas,1,obs3_00476,geoheritage_aug16_2026,,,assif assemssil bridge,duplicate
loc_00294,Oued Ahençal river,32.069947222222225,-6.4240305555555555,Beni Mellal-Khénifra,H,Central High Atlas,1,obs3_00477,geoheritage_aug16_2026,,,oued ahencal river,duplicate
loc_00295,Oued el Abid Bridge,32.13381666666667,-6.311780555555555,Beni Mellal-Khénifra,S,Central High Atlas,1,obs3_00478,geoheritage_aug16_2026,,,oued el abid bridge,duplicate
loc_00296,Panoramic view of badlands and cuesta,32.09181944444445,-6.331558333333333,Beni Mellal-Khénifra,G,Central High Atlas,1,obs3_00479,geoheritage_aug16_2026,,,panoramic view of badlands and cuesta,duplicate
loc_00297,Ain Asserdoune-Tamgnounte,32.3241,-6.3375,Beni Mellal-Khénifra,"H,K&C",Central High Atlas,1,obs3_00480,geoheritage_aug16_2026,,,ain asserdoune tamgnounte,duplicate
loc_00298,Ain El Ghazi cave,32.08428611111111,-6.384997222222222,Beni Mellal-Khénifra,,Central High Atlas,1,obs3_00481,geoheritage_aug16_2026,,,ain el ghazi cave,review_coord_disagree
loc_00299,Ruiniform landscape of Moudj,32.32635833333334,-6.340052777777777,Beni Mellal-Khénifra,G&H,Central High Atlas,1,obs3_00482,geoheritage_aug16_2026,,,ruiniform landscape of moudj,new
loc_00300,Idemrane landslide,32.339975,-6.3209333333333335,Beni Mellal-Khénifra,,Central High Atlas,1,obs3_00483,geoheritage_aug16_2026,,,idemrane landslide,new
loc_00301,Adouz dejection cone,32.31991388888889,-6.3556888888888885,Beni Mellal-Khénifra,,Central High Atlas,1,obs3_00484,geoheritage_aug16_2026,,,adouz dejection cone,new
loc_00302,Ajojjar waterfall,32.32220277777778,-6.315575,Beni Mellal-Khénifra,,Central High Atlas,1,obs3_00485,geoheritage_aug16_2026,,,ajojjar waterfall,new
loc_00303,Ouchrah site,32.352627777777776,-6.2916083333333335,Beni Mellal-Khénifra,H,Central High Atlas,1,obs3_00486,geoheritage_aug16_2026,,,ouchrah site,new
loc_00304,Tafrent Polje,32.36804166666667,-6.258297222222223,Beni Mellal-Khénifra,,Central High Atlas,1,obs3_00487,geoheritage_aug16_2026,,,tafrent polje,new
loc_00305,Hançais,32.26388611111111,-6.312141666666666,Beni Mellal-Khénifra,,Central High Atlas,1,obs3_00488,geoheritage_aug16_2026,,,hancais,new
loc_00306,Ain Fachtals,32.25786111111111,-6.2741444444444445,Beni Mellal-Khénifra,,Central High Atlas,1,obs3_00489,geoheritage_aug16_2026,,,ain fachtals,new
loc_00307,Ain Ikhourba,32.24431666666667,-6.2989138888888885,Beni Mellal-Khénifra,,Central High Atlas,1,obs3_00490,geoheritage_aug16_2026,,,ain ikhourba,new
loc_00308,Taghbaloute- n- Ouhlima,32.23753055555556,-6.290352777777778,Beni Mellal-Khénifra,"H,K,C&E",Central High Atlas,1,obs3_00491,geoheritage_aug16_2026,,,taghbaloute n ouhlima,review_coord_disagree
loc_00309,Jbel Boutarwa,32.250305555555556,-6.2639611111111115,Beni Mellal-Khénifra,,Central High Atlas,1,obs3_00492,geoheritage_aug16_2026,,,jbel boutarwa,new
loc_00310,Tit-n-Ziza Geomorphosite,32.244397222222226,-6.258502777777778,Beni Mellal-Khénifra,G,Central High Atlas,1,obs3_00493,geoheritage_aug16_2026,,,tit n ziza geomorphosite,new
loc_00311,Afla Ifran Geomorphosite,32.20150277777778,-6.281852777777778,Beni Mellal-Khénifra,G,Central High Atlas,1,obs3_00494,geoheritage_aug16_2026,,,afla ifran geomorphosite,new
loc_00312,Chkounda Geomorphosite,32.213880555555555,-6.259605555555556,Beni Mellal-Khénifra,G,Central High Atlas,1,obs3_00495,geoheritage_aug16_2026,,,chkounda geomorphosite,new
loc_00313,Tichniwine Rocks,32.17773888888889,-6.266066666666666,Beni Mellal-Khénifra,,Central High Atlas,1,obs3_00496,geoheritage_aug16_2026,,,tichniwine rocks,new
loc_00314,Iferd Ait Masaoud Polje,32.18183611111111,-6.237288888888889,Beni Mellal-Khénifra,,Central High Atlas,1,obs3_00497,geoheritage_aug16_2026,,,iferd ait masaoud polje,new
loc_00315,Ben Cherrou Valley,32.17372222222222,-6.190272222222222,Beni Mellal-Khénifra,,Central High Atlas,1,obs3_00498,geoheritage_aug16_2026,,,ben cherrou valley,new
loc_00316,Jbel Tadawt Karst,32.13916944444444,-6.241613888888889,Beni Mellal-Khénifra,,Central High Atlas,1,obs3_00499,geoheritage_aug16_2026,,,jbel tadawt karst,new
loc_00317,Jbel Wawngarf karstic plateau,32.165841666666665,-6.179147222222222,Beni Mellal-Khénifra,,Central High Atlas,1,obs3_00500,geoheritage_aug16_2026,,,jbel wawngarf karstic plateau,new
loc_00318,El Haounet karstic plateau,32.162791666666664,-6.157447222222222,Beni Mellal-Khénifra,,Central High Atlas,1,obs3_00501,geoheritage_aug16_2026,,,el haounet karstic plateau,new
loc_00319,The Walous cliff granaries,32.23994722222222,-6.10668611111111,Beni Mellal-Khénifra,,Central High Atlas,1,obs3_00502,geoheritage_aug16_2026,,,the walous cliff granaries,new
loc_00320,Ain Askar,32.30008055555555,-6.015122222222222,Beni Mellal-Khénifra,,Central High Atlas,1,obs3_00503,geoheritage_aug16_2026,,,ain askar,new
loc_00321,Oued El Abid meanders,32.26376666666667,-5.923236111111112,Beni Mellal-Khénifra,,Central High Atlas,1,obs3_00504,geoheritage_aug16_2026,,,oued el abid meanders,new
loc_00322,Gabbroic intrusion of Idemrane,32.50248888888889,-5.939594444444444,Beni Mellal-Khénifra,Mg,Central High Atlas,1,obs3_00505,geoheritage_aug16_2026,,,gabbroic intrusion of idemrane,review_coord_disagree
loc_00323,Sills of Idemrane,32.43943611111111,-6.026855555555556,Beni Mellal-Khénifra,Mg,Central High Atlas,1,obs3_00506,geoheritage_aug16_2026,,,sills of idemrane,review_coord_disagree
loc_00324,Folded marly limstones of the Bine El Ouidane II Fm,32.472861111111115,-6.068297222222222,Beni Mellal-Khénifra,SG,Central High Atlas,1,obs3_00507,geoheritage_aug16_2026,,,folded marly limstones of the bine el ouidane ii fm,review_coord_disagree
loc_00325,Fossil wood of the Azilal Fm,32.50250555555556,-6.039413888888888,Beni Mellal-Khénifra,PL,Central High Atlas,1,obs3_00508,geoheritage_aug16_2026,,,fossil wood of the azilal fm,review_coord_disagree
loc_00326,Chaos alteration of gabbros,32.582236111111115,-5.935472222222223,Beni Mellal-Khénifra,S,Central High Atlas,1,obs3_00509,geoheritage_aug16_2026,,,chaos alteration of gabbros,review_coord_disagree
loc_00327,Red facies of the Guettioua Fm,32.55121666666666,-6.005508333333333,Beni Mellal-Khénifra,S,Central High Atlas,1,obs3_00510,geoheritage_aug16_2026,,,red facies of the guettioua fm,review_coord_disagree
loc_00328,Dinosaur bone deposit of Agard-n-Sgat,32.551291666666664,-6.031252777777778,Beni Mellal-Khénifra,PL,Central High Atlas,1,obs3_00511,geoheritage_aug16_2026,,,dinosaur bone deposit of agard n sgat,review_coord_disagree
loc_00329,Dinosaur footprints at Ait Wissadane,32.55221944444444,-6.046180555555555,Beni Mellal-Khénifra,PL,Central High Atlas,1,obs3_00512,geoheritage_aug16_2026,,,dinosaur footprints at ait wissadane,review_coord_disagree
loc_00330,Basaltic flow B1,32.55650833333333,-6.047619444444444,Beni Mellal-Khénifra,Mg,Central High Atlas,1,obs3_00513,geoheritage_aug16_2026,,,basaltic flow b1,review_coord_disagree
loc_00331,The Taghia-n-Ait Boulmane intrusion,32.530252777777775,-6.069772222222222,Beni Mellal-Khénifra,Mg,Central High Atlas,1,obs3_00514,geoheritage_aug16_2026,,,the taghia n ait boulmane intrusion,new
loc_00332,Dyke of Taguelft,32.537299999999995,-6.070855555555555,Beni Mellal-Khénifra,Mg,Central High Atlas,1,obs3_00515,geoheritage_aug16_2026,,,dyke of taguelft,review_coord_disagree
loc_00333,Fault-fold associated with the magmatic intrusion of Ait Boulmane,32.492891666666665,-6.121133333333333,Beni Mellal-Khénifra,SG,Central High Atlas,1,obs3_00516,geoheritage_aug16_2026,,,fault fold associated with the magmatic intrusion of ait boulmane,review_coord_disagree
loc_00334,Ouzoud waterfalls,32.450697222222225,-6.1746694444444445,Beni Mellal-Khénifra,H,Central High Atlas,1,obs3_00517,geoheritage_aug16_2026,,,ouzoud waterfalls,review_coord_disagree
loc_00335,Karstic spring of Ouzoud,32.414627777777774,-6.206419444444444,Beni Mellal-Khénifra,K,Central High Atlas,1,obs3_00518,geoheritage_aug16_2026,,,karstic spring of ouzoud,new
loc_00336,Oued El Abid Gorges,32.375258333333335,-6.1688,Beni Mellal-Khénifra,G,Central High Atlas,1,obs3_00519,geoheritage_aug16_2026,,,oued el abid gorges,new
loc_00337,Estuary of Oued Tissakht (Ouzoud caves),32.360933333333335,-6.112299999999999,Beni Mellal-Khénifra,H&K,Central High Atlas,1,obs3_00520,geoheritage_aug16_2026,,,estuary of oued tissakht ouzoud caves,new
loc_00338,Doleritic sill of Ouzoud,32.18674444444444,-6.495072222222222,Beni Mellal-Khénifra,SG,Central High Atlas,1,obs3_00521,geoheritage_aug16_2026,,,doleritic sill of ouzoud,new
loc_00339,Zauia of Tanaghmelt,32.19753333333333,-6.4971,Beni Mellal-Khénifra,R,Central High Atlas,1,obs3_00522,geoheritage_aug16_2026,,,zauia of tanaghmelt,new
loc_00340,Basaltic flows of Ouzoud,32.18718611111111,-6.552241666666666,Beni Mellal-Khénifra,Mg,Central High Atlas,1,obs3_00523,geoheritage_aug16_2026,,,basaltic flows of ouzoud,review_coord_disagree
loc_00341,Chocolate marl intruded by Tanaghmelt sil,32.164674999999995,-6.5732333333333335,Beni Mellal-Khénifra,St,Central High Atlas,1,obs3_00524,geoheritage_aug16_2026,,,chocolate marl intruded by tanaghmelt sil,new
loc_00342,Ouzoud travertines,32.15880555555555,-6.587463888888888,Beni Mellal-Khénifra,K,Central High Atlas,1,obs3_00525,geoheritage_aug16_2026,,,ouzoud travertines,review_coord_disagree
loc_00343,Moudj’s lapiez,32.171080555555555,-6.790813888888889,Beni Mellal-Khénifra,,Central High Atlas,1,obs3_00526,geoheritage_aug16_2026,,,moudjs lapiez,new
loc_00344,Timskar Waterfalls,32.14246111111111,-6.731552777777778,Beni Mellal-Khénifra,K,Central High Atlas,1,obs3_00527,geoheritage_aug16_2026,,,timskar waterfalls,review_coord_disagree
loc_00345,Tazerkount Ruiniformes Landscapes,32.1412,-6.714827777777778,Beni Mellal-Khénifra,,Central High Atlas,1,obs3_00528,geoheritage_aug16_2026,,,tazerkount ruiniformes landscapes,review_coord_disagree
loc_00346,Caves of Orbiaa,32.102361111111115,-6.703855555555556,Beni Mellal-Khénifra,K&Hi,Central High Atlas,1,obs3_00529,geoheritage_aug16_2026,,,caves of orbiaa,review_coord_disagree
loc_00347,Ain Orbiaa,32.08921111111111,-6.696075,Beni Mellal-Khénifra,K&R,Central High Atlas,1,obs3_00530,geoheritage_aug16_2026,,,ain orbiaa,review_coord_disagree
loc_00348,Ruiniformes Landscapes of Tacmit,32.081950000000006,-6.669544444444445,Beni Mellal-Khénifra,K,Central High Atlas,1,obs3_00531,geoheritage_aug16_2026,,,ruiniformes landscapes of tacmit,review_coord_disagree
loc_00349,Timskar’s travertines,32.08453333333333,-6.639611111111111,Beni Mellal-Khénifra,K,Central High Atlas,1,obs3_00532,geoheritage_aug16_2026,,,timskars travertines,new
loc_00350,Tazzerkount Tepee Structures,32.099761111111114,-6.594802777777778,Beni Mellal-Khénifra,,Central High Atlas,1,obs3_00533,geoheritage_aug16_2026,,,tazzerkount tepee structures,new
loc_00351,travertines of El Ksiba,32.11569166666667,-6.5541527777777775,Beni Mellal-Khénifra,K,Central High Atlas,1,obs3_00534,geoheritage_aug16_2026,,,travertines of el ksiba,review_coord_disagree
loc_00352,Ruiniformes Landscapes of EL Ksiba,32.058899999999994,-6.681425,Beni Mellal-Khénifra,K,Central High Atlas,1,obs3_00535,geoheritage_aug16_2026,,,ruiniformes landscapes of el ksiba,new
loc_00353,Fossils of Moudj,32.029066666666665,-6.726363888888889,Beni Mellal-Khénifra,PL,Central High Atlas,1,obs3_00536,geoheritage_aug16_2026,,,fossils of moudj,new
loc_00354,Panoramic view of Rurate,32.01476944444445,-6.714555555555556,Beni Mellal-Khénifra,,Central High Atlas,1,obs3_00537,geoheritage_aug16_2026,,,panoramic view of rurate,review_coord_disagree
loc_00355,Spring of Lala Kamria,32.0179,-6.741741666666667,Beni Mellal-Khénifra,K,Central High Atlas,1,obs3_00538,geoheritage_aug16_2026,,,spring of lala kamria,new
loc_00356,Panoramic view of overturned bar of Iferghas,32.00463055555556,-6.740880555555556,Beni Mellal-Khénifra,,Central High Atlas,1,obs3_00539,geoheritage_aug16_2026,,,panoramic view of overturned bar of iferghas,new
loc_00357,Karst cliff of Ighir-n-Oumejjad,31.9776,-6.705905555555556,Beni Mellal-Khénifra,SG,Central High Atlas,1,obs3_00540,geoheritage_aug16_2026,,,karst cliff of ighir n oumejjad,new
loc_00358,Panoramic view of the Ait Attab syncline,32.12541111111111,-6.832025,Beni Mellal-Khénifra,,Central High Atlas,1,obs3_00541,geoheritage_aug16_2026,,,panoramic view of the ait attab syncline,new
loc_00359,The tectonic deformations of Jbel Hassan,32.10018055555555,-6.834963888888889,Beni Mellal-Khénifra,SG,Central High Atlas,1,obs3_00542,geoheritage_aug16_2026,,,the tectonic deformations of jbel hassan,new
loc_00360,The ruiniform limestones with ammonite of the Ben Cherrou formation,32.10639722222222,-6.819066666666666,Beni Mellal-Khénifra,PL,Central High Atlas,1,obs3_00543,geoheritage_aug16_2026,,,the ruiniform limestones with ammonite of the ben cherrou formation,new
loc_00361,Panoramic view of the Cretaceous cuestas,32.09368333333334,-6.766983333333333,Beni Mellal-Khénifra,,Central High Atlas,1,obs3_00544,geoheritage_aug16_2026,,,panoramic view of the cretaceous cuestas,new
loc_00362,The bad land of Ait Ouabit,32.47123611111111,-5.9957972222222224,Beni Mellal-Khénifra,,Central High Atlas,1,obs3_00545,geoheritage_aug16_2026,,,the bad land of ait ouabit,new
loc_00363,Gorges of Ait Ouabit,32.43338055555555,-5.988777777777778,Beni Mellal-Khénifra,,Central High Atlas,1,obs3_00546,geoheritage_aug16_2026,,,gorges of ait ouabit,new
loc_00364,Conglomerate terraces of Oued El Abid,32.415638888888886,-5.989605555555555,Beni Mellal-Khénifra,,Central High Atlas,1,obs3_00547,geoheritage_aug16_2026,,,conglomerate terraces of oued el abid,new
loc_00365,The footprints of sauropod dinosaurs of Ayt Bouiqban,32.26287222222222,-6.001338888888889,Beni Mellal-Khénifra,,Central High Atlas,1,obs3_00548,geoheritage_aug16_2026,,,the footprints of sauropod dinosaurs of ayt bouiqban,new
loc_00366,Lower limit of the basaltic flow B2,32.273491666666665,-6.114119444444444,Beni Mellal-Khénifra,,Central High Atlas,1,obs3_00549,geoheritage_aug16_2026,,,lower limit of the basaltic flow b2,new
loc_00367,Jurassic-Cretaceous unconformity and volcanic activities,32.18554722222222,-6.103391666666666,Beni Mellal-Khénifra,,Central High Atlas,1,obs3_00550,geoheritage_aug16_2026,,,jurassic cretaceous unconformity and volcanic activities,new
loc_00368,Bioclastic limestone with ammonite of the Bine El Ouidane BIII formation,32.185313888888885,-6.085536111111111,Beni Mellal-Khénifra,,Central High Atlas,1,obs3_00551,geoheritage_aug16_2026,,,bioclastic limestone with ammonite of the bine el ouidane biii formation,new
loc_00369,Panoramic view of Oued El Abid from the old Caida of Taounza,32.12229722222222,-6.103816666666666,Beni Mellal-Khénifra,,Central High Atlas,1,obs3_00552,geoheritage_aug16_2026,,,panoramic view of oued el abid from the old caida of taounza,new
loc_00370,Caves of cats and the spring of Tisqui,32.17446944444444,-6.5258416666666665,Beni Mellal-Khénifra,,Central High Atlas,1,obs3_00553,geoheritage_aug16_2026,,,caves of cats and the spring of tisqui,new
loc_00371,Bioclastic marly limestone of Ait Tafelt formation,32.16252222222222,-6.528505555555555,Beni Mellal-Khénifra,,Central High Atlas,1,obs3_00554,geoheritage_aug16_2026,,,bioclastic marly limestone of ait tafelt formation,new
loc_00372,Eroded sandstone of Jbel Ilaghmane,32.15674444444444,-6.377458333333333,Beni Mellal-Khénifra,,Central High Atlas,1,obs3_00555,geoheritage_aug16_2026,,,eroded sandstone of jbel ilaghmane,new
loc_00373,Panoramic view of the red formations separated by the BI and BII magmatic events,32.161541666666665,-6.290386111111111,Beni Mellal-Khénifra,,Central High Atlas,1,obs3_00556,geoheritage_aug16_2026,,,panoramic view of the red formations separated by the bi and bii magmatic events,new
loc_00374,Ruiniform reliefs of Jbel Al Maqçoura,32.159838888888885,-6.258836111111111,Beni Mellal-Khénifra,,Central High Atlas,1,obs3_00557,geoheritage_aug16_2026,,,ruiniform reliefs of jbel al maqcoura,new
loc_00375,Zenaga Inlier,30.789275,-6.530641666666667,,GH,Anti-Atlas,1,obs3_00558,geoheritage_aug16_2026,,,zenaga inlier,new
loc_00376,"Neoproterozoic doleritic dykes (Zenaga, Central AA)",31.358700000000002,-5.882772222222223,,GH,Anti-Atlas,1,obs3_00559,geoheritage_aug16_2026,,,neoproterozoic doleritic dykes zenaga central aa,new
loc_00377,Tholeiitic dyke swarms (Zenaga inlier),31.254994444444446,-5.814813888888889,,GH,Anti-Atlas,1,obs3_00560,geoheritage_aug16_2026,,,tholeiitic dyke swarms zenaga inlier,new
loc_00378,Well preserved Pre-Pan-African sedimentary features,30.548716666666667,-6.813752777777777,,GH,Anti-Atlas,1,obs3_00561,geoheritage_aug16_2026,,,well preserved pre pan african sedimentary features,new
loc_00379,"Pan-African ophiolites of Bou Azzer and Siroua inliers, central AA)",30.564877777777777,-7.203411111111111,,GH,Anti-Atlas,1,obs3_00562,geoheritage_aug16_2026,,,pan african ophiolites of bou azzer and siroua inliers central aa,new
loc_00380,Major Anti-Atlas Fault (central AA),30.552702777777778,-7.264191666666667,,GH,Anti-Atlas,1,obs3_00563,geoheritage_aug16_2026,,,major anti atlas fault central aa,new
loc_00381,"Pan-African Diamictites (Bou-Azzer and Siroua inliers, central AA)",30.535986111111114,-7.125977777777777,,GH,Anti-Atlas,1,obs3_00564,geoheritage_aug16_2026,,,pan african diamictites bou azzer and siroua inliers central aa,new
loc_00382,Ediacarian Iknioun granodiorites,30.301130555555556,-7.251827777777778,,GH,Anti-Atlas,1,obs3_00565,geoheritage_aug16_2026,,,ediacarian iknioun granodiorites,new
loc_00383,Late Neoproterozoic stromatolites,30.495266666666666,-7.043958333333333,,GH,Anti-Atlas,1,obs3_00566,geoheritage_aug16_2026,,,late neoproterozoic stromatolites,new
loc_00384,"Contacts Pan-African Groups: Saghro, Mgouna and Ouarzazate Groups",30.638841666666668,-7.145236111111111,,GH,Anti-Atlas,1,obs3_00567,geoheritage_aug16_2026,,,contacts pan african groups saghro mgouna and ouarzazate groups,new
loc_00385,"Contacts Palaeoproterozoic Zenaga complex, late Neoproterozoic Ouarzazate Supergroup and the Cambrian Tata Group",30.54810555555556,-6.634427777777777,,GH,Anti-Atlas,1,obs3_00568,geoheritage_aug16_2026,,,contacts palaeoproterozoic zenaga complex late neoproterozoic ouarzazate supergroup and the cambrian tata group,new
loc_00386,Appalachian type folding in western AA,28.939308333333333,-8.814366666666668,,GH,Anti-Atlas,1,obs3_00569,geoheritage_aug16_2026,,,appalachian type folding in western aa,new
loc_00387,Large Cambrian trilobite Paradoxides,30.500936111111113,-6.6941250000000005,,GH&C,Anti-Atlas,1,obs3_00570,geoheritage_aug16_2026,,,large cambrian trilobite paradoxides,new
loc_00388,Ordovician outcrop of Jbel Kissane,30.70671388888889,-6.322402777777778,,GH,Anti-Atlas,1,obs3_00571,geoheritage_aug16_2026,,,ordovician outcrop of jbel kissane,new
loc_00389,Large Ordovician trilobites (Asaphus) death assemblages,30.472627777777777,-7.000352777777778,,GH&C,Anti-Atlas,1,obs3_00572,geoheritage_aug16_2026,,,large ordovician trilobites asaphus death assemblages,new
loc_00390,Silurian and lowermost Devonian Orthoceras-rich limestones and ammonite-rich limestones,30.62295277777778,-7.227963888888889,,GH&C,Anti-Atlas,1,obs3_00573,geoheritage_aug16_2026,,,silurian and lowermost devonian orthoceras rich limestones and ammonite rich limestones,new
loc_00391,Early Devonian Kess Kess carbonate mounds,30.724555555555554,-7.226127777777778,,GH,Anti-Atlas,1,obs3_00574,geoheritage_aug16_2026,,,early devonian kess kess carbonate mounds,new
loc_00392,Middle Devonian coral stromatoporoid biostrome,30.709730555555556,-7.01655,,GH,Anti-Atlas,1,obs3_00575,geoheritage_aug16_2026,,,middle devonian coral stromatoporoid biostrome,new
loc_00393,Green eyes and red Devonian phacopid trilobite,30.741841666666666,-6.674591666666667,,GH,Anti-Atlas,1,obs3_00576,geoheritage_aug16_2026,,,green eyes and red devonian phacopid trilobite,new
loc_00394,Frasnian plants from the Drâa Valley,30.454708333333333,-5.942752777777778,,GH,Anti-Atlas,1,obs3_00577,geoheritage_aug16_2026,,,frasnian plants from the draa valley,new
loc_00395,Well preserved shallow-water sedimentary features in Cambrian rocks,30.646455555555555,-6.418683333333334,,GH,Anti-Atlas,1,obs3_00578,geoheritage_aug16_2026,,,well preserved shallow water sedimentary features in cambrian rocks,new
loc_00396,Foum-Zguid Jurassic dyke,30.154627777777776,-6.843063888888889,,GH,Anti-Atlas,1,obs3_00579,geoheritage_aug16_2026,,,foum zguid jurassic dyke,new
loc_00397,Fairy chimneys of Assamar,31.571852777777778,-6.663672222222223,Béni Mellal-Khénifra,G,Central High Atlas,1,obs3_00580,geoheritage_aug16_2026,,,fairy chimneys of assamar,review_coord_disagree
loc_00398,Alluvial terraces of Aït Mallal,31.536694444444446,-6.645352777777777,Béni Mellal-Khénifra,G,Central High Atlas,1,obs3_00581,geoheritage_aug16_2026,,,alluvial terraces of ait mallal,new
loc_00399,Aït Mallal valley,31.523663888888887,-6.705125,Béni Mellal-Khénifra,G,Central High Atlas,1,obs3_00582,geoheritage_aug16_2026,,,ait mallal valley,new
loc_00400,Badlands of Igoulouane,31.608958333333334,-6.574558333333333,Béni Mellal-Khénifra,G,Central High Atlas,1,obs3_00583,geoheritage_aug16_2026,,,badlands of igoulouane,new
loc_00401,Arouss valley,31.569902777777777,-6.747588888888889,Béni Mellal-Khénifra,G,Central High Atlas,1,obs3_00584,geoheritage_aug16_2026,,,arouss valley,new
loc_00402,Canyon of Rougoult valley,31.55171388888889,-6.590441666666666,Béni Mellal-Khénifra,G,Central High Atlas,1,obs3_00588,geoheritage_aug16_2026,,,canyon of rougoult valley,new
loc_00403,Rat syncline,31.541644444444447,-6.748036111111111,Béni Mellal-Khénifra,G,Central High Atlas,1,obs3_00589,geoheritage_aug16_2026,,,rat syncline,new
loc_00404,The unconf Paleozoic basement-Mesozoic sedimentary cover of Aït Mallal,31.547347222222225,-6.611577777777778,Béni Mellal-Khénifra,G,Central High Atlas,1,obs3_00592,geoheritage_aug16_2026,,,the unconf paleozoic basement mesozoic sedimentary cover of ait mallal,new
loc_00405,Rougoult waterfall,31.562505555555557,-6.611708333333333,Béni Mellal-Khénifra,G,Central High Atlas,1,obs3_00593,geoheritage_aug16_2026,,,rougoult waterfall,new
loc_00406,Springs of Oued Lakhdar (green river),31.658188888888887,-6.402627777777778,Béni Mellal-Khénifra,G,Central High Atlas,1,obs3_00594,geoheritage_aug16_2026,,,springs of oued lakhdar green river,new
loc_00407,Springs and waterfall of Ikiss,31.625469444444445,-6.747558333333333,Béni Mellal-Khénifra,G,Central High Atlas,1,obs3_00595,geoheritage_aug16_2026,,,springs and waterfall of ikiss,new
loc_00408,Sinkholes of the Rat mountain,31.521475,-6.742991666666667,Béni Mellal-Khénifra,G,Central High Atlas,1,obs3_00596,geoheritage_aug16_2026,,,sinkholes of the rat mountain,new
loc_00409,Glacial cirques and U-shaped valleys of Rat mountain,31.604041666666667,-6.4819,Béni Mellal-Khénifra,G,Central High Atlas,1,obs3_00598,geoheritage_aug16_2026,,,glacial cirques and u shaped valleys of rat mountain,new
loc_00410,Scree and talus deposits of Rat mountain,31.55313611111111,-6.7308972222222225,Béni Mellal-Khénifra,G,Central High Atlas,1,obs3_00599,geoheritage_aug16_2026,,,scree and talus deposits of rat mountain,new
loc_00411,Scree and talus deposits of Tarkeddid mountain,31.505033333333333,-6.654311111111111,Béni Mellal-Khénifra,G,Central High Atlas,1,obs3_00600,geoheritage_aug16_2026,,,scree and talus deposits of tarkeddid mountain,new
loc_00412,Troglodyte caves of Igoulouane,31.600350000000002,-6.6081916666666665,Béni Mellal-Khénifra,G,Central High Atlas,1,obs3_00601,geoheritage_aug16_2026,,,troglodyte caves of igoulouane,new
loc_00413,Rock engravings of Tizi-n-Tirghyst,31.613733333333336,-6.744722222222222,Béni Mellal-Khénifra,G,Central High Atlas,1,obs3_00602,geoheritage_aug16_2026,,,rock engravings of tizi n tirghyst,review_coord_disagree
loc_00414,Lake sediment of Aït Bougmez valley,31.64987222222222,-6.444083333333333,Béni Mellal-Khénifra,G,Central High Atlas,1,obs3_00603,geoheritage_aug16_2026,,,lake sediment of ait bougmez valley,review_name_differs
loc_00415,Hercynian folds in Devonian series of Tazoult,29.46580833333333,-8.003161111111112,Souss-Massa,S,Anti-Atlas,1,obs3_00604,geoheritage_aug16_2026,,,hercynian folds in devonian series of tazoult,new
loc_00416,Lower Cambrian series crescent or boomerang around the Tagragra of Tata inlier 1,29.877294444444445,-8.013680555555556,Souss-Massa,S,Anti-Atlas,1,obs3_00605,geoheritage_aug16_2026,,,lower cambrian series crescent or boomerang around the tagragra of tata inlier 1,new
loc_00417,Lower Cambrian series crescent or boomerang around the Tagragra of Tata inlier 2,29.848527777777775,-7.9363166666666665,Souss-Massa,S,Anti-Atlas,1,obs3_00606,geoheritage_aug16_2026,,,lower cambrian series crescent or boomerang around the tagragra of tata inlier 2,new
loc_00418,Lower Cambrian series crescent or boomerang around the Tagragra of Tata inlier3,29.820794444444445,-7.822294444444444,Souss-Massa,S,Anti-Atlas,1,obs3_00607,geoheritage_aug16_2026,,,lower cambrian series crescent or boomerang around the tagragra of tata inlier3,new
loc_00419,Interference folds as a mushroom pattern in the lower Cambrian east of the Issafen syncline,29.86016111111111,-8.523236111111112,Souss-Massa,S,Anti-Atlas,1,obs3_00608,geoheritage_aug16_2026,,,interference folds as a mushroom pattern in the lower cambrian east of the issafen syncline,new
loc_00420,Interference folds as a mushroom pattern in the lower Cambriansouth of Agouliz’s inlier,29.758008333333333,-8.207316666666665,Souss-Massa,S,Anti-Atlas,1,obs3_00609,geoheritage_aug16_2026,,,interference folds as a mushroom pattern in the lower cambriansouth of agoulizs inlier,new
loc_00421,Ordovician Trilobites of Zagora Area Site 1,30.02298888888889,-6.433980555555555,Souss-Massa,,Anti-Atlas,1,obs3_00610,geoheritage_aug16_2026,,,ordovician trilobites of zagora area site 1,new
loc_00422,Messinian/Tortonian in GSP / Stratotype of Oued Akerch,33.93694444444444,-6.8125,Rabat-Sale-Kenitra,,Meseta,1,obs3_00627,geoheritage_aug16_2026,,,messinian tortonian in gsp stratotype of oued akerch,new
loc_00423,Upper Devonian Oued Akerch,33.942791666666665,-6.788352777777778,Rabat-Sale-Kenitra,,Meseta,1,obs3_00628,geoheritage_aug16_2026,,,upper devonian oued akerch,new
loc_00424,Lower Ordovician Amphibolite of Rabat,33.93553333333333,-6.766963888888889,Rabat-Sale-Kenitra,,Meseta,1,obs3_00629,geoheritage_aug16_2026,,,lower ordovician amphibolite of rabat,new
loc_00425,Lower Ordovician Flow lava,33.94070555555555,-6.789577777777778,Rabat-Sale-Kenitra,,Meseta,1,obs3_00630,geoheritage_aug16_2026,,,lower ordovician flow lava,new
loc_00426,Siluro-Lockhovian-T? (Tunisia),33.93931388888888,-6.790733333333333,Rabat-Sale-Kenitra,,Meseta,1,obs3_00631,geoheritage_aug16_2026,,,siluro lockhovian t tunisia,new
loc_00427,Pragian Nodular limestone,33.938624999999995,-6.792391666666666,Rabat-Sale-Kenitra,,Meseta,1,obs3_00632,geoheritage_aug16_2026,,,pragian nodular limestone,new
loc_00428,Ed?ian Granite of Tiflet,33.835322222222224,-6.423994444444444,Rabat-Sale-Kenitra,,Meseta,1,obs3_00633,geoheritage_aug16_2026,,,ed ian granite of tiflet,new
loc_00429,Strunian Limestone Conglomerate of Tiflet,33.88125,-6.209594444444445,Rabat-Sale-Kenitra,,Meseta,1,obs3_00634,geoheritage_aug16_2026,,,strunian limestone conglomerate of tiflet,new
loc_00430,Lower Visean red conglomerate,33.94484444444444,-6.771775,Rabat-Sale-Kenitra,,Meseta,1,obs3_00635,geoheritage_aug16_2026,,,lower visean red conglomerate,new
loc_00431,Lower Ordovician–Upper Silurian unconformity,33.939586111111105,-6.790580555555556,Rabat-Sale-Kenitra,,Meseta,1,obs3_00636,geoheritage_aug16_2026,,,lower ordovicianupper silurian unconformity,new
loc_00432,Miocene/Lower Devonian unconformity,33.94251388888888,-6.788677777777778,Rabat-Sale-Kenitra,,Meseta,1,obs3_00637,geoheritage_aug16_2026,,,miocene lower devonian unconformity,new
loc_00433,Miocene/Lower Visean unconformity,33.94284722222222,-6.788352777777778,Rabat-Sale-Kenitra,,Meseta,1,obs3_00638,geoheritage_aug16_2026,,,miocene lower visean unconformity,new
loc_00434,Pliocene–Quaternary unconformity,33.94291111111111,-6.788686111111111,Rabat-Sale-Kenitra,,Meseta,1,obs3_00639,geoheritage_aug16_2026,,,pliocenequaternary unconformity,new
loc_00435,Panoramic view of overturned bar of Iferghas,32.200747213512344,-6.588045484218163,Béni Mellal-Khénifra,S,Central High Atlas,1,obs3_00640,geoheritage_aug16_2026,,,panoramic view of overturned bar of iferghas,new
loc_00436,Karst cliff of Ighir-n-Oumejjad,32.18225109028007,-6.620698952332202,Béni Mellal-Khénifra,Kar02,Central High Atlas,1,obs3_00641,geoheritage_aug16_2026,,,karst cliff of ighir n oumejjad,new
loc_00437,Panoramic view of the Ait Attab syncline,32.159680934736734,-6.649538278384349,Béni Mellal-Khénifra,Stra03,Central High Atlas,1,obs3_00642,geoheritage_aug16_2026,,,panoramic view of the ait attab syncline,new
loc_00438,The tectonic deformations of Jbel Hassan,32.152467784397246,-6.649245897042148,Béni Mellal-Khénifra,Stru04,Central High Atlas,1,obs3_00643,geoheritage_aug16_2026,,,the tectonic deformations of jbel hassan,new
loc_00439,The ruiniform limestones with ammonite of the Ben Cherrou Formation,32.264766660813265,-6.699960717896586,Béni Mellal-Khénifra,Pal05,Central High Atlas,1,obs3_00644,geoheritage_aug16_2026,,,the ruiniform limestones with ammonite of the ben cherrou formation,new
loc_00440,The bad land of Ait Ouabit,32.07759081656388,-6.679095748009553,Béni Mellal-Khénifra,Flu07,Central High Atlas,1,obs3_00646,geoheritage_aug16_2026,,,the bad land of ait ouabit,new
loc_00441,Gorges of Ait Ouabit,32.06070740501096,-6.678895097216187,Béni Mellal-Khénifra,Geom08,Central High Atlas,1,obs3_00647,geoheritage_aug16_2026,,,gorges of ait ouabit,new
loc_00442,Conglomerate terraces of Oued El Abid,32.07440426435131,-6.658424108341601,Béni Mellal-Khénifra,Stra9,Central High Atlas,1,obs3_00648,geoheritage_aug16_2026,,,conglomerate terraces of oued el abid,new
loc_00443,The footprints of sauropod dinosaurs of Ayt Bouiqban,32.072222204330075,-6.645988410516982,Béni Mellal-Khénifra,Pal10,Central High Atlas,1,obs3_00649,geoheritage_aug16_2026,,,the footprints of sauropod dinosaurs of ayt bouiqban,new
loc_00444,Lower limit of the basaltic flow B2,32.090625326292034,-6.6996269298507185,Béni Mellal-Khénifra,Stra11,Central High Atlas,1,obs3_00650,geoheritage_aug16_2026,,,lower limit of the basaltic flow b2,new
loc_00445,Jurassic-Cretaceous unconformity and volcanic activities,32.12088142376265,-6.546541712327494,Béni Mellal-Khénifra,Stra12,Central High Atlas,1,obs3_00651,geoheritage_aug16_2026,,,jurassic cretaceous unconformity and volcanic activities,new
loc_00446,Bioclastic limestone with ammonite of the Bine El Ouadane BIII Formation,32.11674844820348,-6.5525083161210995,Béni Mellal-Khénifra,Pal13,Central High Atlas,1,obs3_00652,geoheritage_aug16_2026,,,bioclastic limestone with ammonite of the bine el ouadane biii formation,new
loc_00447,Panoramic view of Oued El Abid from the old Caïda of Taounza,32.09175972251299,-6.594322697286596,Béni Mellal-Khénifra,Flu14,Central High Atlas,1,obs3_00653,geoheritage_aug16_2026,,,panoramic view of oued el abid from the old caida of taounza,new
loc_00448,Caves of cats and the spring of Tisgui,32.10495452985012,-6.762286699631312,Béni Mellal-Khénifra,Spe15,Central High Atlas,1,obs3_00654,geoheritage_aug16_2026,,,caves of cats and the spring of tisgui,new
loc_00449,Bioclastic marly limestone of Ait Taifelt Formation,32.1223439150025,-6.713658338118903,Béni Mellal-Khénifra,Pal16,Central High Atlas,1,obs3_00655,geoheritage_aug16_2026,,,bioclastic marly limestone of ait taifelt formation,new
loc_00450,Eroded sandstone of Jbel Taghmane,32.126827436234024,-6.723678000505694,Béni Mellal-Khénifra,Geom17,Central High Atlas,1,obs3_00656,geoheritage_aug16_2026,,,eroded sandstone of jbel taghmane,new
loc_00451,Panoramic view of the red formations separated by the BI and BII magmatic events,32.12787953957747,-6.728983116670538,Béni Mellal-Khénifra,Stra18,Central High Atlas,1,obs3_00657,geoheritage_aug16_2026,,,panoramic view of the red formations separated by the bi and bii magmatic events,new
loc_00452,Ruiniform of Jbel Al Maqourra,32.160183007937235,-6.777852623363809,Béni Mellal-Khénifra,Kar19,Central High Atlas,1,obs3_00658,geoheritage_aug16_2026,,,ruiniform of jbel al maqourra,new
loc_00453,Triassic/Ordovician unconformity of Azrou,33.464333333333336,-5.172,Fés-Meknés,,Middle Atlas,1,obs3_00092,geoheritage_aug16_2026,,,triassic ordovician unconformity of azrou,new
loc_00454,Triassic/upper Devonian unconformity of Tigrigra,33.48683333333334,-5.261666666666667,Fés-Meknés,,Middle Atlas,1,obs3_00093,geoheritage_aug16_2026,,,triassic upper devonian unconformity of tigrigra,new
loc_00455,Triassic clays and basalts Concordance of Azrou,33.46333333333333,-5.169333333333333,Fés-Meknés,,Middle Atlas,1,obs3_00094,geoheritage_aug16_2026,,,triassic clays and basalts concordance of azrou,new
loc_00456,Triassic pillow lava of Azrou,33.46183333333333,-5.165166666666667,Fés-Meknés,,Middle Atlas,2,obs3_00095;obs3_00096,geoheritage_aug16_2026,,,triassic pillow lava of azrou,new
loc_00457,Lower Liassic dolomite of Akchmir,33.43516666666667,-5.223833333333333,Fés-Meknés,,Middle Atlas,1,obs3_00097,geoheritage_aug16_2026,,,lower liassic dolomite of akchmir,new
loc_00458,Quaternary basalts balls of Sidi-Addi,33.389,-5.345833333333333,Fés-Meknés,,Middle Atlas,1,obs3_00099,geoheritage_aug16_2026,,,quaternary basalts balls of sidi addi,new
loc_00459,Quaternary/Triassic unconformity of Azrou,33.461666666666666,-5.165,Fés-Meknés,,Middle Atlas,1,obs3_00100,geoheritage_aug16_2026,,,quaternary triassic unconformity of azrou,new
loc_00460,Chtifat (C 1),33.31166666666666,-5.135000000000001,Fés-Meknés,,Middle Atlas,1,obs3_00117,geoheritage_aug16_2026,,,chtifat c 1,new
loc_00461,Chtifat (C 2),33.295833333333334,-5.128888888888889,Fés-Meknés,,Middle Atlas,1,obs3_00118,geoheritage_aug16_2026,,,chtifat c 2,new
loc_00462,Lachmine Lakbir (LA 1),33.19499999999999,-5.111666666666666,Fés-Meknés,,Middle Atlas,1,obs3_00119,geoheritage_aug16_2026,,,lachmine lakbir la 1,new
loc_00463,Ait Quassou,33.19222222222222,-5.0680555555555555,Fés-Meknés,,Middle Atlas,1,obs3_00120,geoheritage_aug16_2026,,,ait quassou,new
loc_00464,Lachmine Izyar,33.265,-5.110833333333333,Fés-Meknés,,Middle Atlas,1,obs3_00121,geoheritage_aug16_2026,,,lachmine izyar,duplicate
loc_00465,Tahabrite (T 2),33.347500000000004,-5.126944444444444,Fés-Meknés,,Middle Atlas,2,obs3_00122;obs3_00162,geoheritage_aug16_2026,,,tahabrite t 2,review_name_differs
loc_00466,Tahabrite (T 3),33.346944444444446,-5.120555555555555,Fés-Meknés,,Middle Atlas,1,obs3_00123,geoheritage_aug16_2026,,,tahabrite t 3,review_name_differs
loc_00467,Boutjatiout,33.362500000000004,-5.116111111111111,Fés-Meknés,,Middle Atlas,1,obs3_00124,geoheritage_aug16_2026,,,boutjatiout,new
loc_00468,Boutagarouine (B 2),33.283055555555556,-5.106944444444444,Fés-Meknés,,Middle Atlas,1,obs3_00125,geoheritage_aug16_2026,,,boutagarouine b 2,review_name_differs
loc_00469,Tichout Tazouggaght,33.34583333333334,-5.160833333333334,Fés-Meknés,,Middle Atlas,1,obs3_00126,geoheritage_aug16_2026,,,tichout tazouggaght,new
loc_00470,Tamarakoit,33.06166666666666,-5.066111111111111,Fés-Meknés,,Middle Atlas,2,obs3_00127;obs3_00262,geoheritage_aug16_2026,,,tamarakoit,new
loc_00471,Tamahrart,33.51138888888889,-5.2525,Fés-Meknés,,Middle Atlas,1,obs3_00128,geoheritage_aug16_2026,,,tamahrart,new
loc_00472,Tizi Idguel,33.393055555555556,-5.159166666666667,Fés-Meknés,,Middle Atlas,1,obs3_00129,geoheritage_aug16_2026,,,tizi idguel,new
loc_00473,Selrhert (S 1),33.17611111111111,-4.993055555555555,Fés-Meknés,,Middle Atlas,1,obs3_00130,geoheritage_aug16_2026,,,selrhert s 1,new
loc_00474,Selrhert (S 2),33.18055555555555,-4.998888888888889,Fés-Meknés,,Middle Atlas,1,obs3_00131,geoheritage_aug16_2026,,,selrhert s 2,new
loc_00475,Ta0issaouit (Ta 1),33.32194444444445,-5.096666666666667,Fés-Meknés,,Middle Atlas,1,obs3_00132,geoheritage_aug16_2026,,,ta0issaouit ta 1,review_name_differs
loc_00476,Ta0issaouit (Ta 2),33.31805555555556,-5.113611111111111,Fés-Meknés,,Middle Atlas,1,obs3_00133,geoheritage_aug16_2026,,,ta0issaouit ta 2,review_name_differs
loc_00477,Sidi Boundouh,33.23638888888889,-5.076944444444444,Fés-Meknés,,Middle Atlas,1,obs3_00134,geoheritage_aug16_2026,,,sidi boundouh,new
loc_00478,Timahdite,33.23027777777778,-5.066944444444444,Fés-Meknés,,Middle Atlas,1,obs3_00135,geoheritage_aug16_2026,,,timahdite,duplicate
loc_00479,H1,33.37555555555556,-5.14638888888889,Fés-Meknés,,Middle Atlas,1,obs3_00136,geoheritage_aug16_2026,,,h1,new
loc_00480,H2,33.36388888888889,-5.153611111111111,Fés-Meknés,,Middle Atlas,1,obs3_00137,geoheritage_aug16_2026,,,h2,new
loc_00481,Ich Ouaharrouq (IO 1),33.401944444444446,-5.151666666666667,Fés-Meknés,,Middle Atlas,1,obs3_00138,geoheritage_aug16_2026,,,ich ouaharrouq io 1,new
loc_00482,Ich Ouaharrouq (IO 2),33.39833333333333,-5.135000000000001,Fés-Meknés,,Middle Atlas,1,obs3_00139,geoheritage_aug16_2026,,,ich ouaharrouq io 2,new
loc_00483,Chtifat (C 3),33.2975,-5.122777777777777,Fés-Meknés,,Middle Atlas,1,obs3_00140,geoheritage_aug16_2026,,,chtifat c 3,new
loc_00484,Sud Izyar,33.245,-5.096388888888889,Fés-Meknés,,Middle Atlas,1,obs3_00141,geoheritage_aug16_2026,,,sud izyar,new
loc_00485,Azougouash,32.972500000000004,-5.14138888888889,Fés-Meknés,,Middle Atlas,1,obs3_00142,geoheritage_aug16_2026,,,azougouash,new
loc_00486,Houirt,33.653055555555554,-4.614999999999999,Fés-Meknés,,Middle Atlas,1,obs3_00143,geoheritage_aug16_2026,,,houirt,new
loc_00487,Bekrit,33.0625,-5.240277777777778,Fés-Meknés,,Middle Atlas,1,obs3_00144,geoheritage_aug16_2026,,,bekrit,new
loc_00488,Outgui,33.63388888888889,-5.248055555555555,Fés-Meknés,,Middle Atlas,1,obs3_00145,geoheritage_aug16_2026,,,outgui,new
loc_00489,Si Mghid,33.19583333333333,-5.260555555555555,Fés-Meknés,,Middle Atlas,1,obs3_00146,geoheritage_aug16_2026,,,si mghid,new
loc_00490,Ariana,33.51638888888889,-5.2427777777777775,Fés-Meknés,,Middle Atlas,1,obs3_00147,geoheritage_aug16_2026,,,ariana,new
loc_00491,Ain Kahla,33.22805555555556,-5.219166666666667,Fés-Meknés,,Middle Atlas,1,obs3_00148,geoheritage_aug16_2026,,,ain kahla,duplicate
loc_00492,Sidi abdel aziz,33.261944444444445,-5.053888888888888,Fés-Meknés,,Middle Atlas,1,obs3_00149,geoheritage_aug16_2026,,,sidi abdel aziz,new
loc_00493,Louugnina,33.01083333333333,-4.832222222222222,Drâa-Tafilalet,,Middle Atlas,1,obs3_00150,geoheritage_aug16_2026,,,louugnina,new
loc_00494,Talsast,33.228611111111114,-5.281666666666666,Fés-Meknés,,Middle Atlas,1,obs3_00151,geoheritage_aug16_2026,,,talsast,new
loc_00495,Lachmine N'kettane (LK 1),33.3825,-5.125555555555555,Fés-Meknés,,Middle Atlas,1,obs3_00152,geoheritage_aug16_2026,,,lachmine nkettane lk 1,review_name_differs
loc_00496,Lachmine Lakbir (LA2),33.191111111111105,-5.1025,Fés-Meknés,,Middle Atlas,1,obs3_00153,geoheritage_aug16_2026,,,lachmine lakbir la2,new
loc_00497,Ali ou ahmed (A 1),33.22361111111111,-4.970277777777778,Fés-Meknés,,Middle Atlas,2,obs3_00154;obs3_00155,geoheritage_aug16_2026,,,ali ou ahmed a 1,new
loc_00498,Ich Ouaharrouq (IO 2),33.405,-5.139722222222223,Fés-Meknés,,Middle Atlas,1,obs3_00156,geoheritage_aug16_2026,,,ich ouaharrouq io 2,new
loc_00499,Ras Elma,33.45111111111111,-5.149166666666667,Fés-Meknés,,Middle Atlas,1,obs3_00157,geoheritage_aug16_2026,,,ras elma,review_coord_disagree
loc_00500,El koudiat (K 2),33.51722222222222,-5.163055555555556,Fés-Meknés,,Middle Atlas,1,obs3_00158,geoheritage_aug16_2026,,,el koudiat k 2,review_name_differs
loc_00501,Regada,33.52027777777778,-4.966666666666667,Fés-Meknés,,Middle Atlas,1,obs3_00159,geoheritage_aug16_2026,,,regada,new
loc_00502,Dayat Yfrah,33.57333333333334,-4.935555555555556,Fés-Meknés,,Middle Atlas,1,obs3_00160,geoheritage_aug16_2026,,,dayat yfrah,new
loc_00503,Hebri,33.359722222222224,-5.140555555555556,Fés-Meknés,,Middle Atlas,2,obs3_00161;obs3_00252,geoheritage_aug16_2026,,,hebri,review_name_differs
loc_00504,Chmil Assou,33.280277777777776,-5.122777777777777,Fés-Meknés,,Middle Atlas,1,obs3_00163,geoheritage_aug16_2026,,,chmil assou,new
loc_00505,Boutagarouine (B 4),33.28388888888889,-5.087222222222222,Fés-Meknés,,Middle Atlas,1,obs3_00164,geoheritage_aug16_2026,,,boutagarouine b 4,review_name_differs
loc_00506,Boutagarouine (B 5),33.28805555555555,-5.093611111111111,Fés-Meknés,,Middle Atlas,1,obs3_00165,geoheritage_aug16_2026,,,boutagarouine b 5,review_name_differs
loc_00507,Boutagarouine (B 6),33.28638888888889,-5.081666666666666,Fés-Meknés,,Middle Atlas,1,obs3_00166,geoheritage_aug16_2026,,,boutagarouine b 6,review_name_differs
loc_00508,Tabourit,33.18083333333333,-5.251666666666667,Fés-Meknés,,Middle Atlas,1,obs3_00167,geoheritage_aug16_2026,,,tabourit,new
loc_00509,El koudiat (K 1),33.53138888888889,-5.155277777777778,Fés-Meknés,,Middle Atlas,1,obs3_00168,geoheritage_aug16_2026,,,el koudiat k 1,review_name_differs
loc_00510,Rabouba,33.23916666666667,-5.132222222222222,Fés-Meknés,,Middle Atlas,1,obs3_00169,geoheritage_aug16_2026,,,rabouba,new
loc_00511,Mijmouane,33.38611111111111,-5.1675,Fés-Meknés,,Middle Atlas,1,obs3_00170,geoheritage_aug16_2026,,,mijmouane,new
loc_00512,Am Larays,33.030833333333334,-4.89,Drâa-Tafilalet,,Middle Atlas,1,obs3_00171,geoheritage_aug16_2026,,,am larays,new
loc_00513,Ouaoussentecht,33.595,-4.681666666666667,Fés-Meknés,,Middle Atlas,1,obs3_00172,geoheritage_aug16_2026,,,ouaoussentecht,new
loc_00514,Tichniouine,33.308055555555555,-5.094444444444444,Fés-Meknés,,Middle Atlas,1,obs3_00173,geoheritage_aug16_2026,,,tichniouine,review_coord_disagree
loc_00515,Masrabe,33.242222222222225,-5.044722222222222,Fés-Meknés,,Middle Atlas,1,obs3_00174,geoheritage_aug16_2026,,,masrabe,new
loc_00516,Habri,33.38333333333333,-5.156388888888889,Fés-Meknés,,Middle Atlas,2,obs3_00175;obs3_00249,geoheritage_aug16_2026,,,habri,new
loc_00517,Jbel Outgui,33.646966666666664,-5.252919444444444,Fés-Meknés,,Middle Atlas,1,obs3_00176,geoheritage_aug16_2026,,,jbel outgui,new
loc_00518,El Koudiate,33.51776388888889,-5.149222222222223,Fés-Meknés,,Middle Atlas,1,obs3_00177,geoheritage_aug16_2026,,,el koudiate,duplicate
loc_00519,Mischliffen,33.40658888888889,-5.075019444444444,Fés-Meknés,,Middle Atlas,1,obs3_00178,geoheritage_aug16_2026,,,mischliffen,review_coord_disagree
loc_00520,Jbel Habri,33.38481111111111,-5.150961111111111,Fés-Meknés,,Middle Atlas,1,obs3_00179,geoheritage_aug16_2026,,,jbel habri,review_coord_disagree
loc_00521,Jbel Hebri,33.35199166666667,-5.134366666666667,Fés-Meknés,,Middle Atlas,1,obs3_00180,geoheritage_aug16_2026,,,jbel hebri,duplicate
loc_00522,Tit Ouagmar,33.31097222222222,-5.1512,Fés-Meknés,,Middle Atlas,1,obs3_00181,geoheritage_aug16_2026,,,tit ouagmar,new
loc_00523,Bou Ibalrhatene,33.33536666666667,-5.0585305555555555,Fés-Meknés,,Middle Atlas,1,obs3_00182,geoheritage_aug16_2026,,,bou ibalrhatene,duplicate
loc_00524,Chedifat-Tit Ouagma,33.29895555555555,-5.1368,Fés-Meknés,,Middle Atlas,1,obs3_00183,geoheritage_aug16_2026,,,chedifat tit ouagma,new
loc_00525,Bou Teguerouine,33.283477777777776,-5.106563888888888,Fés-Meknés,,Middle Atlas,1,obs3_00184,geoheritage_aug16_2026,,,bou teguerouine,duplicate
loc_00526,Sidi Aziz,33.264375,-5.055613888888889,Fés-Meknés,,Middle Atlas,1,obs3_00185,geoheritage_aug16_2026,,,sidi aziz,new
loc_00527,Trou de Ifri-Ouska,33.291602777777776,-5.194583333333334,Fés-Meknés,,Middle Atlas,1,obs3_00186,geoheritage_aug16_2026,,,trou de ifri ouska,review_name_differs
loc_00528,Dayet Aoua,33.639577777777774,-5.038122222222222,Fés-Meknés,,Middle Atlas,1,obs3_00187,geoheritage_aug16_2026,,,dayet aoua,duplicate
loc_00529,Tidrine,33.49245277777778,-5.055533333333333,Fés-Meknés,,Middle Atlas,1,obs3_00188,geoheritage_aug16_2026,,,tidrine,duplicate
loc_00530,Dayet Hachlaff,33.55522777777777,-4.97565,Fés-Meknés,,Middle Atlas,1,obs3_00189,geoheritage_aug16_2026,,,dayet hachlaff,review_coord_disagree
loc_00531,Tisfoula,33.24078611111111,-5.356594444444444,Fés-Meknés,,Middle Atlas,1,obs3_00190,geoheritage_aug16_2026,,,tisfoula,duplicate
loc_00532,Afennourir,33.254102777777774,-5.272358333333333,Fés-Meknés,,Middle Atlas,1,obs3_00191,geoheritage_aug16_2026,,,afennourir,new
loc_00533,Dayet Ifrah,33.529872222222224,-4.979619444444444,Fés-Meknés,,Middle Atlas,1,obs3_00192,geoheritage_aug16_2026,,,dayet ifrah,new
loc_00534,Polje de Ouiouane,33.53191944444444,-4.983661111111111,Fés-Meknés,,Middle Atlas,1,obs3_00193,geoheritage_aug16_2026,,,polje de ouiouane,new
loc_00535,Bassin de Agoulmam,33.50780555555556,-4.980669444444445,Fés-Meknés,,Middle Atlas,1,obs3_00194,geoheritage_aug16_2026,,,bassin de agoulmam,new
loc_00536,Doline de Moutferraoun,33.493119444444446,-4.982372222222223,Fés-Meknés,,Middle Atlas,1,obs3_00195,geoheritage_aug16_2026,,,doline de moutferraoun,new
loc_00537,Trou de la Panthe`re,33.20458888888889,-5.209005555555556,Fés-Meknés,,Middle Atlas,1,obs3_00196,geoheritage_aug16_2026,,,trou de la panthe re,review_coord_disagree
loc_00538,Aguelmam Azigza,33.19105,-5.414786111111112,Fés-Meknés,,Middle Atlas,1,obs3_00197,geoheritage_aug16_2026,,,aguelmam azigza,review_coord_disagree
loc_00539,Tichilite,33.326686111111115,-5.1640194444444445,Fés-Meknés,,Middle Atlas,1,obs3_00198,geoheritage_aug16_2026,,,tichilite,new
loc_00540,Ifri-ou-Berid,33.20071388888889,-5.290311111111111,Fés-Meknés,,Middle Atlas,1,obs3_00199,geoheritage_aug16_2026,,,ifri ou berid,review_coord_disagree
loc_00541,Source Vittel,33.54771944444444,-5.110566666666666,Fés-Meknés,,Middle Atlas,1,obs3_00200,geoheritage_aug16_2026,,,source vittel,new
loc_00542,Cascades des Vierges,33.56184722222222,-5.119386111111111,Fés-Meknés,,Middle Atlas,1,obs3_00201,geoheritage_aug16_2026,,,cascades des vierges,review_coord_disagree
loc_00543,Ifrane Zaouia,33.183030555555554,-5.394347222222223,Fés-Meknés,,Middle Atlas,1,obs3_00202,geoheritage_aug16_2026,,,ifrane zaouia,review_coord_disagree
loc_00544,Terrasses d’El Hajeb,33.689899999999994,-5.353913888888888,Fés-Meknés,,Middle Atlas,1,obs3_00203,geoheritage_aug16_2026,,,terrasses del hajeb,new
loc_00545,Jbel Irhoud,33.284369444444444,-5.305913888888889,Fés-Meknés,,Middle Atlas,1,obs3_00204,geoheritage_aug16_2026,,,jbel irhoud,review_coord_disagree
loc_00546,Sources Oum Er Rbia,33.18032777777778,-5.424855555555556,Fés-Meknés,,Middle Atlas,1,obs3_00205,geoheritage_aug16_2026,,,sources oum er rbia,new
loc_00547,Gorge de Azra Azegarh,33.748475,-5.230708333333333,Fés-Meknés,,Middle Atlas,1,obs3_00206,geoheritage_aug16_2026,,,gorge de azra azegarh,new
loc_00548,Méandre Oued Akkous,33.783586111111106,-5.254316666666667,Fés-Meknés,,Middle Atlas,1,obs3_00207,geoheritage_aug16_2026,,,meandre oued akkous,new
loc_00549,Gorge de l’Oued Defali,33.623491666666666,-5.439472222222222,Fés-Meknés,,Middle Atlas,1,obs3_00208,geoheritage_aug16_2026,,,gorge de loued defali,new
loc_00550,Village Bou Youssef,33.719275,-5.318138888888889,Fés-Meknés,,Middle Atlas,1,obs3_00209,geoheritage_aug16_2026,,,village bou youssef,new
loc_00551,Mohamed Messaoud,33.59363333333334,-5.375375,Fés-Meknés,,Middle Atlas,1,obs3_00210,geoheritage_aug16_2026,,,mohamed messaoud,new
loc_00552,Paysage d’Ito,33.52139722222222,-5.315588888888889,Fés-Meknés,,Middle Atlas,1,obs3_00211,geoheritage_aug16_2026,,,paysage dito,new
loc_00553,Creˆte de Tizra,33.553,-5.425538888888889,Fés-Meknés,,Middle Atlas,1,obs3_00212,geoheritage_aug16_2026,,,crete de tizra,new
loc_00554,Tammeroit,33.226508333333335,-5.426494444444445,Fés-Meknés,,Middle Atlas,1,obs3_00213,geoheritage_aug16_2026,,,tammeroit,new
loc_00555,Balcon de Timahdite,33.269463888888886,-5.0059305555555556,Fés-Meknés,,Middle Atlas,1,obs3_00214,geoheritage_aug16_2026,,,balcon de timahdite,new
loc_00556,Chevrons Timahdite,33.27117777777778,-4.938552777777778,Fés-Meknés,,Middle Atlas,1,obs3_00215,geoheritage_aug16_2026,,,chevrons timahdite,new
loc_00557,Azrou unconformity,33.41831944444444,-5.163872222222222,Fés-Meknés,,Middle Atlas,1,obs3_00216,geoheritage_aug16_2026,,,azrou unconformity,new
loc_00558,Douar Caid Ait Ouahi,33.32407222222223,-5.231183333333333,Fés-Meknés,,Middle Atlas,1,obs3_00217,geoheritage_aug16_2026,,,douar caid ait ouahi,new
loc_00559,Pillow lava of Malha valley,34.39453611111111,-5.383166666666666,Fés-Meknés,,Meseta,1,obs3_00222,geoheritage_aug16_2026,,,pillow lava of malha valley,new
loc_00560,Almou,33.379155555555556,-4.711366666666667,Fés-Meknés,,Middle Atlas,1,obs3_00238,geoheritage_aug16_2026,,,almou,new
loc_00561,Aguelmam-n-Tghalouine,33.38636944444444,-5.095097222222222,Fés-Meknés,,Meseta,1,obs3_00248,geoheritage_aug16_2026,,,aguelmam n tghalouine,duplicate
loc_00562,Mijmouane,33.364336111111115,-5.159780555555556,Fés-Meknés,,Meseta,1,obs3_00250,geoheritage_aug16_2026,,,mijmouane,new
loc_00563,Lachmin n'Ait el Haj,33.38148611111111,-5.071080555555556,Fés-Meknés,,Meseta,1,obs3_00251,geoheritage_aug16_2026,,,lachmin nait el haj,review_name_differs
loc_00564,Carry of Ouest Hebri,33.347297222222224,-5.161033333333334,Fés-Meknés,,Meseta,1,obs3_00253,geoheritage_aug16_2026,,,carry of ouest hebri,new
loc_00565,Boutjetiout,33.34464722222222,-5.126955555555555,Fés-Meknés,,Meseta,1,obs3_00254,geoheritage_aug16_2026,,,boutjetiout,new
loc_00566,Taïssaouite,33.31863055555556,-5.109808333333333,Fés-Meknés,,Meseta,1,obs3_00255,geoheritage_aug16_2026,,,taissaouite,review_name_differs
loc_00567,Tit Ouagmar,33.32478888888889,-5.137197222222222,Fés-Meknés,,Meseta,1,obs3_00256,geoheritage_aug16_2026,,,tit ouagmar,new
loc_00568,Bou Ahsine,33.32251666666667,-5.095727777777777,Fés-Meknés,,Meseta,1,obs3_00257,geoheritage_aug16_2026,,,bou ahsine,new
loc_00569,Bou-Tagarouine,33.282016666666664,-5.101694444444444,Fés-Meknés,,Meseta,1,obs3_00258,geoheritage_aug16_2026,,,bou tagarouine,review_name_differs
loc_00570,Foum El Kheneg,33.131194444444446,-5.0413,Fés-Meknés,,Meseta,1,obs3_00259,geoheritage_aug16_2026,,,foum el kheneg,new
loc_00571,Aghbalou Aberchane,33.124180555555554,-5.052108333333333,Fés-Meknés,,Meseta,1,obs3_00260,geoheritage_aug16_2026,,,aghbalou aberchane,duplicate
loc_00572,Aguelmane Sidi Ali,33.085375,-4.995252777777778,Fés-Meknés,,Meseta,1,obs3_00261,geoheritage_aug16_2026,,,aguelmane sidi ali,review_name_differs
loc_00573,El Mers Center,33.44300833333333,-4.450113888888889,Fés-Meknés,,Middle Atlas,1,obs3_00342,geoheritage_aug16_2026,,,el mers center,review_name_differs
loc_00574,Ifri N'Tfrane,33.45962222222222,-4.4115527777777785,Fés-Meknés,,Middle Atlas,1,obs3_00343,geoheritage_aug16_2026,,,ifri ntfrane,new
loc_00575,Laach O'Medda,33.462094444444446,-4.405919444444445,Fés-Meknés,,Middle Atlas,1,obs3_00344,geoheritage_aug16_2026,,,laach omedda,new
loc_00576,Tassmante O'Moche,33.46461111111111,-4.392244444444445,Fés-Meknés,,Middle Atlas,1,obs3_00345,geoheritage_aug16_2026,,,tassmante omoche,new
loc_00577,Tasra,33.44546666666666,-4.3900194444444445,Fés-Meknés,,Middle Atlas,1,obs3_00346,geoheritage_aug16_2026,,,tasra,duplicate
loc_00578,Inzar O'Founass,33.44166388888888,-4.398355555555556,Fés-Meknés,,Middle Atlas,1,obs3_00347,geoheritage_aug16_2026,,,inzar ofounass,review_coord_disagree
loc_00579,Benguerir,32.283725,-7.936480555555556,Marrakech-Safi,,Morocco,1,obs3_00348,geoheritage_aug16_2026,,,benguerir,new
loc_00580,Douar Mghila,32.929966666666665,-5.769566666666667,Béni Mellal-Khénifra,,Morocco,1,obs3_00349,geoheritage_aug16_2026,,,douar mghila,new
loc_00581,Ksar Al Goraane,32.29689444444444,-3.6355805555555554,Oriental,,Morocco,1,obs3_00350,geoheritage_aug16_2026,,,ksar al goraane,new
loc_00582,Tinjdad,31.573891666666665,-5.030261111111111,Drâa-Tafilalet,,Morocco,1,obs3_00351,geoheritage_aug16_2026,,,tinjdad,new
loc_00583,Tamdakht,31.237433333333335,-7.21305,Drâa-Tafilalet,,Morocco,1,obs3_00352,geoheritage_aug16_2026,,,tamdakht,new
loc_00584,Oued El Hdjar,30.19105,-6.269888888888889,Drâa-Tafilalet,,Morocco,1,obs3_00353,geoheritage_aug16_2026,,,oued el hdjar,new
loc_00585,Bensour,30.08461111111111,-6.439855555555556,Drâa-Tafilalet,,Morocco,1,obs3_00354,geoheritage_aug16_2026,,,bensour,new
loc_00586,Izarzar,30.13626111111111,-6.939791666666667,Souss-Massa,,Morocco,1,obs3_00355,geoheritage_aug16_2026,,,izarzar,new
loc_00587,Sidi Ali Ou Azza,29.871444444444446,-6.761644444444444,Souss-Massa,,Morocco,1,obs3_00356,geoheritage_aug16_2026,,,sidi ali ou azza,new
loc_00588,Tissint,29.727641666666663,-7.289619444444444,Souss-Massa,,Morocco,1,obs3_00357,geoheritage_aug16_2026,,,tissint,new
loc_00589,Tirhert,29.551733333333335,-7.833644444444444,Souss-Massa,,Morocco,1,obs3_00358,geoheritage_aug16_2026,,,tirhert,new
loc_00590,Kheng Ljouad,29.42676666666667,-8.585408333333334,Souss-Massa,,Morocco,1,obs3_00359,geoheritage_aug16_2026,,,kheng ljouad,new
loc_00591,Mahbas Aaraid,28.058994444444444,-9.342263888888889,Guelmim-Oued Noun,,Morocco,1,obs3_00360,geoheritage_aug16_2026,,,mahbas aaraid,new
loc_00592,Zag,27.5832,-9.188877777777778,Guelmim-Oued Noun,,Morocco,1,obs3_00361,geoheritage_aug16_2026,,,zag,new
loc_00593,Itqly,26.750219444444443,-12.95539722222222,Laayoune-Sakia El Hamra,,Morocco,1,obs3_00362,geoheritage_aug16_2026,,,itqly,new
loc_00594,Oudiat Sbaa,25.84144722222222,-12.369369444444445,Laayoune-Sakia El Hamra,,Morocco,1,obs3_00363,geoheritage_aug16_2026,,,oudiat sbaa,review_coord_disagree
loc_00595,Gueltat Zemmour,25.19666388888889,-12.673663888888889,Laayoune-Sakia El Hamra,,Morocco,1,obs3_00364,geoheritage_aug16_2026,,,gueltat zemmour,new
loc_00596,Oum Dreya,24.406222222222222,-13.084286111111112,Eddakhla-Oued Eddahab,,Morocco,1,obs3_00365,geoheritage_aug16_2026,,,oum dreya,new
loc_00597,Alluvial terraces of Aït Mallal,31.56131388888889,-6.465525,Drâa-Tafilalet,G,Central Hight Atlas,1,obs3_00389,geoheritage_aug16_2026,,,alluvial terraces of ait mallal,new
loc_00598,Ras El Ma Waterfalls,34.14938611111111,-4.0049777777777775,Fés-Meknés,,Middle Atlas,1,obs3_00410,geoheritage_aug16_2026,,,ras el ma waterfalls,new
loc_00599,Ras El Ma resurgence,34.14704444444445,-4.012736111111111,Fés-Meknés,,Middle Atlas,1,obs3_00411,geoheritage_aug16_2026,,,ras el ma resurgence,new
loc_00600,Sidi Majbar complex,34.14333888888889,-4.031063888888889,Fés-Meknés,,Middle Atlas,1,obs3_00412,geoheritage_aug16_2026,,,sidi majbar complex,review_name_differs
loc_00601,Generalized erosion at Sidi Majbar,34.13324444444444,-4.036352777777777,Fés-Meknés,,Middle Atlas,1,obs3_00413,geoheritage_aug16_2026,,,generalized erosion at sidi majbar,new
loc_00602,Holm Oak on lapie,34.131194444444446,-4.042066666666667,Fés-Meknés,,Middle Atlas,1,obs3_00414,geoheritage_aug16_2026,,,holm oak on lapie,new
loc_00603,Jbel Bou Massoud lapies field,34.12572222222222,-4.052275,Fés-Meknés,,Middle Atlas,1,obs3_00415,geoheritage_aug16_2026,,,jbel bou massoud lapies field,new
loc_00604,Ponor Dayet Chiker,34.10381944444445,-4.065458333333333,Fés-Meknés,,Middle Atlas,1,obs3_00416,geoheritage_aug16_2026,,,ponor dayet chiker,new
loc_00605,Dayet Chiker chasm,34.10001388888889,-4.071772222222222,Fés-Meknés,,Middle Atlas,1,obs3_00417,geoheritage_aug16_2026,,,dayet chiker chasm,new
loc_00606,Dayet Chiker Polje,34.099136111111115,-4.077411111111111,Fés-Meknés,,Middle Atlas,1,obs3_00418,geoheritage_aug16_2026,,,dayet chiker polje,new
loc_00607,Friouato chasm,34.09307777777778,-4.096919444444445,Fés-Meknés,,Middle Atlas,1,obs3_00419,geoheritage_aug16_2026,,,friouato chasm,new
loc_00608,Habiat under the Dayet Chiker escapment,34.09280555555556,-4.109363888888889,Fés-Meknés,,Middle Atlas,1,obs3_00420,geoheritage_aug16_2026,,,habiat under the dayet chiker escapment,new
loc_00609,Ain Becher doline,34.06598611111111,-4.10591111111111,Fés-Meknés,,Middle Atlas,1,obs3_00421,geoheritage_aug16_2026,,,ain becher doline,new
loc_00610,Old lead pencil,34.068983333333335,-4.117061111111111,Fés-Meknés,,Middle Atlas,1,obs3_00422,geoheritage_aug16_2026,,,old lead pencil,new
loc_00611,Jbel Bou Slama cave,34.070663888888895,-4.119969444444444,Fés-Meknés,,Middle Atlas,1,obs3_00423,geoheritage_aug16_2026,,,jbel bou slama cave,new
loc_00612,Bab Boudir anticlinal,34.07970277777778,-4.137822222222223,Fés-Meknés,,Middle Atlas,1,obs3_00424,geoheritage_aug16_2026,,,bab boudir anticlinal,review_name_differs
loc_00613,Bab Boudir complex,34.00445833333333,-4.172994444444445,Fés-Meknés,,Middle Atlas,1,obs3_00425,geoheritage_aug16_2026,,,bab boudir complex,new
loc_00614,Dhar feurn waterfalls,34.085094444444444,-4.166172222222222,Fés-Meknés,,Middle Atlas,1,obs3_00426,geoheritage_aug16_2026,,,dhar feurn waterfalls,new
loc_00615,Ain Admame exsurgence,34.07975833333334,-4.188772222222222,Fés-Meknés,,Middle Atlas,1,obs3_00427,geoheritage_aug16_2026,,,ain admame exsurgence,new
loc_00616,Volcano-sedimentary complex,34.081294444444445,-4.1469000000000005,Fés-Meknés,,Middle Atlas,1,obs3_00428,geoheritage_aug16_2026,,,volcano sedimentary complex,new
loc_00617,Beni Senane acriculture terraces,34.1597,-4.109958333333333,Fés-Meknés,,Middle Atlas,1,obs3_00429,geoheritage_aug16_2026,,,beni senane acriculture terraces,new
loc_00618,Tazekka massif,34.1764,-4.110372222222222,Fés-Meknés,,Middle Atlas,1,obs3_00430,geoheritage_aug16_2026,,,tazekka massif,new
loc_00619,Ouled Lakhal gorges,34.169013888888884,-4.0989249999999995,Fés-Meknés,,Middle Atlas,1,obs3_00431,geoheritage_aug16_2026,,,ouled lakhal gorges,new
loc_00620,El Qelaa complex,34.128566666666664,-4.127402777777777,Fés-Meknés,,Middle Atlas,1,obs3_00432,geoheritage_aug16_2026,,,el qelaa complex,new
loc_00621,El Qelaa landslide,34.10535277777778,-4.066574999999999,Fés-Meknés,,Middle Atlas,1,obs3_00433,geoheritage_aug16_2026,,,el qelaa landslide,new
loc_00622,Jbel Bou Massoud anticlinal,34.19662777777778,-4.2085333333333335,Fés-Meknés,,Middle Atlas,1,obs3_00434,geoheritage_aug16_2026,,,jbel bou massoud anticlinal,new
loc_00623,Jbel Bou Massoud fossilized lapies field,34.210994444444445,-4.167633333333334,Fés-Meknés,,Middle Atlas,1,obs3_00435,geoheritage_aug16_2026,,,jbel bou massoud fossilized lapies field,new
loc_00624,Tighigha fossilized lapies field,34.214708333333334,-4.135480555555556,Fés-Meknés,,Middle Atlas,1,obs3_00436,geoheritage_aug16_2026,,,tighigha fossilized lapies field,new
loc_00625,Tighigha complex,34.21790555555556,-4.090177777777778,Fés-Meknés,,Middle Atlas,1,obs3_00437,geoheritage_aug16_2026,,,tighigha complex,new
loc_00626,Clonial millitary camp,34.208419444444445,-4.1353583333333335,Fés-Meknés,,Middle Atlas,1,obs3_00438,geoheritage_aug16_2026,,,clonial millitary camp,new
loc_00627,Ain Khebbab exsurgence,34.18175833333333,-4.161677777777778,Fés-Meknés,,Middle Atlas,1,obs3_00439,geoheritage_aug16_2026,,,ain khebbab exsurgence,new
loc_00628,Cascade Sahbab,33.657377777777775,-4.041383333333333,Oriental,H,Middle Atlas,1,obs3_00467,geoheritage_aug16_2026,,,cascade sahbab,new
loc_00629,Canyon of High-Tessaout valley,31.560558333333333,-6.463308333333334,Drâa-Tafilalet,G,Central High Atlas,1,obs3_00585,geoheritage_aug16_2026,,,canyon of high tessaout valley,new
loc_00630,Canyon of Ikiss,31.515316666666667,-6.457375,Drâa-Tafilalet,G,Central High Atlas,1,obs3_00586,geoheritage_aug16_2026,,,canyon of ikiss,new
loc_00631,Peak and cliffs of Tarkeddid mountain,31.482691666666664,-6.595744444444444,Drâa-Tafilalet,G,Central High Atlas,1,obs3_00590,geoheritage_aug16_2026,,,peak and cliffs of tarkeddid mountain,new
loc_00632,Mount M’goun (4068 m),31.507213888888888,-6.443472222222223,Drâa-Tafilalet,G,Central High Atlas,1,obs3_00591,geoheritage_aug16_2026,,,mount mgoun 4068 m,new
loc_00633,Glacial cirques and U-shaped valleys of M’goun,31.55526111111111,-6.462261111111111,Drâa-Tafilalet,G,Central High Atlas,1,obs3_00597,geoheritage_aug16_2026,,,glacial cirques and u shaped valleys of mgoun,new
loc_00634,Ordovician Trilobites of Zagora Area Site 2,29.938897222222224,-6.193888888888889,Drâa-Tafilalet,,Anti-Atlas,1,obs3_00611,geoheritage_aug16_2026,,,ordovician trilobites of zagora area site 2,new
loc_00635,Ordovician Trilobites of Zagora Area Site 3,29.93682777777778,-5.996452777777778,Drâa-Tafilalet,,Anti-Atlas,1,obs3_00612,geoheritage_aug16_2026,,,ordovician trilobites of zagora area site 3,new
loc_00636,Ordovician Trilobites of Zagora Area Site 4,30.000677777777778,-5.874175,Drâa-Tafilalet,,Anti-Atlas,1,obs3_00613,geoheritage_aug16_2026,,,ordovician trilobites of zagora area site 4,new
loc_00637,Ordovician Trilobites of Zagora Area Site 5,30.457102777777777,-5.630747222222222,Drâa-Tafilalet,,Anti-Atlas,1,obs3_00614,geoheritage_aug16_2026,,,ordovician trilobites of zagora area site 5,new
loc_00638,The Ergs,30.230741666666663,-5.606866666666666,Drâa-Tafilalet,,Anti-Atlas,1,obs3_00615,geoheritage_aug16_2026,,,the ergs,new
loc_00639,The Regs of Tinzouline,30.576999999999998,-6.149,Drâa-Tafilalet,,Anti-Atlas,1,obs3_00616,geoheritage_aug16_2026,,,the regs of tinzouline,new
loc_00640,The Regs of Tamgroutat,30.2595,-5.684333333333334,Drâa-Tafilalet,,Anti-Atlas,1,obs3_00617,geoheritage_aug16_2026,,,the regs of tamgroutat,new
loc_00641,Foum Chenna,30.48193611111111,-6.167511111111112,Drâa-Tafilalet,,Anti-Atlas,1,obs3_00618,geoheritage_aug16_2026,,,foum chenna,new
loc_00642,Assif Ouigane,30.45996388888889,-6.0931138888888885,Drâa-Tafilalet,,Anti-Atlas,1,obs3_00619,geoheritage_aug16_2026,,,assif ouigane,new
loc_00643,Cheaba Lbâida,30.433297222222222,-6.025127777777778,Drâa-Tafilalet,,Anti-Atlas,1,obs3_00620,geoheritage_aug16_2026,,,cheaba lbaida,new
loc_00644,Ordovician Trilobites of Zagora Area Site 6,30.42873888888889,-5.632844444444445,Drâa-Tafilalet,,Anti-Atlas,1,obs3_00621,geoheritage_aug16_2026,,,ordovician trilobites of zagora area site 6,new
loc_00645,Ordovician Trilobites of Zagora Area Site 7,30.311822222222222,-5.618038888888889,Drâa-Tafilalet,,Anti-Atlas,1,obs3_00622,geoheritage_aug16_2026,,,ordovician trilobites of zagora area site 7,new
loc_00646,Ordovician Trilobites of Zagora Area Site 8,30.24915277777778,-5.542544444444444,Drâa-Tafilalet,,Anti-Atlas,1,obs3_00623,geoheritage_aug16_2026,,,ordovician trilobites of zagora area site 8,new
loc_00647,Ordovician Trilobites of Zagora Area Site 9,30.376372222222223,-5.570494444444444,Drâa-Tafilalet,,Anti-Atlas,1,obs3_00624,geoheritage_aug16_2026,,,ordovician trilobites of zagora area site 9,new
loc_00648,Ordovician Trilobites of Zagora Area Site 10,30.439297222222223,-5.604897222222222,Drâa-Tafilalet,,Anti-Atlas,1,obs3_00625,geoheritage_aug16_2026,,,ordovician trilobites of zagora area site 10,new
loc_00649,Ordovician Trilobites of Zagora Area Site 11,30.477777777777778,-5.557497222222222,Drâa-Tafilalet,,Anti-Atlas,1,obs3_00626,geoheritage_aug16_2026,,,ordovician trilobites of zagora area site 11,new
